{
"type": "FeatureCollection",
"name": "beijing_candidates",
"crs": { "type": "name", "properties": { "name": "urn:ogc:def:crs:OGC:1.3:CRS84" } },
"features": [
{ "type": "Feature", "properties": { "city": "beijing", "candidate_source": "place_village_hamlet_locality", "id": "8754913171", "osm_type": "node", "place": "village", "landuse": "None", "residential": "None", "name": "None" }, "geometry": { "type": "Point", "coordinates": [ 116.635055541992188, 39.614784240722656 ] } },
{ "type": "Feature", "properties": { "city": "beijing", "candidate_source": "place_village_hamlet_locality", "id": "8754913185", "osm_type": "node", "place": "village", "landuse": "None", "residential": "None", "name": "None" }, "geometry": { "type": "Point", "coordinates": [ 116.672325134277344, 39.617893218994141 ] } },
{ "type": "Feature", "properties": { "city": "beijing", "candidate_source": "place_village_hamlet_locality", "id": "8754913160", "osm_type": "node", "place": "village", "landuse": "None", "residential": "None", "name": "None" }, "geometry": { "type": "Point", "coordinates": [ 116.661544799804688, 39.620147705078125 ] } },
{ "type": "Feature", "properties": { "city": "beijing", "candidate_source": "place_village_hamlet_locality", "id": "8753399139", "osm_type": "node", "place": "village", "landuse": "None", "residential": "None", "name": "None" }, "geometry": { "type": "Point", "coordinates": [ 116.64208984375, 39.620647430419922 ] } },
{ "type": "Feature", "properties": { "city": "beijing", "candidate_source": "place_village_hamlet_locality", "id": "8753399143", "osm_type": "node", "place": "village", "landuse": "None", "residential": "None", "name": "None" }, "geometry": { "type": "Point", "coordinates": [ 116.652915954589844, 39.621932983398438 ] } },
{ "type": "Feature", "properties": { "city": "beijing", "candidate_source": "place_village_hamlet_locality", "id": "8754913159", "osm_type": "node", "place": "village", "landuse": "None", "residential": "None", "name": "None" }, "geometry": { "type": "Point", "coordinates": [ 116.657371520996094, 39.622196197509766 ] } },
{ "type": "Feature", "properties": { "city": "beijing", "candidate_source": "place_village_hamlet_locality", "id": "8753399140", "osm_type": "node", "place": "village", "landuse": "None", "residential": "None", "name": "None" }, "geometry": { "type": "Point", "coordinates": [ 116.648765563964844, 39.623062133789062 ] } },
{ "type": "Feature", "properties": { "city": "beijing", "candidate_source": "place_village_hamlet_locality", "id": "8753399142", "osm_type": "node", "place": "village", "landuse": "None", "residential": "None", "name": "None" }, "geometry": { "type": "Point", "coordinates": [ 116.642532348632812, 39.624576568603516 ] } },
{ "type": "Feature", "properties": { "city": "beijing", "candidate_source": "place_village_hamlet_locality", "id": "8754913170", "osm_type": "node", "place": "village", "landuse": "None", "residential": "None", "name": "None" }, "geometry": { "type": "Point", "coordinates": [ 116.625419616699219, 39.613548278808594 ] } },
{ "type": "Feature", "properties": { "city": "beijing", "candidate_source": "place_village_hamlet_locality", "id": "8753399136", "osm_type": "node", "place": "village", "landuse": "None", "residential": "None", "name": "None" }, "geometry": { "type": "Point", "coordinates": [ 116.616554260253906, 39.618896484375 ] } },
{ "type": "Feature", "properties": { "city": "beijing", "candidate_source": "place_village_hamlet_locality", "id": "8753399138", "osm_type": "node", "place": "village", "landuse": "None", "residential": "None", "name": "None" }, "geometry": { "type": "Point", "coordinates": [ 116.628456115722656, 39.620376586914062 ] } },
{ "type": "Feature", "properties": { "city": "beijing", "candidate_source": "place_village_hamlet_locality", "id": "8753399137", "osm_type": "node", "place": "village", "landuse": "None", "residential": "None", "name": "None" }, "geometry": { "type": "Point", "coordinates": [ 116.621383666992188, 39.624671936035156 ] } },
{ "type": "Feature", "properties": { "city": "beijing", "candidate_source": "place_village_hamlet_locality", "id": "8755486979", "osm_type": "node", "place": "village", "landuse": "None", "residential": "None", "name": "None" }, "geometry": { "type": "Point", "coordinates": [ 116.615776062011719, 39.628841400146484 ] } },
{ "type": "Feature", "properties": { "city": "beijing", "candidate_source": "place_village_hamlet_locality", "id": "8755486978", "osm_type": "node", "place": "village", "landuse": "None", "residential": "None", "name": "None" }, "geometry": { "type": "Point", "coordinates": [ 116.611099243164062, 39.630027770996094 ] } },
{ "type": "Feature", "properties": { "city": "beijing", "candidate_source": "place_village_hamlet_locality", "id": "8755486976", "osm_type": "node", "place": "village", "landuse": "None", "residential": "None", "name": "None" }, "geometry": { "type": "Point", "coordinates": [ 116.605384826660156, 39.633068084716797 ] } },
{ "type": "Feature", "properties": { "city": "beijing", "candidate_source": "place_village_hamlet_locality", "id": "8755486977", "osm_type": "node", "place": "village", "landuse": "None", "residential": "None", "name": "None" }, "geometry": { "type": "Point", "coordinates": [ 116.60797119140625, 39.633552551269531 ] } },
{ "type": "Feature", "properties": { "city": "beijing", "candidate_source": "place_village_hamlet_locality", "id": "8753399123", "osm_type": "node", "place": "locality", "landuse": "None", "residential": "None", "name": "None" }, "geometry": { "type": "Point", "coordinates": [ 116.619911193847656, 39.644878387451172 ] } },
{ "type": "Feature", "properties": { "city": "beijing", "candidate_source": "place_village_hamlet_locality", "id": "8754913186", "osm_type": "node", "place": "village", "landuse": "None", "residential": "None", "name": "None" }, "geometry": { "type": "Point", "coordinates": [ 116.679298400878906, 39.616283416748047 ] } },
{ "type": "Feature", "properties": { "city": "beijing", "candidate_source": "place_village_hamlet_locality", "id": "8754913184", "osm_type": "node", "place": "village", "landuse": "None", "residential": "None", "name": "None" }, "geometry": { "type": "Point", "coordinates": [ 116.703681945800781, 39.620044708251953 ] } },
{ "type": "Feature", "properties": { "city": "beijing", "candidate_source": "place_village_hamlet_locality", "id": "8754913176", "osm_type": "node", "place": "village", "landuse": "None", "residential": "None", "name": "None" }, "geometry": { "type": "Point", "coordinates": [ 116.69512939453125, 39.625217437744141 ] } },
{ "type": "Feature", "properties": { "city": "beijing", "candidate_source": "place_village_hamlet_locality", "id": "8754913175", "osm_type": "node", "place": "village", "landuse": "None", "residential": "None", "name": "None" }, "geometry": { "type": "Point", "coordinates": [ 116.710205078125, 39.635467529296875 ] } },
{ "type": "Feature", "properties": { "city": "beijing", "candidate_source": "place_village_hamlet_locality", "id": "8754913174", "osm_type": "node", "place": "village", "landuse": "None", "residential": "None", "name": "None" }, "geometry": { "type": "Point", "coordinates": [ 116.685859680175781, 39.635856628417969 ] } },
{ "type": "Feature", "properties": { "city": "beijing", "candidate_source": "place_village_hamlet_locality", "id": "8754913173", "osm_type": "node", "place": "village", "landuse": "None", "residential": "None", "name": "None" }, "geometry": { "type": "Point", "coordinates": [ 116.684333801269531, 39.64007568359375 ] } },
{ "type": "Feature", "properties": { "city": "beijing", "candidate_source": "place_village_hamlet_locality", "id": "8754913172", "osm_type": "node", "place": "village", "landuse": "None", "residential": "None", "name": "None" }, "geometry": { "type": "Point", "coordinates": [ 116.685897827148438, 39.641952514648438 ] } },
{ "type": "Feature", "properties": { "city": "beijing", "candidate_source": "place_village_hamlet_locality", "id": "7648328107", "osm_type": "node", "place": "village", "landuse": "None", "residential": "None", "name": "None" }, "geometry": { "type": "Point", "coordinates": [ 116.715408325195312, 39.647285461425781 ] } },
{ "type": "Feature", "properties": { "city": "beijing", "candidate_source": "place_village_hamlet_locality", "id": "8753399128", "osm_type": "node", "place": "village", "landuse": "None", "residential": "None", "name": "None" }, "geometry": { "type": "Point", "coordinates": [ 116.694320678710938, 39.658226013183594 ] } },
{ "type": "Feature", "properties": { "city": "beijing", "candidate_source": "place_village_hamlet_locality", "id": "7648328106", "osm_type": "node", "place": "village", "landuse": "None", "residential": "None", "name": "None" }, "geometry": { "type": "Point", "coordinates": [ 116.70819091796875, 39.659698486328125 ] } },
{ "type": "Feature", "properties": { "city": "beijing", "candidate_source": "place_village_hamlet_locality", "id": "7648201631", "osm_type": "node", "place": "village", "landuse": "None", "residential": "None", "name": "None" }, "geometry": { "type": "Point", "coordinates": [ 116.765396118164062, 39.620609283447266 ] } },
{ "type": "Feature", "properties": { "city": "beijing", "candidate_source": "place_village_hamlet_locality", "id": "8754913189", "osm_type": "node", "place": "village", "landuse": "None", "residential": "None", "name": "None" }, "geometry": { "type": "Point", "coordinates": [ 116.700637817382812, 39.604068756103516 ] } },
{ "type": "Feature", "properties": { "city": "beijing", "candidate_source": "place_village_hamlet_locality", "id": "8754913188", "osm_type": "node", "place": "village", "landuse": "None", "residential": "None", "name": "None" }, "geometry": { "type": "Point", "coordinates": [ 116.692581176757812, 39.612960815429688 ] } },
{ "type": "Feature", "properties": { "city": "beijing", "candidate_source": "place_village_hamlet_locality", "id": "8754913187", "osm_type": "node", "place": "village", "landuse": "None", "residential": "None", "name": "None" }, "geometry": { "type": "Point", "coordinates": [ 116.683609008789062, 39.614452362060547 ] } },
{ "type": "Feature", "properties": { "city": "beijing", "candidate_source": "place_village_hamlet_locality", "id": "7648201599", "osm_type": "node", "place": "village", "landuse": "None", "residential": "None", "name": "None" }, "geometry": { "type": "Point", "coordinates": [ 116.819000244140625, 39.623920440673828 ] } },
{ "type": "Feature", "properties": { "city": "beijing", "candidate_source": "place_village_hamlet_locality", "id": "7648193961", "osm_type": "node", "place": "village", "landuse": "None", "residential": "None", "name": "None" }, "geometry": { "type": "Point", "coordinates": [ 116.833488464355469, 39.662147521972656 ] } },
{ "type": "Feature", "properties": { "city": "beijing", "candidate_source": "place_village_hamlet_locality", "id": "7632942003", "osm_type": "node", "place": "village", "landuse": "None", "residential": "None", "name": "None" }, "geometry": { "type": "Point", "coordinates": [ 116.865501403808594, 39.674587249755859 ] } },
{ "type": "Feature", "properties": { "city": "beijing", "candidate_source": "place_village_hamlet_locality", "id": "12741356904", "osm_type": "node", "place": "village", "landuse": "None", "residential": "None", "name": "None" }, "geometry": { "type": "Point", "coordinates": [ 116.867607116699219, 39.6832275390625 ] } },
{ "type": "Feature", "properties": { "city": "beijing", "candidate_source": "place_village_hamlet_locality", "id": "7632942001", "osm_type": "node", "place": "village", "landuse": "None", "residential": "None", "name": "None" }, "geometry": { "type": "Point", "coordinates": [ 116.884201049804688, 39.697700500488281 ] } },
{ "type": "Feature", "properties": { "city": "beijing", "candidate_source": "place_village_hamlet_locality", "id": "7632941999", "osm_type": "node", "place": "village", "landuse": "None", "residential": "None", "name": "None" }, "geometry": { "type": "Point", "coordinates": [ 116.875999450683594, 39.706008911132812 ] } },
{ "type": "Feature", "properties": { "city": "beijing", "candidate_source": "place_village_hamlet_locality", "id": "7632929783", "osm_type": "node", "place": "village", "landuse": "None", "residential": "None", "name": "None" }, "geometry": { "type": "Point", "coordinates": [ 116.870491027832031, 39.710830688476562 ] } },
{ "type": "Feature", "properties": { "city": "beijing", "candidate_source": "place_village_hamlet_locality", "id": "7632941994", "osm_type": "node", "place": "village", "landuse": "None", "residential": "None", "name": "None" }, "geometry": { "type": "Point", "coordinates": [ 116.8692626953125, 39.731822967529297 ] } },
{ "type": "Feature", "properties": { "city": "beijing", "candidate_source": "place_village_hamlet_locality", "id": "7632941991", "osm_type": "node", "place": "village", "landuse": "None", "residential": "None", "name": "None" }, "geometry": { "type": "Point", "coordinates": [ 116.885414123535156, 39.737155914306641 ] } },
{ "type": "Feature", "properties": { "city": "beijing", "candidate_source": "place_village_hamlet_locality", "id": "7632941986", "osm_type": "node", "place": "village", "landuse": "None", "residential": "None", "name": "None" }, "geometry": { "type": "Point", "coordinates": [ 116.889656066894531, 39.737693786621094 ] } },
{ "type": "Feature", "properties": { "city": "beijing", "candidate_source": "place_village_hamlet_locality", "id": "1230585761", "osm_type": "way", "place": "hamlet", "landuse": "None", "residential": "None", "name": "None" }, "geometry": { "type": "Polygon", "coordinates": [ [ [ 116.881950378417969, 39.740913391113281 ], [ 116.882720947265625, 39.740928649902344 ], [ 116.884727478027344, 39.741310119628906 ], [ 116.885108947753906, 39.740467071533203 ], [ 116.885566711425781, 39.740188598632812 ], [ 116.887283325195312, 39.738433837890625 ], [ 116.886894226074219, 39.737930297851562 ], [ 116.885726928710938, 39.737709045410156 ], [ 116.886207580566406, 39.736309051513672 ], [ 116.885086059570312, 39.736190795898438 ], [ 116.884902954101562, 39.736412048339844 ], [ 116.883697509765625, 39.736122131347656 ], [ 116.884162902832031, 39.735187530517578 ], [ 116.882499694824219, 39.735160827636719 ], [ 116.88092041015625, 39.738224029541016 ], [ 116.880592346191406, 39.738723754882812 ], [ 116.880813598632812, 39.741298675537109 ], [ 116.881950378417969, 39.740913391113281 ] ] ] } },
{ "type": "Feature", "properties": { "city": "beijing", "candidate_source": "place_village_hamlet_locality", "id": "1230585758", "osm_type": "way", "place": "hamlet", "landuse": "None", "residential": "None", "name": "None" }, "geometry": { "type": "MultiPolygon", "coordinates": [ [ [ [ 116.904600487394717, 39.739703111798981 ], [ 116.904573917505161, 39.739674884827828 ], [ 116.904571533203125, 39.739700317382812 ], [ 116.904600487394717, 39.739703111798981 ] ] ], [ [ [ 116.90484619140625, 39.736770629882812 ], [ 116.904837391447089, 39.73686449611381 ], [ 116.904930832208805, 39.736776823112265 ], [ 116.90484619140625, 39.736770629882812 ] ] ] ] } },
{ "type": "Feature", "properties": { "city": "beijing", "candidate_source": "place_village_hamlet_locality", "id": "7632941990", "osm_type": "node", "place": "village", "landuse": "None", "residential": "None", "name": "None" }, "geometry": { "type": "Point", "coordinates": [ 116.898834228515625, 39.738834381103516 ] } },
{ "type": "Feature", "properties": { "city": "beijing", "candidate_source": "place_village_hamlet_locality", "id": "7632941987", "osm_type": "node", "place": "village", "landuse": "None", "residential": "None", "name": "None" }, "geometry": { "type": "Point", "coordinates": [ 116.872764587402344, 39.740093231201172 ] } },
{ "type": "Feature", "properties": { "city": "beijing", "candidate_source": "place_village_hamlet_locality", "id": "1230585759", "osm_type": "way", "place": "hamlet", "landuse": "None", "residential": "None", "name": "None" }, "geometry": { "type": "Polygon", "coordinates": [ [ [ 116.898323059082031, 39.738407135009766 ], [ 116.898117065429688, 39.740150451660156 ], [ 116.897720336914062, 39.740703582763672 ], [ 116.897743225097656, 39.742591857910156 ], [ 116.899696350097656, 39.742565155029297 ], [ 116.899803161621094, 39.742130279541016 ], [ 116.9000244140625, 39.742130279541016 ], [ 116.900245666503906, 39.742645263671875 ], [ 116.9044189453125, 39.742710113525391 ], [ 116.904556274414062, 39.740940093994141 ], [ 116.90374755859375, 39.740810394287109 ], [ 116.903686840421358, 39.738732483498424 ], [ 116.903551950062479, 39.738589180446354 ], [ 116.90357874491859, 39.738459542133491 ], [ 116.898323059082031, 39.738407135009766 ] ] ] } },
{ "type": "Feature", "properties": { "city": "beijing", "candidate_source": "place_village_hamlet_locality", "id": "1230585760", "osm_type": "way", "place": "hamlet", "landuse": "None", "residential": "None", "name": "None" }, "geometry": { "type": "Polygon", "coordinates": [ [ [ 116.887802124023438, 39.745086669921875 ], [ 116.889228820800781, 39.744770050048828 ], [ 116.889999389648438, 39.744083404541016 ], [ 116.892570495605469, 39.744213104248047 ], [ 116.896072387695312, 39.742870330810547 ], [ 116.897552490234375, 39.742630004882812 ], [ 116.897377014160156, 39.741401672363281 ], [ 116.896865844726562, 39.741020202636719 ], [ 116.896194458007812, 39.74078369140625 ], [ 116.896453857421875, 39.73931884765625 ], [ 116.894767761230469, 39.739356994628906 ], [ 116.894119262695312, 39.739662170410156 ], [ 116.893486022949219, 39.739635467529297 ], [ 116.893104553222656, 39.739173889160156 ], [ 116.892593383789062, 39.738857269287109 ], [ 116.891746520996094, 39.738922119140625 ], [ 116.891220092773438, 39.73931884765625 ], [ 116.890121459960938, 39.739276885986328 ], [ 116.889602661132812, 39.738777160644531 ], [ 116.889862060546875, 39.737575531005859 ], [ 116.887420654296875, 39.737495422363281 ], [ 116.887420654296875, 39.738487243652344 ], [ 116.887031555175781, 39.738948822021484 ], [ 116.885826110839844, 39.740242004394531 ], [ 116.885772705078125, 39.740718841552734 ], [ 116.886497497558594, 39.740837097167969 ], [ 116.886512756347656, 39.741641998291016 ], [ 116.884605407714844, 39.742023468017578 ], [ 116.884681701660156, 39.742855072021484 ], [ 116.885841369628906, 39.7430419921875 ], [ 116.885894775390625, 39.744480133056641 ], [ 116.886016845703125, 39.744754791259766 ], [ 116.887802124023438, 39.745086669921875 ] ] ] } },
{ "type": "Feature", "properties": { "city": "beijing", "candidate_source": "place_village_hamlet_locality", "id": "7632941985", "osm_type": "node", "place": "village", "landuse": "None", "residential": "None", "name": "None" }, "geometry": { "type": "Point", "coordinates": [ 116.866409301757812, 39.746356964111328 ] } },
{ "type": "Feature", "properties": { "city": "beijing", "candidate_source": "place_village_hamlet_locality", "id": "7648201601", "osm_type": "node", "place": "village", "landuse": "None", "residential": "None", "name": "None" }, "geometry": { "type": "Point", "coordinates": [ 116.775421142578125, 39.603420257568359 ] } },
{ "type": "Feature", "properties": { "city": "beijing", "candidate_source": "place_village_hamlet_locality", "id": "7648201600", "osm_type": "node", "place": "village", "landuse": "None", "residential": "None", "name": "None" }, "geometry": { "type": "Point", "coordinates": [ 116.786247253417969, 39.620086669921875 ] } },
{ "type": "Feature", "properties": { "city": "beijing", "candidate_source": "place_village_hamlet_locality", "id": "3377417587", "osm_type": "node", "place": "village", "landuse": "None", "residential": "None", "name": "None" }, "geometry": { "type": "Point", "coordinates": [ 116.796615600585938, 39.640186309814453 ] } },
{ "type": "Feature", "properties": { "city": "beijing", "candidate_source": "place_village_hamlet_locality", "id": "7648201598", "osm_type": "node", "place": "village", "landuse": "None", "residential": "None", "name": "None" }, "geometry": { "type": "Point", "coordinates": [ 116.813339233398438, 39.648513793945312 ] } },
{ "type": "Feature", "properties": { "city": "beijing", "candidate_source": "place_village_hamlet_locality", "id": "7648201593", "osm_type": "node", "place": "village", "landuse": "None", "residential": "None", "name": "None" }, "geometry": { "type": "Point", "coordinates": [ 116.812774658203125, 39.654251098632812 ] } },
{ "type": "Feature", "properties": { "city": "beijing", "candidate_source": "place_village_hamlet_locality", "id": "7648193964", "osm_type": "node", "place": "village", "landuse": "None", "residential": "None", "name": "None" }, "geometry": { "type": "Point", "coordinates": [ 116.782669067382812, 39.666034698486328 ] } },
{ "type": "Feature", "properties": { "city": "beijing", "candidate_source": "place_village_hamlet_locality", "id": "7648193965", "osm_type": "node", "place": "village", "landuse": "None", "residential": "None", "name": "None" }, "geometry": { "type": "Point", "coordinates": [ 116.779777526855469, 39.668548583984375 ] } },
{ "type": "Feature", "properties": { "city": "beijing", "candidate_source": "place_village_hamlet_locality", "id": "7648193966", "osm_type": "node", "place": "village", "landuse": "None", "residential": "None", "name": "None" }, "geometry": { "type": "Point", "coordinates": [ 116.776725769042969, 39.672233581542969 ] } },
{ "type": "Feature", "properties": { "city": "beijing", "candidate_source": "place_village_hamlet_locality", "id": "7648193963", "osm_type": "node", "place": "village", "landuse": "None", "residential": "None", "name": "None" }, "geometry": { "type": "Point", "coordinates": [ 116.800857543945312, 39.676212310791016 ] } },
{ "type": "Feature", "properties": { "city": "beijing", "candidate_source": "place_village_hamlet_locality", "id": "7648193962", "osm_type": "node", "place": "village", "landuse": "None", "residential": "None", "name": "None" }, "geometry": { "type": "Point", "coordinates": [ 116.81134033203125, 39.678226470947266 ] } },
{ "type": "Feature", "properties": { "city": "beijing", "candidate_source": "place_village_hamlet_locality", "id": "7648201632", "osm_type": "node", "place": "village", "landuse": "None", "residential": "None", "name": "None" }, "geometry": { "type": "Point", "coordinates": [ 116.730850219726562, 39.624797821044922 ] } },
{ "type": "Feature", "properties": { "city": "beijing", "candidate_source": "place_village_hamlet_locality", "id": "3377417590", "osm_type": "node", "place": "village", "landuse": "None", "residential": "None", "name": "None" }, "geometry": { "type": "Point", "coordinates": [ 116.740081787109375, 39.636859893798828 ] } },
{ "type": "Feature", "properties": { "city": "beijing", "candidate_source": "place_village_hamlet_locality", "id": "3377417588", "osm_type": "node", "place": "village", "landuse": "None", "residential": "None", "name": "None" }, "geometry": { "type": "Point", "coordinates": [ 116.765220642089844, 39.637287139892578 ] } },
{ "type": "Feature", "properties": { "city": "beijing", "candidate_source": "place_village_hamlet_locality", "id": "7648201617", "osm_type": "node", "place": "locality", "landuse": "None", "residential": "None", "name": "None" }, "geometry": { "type": "Point", "coordinates": [ 116.743217468261719, 39.650726318359375 ] } },
{ "type": "Feature", "properties": { "city": "beijing", "candidate_source": "place_village_hamlet_locality", "id": "7648201610", "osm_type": "node", "place": "village", "landuse": "None", "residential": "None", "name": "None" }, "geometry": { "type": "Point", "coordinates": [ 116.753837585449219, 39.658458709716797 ] } },
{ "type": "Feature", "properties": { "city": "beijing", "candidate_source": "place_village_hamlet_locality", "id": "7648328105", "osm_type": "node", "place": "village", "landuse": "None", "residential": "None", "name": "None" }, "geometry": { "type": "Point", "coordinates": [ 116.723724365234375, 39.659385681152344 ] } },
{ "type": "Feature", "properties": { "city": "beijing", "candidate_source": "place_village_hamlet_locality", "id": "7648328103", "osm_type": "node", "place": "village", "landuse": "None", "residential": "None", "name": "None" }, "geometry": { "type": "Point", "coordinates": [ 116.756996154785156, 39.674724578857422 ] } },
{ "type": "Feature", "properties": { "city": "beijing", "candidate_source": "place_village_hamlet_locality", "id": "3377417589", "osm_type": "node", "place": "village", "landuse": "None", "residential": "None", "name": "None" }, "geometry": { "type": "Point", "coordinates": [ 116.727058410644531, 39.677330017089844 ] } },
{ "type": "Feature", "properties": { "city": "beijing", "candidate_source": "place_village_hamlet_locality", "id": "7648328099", "osm_type": "node", "place": "village", "landuse": "None", "residential": "None", "name": "None" }, "geometry": { "type": "Point", "coordinates": [ 116.737663269042969, 39.689517974853516 ] } },
{ "type": "Feature", "properties": { "city": "beijing", "candidate_source": "place_village_hamlet_locality", "id": "7648193953", "osm_type": "node", "place": "village", "landuse": "None", "residential": "None", "name": "None" }, "geometry": { "type": "Point", "coordinates": [ 116.755348205566406, 39.695766448974609 ] } },
{ "type": "Feature", "properties": { "city": "beijing", "candidate_source": "place_village_hamlet_locality", "id": "7648328116", "osm_type": "node", "place": "village", "landuse": "None", "residential": "None", "name": "None" }, "geometry": { "type": "Point", "coordinates": [ 116.700698852539062, 39.66082763671875 ] } },
{ "type": "Feature", "properties": { "city": "beijing", "candidate_source": "place_village_hamlet_locality", "id": "8753399127", "osm_type": "node", "place": "village", "landuse": "None", "residential": "None", "name": "None" }, "geometry": { "type": "Point", "coordinates": [ 116.691192626953125, 39.661235809326172 ] } },
{ "type": "Feature", "properties": { "city": "beijing", "candidate_source": "place_village_hamlet_locality", "id": "7648328104", "osm_type": "node", "place": "village", "landuse": "None", "residential": "None", "name": "None" }, "geometry": { "type": "Point", "coordinates": [ 116.717460632324219, 39.673545837402344 ] } },
{ "type": "Feature", "properties": { "city": "beijing", "candidate_source": "place_village_hamlet_locality", "id": "7648328118", "osm_type": "node", "place": "village", "landuse": "None", "residential": "None", "name": "None" }, "geometry": { "type": "Point", "coordinates": [ 116.691749572753906, 39.685268402099609 ] } },
{ "type": "Feature", "properties": { "city": "beijing", "candidate_source": "place_village_hamlet_locality", "id": "7648328117", "osm_type": "node", "place": "village", "landuse": "None", "residential": "None", "name": "None" }, "geometry": { "type": "Point", "coordinates": [ 116.704254150390625, 39.686576843261719 ] } },
{ "type": "Feature", "properties": { "city": "beijing", "candidate_source": "place_village_hamlet_locality", "id": "7648328102", "osm_type": "node", "place": "village", "landuse": "None", "residential": "None", "name": "None" }, "geometry": { "type": "Point", "coordinates": [ 116.708000183105469, 39.692626953125 ] } },
{ "type": "Feature", "properties": { "city": "beijing", "candidate_source": "place_village_hamlet_locality", "id": "7648328100", "osm_type": "node", "place": "village", "landuse": "None", "residential": "None", "name": "None" }, "geometry": { "type": "Point", "coordinates": [ 116.720626831054688, 39.703048706054688 ] } },
{ "type": "Feature", "properties": { "city": "beijing", "candidate_source": "place_village_hamlet_locality", "id": "7648328034", "osm_type": "node", "place": "village", "landuse": "None", "residential": "None", "name": "None" }, "geometry": { "type": "Point", "coordinates": [ 116.705154418945312, 39.708724975585938 ] } },
{ "type": "Feature", "properties": { "city": "beijing", "candidate_source": "place_village_hamlet_locality", "id": "7648328032", "osm_type": "node", "place": "village", "landuse": "None", "residential": "None", "name": "None" }, "geometry": { "type": "Point", "coordinates": [ 116.690467834472656, 39.713611602783203 ] } },
{ "type": "Feature", "properties": { "city": "beijing", "candidate_source": "place_village_hamlet_locality", "id": "7648328013", "osm_type": "node", "place": "village", "landuse": "None", "residential": "None", "name": "None" }, "geometry": { "type": "Point", "coordinates": [ 116.704292297363281, 39.716018676757812 ] } },
{ "type": "Feature", "properties": { "city": "beijing", "candidate_source": "place_village_hamlet_locality", "id": "7648193960", "osm_type": "node", "place": "village", "landuse": "None", "residential": "None", "name": "None" }, "geometry": { "type": "Point", "coordinates": [ 116.851493835449219, 39.672847747802734 ] } },
{ "type": "Feature", "properties": { "city": "beijing", "candidate_source": "place_village_hamlet_locality", "id": "7648193954", "osm_type": "node", "place": "village", "landuse": "None", "residential": "None", "name": "None" }, "geometry": { "type": "Point", "coordinates": [ 116.819511413574219, 39.672969818115234 ] } },
{ "type": "Feature", "properties": { "city": "beijing", "candidate_source": "place_village_hamlet_locality", "id": "7648193959", "osm_type": "node", "place": "village", "landuse": "None", "residential": "None", "name": "None" }, "geometry": { "type": "Point", "coordinates": [ 116.848854064941406, 39.678501129150391 ] } },
{ "type": "Feature", "properties": { "city": "beijing", "candidate_source": "place_village_hamlet_locality", "id": "7632942002", "osm_type": "node", "place": "village", "landuse": "None", "residential": "None", "name": "None" }, "geometry": { "type": "Point", "coordinates": [ 116.864189147949219, 39.682041168212891 ] } },
{ "type": "Feature", "properties": { "city": "beijing", "candidate_source": "place_village_hamlet_locality", "id": "7648193958", "osm_type": "node", "place": "village", "landuse": "None", "residential": "None", "name": "None" }, "geometry": { "type": "Point", "coordinates": [ 116.848701477050781, 39.683193206787109 ] } },
{ "type": "Feature", "properties": { "city": "beijing", "candidate_source": "place_village_hamlet_locality", "id": "7648193955", "osm_type": "node", "place": "village", "landuse": "None", "residential": "None", "name": "None" }, "geometry": { "type": "Point", "coordinates": [ 116.82867431640625, 39.690082550048828 ] } },
{ "type": "Feature", "properties": { "city": "beijing", "candidate_source": "place_village_hamlet_locality", "id": "7648193956", "osm_type": "node", "place": "village", "landuse": "None", "residential": "None", "name": "None" }, "geometry": { "type": "Point", "coordinates": [ 116.818382263183594, 39.692348480224609 ] } },
{ "type": "Feature", "properties": { "city": "beijing", "candidate_source": "place_village_hamlet_locality", "id": "12741356997", "osm_type": "node", "place": "village", "landuse": "None", "residential": "None", "name": "None" }, "geometry": { "type": "Point", "coordinates": [ 116.854034423828125, 39.694892883300781 ] } },
{ "type": "Feature", "properties": { "city": "beijing", "candidate_source": "place_village_hamlet_locality", "id": "7632942000", "osm_type": "node", "place": "village", "landuse": "None", "residential": "None", "name": "None" }, "geometry": { "type": "Point", "coordinates": [ 116.844779968261719, 39.705181121826172 ] } },
{ "type": "Feature", "properties": { "city": "beijing", "candidate_source": "place_village_hamlet_locality", "id": "7648193948", "osm_type": "node", "place": "village", "landuse": "None", "residential": "None", "name": "None" }, "geometry": { "type": "Point", "coordinates": [ 116.816818237304688, 39.706802368164062 ] } },
{ "type": "Feature", "properties": { "city": "beijing", "candidate_source": "place_village_hamlet_locality", "id": "7648193957", "osm_type": "node", "place": "village", "landuse": "None", "residential": "None", "name": "None" }, "geometry": { "type": "Point", "coordinates": [ 116.810165405273438, 39.688404083251953 ] } },
{ "type": "Feature", "properties": { "city": "beijing", "candidate_source": "place_village_hamlet_locality", "id": "7648193951", "osm_type": "node", "place": "village", "landuse": "None", "residential": "None", "name": "None" }, "geometry": { "type": "Point", "coordinates": [ 116.773422241210938, 39.688671112060547 ] } },
{ "type": "Feature", "properties": { "city": "beijing", "candidate_source": "place_village_hamlet_locality", "id": "7648193950", "osm_type": "node", "place": "village", "landuse": "None", "residential": "None", "name": "None" }, "geometry": { "type": "Point", "coordinates": [ 116.793342590332031, 39.696926116943359 ] } },
{ "type": "Feature", "properties": { "city": "beijing", "candidate_source": "place_village_hamlet_locality", "id": "7648193941", "osm_type": "node", "place": "village", "landuse": "None", "residential": "None", "name": "None" }, "geometry": { "type": "Point", "coordinates": [ 116.779830932617188, 39.703716278076172 ] } },
{ "type": "Feature", "properties": { "city": "beijing", "candidate_source": "place_village_hamlet_locality", "id": "7648193949", "osm_type": "node", "place": "village", "landuse": "None", "residential": "None", "name": "None" }, "geometry": { "type": "Point", "coordinates": [ 116.813484191894531, 39.706390380859375 ] } },
{ "type": "Feature", "properties": { "city": "beijing", "candidate_source": "place_village_hamlet_locality", "id": "7648193945", "osm_type": "node", "place": "village", "landuse": "None", "residential": "None", "name": "None" }, "geometry": { "type": "Point", "coordinates": [ 116.813079833984375, 39.707233428955078 ] } },
{ "type": "Feature", "properties": { "city": "beijing", "candidate_source": "place_village_hamlet_locality", "id": "7648193940", "osm_type": "node", "place": "village", "landuse": "None", "residential": "None", "name": "None" }, "geometry": { "type": "Point", "coordinates": [ 116.782539367675781, 39.708900451660156 ] } },
{ "type": "Feature", "properties": { "city": "beijing", "candidate_source": "place_village_hamlet_locality", "id": "7648193943", "osm_type": "node", "place": "village", "landuse": "None", "residential": "None", "name": "None" }, "geometry": { "type": "Point", "coordinates": [ 116.768836975097656, 39.709781646728516 ] } },
{ "type": "Feature", "properties": { "city": "beijing", "candidate_source": "place_village_hamlet_locality", "id": "7648193942", "osm_type": "node", "place": "village", "landuse": "None", "residential": "None", "name": "None" }, "geometry": { "type": "Point", "coordinates": [ 116.77349853515625, 39.711257934570312 ] } },
{ "type": "Feature", "properties": { "city": "beijing", "candidate_source": "place_village_hamlet_locality", "id": "7648193947", "osm_type": "node", "place": "village", "landuse": "None", "residential": "None", "name": "None" }, "geometry": { "type": "Point", "coordinates": [ 116.797714233398438, 39.711795806884766 ] } },
{ "type": "Feature", "properties": { "city": "beijing", "candidate_source": "place_village_hamlet_locality", "id": "7648328101", "osm_type": "node", "place": "village", "landuse": "None", "residential": "None", "name": "None" }, "geometry": { "type": "Point", "coordinates": [ 116.725822448730469, 39.698673248291016 ] } },
{ "type": "Feature", "properties": { "city": "beijing", "candidate_source": "place_village_hamlet_locality", "id": "7648193952", "osm_type": "node", "place": "village", "landuse": "None", "residential": "None", "name": "None" }, "geometry": { "type": "Point", "coordinates": [ 116.758544921875, 39.699440002441406 ] } },
{ "type": "Feature", "properties": { "city": "beijing", "candidate_source": "place_village_hamlet_locality", "id": "7632929781", "osm_type": "node", "place": "village", "landuse": "None", "residential": "None", "name": "None" }, "geometry": { "type": "Point", "coordinates": [ 116.748703002929688, 39.718841552734375 ] } },
{ "type": "Feature", "properties": { "city": "beijing", "candidate_source": "place_village_hamlet_locality", "id": "7632929782", "osm_type": "node", "place": "hamlet", "landuse": "None", "residential": "None", "name": "None" }, "geometry": { "type": "Point", "coordinates": [ 116.747993469238281, 39.720195770263672 ] } },
{ "type": "Feature", "properties": { "city": "beijing", "candidate_source": "place_village_hamlet_locality", "id": "7648328033", "osm_type": "node", "place": "village", "landuse": "None", "residential": "None", "name": "None" }, "geometry": { "type": "Point", "coordinates": [ 116.731132507324219, 39.72198486328125 ] } },
{ "type": "Feature", "properties": { "city": "beijing", "candidate_source": "place_village_hamlet_locality", "id": "7632929779", "osm_type": "node", "place": "village", "landuse": "None", "residential": "None", "name": "None" }, "geometry": { "type": "Point", "coordinates": [ 116.755416870117188, 39.730377197265625 ] } },
{ "type": "Feature", "properties": { "city": "beijing", "candidate_source": "place_village_hamlet_locality", "id": "7648328029", "osm_type": "node", "place": "village", "landuse": "None", "residential": "None", "name": "None" }, "geometry": { "type": "Point", "coordinates": [ 116.728485107421875, 39.730869293212891 ] } },
{ "type": "Feature", "properties": { "city": "beijing", "candidate_source": "place_village_hamlet_locality", "id": "7648328028", "osm_type": "node", "place": "village", "landuse": "None", "residential": "None", "name": "None" }, "geometry": { "type": "Point", "coordinates": [ 116.727706909179688, 39.748218536376953 ] } },
{ "type": "Feature", "properties": { "city": "beijing", "candidate_source": "place_village_hamlet_locality", "id": "7632929775", "osm_type": "node", "place": "village", "landuse": "None", "residential": "None", "name": "None" }, "geometry": { "type": "Point", "coordinates": [ 116.759963989257812, 39.748886108398438 ] } },
{ "type": "Feature", "properties": { "city": "beijing", "candidate_source": "place_village_hamlet_locality", "id": "7632929777", "osm_type": "node", "place": "village", "landuse": "None", "residential": "None", "name": "None" }, "geometry": { "type": "Point", "coordinates": [ 116.751571655273438, 39.749641418457031 ] } },
{ "type": "Feature", "properties": { "city": "beijing", "candidate_source": "place_village_hamlet_locality", "id": "7648193944", "osm_type": "node", "place": "village", "landuse": "None", "residential": "None", "name": "None" }, "geometry": { "type": "Point", "coordinates": [ 116.81707763671875, 39.707489013671875 ] } },
{ "type": "Feature", "properties": { "city": "beijing", "candidate_source": "place_village_hamlet_locality", "id": "7632941998", "osm_type": "node", "place": "village", "landuse": "None", "residential": "None", "name": "None" }, "geometry": { "type": "Point", "coordinates": [ 116.820480346679688, 39.72564697265625 ] } },
{ "type": "Feature", "properties": { "city": "beijing", "candidate_source": "place_village_hamlet_locality", "id": "7632941996", "osm_type": "node", "place": "village", "landuse": "None", "residential": "None", "name": "None" }, "geometry": { "type": "Point", "coordinates": [ 116.838081359863281, 39.726627349853516 ] } },
{ "type": "Feature", "properties": { "city": "beijing", "candidate_source": "place_village_hamlet_locality", "id": "7632941993", "osm_type": "node", "place": "village", "landuse": "None", "residential": "None", "name": "None" }, "geometry": { "type": "Point", "coordinates": [ 116.823043823242188, 39.726726531982422 ] } },
{ "type": "Feature", "properties": { "city": "beijing", "candidate_source": "place_village_hamlet_locality", "id": "7632941997", "osm_type": "node", "place": "village", "landuse": "None", "residential": "None", "name": "None" }, "geometry": { "type": "Point", "coordinates": [ 116.828536987304688, 39.727500915527344 ] } },
{ "type": "Feature", "properties": { "city": "beijing", "candidate_source": "place_village_hamlet_locality", "id": "7632941995", "osm_type": "node", "place": "village", "landuse": "None", "residential": "None", "name": "None" }, "geometry": { "type": "Point", "coordinates": [ 116.849639892578125, 39.728378295898438 ] } },
{ "type": "Feature", "properties": { "city": "beijing", "candidate_source": "place_village_hamlet_locality", "id": "7632941992", "osm_type": "node", "place": "village", "landuse": "None", "residential": "None", "name": "None" }, "geometry": { "type": "Point", "coordinates": [ 116.861518859863281, 39.730594635009766 ] } },
{ "type": "Feature", "properties": { "city": "beijing", "candidate_source": "place_village_hamlet_locality", "id": "7632941988", "osm_type": "node", "place": "village", "landuse": "None", "residential": "None", "name": "None" }, "geometry": { "type": "Point", "coordinates": [ 116.862594604492188, 39.740116119384766 ] } },
{ "type": "Feature", "properties": { "city": "beijing", "candidate_source": "place_village_hamlet_locality", "id": "7632929751", "osm_type": "node", "place": "village", "landuse": "None", "residential": "None", "name": "None" }, "geometry": { "type": "Point", "coordinates": [ 116.836570739746094, 39.740703582763672 ] } },
{ "type": "Feature", "properties": { "city": "beijing", "candidate_source": "place_village_hamlet_locality", "id": "7632941989", "osm_type": "node", "place": "village", "landuse": "None", "residential": "None", "name": "None" }, "geometry": { "type": "Point", "coordinates": [ 116.852287292480469, 39.741554260253906 ] } },
{ "type": "Feature", "properties": { "city": "beijing", "candidate_source": "place_village_hamlet_locality", "id": "7648193946", "osm_type": "node", "place": "village", "landuse": "None", "residential": "None", "name": "None" }, "geometry": { "type": "Point", "coordinates": [ 116.802284240722656, 39.716484069824219 ] } },
{ "type": "Feature", "properties": { "city": "beijing", "candidate_source": "place_village_hamlet_locality", "id": "7632929780", "osm_type": "node", "place": "village", "landuse": "None", "residential": "None", "name": "None" }, "geometry": { "type": "Point", "coordinates": [ 116.773269653320312, 39.728485107421875 ] } },
{ "type": "Feature", "properties": { "city": "beijing", "candidate_source": "place_village_hamlet_locality", "id": "7632929747", "osm_type": "node", "place": "village", "landuse": "None", "residential": "None", "name": "None" }, "geometry": { "type": "Point", "coordinates": [ 116.809700012207031, 39.733654022216797 ] } },
{ "type": "Feature", "properties": { "city": "beijing", "candidate_source": "place_village_hamlet_locality", "id": "7632929746", "osm_type": "node", "place": "village", "landuse": "None", "residential": "None", "name": "None" }, "geometry": { "type": "Point", "coordinates": [ 116.812164306640625, 39.736640930175781 ] } },
{ "type": "Feature", "properties": { "city": "beijing", "candidate_source": "place_village_hamlet_locality", "id": "7632929745", "osm_type": "node", "place": "village", "landuse": "None", "residential": "None", "name": "None" }, "geometry": { "type": "Point", "coordinates": [ 116.799591064453125, 39.741542816162109 ] } },
{ "type": "Feature", "properties": { "city": "beijing", "candidate_source": "place_village_hamlet_locality", "id": "7632929744", "osm_type": "node", "place": "village", "landuse": "None", "residential": "None", "name": "None" }, "geometry": { "type": "Point", "coordinates": [ 116.799766540527344, 39.743572235107422 ] } },
{ "type": "Feature", "properties": { "city": "beijing", "candidate_source": "place_village_hamlet_locality", "id": "7632929743", "osm_type": "node", "place": "village", "landuse": "None", "residential": "None", "name": "None" }, "geometry": { "type": "Point", "coordinates": [ 116.793495178222656, 39.744705200195312 ] } },
{ "type": "Feature", "properties": { "city": "beijing", "candidate_source": "place_village_hamlet_locality", "id": "7632929742", "osm_type": "node", "place": "village", "landuse": "None", "residential": "None", "name": "None" }, "geometry": { "type": "Point", "coordinates": [ 116.788414001464844, 39.748039245605469 ] } },
{ "type": "Feature", "properties": { "city": "beijing", "candidate_source": "place_village_hamlet_locality", "id": "7632929741", "osm_type": "node", "place": "village", "landuse": "None", "residential": "None", "name": "None" }, "geometry": { "type": "Point", "coordinates": [ 116.794212341308594, 39.751537322998047 ] } },
{ "type": "Feature", "properties": { "city": "beijing", "candidate_source": "place_village_hamlet_locality", "id": "7632929776", "osm_type": "node", "place": "village", "landuse": "None", "residential": "None", "name": "None" }, "geometry": { "type": "Point", "coordinates": [ 116.774696350097656, 39.751747131347656 ] } },
{ "type": "Feature", "properties": { "city": "beijing", "candidate_source": "place_village_hamlet_locality", "id": "7632929784", "osm_type": "node", "place": "village", "landuse": "None", "residential": "None", "name": "None" }, "geometry": { "type": "Point", "coordinates": [ 116.847145080566406, 39.745384216308594 ] } },
{ "type": "Feature", "properties": { "city": "beijing", "candidate_source": "place_village_hamlet_locality", "id": "7632929750", "osm_type": "node", "place": "village", "landuse": "None", "residential": "None", "name": "None" }, "geometry": { "type": "Point", "coordinates": [ 116.835014343261719, 39.754878997802734 ] } },
{ "type": "Feature", "properties": { "city": "beijing", "candidate_source": "place_village_hamlet_locality", "id": "7632929749", "osm_type": "node", "place": "village", "landuse": "None", "residential": "None", "name": "None" }, "geometry": { "type": "Point", "coordinates": [ 116.825309753417969, 39.760223388671875 ] } },
{ "type": "Feature", "properties": { "city": "beijing", "candidate_source": "place_village_hamlet_locality", "id": "7644902027", "osm_type": "node", "place": "village", "landuse": "None", "residential": "None", "name": "None" }, "geometry": { "type": "Point", "coordinates": [ 116.837455749511719, 39.773365020751953 ] } },
{ "type": "Feature", "properties": { "city": "beijing", "candidate_source": "place_village_hamlet_locality", "id": "7644902026", "osm_type": "node", "place": "village", "landuse": "None", "residential": "None", "name": "None" }, "geometry": { "type": "Point", "coordinates": [ 116.827278137207031, 39.77777099609375 ] } },
{ "type": "Feature", "properties": { "city": "beijing", "candidate_source": "place_village_hamlet_locality", "id": "7644902024", "osm_type": "node", "place": "village", "landuse": "None", "residential": "None", "name": "None" }, "geometry": { "type": "Point", "coordinates": [ 116.85845947265625, 39.782341003417969 ] } },
{ "type": "Feature", "properties": { "city": "beijing", "candidate_source": "place_village_hamlet_locality", "id": "7644902025", "osm_type": "node", "place": "village", "landuse": "None", "residential": "None", "name": "None" }, "geometry": { "type": "Point", "coordinates": [ 116.838371276855469, 39.783855438232422 ] } },
{ "type": "Feature", "properties": { "city": "beijing", "candidate_source": "place_village_hamlet_locality", "id": "7644902022", "osm_type": "node", "place": "village", "landuse": "None", "residential": "None", "name": "None" }, "geometry": { "type": "Point", "coordinates": [ 116.816497802734375, 39.784912109375 ] } },
{ "type": "Feature", "properties": { "city": "beijing", "candidate_source": "place_village_hamlet_locality", "id": "7644902023", "osm_type": "node", "place": "village", "landuse": "None", "residential": "None", "name": "None" }, "geometry": { "type": "Point", "coordinates": [ 116.848136901855469, 39.788810729980469 ] } },
{ "type": "Feature", "properties": { "city": "beijing", "candidate_source": "place_village_hamlet_locality", "id": "7644902010", "osm_type": "node", "place": "village", "landuse": "None", "residential": "None", "name": "None" }, "geometry": { "type": "Point", "coordinates": [ 116.822456359863281, 39.7904052734375 ] } },
{ "type": "Feature", "properties": { "city": "beijing", "candidate_source": "place_village_hamlet_locality", "id": "7632929778", "osm_type": "node", "place": "village", "landuse": "None", "residential": "None", "name": "None" }, "geometry": { "type": "Point", "coordinates": [ 116.743911743164062, 39.754074096679688 ] } },
{ "type": "Feature", "properties": { "city": "beijing", "candidate_source": "place_village_hamlet_locality", "id": "7632827682", "osm_type": "node", "place": "village", "landuse": "None", "residential": "None", "name": "None" }, "geometry": { "type": "Point", "coordinates": [ 116.726264953613281, 39.762260437011719 ] } },
{ "type": "Feature", "properties": { "city": "beijing", "candidate_source": "place_village_hamlet_locality", "id": "7632827681", "osm_type": "node", "place": "village", "landuse": "None", "residential": "None", "name": "None" }, "geometry": { "type": "Point", "coordinates": [ 116.731529235839844, 39.763988494873047 ] } },
{ "type": "Feature", "properties": { "city": "beijing", "candidate_source": "place_village_hamlet_locality", "id": "7632929735", "osm_type": "node", "place": "village", "landuse": "None", "residential": "None", "name": "None" }, "geometry": { "type": "Point", "coordinates": [ 116.751861572265625, 39.767047882080078 ] } },
{ "type": "Feature", "properties": { "city": "beijing", "candidate_source": "place_village_hamlet_locality", "id": "1230590655", "osm_type": "way", "place": "hamlet", "landuse": "None", "residential": "None", "name": "None" }, "geometry": { "type": "Polygon", "coordinates": [ [ [ 116.752296447753906, 39.764411926269531 ], [ 116.751663208007812, 39.764591217041016 ], [ 116.751579284667969, 39.764724731445312 ], [ 116.7508544921875, 39.764614105224609 ], [ 116.750846862792969, 39.764019012451172 ], [ 116.749114990234375, 39.763954162597656 ], [ 116.748893737792969, 39.7650146484375 ], [ 116.74822998046875, 39.765022277832031 ], [ 116.74774169921875, 39.766506195068359 ], [ 116.745903015136719, 39.766597747802734 ], [ 116.744239807128906, 39.766216278076172 ], [ 116.743156433105469, 39.765995025634766 ], [ 116.741256713867188, 39.765689849853516 ], [ 116.740562438964844, 39.767322540283203 ], [ 116.739852905273438, 39.767173767089844 ], [ 116.739768981933594, 39.768245697021484 ], [ 116.740592956542969, 39.768394470214844 ], [ 116.740882873535156, 39.768718719482422 ], [ 116.741134643554688, 39.768733978271484 ], [ 116.74188232421875, 39.768779754638672 ], [ 116.742828369140625, 39.768318176269531 ], [ 116.746223449707031, 39.769596099853516 ], [ 116.749717712402344, 39.770465850830078 ], [ 116.752334594726562, 39.771022796630859 ], [ 116.752357482910156, 39.770633697509766 ], [ 116.752296447753906, 39.764411926269531 ] ] ] } },
{ "type": "Feature", "properties": { "city": "beijing", "candidate_source": "place_village_hamlet_locality", "id": "7632827679", "osm_type": "node", "place": "village", "landuse": "None", "residential": "None", "name": "None" }, "geometry": { "type": "Point", "coordinates": [ 116.730056762695312, 39.767822265625 ] } },
{ "type": "Feature", "properties": { "city": "beijing", "candidate_source": "place_village_hamlet_locality", "id": "7632827678", "osm_type": "node", "place": "village", "landuse": "None", "residential": "None", "name": "None" }, "geometry": { "type": "Point", "coordinates": [ 116.732437133789062, 39.776031494140625 ] } },
{ "type": "Feature", "properties": { "city": "beijing", "candidate_source": "place_village_hamlet_locality", "id": "7632929734", "osm_type": "node", "place": "village", "landuse": "None", "residential": "None", "name": "None" }, "geometry": { "type": "Point", "coordinates": [ 116.753494262695312, 39.778301239013672 ] } },
{ "type": "Feature", "properties": { "city": "beijing", "candidate_source": "place_village_hamlet_locality", "id": "7632929728", "osm_type": "node", "place": "village", "landuse": "None", "residential": "None", "name": "None" }, "geometry": { "type": "Point", "coordinates": [ 116.747283935546875, 39.7935791015625 ] } },
{ "type": "Feature", "properties": { "city": "beijing", "candidate_source": "place_village_hamlet_locality", "id": "7632929727", "osm_type": "node", "place": "village", "landuse": "None", "residential": "None", "name": "None" }, "geometry": { "type": "Point", "coordinates": [ 116.738471984863281, 39.796810150146484 ] } },
{ "type": "Feature", "properties": { "city": "beijing", "candidate_source": "place_village_hamlet_locality", "id": "8753399141", "osm_type": "node", "place": "village", "landuse": "None", "residential": "None", "name": "None" }, "geometry": { "type": "Point", "coordinates": [ 116.649345397949219, 39.624584197998047 ] } },
{ "type": "Feature", "properties": { "city": "beijing", "candidate_source": "place_village_hamlet_locality", "id": "8754913158", "osm_type": "node", "place": "village", "landuse": "None", "residential": "None", "name": "None" }, "geometry": { "type": "Point", "coordinates": [ 116.65631103515625, 39.625522613525391 ] } },
{ "type": "Feature", "properties": { "city": "beijing", "candidate_source": "place_village_hamlet_locality", "id": "8753399134", "osm_type": "node", "place": "village", "landuse": "None", "residential": "None", "name": "None" }, "geometry": { "type": "Point", "coordinates": [ 116.650146484375, 39.629859924316406 ] } },
{ "type": "Feature", "properties": { "city": "beijing", "candidate_source": "place_village_hamlet_locality", "id": "8753399135", "osm_type": "node", "place": "village", "landuse": "None", "residential": "None", "name": "None" }, "geometry": { "type": "Point", "coordinates": [ 116.657188415527344, 39.631351470947266 ] } },
{ "type": "Feature", "properties": { "city": "beijing", "candidate_source": "place_village_hamlet_locality", "id": "8753399133", "osm_type": "node", "place": "village", "landuse": "None", "residential": "None", "name": "None" }, "geometry": { "type": "Point", "coordinates": [ 116.638916015625, 39.636421203613281 ] } },
{ "type": "Feature", "properties": { "city": "beijing", "candidate_source": "place_village_hamlet_locality", "id": "8753399131", "osm_type": "node", "place": "village", "landuse": "None", "residential": "None", "name": "None" }, "geometry": { "type": "Point", "coordinates": [ 116.672554016113281, 39.652904510498047 ] } },
{ "type": "Feature", "properties": { "city": "beijing", "candidate_source": "place_village_hamlet_locality", "id": "8753399125", "osm_type": "node", "place": "village", "landuse": "None", "residential": "None", "name": "None" }, "geometry": { "type": "Point", "coordinates": [ 116.658935546875, 39.6572265625 ] } },
{ "type": "Feature", "properties": { "city": "beijing", "candidate_source": "place_village_hamlet_locality", "id": "8753399124", "osm_type": "node", "place": "village", "landuse": "None", "residential": "None", "name": "None" }, "geometry": { "type": "Point", "coordinates": [ 116.650726318359375, 39.657333374023438 ] } },
{ "type": "Feature", "properties": { "city": "beijing", "candidate_source": "place_village_hamlet_locality", "id": "8753399126", "osm_type": "node", "place": "village", "landuse": "None", "residential": "None", "name": "None" }, "geometry": { "type": "Point", "coordinates": [ 116.668685913085938, 39.660114288330078 ] } },
{ "type": "Feature", "properties": { "city": "beijing", "candidate_source": "place_village_hamlet_locality", "id": "8753399115", "osm_type": "node", "place": "village", "landuse": "None", "residential": "None", "name": "None" }, "geometry": { "type": "Point", "coordinates": [ 116.66180419921875, 39.6614990234375 ] } },
{ "type": "Feature", "properties": { "city": "beijing", "candidate_source": "place_village_hamlet_locality", "id": "8753399132", "osm_type": "node", "place": "village", "landuse": "None", "residential": "None", "name": "None" }, "geometry": { "type": "Point", "coordinates": [ 116.614753723144531, 39.645061492919922 ] } },
{ "type": "Feature", "properties": { "city": "beijing", "candidate_source": "place_village_hamlet_locality", "id": "8753399122", "osm_type": "node", "place": "village", "landuse": "None", "residential": "None", "name": "None" }, "geometry": { "type": "Point", "coordinates": [ 116.623191833496094, 39.645175933837891 ] } },
{ "type": "Feature", "properties": { "city": "beijing", "candidate_source": "place_village_hamlet_locality", "id": "8753399121", "osm_type": "node", "place": "locality", "landuse": "None", "residential": "None", "name": "None" }, "geometry": { "type": "Point", "coordinates": [ 116.61968994140625, 39.64544677734375 ] } },
{ "type": "Feature", "properties": { "city": "beijing", "candidate_source": "place_village_hamlet_locality", "id": "8753399130", "osm_type": "node", "place": "village", "landuse": "None", "residential": "None", "name": "None" }, "geometry": { "type": "Point", "coordinates": [ 116.614356994628906, 39.648944854736328 ] } },
{ "type": "Feature", "properties": { "city": "beijing", "candidate_source": "place_village_hamlet_locality", "id": "8753399118", "osm_type": "node", "place": "village", "landuse": "None", "residential": "None", "name": "None" }, "geometry": { "type": "Point", "coordinates": [ 116.609580993652344, 39.651256561279297 ] } },
{ "type": "Feature", "properties": { "city": "beijing", "candidate_source": "place_village_hamlet_locality", "id": "8753399129", "osm_type": "node", "place": "village", "landuse": "None", "residential": "None", "name": "None" }, "geometry": { "type": "Point", "coordinates": [ 116.612632751464844, 39.652393341064453 ] } },
{ "type": "Feature", "properties": { "city": "beijing", "candidate_source": "place_village_hamlet_locality", "id": "8753399116", "osm_type": "node", "place": "village", "landuse": "None", "residential": "None", "name": "None" }, "geometry": { "type": "Point", "coordinates": [ 116.611595153808594, 39.654815673828125 ] } },
{ "type": "Feature", "properties": { "city": "beijing", "candidate_source": "place_village_hamlet_locality", "id": "8753399120", "osm_type": "node", "place": "village", "landuse": "None", "residential": "None", "name": "None" }, "geometry": { "type": "Point", "coordinates": [ 116.62188720703125, 39.655315399169922 ] } },
{ "type": "Feature", "properties": { "city": "beijing", "candidate_source": "place_village_hamlet_locality", "id": "8753399119", "osm_type": "node", "place": "village", "landuse": "None", "residential": "None", "name": "None" }, "geometry": { "type": "Point", "coordinates": [ 116.614852905273438, 39.65716552734375 ] } },
{ "type": "Feature", "properties": { "city": "beijing", "candidate_source": "place_village_hamlet_locality", "id": "8753399117", "osm_type": "node", "place": "locality", "landuse": "None", "residential": "None", "name": "None" }, "geometry": { "type": "Point", "coordinates": [ 116.619117736816406, 39.657352447509766 ] } },
{ "type": "Feature", "properties": { "city": "beijing", "candidate_source": "place_village_hamlet_locality", "id": "8755486975", "osm_type": "node", "place": "village", "landuse": "None", "residential": "None", "name": "None" }, "geometry": { "type": "Point", "coordinates": [ 116.559761047363281, 39.635368347167969 ] } },
{ "type": "Feature", "properties": { "city": "beijing", "candidate_source": "place_village_hamlet_locality", "id": "8755486974", "osm_type": "node", "place": "village", "landuse": "None", "residential": "None", "name": "None" }, "geometry": { "type": "Point", "coordinates": [ 116.581031799316406, 39.638217926025391 ] } },
{ "type": "Feature", "properties": { "city": "beijing", "candidate_source": "place_village_hamlet_locality", "id": "8755486970", "osm_type": "node", "place": "village", "landuse": "None", "residential": "None", "name": "None" }, "geometry": { "type": "Point", "coordinates": [ 116.561073303222656, 39.651821136474609 ] } },
{ "type": "Feature", "properties": { "city": "beijing", "candidate_source": "place_village_hamlet_locality", "id": "8755486972", "osm_type": "node", "place": "village", "landuse": "None", "residential": "None", "name": "None" }, "geometry": { "type": "Point", "coordinates": [ 116.572608947753906, 39.651969909667969 ] } },
{ "type": "Feature", "properties": { "city": "beijing", "candidate_source": "place_village_hamlet_locality", "id": "8755486973", "osm_type": "node", "place": "village", "landuse": "None", "residential": "None", "name": "None" }, "geometry": { "type": "Point", "coordinates": [ 116.57305908203125, 39.652866363525391 ] } },
{ "type": "Feature", "properties": { "city": "beijing", "candidate_source": "place_village_hamlet_locality", "id": "8755486971", "osm_type": "node", "place": "village", "landuse": "None", "residential": "None", "name": "None" }, "geometry": { "type": "Point", "coordinates": [ 116.566490173339844, 39.655460357666016 ] } },
{ "type": "Feature", "properties": { "city": "beijing", "candidate_source": "place_village_hamlet_locality", "id": "8755486957", "osm_type": "node", "place": "village", "landuse": "None", "residential": "None", "name": "None" }, "geometry": { "type": "Point", "coordinates": [ 116.568458557128906, 39.663822174072266 ] } },
{ "type": "Feature", "properties": { "city": "beijing", "candidate_source": "place_village_hamlet_locality", "id": "8755486958", "osm_type": "node", "place": "village", "landuse": "None", "residential": "None", "name": "None" }, "geometry": { "type": "Point", "coordinates": [ 116.5928955078125, 39.664798736572266 ] } },
{ "type": "Feature", "properties": { "city": "beijing", "candidate_source": "place_village_hamlet_locality", "id": "8753399080", "osm_type": "node", "place": "village", "landuse": "None", "residential": "None", "name": "None" }, "geometry": { "type": "Point", "coordinates": [ 116.550102233886719, 39.669532775878906 ] } },
{ "type": "Feature", "properties": { "city": "beijing", "candidate_source": "place_village_hamlet_locality", "id": "8755486952", "osm_type": "node", "place": "village", "landuse": "None", "residential": "None", "name": "None" }, "geometry": { "type": "Point", "coordinates": [ 116.584800720214844, 39.671306610107422 ] } },
{ "type": "Feature", "properties": { "city": "beijing", "candidate_source": "place_village_hamlet_locality", "id": "8755486969", "osm_type": "node", "place": "village", "landuse": "None", "residential": "None", "name": "None" }, "geometry": { "type": "Point", "coordinates": [ 116.608383178710938, 39.661167144775391 ] } },
{ "type": "Feature", "properties": { "city": "beijing", "candidate_source": "place_village_hamlet_locality", "id": "8755486968", "osm_type": "node", "place": "village", "landuse": "None", "residential": "None", "name": "None" }, "geometry": { "type": "Point", "coordinates": [ 116.601776123046875, 39.661655426025391 ] } },
{ "type": "Feature", "properties": { "city": "beijing", "candidate_source": "place_village_hamlet_locality", "id": "8755486967", "osm_type": "node", "place": "village", "landuse": "None", "residential": "None", "name": "None" }, "geometry": { "type": "Point", "coordinates": [ 116.599830627441406, 39.663375854492188 ] } },
{ "type": "Feature", "properties": { "city": "beijing", "candidate_source": "place_village_hamlet_locality", "id": "8753399112", "osm_type": "node", "place": "village", "landuse": "None", "residential": "None", "name": "None" }, "geometry": { "type": "Point", "coordinates": [ 116.610702514648438, 39.665428161621094 ] } },
{ "type": "Feature", "properties": { "city": "beijing", "candidate_source": "place_village_hamlet_locality", "id": "8755486956", "osm_type": "node", "place": "village", "landuse": "None", "residential": "None", "name": "None" }, "geometry": { "type": "Point", "coordinates": [ 116.603317260742188, 39.668266296386719 ] } },
{ "type": "Feature", "properties": { "city": "beijing", "candidate_source": "place_village_hamlet_locality", "id": "8755486954", "osm_type": "node", "place": "village", "landuse": "None", "residential": "None", "name": "None" }, "geometry": { "type": "Point", "coordinates": [ 116.599090576171875, 39.672348022460938 ] } },
{ "type": "Feature", "properties": { "city": "beijing", "candidate_source": "place_village_hamlet_locality", "id": "8755486955", "osm_type": "node", "place": "village", "landuse": "None", "residential": "None", "name": "None" }, "geometry": { "type": "Point", "coordinates": [ 116.599746704101562, 39.672565460205078 ] } },
{ "type": "Feature", "properties": { "city": "beijing", "candidate_source": "place_village_hamlet_locality", "id": "3375911090", "osm_type": "node", "place": "village", "landuse": "None", "residential": "None", "name": "None" }, "geometry": { "type": "Point", "coordinates": [ 116.625404357910156, 39.673656463623047 ] } },
{ "type": "Feature", "properties": { "city": "beijing", "candidate_source": "place_village_hamlet_locality", "id": "8755486953", "osm_type": "node", "place": "village", "landuse": "None", "residential": "None", "name": "None" }, "geometry": { "type": "Point", "coordinates": [ 116.602096557617188, 39.674365997314453 ] } },
{ "type": "Feature", "properties": { "city": "beijing", "candidate_source": "place_village_hamlet_locality", "id": "8755486950", "osm_type": "node", "place": "village", "landuse": "None", "residential": "None", "name": "None" }, "geometry": { "type": "Point", "coordinates": [ 116.5992431640625, 39.677288055419922 ] } },
{ "type": "Feature", "properties": { "city": "beijing", "candidate_source": "place_village_hamlet_locality", "id": "8755486949", "osm_type": "node", "place": "village", "landuse": "None", "residential": "None", "name": "None" }, "geometry": { "type": "Point", "coordinates": [ 116.582054138183594, 39.677299499511719 ] } },
{ "type": "Feature", "properties": { "city": "beijing", "candidate_source": "place_village_hamlet_locality", "id": "8755486945", "osm_type": "node", "place": "village", "landuse": "None", "residential": "None", "name": "None" }, "geometry": { "type": "Point", "coordinates": [ 116.595008850097656, 39.682277679443359 ] } },
{ "type": "Feature", "properties": { "city": "beijing", "candidate_source": "place_village_hamlet_locality", "id": "8755486937", "osm_type": "node", "place": "village", "landuse": "None", "residential": "None", "name": "None" }, "geometry": { "type": "Point", "coordinates": [ 116.574409484863281, 39.682479858398438 ] } },
{ "type": "Feature", "properties": { "city": "beijing", "candidate_source": "place_village_hamlet_locality", "id": "8755486939", "osm_type": "node", "place": "village", "landuse": "None", "residential": "None", "name": "None" }, "geometry": { "type": "Point", "coordinates": [ 116.591171264648438, 39.684135437011719 ] } },
{ "type": "Feature", "properties": { "city": "beijing", "candidate_source": "place_village_hamlet_locality", "id": "8755486926", "osm_type": "node", "place": "village", "landuse": "None", "residential": "None", "name": "None" }, "geometry": { "type": "Point", "coordinates": [ 116.560997009277344, 39.687244415283203 ] } },
{ "type": "Feature", "properties": { "city": "beijing", "candidate_source": "place_village_hamlet_locality", "id": "8755486938", "osm_type": "node", "place": "village", "landuse": "None", "residential": "None", "name": "None" }, "geometry": { "type": "Point", "coordinates": [ 116.583015441894531, 39.687423706054688 ] } },
{ "type": "Feature", "properties": { "city": "beijing", "candidate_source": "place_village_hamlet_locality", "id": "8753399070", "osm_type": "node", "place": "village", "landuse": "None", "residential": "None", "name": "None" }, "geometry": { "type": "Point", "coordinates": [ 116.552421569824219, 39.687576293945312 ] } },
{ "type": "Feature", "properties": { "city": "beijing", "candidate_source": "place_village_hamlet_locality", "id": "8755486927", "osm_type": "node", "place": "village", "landuse": "None", "residential": "None", "name": "None" }, "geometry": { "type": "Point", "coordinates": [ 116.571311950683594, 39.687652587890625 ] } },
{ "type": "Feature", "properties": { "city": "beijing", "candidate_source": "place_village_hamlet_locality", "id": "8755486928", "osm_type": "node", "place": "village", "landuse": "None", "residential": "None", "name": "None" }, "geometry": { "type": "Point", "coordinates": [ 116.576736450195312, 39.691158294677734 ] } },
{ "type": "Feature", "properties": { "city": "beijing", "candidate_source": "place_village_hamlet_locality", "id": "8755486925", "osm_type": "node", "place": "village", "landuse": "None", "residential": "None", "name": "None" }, "geometry": { "type": "Point", "coordinates": [ 116.566368103027344, 39.691837310791016 ] } },
{ "type": "Feature", "properties": { "city": "beijing", "candidate_source": "place_village_hamlet_locality", "id": "8753399114", "osm_type": "node", "place": "village", "landuse": "None", "residential": "None", "name": "None" }, "geometry": { "type": "Point", "coordinates": [ 116.660881042480469, 39.661697387695312 ] } },
{ "type": "Feature", "properties": { "city": "beijing", "candidate_source": "place_village_hamlet_locality", "id": "8753399113", "osm_type": "node", "place": "village", "landuse": "None", "residential": "None", "name": "None" }, "geometry": { "type": "Point", "coordinates": [ 116.659423828125, 39.665714263916016 ] } },
{ "type": "Feature", "properties": { "city": "beijing", "candidate_source": "place_village_hamlet_locality", "id": "8753399111", "osm_type": "node", "place": "village", "landuse": "None", "residential": "None", "name": "None" }, "geometry": { "type": "Point", "coordinates": [ 116.649070739746094, 39.673851013183594 ] } },
{ "type": "Feature", "properties": { "city": "beijing", "candidate_source": "place_village_hamlet_locality", "id": "7648328119", "osm_type": "node", "place": "village", "landuse": "None", "residential": "None", "name": "None" }, "geometry": { "type": "Point", "coordinates": [ 116.669601440429688, 39.680351257324219 ] } },
{ "type": "Feature", "properties": { "city": "beijing", "candidate_source": "place_village_hamlet_locality", "id": "3375911088", "osm_type": "node", "place": "village", "landuse": "None", "residential": "None", "name": "None" }, "geometry": { "type": "Point", "coordinates": [ 116.669822692871094, 39.683174133300781 ] } },
{ "type": "Feature", "properties": { "city": "beijing", "candidate_source": "place_village_hamlet_locality", "id": "8755486948", "osm_type": "node", "place": "village", "landuse": "None", "residential": "None", "name": "None" }, "geometry": { "type": "Point", "coordinates": [ 116.6343994140625, 39.685428619384766 ] } },
{ "type": "Feature", "properties": { "city": "beijing", "candidate_source": "place_village_hamlet_locality", "id": "3375911089", "osm_type": "node", "place": "village", "landuse": "None", "residential": "None", "name": "None" }, "geometry": { "type": "Point", "coordinates": [ 116.649185180664062, 39.693161010742188 ] } },
{ "type": "Feature", "properties": { "city": "beijing", "candidate_source": "place_village_hamlet_locality", "id": "3375911086", "osm_type": "node", "place": "village", "landuse": "None", "residential": "None", "name": "None" }, "geometry": { "type": "Point", "coordinates": [ 116.668663024902344, 39.702545166015625 ] } },
{ "type": "Feature", "properties": { "city": "beijing", "candidate_source": "place_village_hamlet_locality", "id": "7641983180", "osm_type": "node", "place": "village", "landuse": "None", "residential": "None", "name": "None" }, "geometry": { "type": "Point", "coordinates": [ 116.649742126464844, 39.7215576171875 ] } },
{ "type": "Feature", "properties": { "city": "beijing", "candidate_source": "place_village_hamlet_locality", "id": "7641983179", "osm_type": "node", "place": "village", "landuse": "None", "residential": "None", "name": "None" }, "geometry": { "type": "Point", "coordinates": [ 116.643287658691406, 39.730178833007812 ] } },
{ "type": "Feature", "properties": { "city": "beijing", "candidate_source": "place_village_hamlet_locality", "id": "8753399069", "osm_type": "node", "place": "village", "landuse": "None", "residential": "None", "name": "None" }, "geometry": { "type": "Point", "coordinates": [ 116.555290222167969, 39.693759918212891 ] } },
{ "type": "Feature", "properties": { "city": "beijing", "candidate_source": "place_village_hamlet_locality", "id": "8755486923", "osm_type": "node", "place": "village", "landuse": "None", "residential": "None", "name": "None" }, "geometry": { "type": "Point", "coordinates": [ 116.5789794921875, 39.707054138183594 ] } },
{ "type": "Feature", "properties": { "city": "beijing", "candidate_source": "place_village_hamlet_locality", "id": "7641974056", "osm_type": "node", "place": "locality", "landuse": "None", "residential": "None", "name": "None" }, "geometry": { "type": "Point", "coordinates": [ 116.588760375976562, 39.720146179199219 ] } },
{ "type": "Feature", "properties": { "city": "beijing", "candidate_source": "place_village_hamlet_locality", "id": "7641974050", "osm_type": "node", "place": "village", "landuse": "None", "residential": "None", "name": "None" }, "geometry": { "type": "Point", "coordinates": [ 116.566604614257812, 39.721466064453125 ] } },
{ "type": "Feature", "properties": { "city": "beijing", "candidate_source": "place_village_hamlet_locality", "id": "7641974051", "osm_type": "node", "place": "locality", "landuse": "None", "residential": "None", "name": "None" }, "geometry": { "type": "Point", "coordinates": [ 116.555427551269531, 39.725017547607422 ] } },
{ "type": "Feature", "properties": { "city": "beijing", "candidate_source": "place_village_hamlet_locality", "id": "7641974066", "osm_type": "node", "place": "village", "landuse": "None", "residential": "None", "name": "None" }, "geometry": { "type": "Point", "coordinates": [ 116.576026916503906, 39.730388641357422 ] } },
{ "type": "Feature", "properties": { "city": "beijing", "candidate_source": "place_village_hamlet_locality", "id": "7641974049", "osm_type": "node", "place": "locality", "landuse": "None", "residential": "None", "name": "None" }, "geometry": { "type": "Point", "coordinates": [ 116.559226989746094, 39.733467102050781 ] } },
{ "type": "Feature", "properties": { "city": "beijing", "candidate_source": "place_village_hamlet_locality", "id": "7641974077", "osm_type": "node", "place": "village", "landuse": "None", "residential": "None", "name": "None" }, "geometry": { "type": "Point", "coordinates": [ 116.587348937988281, 39.7376708984375 ] } },
{ "type": "Feature", "properties": { "city": "beijing", "candidate_source": "place_village_hamlet_locality", "id": "7641974048", "osm_type": "node", "place": "locality", "landuse": "None", "residential": "None", "name": "None" }, "geometry": { "type": "Point", "coordinates": [ 116.554428100585938, 39.740245819091797 ] } },
{ "type": "Feature", "properties": { "city": "beijing", "candidate_source": "place_village_hamlet_locality", "id": "7641974065", "osm_type": "node", "place": "village", "landuse": "None", "residential": "None", "name": "None" }, "geometry": { "type": "Point", "coordinates": [ 116.566047668457031, 39.744415283203125 ] } },
{ "type": "Feature", "properties": { "city": "beijing", "candidate_source": "place_village_hamlet_locality", "id": "8755486946", "osm_type": "node", "place": "village", "landuse": "None", "residential": "None", "name": "None" }, "geometry": { "type": "Point", "coordinates": [ 116.597549438476562, 39.679649353027344 ] } },
{ "type": "Feature", "properties": { "city": "beijing", "candidate_source": "place_village_hamlet_locality", "id": "8755486951", "osm_type": "node", "place": "village", "landuse": "None", "residential": "None", "name": "None" }, "geometry": { "type": "Point", "coordinates": [ 116.628372192382812, 39.680202484130859 ] } },
{ "type": "Feature", "properties": { "city": "beijing", "candidate_source": "place_village_hamlet_locality", "id": "8755486947", "osm_type": "node", "place": "village", "landuse": "None", "residential": "None", "name": "None" }, "geometry": { "type": "Point", "coordinates": [ 116.624504089355469, 39.683250427246094 ] } },
{ "type": "Feature", "properties": { "city": "beijing", "candidate_source": "place_village_hamlet_locality", "id": "3375911087", "osm_type": "node", "place": "village", "landuse": "None", "residential": "None", "name": "None" }, "geometry": { "type": "Point", "coordinates": [ 116.627952575683594, 39.702167510986328 ] } },
{ "type": "Feature", "properties": { "city": "beijing", "candidate_source": "place_village_hamlet_locality", "id": "8755486924", "osm_type": "node", "place": "village", "landuse": "None", "residential": "None", "name": "None" }, "geometry": { "type": "Point", "coordinates": [ 116.605560302734375, 39.706745147705078 ] } },
{ "type": "Feature", "properties": { "city": "beijing", "candidate_source": "place_village_hamlet_locality", "id": "8755486922", "osm_type": "node", "place": "village", "landuse": "None", "residential": "None", "name": "None" }, "geometry": { "type": "Point", "coordinates": [ 116.615348815917969, 39.713714599609375 ] } },
{ "type": "Feature", "properties": { "city": "beijing", "candidate_source": "place_village_hamlet_locality", "id": "7641983174", "osm_type": "node", "place": "village", "landuse": "None", "residential": "None", "name": "None" }, "geometry": { "type": "Point", "coordinates": [ 116.605110168457031, 39.739967346191406 ] } },
{ "type": "Feature", "properties": { "city": "beijing", "candidate_source": "place_village_hamlet_locality", "id": "7641983175", "osm_type": "node", "place": "village", "landuse": "None", "residential": "None", "name": "None" }, "geometry": { "type": "Point", "coordinates": [ 116.629234313964844, 39.743110656738281 ] } },
{ "type": "Feature", "properties": { "city": "beijing", "candidate_source": "place_village_hamlet_locality", "id": "5336532768", "osm_type": "node", "place": "village", "landuse": "None", "residential": "None", "name": "None" }, "geometry": { "type": "Point", "coordinates": [ 116.610366821289062, 39.753456115722656 ] } },
{ "type": "Feature", "properties": { "city": "beijing", "candidate_source": "place_village_hamlet_locality", "id": "7641983173", "osm_type": "node", "place": "village", "landuse": "None", "residential": "None", "name": "None" }, "geometry": { "type": "Point", "coordinates": [ 116.618583679199219, 39.758613586425781 ] } },
{ "type": "Feature", "properties": { "city": "beijing", "candidate_source": "place_village_hamlet_locality", "id": "7648328031", "osm_type": "node", "place": "village", "landuse": "None", "residential": "None", "name": "None" }, "geometry": { "type": "Point", "coordinates": [ 116.687225341796875, 39.729637145996094 ] } },
{ "type": "Feature", "properties": { "city": "beijing", "candidate_source": "place_village_hamlet_locality", "id": "7648328030", "osm_type": "node", "place": "village", "landuse": "None", "residential": "None", "name": "None" }, "geometry": { "type": "Point", "coordinates": [ 116.70880126953125, 39.740665435791016 ] } },
{ "type": "Feature", "properties": { "city": "beijing", "candidate_source": "place_village_hamlet_locality", "id": "7632827686", "osm_type": "node", "place": "village", "landuse": "None", "residential": "None", "name": "None" }, "geometry": { "type": "Point", "coordinates": [ 116.699317932128906, 39.746685028076172 ] } },
{ "type": "Feature", "properties": { "city": "beijing", "candidate_source": "place_village_hamlet_locality", "id": "7632827663", "osm_type": "node", "place": "village", "landuse": "None", "residential": "None", "name": "None" }, "geometry": { "type": "Point", "coordinates": [ 116.690673828125, 39.753662109375 ] } },
{ "type": "Feature", "properties": { "city": "beijing", "candidate_source": "place_village_hamlet_locality", "id": "7632827685", "osm_type": "node", "place": "village", "landuse": "None", "residential": "None", "name": "None" }, "geometry": { "type": "Point", "coordinates": [ 116.719985961914062, 39.756416320800781 ] } },
{ "type": "Feature", "properties": { "city": "beijing", "candidate_source": "place_village_hamlet_locality", "id": "7632827662", "osm_type": "node", "place": "village", "landuse": "None", "residential": "None", "name": "None" }, "geometry": { "type": "Point", "coordinates": [ 116.688735961914062, 39.761005401611328 ] } },
{ "type": "Feature", "properties": { "city": "beijing", "candidate_source": "place_village_hamlet_locality", "id": "7632827684", "osm_type": "node", "place": "village", "landuse": "None", "residential": "None", "name": "None" }, "geometry": { "type": "Point", "coordinates": [ 116.708450317382812, 39.761028289794922 ] } },
{ "type": "Feature", "properties": { "city": "beijing", "candidate_source": "place_village_hamlet_locality", "id": "7632827683", "osm_type": "node", "place": "village", "landuse": "None", "residential": "None", "name": "None" }, "geometry": { "type": "Point", "coordinates": [ 116.711029052734375, 39.763187408447266 ] } },
{ "type": "Feature", "properties": { "city": "beijing", "candidate_source": "place_village_hamlet_locality", "id": "7632827664", "osm_type": "node", "place": "village", "landuse": "None", "residential": "None", "name": "None" }, "geometry": { "type": "Point", "coordinates": [ 116.682609558105469, 39.765670776367188 ] } },
{ "type": "Feature", "properties": { "city": "beijing", "candidate_source": "place_village_hamlet_locality", "id": "7632827680", "osm_type": "node", "place": "village", "landuse": "None", "residential": "None", "name": "None" }, "geometry": { "type": "Point", "coordinates": [ 116.693031311035156, 39.768001556396484 ] } },
{ "type": "Feature", "properties": { "city": "beijing", "candidate_source": "place_village_hamlet_locality", "id": "7641983178", "osm_type": "node", "place": "village", "landuse": "None", "residential": "None", "name": "None" }, "geometry": { "type": "Point", "coordinates": [ 116.668746948242188, 39.732440948486328 ] } },
{ "type": "Feature", "properties": { "city": "beijing", "candidate_source": "place_village_hamlet_locality", "id": "7641983177", "osm_type": "node", "place": "village", "landuse": "None", "residential": "None", "name": "None" }, "geometry": { "type": "Point", "coordinates": [ 116.66253662109375, 39.742347717285156 ] } },
{ "type": "Feature", "properties": { "city": "beijing", "candidate_source": "place_village_hamlet_locality", "id": "7641974081", "osm_type": "node", "place": "village", "landuse": "None", "residential": "None", "name": "None" }, "geometry": { "type": "Point", "coordinates": [ 116.64434814453125, 39.744724273681641 ] } },
{ "type": "Feature", "properties": { "city": "beijing", "candidate_source": "place_village_hamlet_locality", "id": "7641983176", "osm_type": "node", "place": "village", "landuse": "None", "residential": "None", "name": "None" }, "geometry": { "type": "Point", "coordinates": [ 116.656723022460938, 39.754936218261719 ] } },
{ "type": "Feature", "properties": { "city": "beijing", "candidate_source": "place_village_hamlet_locality", "id": "7632827675", "osm_type": "node", "place": "village", "landuse": "None", "residential": "None", "name": "None" }, "geometry": { "type": "Point", "coordinates": [ 116.664779663085938, 39.771842956542969 ] } },
{ "type": "Feature", "properties": { "city": "beijing", "candidate_source": "place_village_hamlet_locality", "id": "7632827674", "osm_type": "node", "place": "village", "landuse": "None", "residential": "None", "name": "None" }, "geometry": { "type": "Point", "coordinates": [ 116.647903442382812, 39.7750244140625 ] } },
{ "type": "Feature", "properties": { "city": "beijing", "candidate_source": "place_village_hamlet_locality", "id": "727282872", "osm_type": "node", "place": "village", "landuse": "None", "residential": "None", "name": "None" }, "geometry": { "type": "Point", "coordinates": [ 116.645370483398438, 39.789470672607422 ] } },
{ "type": "Feature", "properties": { "city": "beijing", "candidate_source": "place_village_hamlet_locality", "id": "727285437", "osm_type": "node", "place": "village", "landuse": "None", "residential": "None", "name": "None" }, "geometry": { "type": "Point", "coordinates": [ 116.637863159179688, 39.792655944824219 ] } },
{ "type": "Feature", "properties": { "city": "beijing", "candidate_source": "place_village_hamlet_locality", "id": "727286414", "osm_type": "node", "place": "village", "landuse": "None", "residential": "None", "name": "None" }, "geometry": { "type": "Point", "coordinates": [ 116.652008056640625, 39.797374725341797 ] } },
{ "type": "Feature", "properties": { "city": "beijing", "candidate_source": "place_village_hamlet_locality", "id": "727287236", "osm_type": "node", "place": "village", "landuse": "None", "residential": "None", "name": "None" }, "geometry": { "type": "Point", "coordinates": [ 116.648513793945312, 39.800491333007812 ] } },
{ "type": "Feature", "properties": { "city": "beijing", "candidate_source": "place_village_hamlet_locality", "id": "7641983172", "osm_type": "node", "place": "village", "landuse": "None", "residential": "None", "name": "None" }, "geometry": { "type": "Point", "coordinates": [ 116.628700256347656, 39.758918762207031 ] } },
{ "type": "Feature", "properties": { "city": "beijing", "candidate_source": "place_village_hamlet_locality", "id": "7641974082", "osm_type": "node", "place": "village", "landuse": "None", "residential": "None", "name": "None" }, "geometry": { "type": "Point", "coordinates": [ 116.605934143066406, 39.760185241699219 ] } },
{ "type": "Feature", "properties": { "city": "beijing", "candidate_source": "place_village_hamlet_locality", "id": "727282353", "osm_type": "node", "place": "village", "landuse": "None", "residential": "None", "name": "None" }, "geometry": { "type": "Point", "coordinates": [ 116.63018798828125, 39.767074584960938 ] } },
{ "type": "Feature", "properties": { "city": "beijing", "candidate_source": "place_village_hamlet_locality", "id": "727282049", "osm_type": "node", "place": "village", "landuse": "None", "residential": "None", "name": "None" }, "geometry": { "type": "Point", "coordinates": [ 116.626144409179688, 39.77001953125 ] } },
{ "type": "Feature", "properties": { "city": "beijing", "candidate_source": "place_village_hamlet_locality", "id": "727281661", "osm_type": "node", "place": "locality", "landuse": "None", "residential": "None", "name": "None" }, "geometry": { "type": "Point", "coordinates": [ 116.611312866210938, 39.778053283691406 ] } },
{ "type": "Feature", "properties": { "city": "beijing", "candidate_source": "place_village_hamlet_locality", "id": "727282024", "osm_type": "node", "place": "locality", "landuse": "None", "residential": "None", "name": "None" }, "geometry": { "type": "Point", "coordinates": [ 116.62579345703125, 39.779747009277344 ] } },
{ "type": "Feature", "properties": { "city": "beijing", "candidate_source": "place_village_hamlet_locality", "id": "727282731", "osm_type": "node", "place": "locality", "landuse": "None", "residential": "None", "name": "None" }, "geometry": { "type": "Point", "coordinates": [ 116.633041381835938, 39.789493560791016 ] } },
{ "type": "Feature", "properties": { "city": "beijing", "candidate_source": "place_village_hamlet_locality", "id": "727277502", "osm_type": "node", "place": "locality", "landuse": "None", "residential": "None", "name": "None" }, "geometry": { "type": "Point", "coordinates": [ 116.60687255859375, 39.798908233642578 ] } },
{ "type": "Feature", "properties": { "city": "beijing", "candidate_source": "place_village_hamlet_locality", "id": "727286110", "osm_type": "node", "place": "locality", "landuse": "None", "residential": "None", "name": "None" }, "geometry": { "type": "Point", "coordinates": [ 116.625686645507812, 39.800727844238281 ] } },
{ "type": "Feature", "properties": { "city": "beijing", "candidate_source": "place_village_hamlet_locality", "id": "7644995942", "osm_type": "node", "place": "locality", "landuse": "None", "residential": "None", "name": "None" }, "geometry": { "type": "Point", "coordinates": [ 116.618064880371094, 39.809055328369141 ] } },
{ "type": "Feature", "properties": { "city": "beijing", "candidate_source": "place_village_hamlet_locality", "id": "7632827676", "osm_type": "node", "place": "village", "landuse": "None", "residential": "None", "name": "None" }, "geometry": { "type": "Point", "coordinates": [ 116.714889526367188, 39.770870208740234 ] } },
{ "type": "Feature", "properties": { "city": "beijing", "candidate_source": "place_village_hamlet_locality", "id": "7632827677", "osm_type": "node", "place": "village", "landuse": "None", "residential": "None", "name": "None" }, "geometry": { "type": "Point", "coordinates": [ 116.719474792480469, 39.775718688964844 ] } },
{ "type": "Feature", "properties": { "city": "beijing", "candidate_source": "place_village_hamlet_locality", "id": "7632827671", "osm_type": "node", "place": "village", "landuse": "None", "residential": "None", "name": "None" }, "geometry": { "type": "Point", "coordinates": [ 116.711647033691406, 39.777431488037109 ] } },
{ "type": "Feature", "properties": { "city": "beijing", "candidate_source": "place_village_hamlet_locality", "id": "7632827670", "osm_type": "node", "place": "village", "landuse": "None", "residential": "None", "name": "None" }, "geometry": { "type": "Point", "coordinates": [ 116.700485229492188, 39.777919769287109 ] } },
{ "type": "Feature", "properties": { "city": "beijing", "candidate_source": "place_village_hamlet_locality", "id": "7632827673", "osm_type": "node", "place": "village", "landuse": "None", "residential": "None", "name": "None" }, "geometry": { "type": "Point", "coordinates": [ 116.686286926269531, 39.778694152832031 ] } },
{ "type": "Feature", "properties": { "city": "beijing", "candidate_source": "place_village_hamlet_locality", "id": "7632827672", "osm_type": "node", "place": "village", "landuse": "None", "residential": "None", "name": "None" }, "geometry": { "type": "Point", "coordinates": [ 116.680915832519531, 39.781745910644531 ] } },
{ "type": "Feature", "properties": { "city": "beijing", "candidate_source": "place_village_hamlet_locality", "id": "727299269", "osm_type": "node", "place": "village", "landuse": "None", "residential": "None", "name": "None" }, "geometry": { "type": "Point", "coordinates": [ 116.687217712402344, 39.792987823486328 ] } },
{ "type": "Feature", "properties": { "city": "beijing", "candidate_source": "place_village_hamlet_locality", "id": "727299350", "osm_type": "node", "place": "village", "landuse": "None", "residential": "None", "name": "None" }, "geometry": { "type": "Point", "coordinates": [ 116.676216125488281, 39.79345703125 ] } },
{ "type": "Feature", "properties": { "city": "beijing", "candidate_source": "place_village_hamlet_locality", "id": "727300189", "osm_type": "node", "place": "village", "landuse": "None", "residential": "None", "name": "None" }, "geometry": { "type": "Point", "coordinates": [ 116.715370178222656, 39.793487548828125 ] } },
{ "type": "Feature", "properties": { "city": "beijing", "candidate_source": "place_village_hamlet_locality", "id": "7631768415", "osm_type": "node", "place": "village", "landuse": "None", "residential": "None", "name": "None" }, "geometry": { "type": "Point", "coordinates": [ 116.692909240722656, 39.8070068359375 ] } },
{ "type": "Feature", "properties": { "city": "beijing", "candidate_source": "place_village_hamlet_locality", "id": "727278311", "osm_type": "node", "place": "locality", "landuse": "None", "residential": "None", "name": "None" }, "geometry": { "type": "Point", "coordinates": [ 116.595428466796875, 39.777008056640625 ] } },
{ "type": "Feature", "properties": { "city": "beijing", "candidate_source": "place_village_hamlet_locality", "id": "7644995945", "osm_type": "node", "place": "locality", "landuse": "None", "residential": "None", "name": "None" }, "geometry": { "type": "Point", "coordinates": [ 116.597297668457031, 39.791370391845703 ] } },
{ "type": "Feature", "properties": { "city": "beijing", "candidate_source": "place_village_hamlet_locality", "id": "7644995946", "osm_type": "node", "place": "locality", "landuse": "None", "residential": "None", "name": "None" }, "geometry": { "type": "Point", "coordinates": [ 116.589653015136719, 39.791683197021484 ] } },
{ "type": "Feature", "properties": { "city": "beijing", "candidate_source": "place_village_hamlet_locality", "id": "7644995944", "osm_type": "node", "place": "village", "landuse": "None", "residential": "None", "name": "None" }, "geometry": { "type": "Point", "coordinates": [ 116.551521301269531, 39.803329467773438 ] } },
{ "type": "Feature", "properties": { "city": "beijing", "candidate_source": "place_village_hamlet_locality", "id": "7644995941", "osm_type": "node", "place": "locality", "landuse": "None", "residential": "None", "name": "None" }, "geometry": { "type": "Point", "coordinates": [ 116.578910827636719, 39.804431915283203 ] } },
{ "type": "Feature", "properties": { "city": "beijing", "candidate_source": "place_village_hamlet_locality", "id": "7644995940", "osm_type": "node", "place": "locality", "landuse": "None", "residential": "None", "name": "None" }, "geometry": { "type": "Point", "coordinates": [ 116.581581115722656, 39.805221557617188 ] } },
{ "type": "Feature", "properties": { "city": "beijing", "candidate_source": "place_village_hamlet_locality", "id": "5851112467", "osm_type": "node", "place": "village", "landuse": "None", "residential": "None", "name": "None" }, "geometry": { "type": "Point", "coordinates": [ 116.585296630859375, 39.834545135498047 ] } },
{ "type": "Feature", "properties": { "city": "beijing", "candidate_source": "place_village_hamlet_locality", "id": "5851112468", "osm_type": "node", "place": "village", "landuse": "None", "residential": "None", "name": "None" }, "geometry": { "type": "Point", "coordinates": [ 116.580223083496094, 39.836349487304688 ] } },
{ "type": "Feature", "properties": { "city": "beijing", "candidate_source": "place_village_hamlet_locality", "id": "701830491", "osm_type": "node", "place": "village", "landuse": "None", "residential": "None", "name": "None" }, "geometry": { "type": "Point", "coordinates": [ 116.58917236328125, 39.83782958984375 ] } },
{ "type": "Feature", "properties": { "city": "beijing", "candidate_source": "place_village_hamlet_locality", "id": "701831557", "osm_type": "node", "place": "locality", "landuse": "None", "residential": "None", "name": "None" }, "geometry": { "type": "Point", "coordinates": [ 116.554084777832031, 39.838603973388672 ] } },
{ "type": "Feature", "properties": { "city": "beijing", "candidate_source": "place_village_hamlet_locality", "id": "727287261", "osm_type": "node", "place": "village", "landuse": "None", "residential": "None", "name": "None" }, "geometry": { "type": "Point", "coordinates": [ 116.640762329101562, 39.8048095703125 ] } },
{ "type": "Feature", "properties": { "city": "beijing", "candidate_source": "place_village_hamlet_locality", "id": "727286646", "osm_type": "node", "place": "village", "landuse": "None", "residential": "None", "name": "None" }, "geometry": { "type": "Point", "coordinates": [ 116.670852661132812, 39.807418823242188 ] } },
{ "type": "Feature", "properties": { "city": "beijing", "candidate_source": "place_village_hamlet_locality", "id": "727287038", "osm_type": "node", "place": "village", "landuse": "None", "residential": "None", "name": "None" }, "geometry": { "type": "Point", "coordinates": [ 116.653984069824219, 39.807838439941406 ] } },
{ "type": "Feature", "properties": { "city": "beijing", "candidate_source": "place_village_hamlet_locality", "id": "727286905", "osm_type": "node", "place": "village", "landuse": "None", "residential": "None", "name": "None" }, "geometry": { "type": "Point", "coordinates": [ 116.654350280761719, 39.813125610351562 ] } },
{ "type": "Feature", "properties": { "city": "beijing", "candidate_source": "place_village_hamlet_locality", "id": "7632827665", "osm_type": "node", "place": "village", "landuse": "None", "residential": "None", "name": "None" }, "geometry": { "type": "Point", "coordinates": [ 116.673896789550781, 39.815792083740234 ] } },
{ "type": "Feature", "properties": { "city": "beijing", "candidate_source": "place_village_hamlet_locality", "id": "727286818", "osm_type": "node", "place": "hamlet", "landuse": "None", "residential": "None", "name": "None" }, "geometry": { "type": "Point", "coordinates": [ 116.672958374023438, 39.816112518310547 ] } },
{ "type": "Feature", "properties": { "city": "beijing", "candidate_source": "place_village_hamlet_locality", "id": "727287783", "osm_type": "node", "place": "village", "landuse": "None", "residential": "None", "name": "None" }, "geometry": { "type": "Point", "coordinates": [ 116.661140441894531, 39.821773529052734 ] } },
{ "type": "Feature", "properties": { "city": "beijing", "candidate_source": "place_village_hamlet_locality", "id": "7644995929", "osm_type": "node", "place": "village", "landuse": "None", "residential": "None", "name": "None" }, "geometry": { "type": "Point", "coordinates": [ 116.665245056152344, 39.830390930175781 ] } },
{ "type": "Feature", "properties": { "city": "beijing", "candidate_source": "place_village_hamlet_locality", "id": "7644995928", "osm_type": "node", "place": "village", "landuse": "None", "residential": "None", "name": "None" }, "geometry": { "type": "Point", "coordinates": [ 116.670768737792969, 39.830730438232422 ] } },
{ "type": "Feature", "properties": { "city": "beijing", "candidate_source": "place_village_hamlet_locality", "id": "7644995918", "osm_type": "node", "place": "locality", "landuse": "None", "residential": "None", "name": "None" }, "geometry": { "type": "Point", "coordinates": [ 116.644752502441406, 39.831085205078125 ] } },
{ "type": "Feature", "properties": { "city": "beijing", "candidate_source": "place_village_hamlet_locality", "id": "727287988", "osm_type": "node", "place": "village", "landuse": "None", "residential": "None", "name": "None" }, "geometry": { "type": "Point", "coordinates": [ 116.683975219726562, 39.820858001708984 ] } },
{ "type": "Feature", "properties": { "city": "beijing", "candidate_source": "place_village_hamlet_locality", "id": "727301027", "osm_type": "node", "place": "village", "landuse": "None", "residential": "None", "name": "None" }, "geometry": { "type": "Point", "coordinates": [ 116.720977783203125, 39.822841644287109 ] } },
{ "type": "Feature", "properties": { "city": "beijing", "candidate_source": "place_village_hamlet_locality", "id": "727288505", "osm_type": "node", "place": "village", "landuse": "None", "residential": "None", "name": "None" }, "geometry": { "type": "Point", "coordinates": [ 116.691482543945312, 39.826190948486328 ] } },
{ "type": "Feature", "properties": { "city": "beijing", "candidate_source": "place_village_hamlet_locality", "id": "727287980", "osm_type": "node", "place": "village", "landuse": "None", "residential": "None", "name": "None" }, "geometry": { "type": "Point", "coordinates": [ 116.681838989257812, 39.826198577880859 ] } },
{ "type": "Feature", "properties": { "city": "beijing", "candidate_source": "place_village_hamlet_locality", "id": "7644995930", "osm_type": "node", "place": "village", "landuse": "None", "residential": "None", "name": "None" }, "geometry": { "type": "Point", "coordinates": [ 116.679008483886719, 39.831600189208984 ] } },
{ "type": "Feature", "properties": { "city": "beijing", "candidate_source": "place_village_hamlet_locality", "id": "7632827594", "osm_type": "node", "place": "village", "landuse": "None", "residential": "None", "name": "None" }, "geometry": { "type": "Point", "coordinates": [ 116.701515197753906, 39.832832336425781 ] } },
{ "type": "Feature", "properties": { "city": "beijing", "candidate_source": "place_village_hamlet_locality", "id": "727301254", "osm_type": "node", "place": "village", "landuse": "None", "residential": "None", "name": "None" }, "geometry": { "type": "Point", "coordinates": [ 116.720504760742188, 39.83306884765625 ] } },
{ "type": "Feature", "properties": { "city": "beijing", "candidate_source": "place_village_hamlet_locality", "id": "727288640", "osm_type": "node", "place": "village", "landuse": "None", "residential": "None", "name": "None" }, "geometry": { "type": "Point", "coordinates": [ 116.7056884765625, 39.836471557617188 ] } },
{ "type": "Feature", "properties": { "city": "beijing", "candidate_source": "place_village_hamlet_locality", "id": "7632827593", "osm_type": "node", "place": "village", "landuse": "None", "residential": "None", "name": "None" }, "geometry": { "type": "Point", "coordinates": [ 116.698295593261719, 39.839626312255859 ] } },
{ "type": "Feature", "properties": { "city": "beijing", "candidate_source": "place_village_hamlet_locality", "id": "7632827590", "osm_type": "node", "place": "village", "landuse": "None", "residential": "None", "name": "None" }, "geometry": { "type": "Point", "coordinates": [ 116.695220947265625, 39.842647552490234 ] } },
{ "type": "Feature", "properties": { "city": "beijing", "candidate_source": "place_village_hamlet_locality", "id": "7644995927", "osm_type": "node", "place": "village", "landuse": "None", "residential": "None", "name": "None" }, "geometry": { "type": "Point", "coordinates": [ 116.631614685058594, 39.815700531005859 ] } },
{ "type": "Feature", "properties": { "city": "beijing", "candidate_source": "place_village_hamlet_locality", "id": "727286371", "osm_type": "node", "place": "locality", "landuse": "None", "residential": "None", "name": "None" }, "geometry": { "type": "Point", "coordinates": [ 116.604713439941406, 39.815811157226562 ] } },
{ "type": "Feature", "properties": { "city": "beijing", "candidate_source": "place_village_hamlet_locality", "id": "7644995924", "osm_type": "node", "place": "village", "landuse": "None", "residential": "None", "name": "None" }, "geometry": { "type": "Point", "coordinates": [ 116.61248779296875, 39.822731018066406 ] } },
{ "type": "Feature", "properties": { "city": "beijing", "candidate_source": "place_village_hamlet_locality", "id": "7644995925", "osm_type": "node", "place": "village", "landuse": "None", "residential": "None", "name": "None" }, "geometry": { "type": "Point", "coordinates": [ 116.6207275390625, 39.824192047119141 ] } },
{ "type": "Feature", "properties": { "city": "beijing", "candidate_source": "place_village_hamlet_locality", "id": "701831275", "osm_type": "node", "place": "village", "landuse": "None", "residential": "None", "name": "None" }, "geometry": { "type": "Point", "coordinates": [ 116.608634948730469, 39.833267211914062 ] } },
{ "type": "Feature", "properties": { "city": "beijing", "candidate_source": "place_village_hamlet_locality", "id": "7644995923", "osm_type": "node", "place": "village", "landuse": "None", "residential": "None", "name": "None" }, "geometry": { "type": "Point", "coordinates": [ 116.603622436523438, 39.84112548828125 ] } },
{ "type": "Feature", "properties": { "city": "beijing", "candidate_source": "place_village_hamlet_locality", "id": "7644995922", "osm_type": "node", "place": "village", "landuse": "None", "residential": "None", "name": "None" }, "geometry": { "type": "Point", "coordinates": [ 116.629714965820312, 39.844631195068359 ] } },
{ "type": "Feature", "properties": { "city": "beijing", "candidate_source": "place_village_hamlet_locality", "id": "701829963", "osm_type": "node", "place": "village", "landuse": "None", "residential": "None", "name": "None" }, "geometry": { "type": "Point", "coordinates": [ 116.612472534179688, 39.846755981445312 ] } },
{ "type": "Feature", "properties": { "city": "beijing", "candidate_source": "place_village_hamlet_locality", "id": "7644995920", "osm_type": "node", "place": "village", "landuse": "None", "residential": "None", "name": "None" }, "geometry": { "type": "Point", "coordinates": [ 116.629737854003906, 39.847251892089844 ] } },
{ "type": "Feature", "properties": { "city": "beijing", "candidate_source": "place_village_hamlet_locality", "id": "5851112473", "osm_type": "node", "place": "village", "landuse": "None", "residential": "None", "name": "None" }, "geometry": { "type": "Point", "coordinates": [ 116.60955810546875, 39.853725433349609 ] } },
{ "type": "Feature", "properties": { "city": "beijing", "candidate_source": "place_village_hamlet_locality", "id": "7644995926", "osm_type": "node", "place": "village", "landuse": "None", "residential": "None", "name": "None" }, "geometry": { "type": "Point", "coordinates": [ 116.653724670410156, 39.831748962402344 ] } },
{ "type": "Feature", "properties": { "city": "beijing", "candidate_source": "place_village_hamlet_locality", "id": "12335017353", "osm_type": "node", "place": "village", "landuse": "None", "residential": "None", "name": "None" }, "geometry": { "type": "Point", "coordinates": [ 116.642509460449219, 39.839359283447266 ] } },
{ "type": "Feature", "properties": { "city": "beijing", "candidate_source": "place_village_hamlet_locality", "id": "7632827587", "osm_type": "node", "place": "locality", "landuse": "None", "residential": "None", "name": "None" }, "geometry": { "type": "Point", "coordinates": [ 116.673736572265625, 39.847640991210938 ] } },
{ "type": "Feature", "properties": { "city": "beijing", "candidate_source": "place_village_hamlet_locality", "id": "7644995921", "osm_type": "node", "place": "locality", "landuse": "None", "residential": "None", "name": "None" }, "geometry": { "type": "Point", "coordinates": [ 116.653244018554688, 39.848930358886719 ] } },
{ "type": "Feature", "properties": { "city": "beijing", "candidate_source": "place_village_hamlet_locality", "id": "8930622833", "osm_type": "node", "place": "locality", "landuse": "None", "residential": "None", "name": "None" }, "geometry": { "type": "Point", "coordinates": [ 116.650825500488281, 39.854469299316406 ] } },
{ "type": "Feature", "properties": { "city": "beijing", "candidate_source": "place_village_hamlet_locality", "id": "7631768421", "osm_type": "node", "place": "locality", "landuse": "None", "residential": "None", "name": "None" }, "geometry": { "type": "Point", "coordinates": [ 116.672676086425781, 39.863269805908203 ] } },
{ "type": "Feature", "properties": { "city": "beijing", "candidate_source": "place_village_hamlet_locality", "id": "7631768414", "osm_type": "node", "place": "locality", "landuse": "None", "residential": "None", "name": "None" }, "geometry": { "type": "Point", "coordinates": [ 116.656394958496094, 39.863822937011719 ] } },
{ "type": "Feature", "properties": { "city": "beijing", "candidate_source": "place_village_hamlet_locality", "id": "6488094641", "osm_type": "node", "place": "locality", "landuse": "None", "residential": "None", "name": "None" }, "geometry": { "type": "Point", "coordinates": [ 116.667594909667969, 39.864200592041016 ] } },
{ "type": "Feature", "properties": { "city": "beijing", "candidate_source": "place_village_hamlet_locality", "id": "7631768426", "osm_type": "node", "place": "locality", "landuse": "None", "residential": "None", "name": "None" }, "geometry": { "type": "Point", "coordinates": [ 116.64459228515625, 39.865108489990234 ] } },
{ "type": "Feature", "properties": { "city": "beijing", "candidate_source": "place_village_hamlet_locality", "id": "6488094640", "osm_type": "node", "place": "locality", "landuse": "None", "residential": "None", "name": "None" }, "geometry": { "type": "Point", "coordinates": [ 116.658622741699219, 39.865272521972656 ] } },
{ "type": "Feature", "properties": { "city": "beijing", "candidate_source": "place_village_hamlet_locality", "id": "727288866", "osm_type": "node", "place": "village", "landuse": "None", "residential": "None", "name": "None" }, "geometry": { "type": "Point", "coordinates": [ 116.6893310546875, 39.843074798583984 ] } },
{ "type": "Feature", "properties": { "city": "beijing", "candidate_source": "place_village_hamlet_locality", "id": "7632827591", "osm_type": "node", "place": "village", "landuse": "None", "residential": "None", "name": "None" }, "geometry": { "type": "Point", "coordinates": [ 116.692237854003906, 39.844520568847656 ] } },
{ "type": "Feature", "properties": { "city": "beijing", "candidate_source": "place_village_hamlet_locality", "id": "727288694", "osm_type": "node", "place": "village", "landuse": "None", "residential": "None", "name": "None" }, "geometry": { "type": "Point", "coordinates": [ 116.704338073730469, 39.846504211425781 ] } },
{ "type": "Feature", "properties": { "city": "beijing", "candidate_source": "place_village_hamlet_locality", "id": "7632827589", "osm_type": "node", "place": "village", "landuse": "None", "residential": "None", "name": "None" }, "geometry": { "type": "Point", "coordinates": [ 116.691543579101562, 39.847332000732422 ] } },
{ "type": "Feature", "properties": { "city": "beijing", "candidate_source": "place_village_hamlet_locality", "id": "7632794975", "osm_type": "node", "place": "village", "landuse": "None", "residential": "None", "name": "None" }, "geometry": { "type": "Point", "coordinates": [ 116.709671020507812, 39.850109100341797 ] } },
{ "type": "Feature", "properties": { "city": "beijing", "candidate_source": "place_village_hamlet_locality", "id": "7632827586", "osm_type": "node", "place": "village", "landuse": "None", "residential": "None", "name": "None" }, "geometry": { "type": "Point", "coordinates": [ 116.692451477050781, 39.852794647216797 ] } },
{ "type": "Feature", "properties": { "city": "beijing", "candidate_source": "place_village_hamlet_locality", "id": "7632794974", "osm_type": "node", "place": "village", "landuse": "None", "residential": "None", "name": "None" }, "geometry": { "type": "Point", "coordinates": [ 116.705909729003906, 39.856826782226562 ] } },
{ "type": "Feature", "properties": { "city": "beijing", "candidate_source": "place_village_hamlet_locality", "id": "7632794963", "osm_type": "node", "place": "locality", "landuse": "None", "residential": "None", "name": "None" }, "geometry": { "type": "Point", "coordinates": [ 116.707710266113281, 39.860610961914062 ] } },
{ "type": "Feature", "properties": { "city": "beijing", "candidate_source": "place_village_hamlet_locality", "id": "7631768420", "osm_type": "node", "place": "locality", "landuse": "None", "residential": "None", "name": "None" }, "geometry": { "type": "Point", "coordinates": [ 116.682899475097656, 39.862884521484375 ] } },
{ "type": "Feature", "properties": { "city": "beijing", "candidate_source": "place_village_hamlet_locality", "id": "7632794973", "osm_type": "node", "place": "locality", "landuse": "None", "residential": "None", "name": "None" }, "geometry": { "type": "Point", "coordinates": [ 116.691558837890625, 39.863788604736328 ] } },
{ "type": "Feature", "properties": { "city": "beijing", "candidate_source": "place_village_hamlet_locality", "id": "5851112469", "osm_type": "node", "place": "village", "landuse": "None", "residential": "None", "name": "None" }, "geometry": { "type": "Point", "coordinates": [ 116.585296630859375, 39.843276977539062 ] } },
{ "type": "Feature", "properties": { "city": "beijing", "candidate_source": "place_village_hamlet_locality", "id": "5851112470", "osm_type": "node", "place": "village", "landuse": "None", "residential": "None", "name": "None" }, "geometry": { "type": "Point", "coordinates": [ 116.573928833007812, 39.846073150634766 ] } },
{ "type": "Feature", "properties": { "city": "beijing", "candidate_source": "place_village_hamlet_locality", "id": "55892615", "osm_type": "way", "place": "village", "landuse": "None", "residential": "None", "name": "None" }, "geometry": { "type": "Polygon", "coordinates": [ [ [ 116.565689086914062, 39.848663330078125 ], [ 116.565681457519531, 39.848724365234375 ], [ 116.565666198730469, 39.848899841308594 ], [ 116.565650939941406, 39.848991394042969 ], [ 116.566932678222656, 39.849441528320312 ], [ 116.567001342773438, 39.849464416503906 ], [ 116.567626953125, 39.849586486816406 ], [ 116.568977355957031, 39.849834442138672 ], [ 116.568656921386719, 39.851352691650391 ], [ 116.567253112792969, 39.851291656494141 ], [ 116.566673278808594, 39.851615905761719 ], [ 116.565940856933594, 39.851722717285156 ], [ 116.565902709960938, 39.85235595703125 ], [ 116.565818786621094, 39.853275299072266 ], [ 116.568572998046875, 39.85345458984375 ], [ 116.568672180175781, 39.855644226074219 ], [ 116.570335388183594, 39.855785369873047 ], [ 116.570999145507812, 39.855621337890625 ], [ 116.571365356445312, 39.852867126464844 ], [ 116.571456909179688, 39.850364685058594 ], [ 116.569717407226562, 39.849903106689453 ], [ 116.56976318359375, 39.849342346191406 ], [ 116.569778442382812, 39.849128723144531 ], [ 116.569908142089844, 39.848354339599609 ], [ 116.570655822753906, 39.848518371582031 ], [ 116.571578979492188, 39.847381591796875 ], [ 116.568534851074219, 39.845932006835938 ], [ 116.568130493164062, 39.846458435058594 ], [ 116.567481994628906, 39.846225738525391 ], [ 116.567352294921875, 39.846218109130859 ], [ 116.566276550292969, 39.846042633056641 ], [ 116.565879821777344, 39.846004486083984 ], [ 116.565689086914062, 39.848663330078125 ] ] ] } },
{ "type": "Feature", "properties": { "city": "beijing", "candidate_source": "place_village_hamlet_locality", "id": "701826311", "osm_type": "node", "place": "village", "landuse": "None", "residential": "None", "name": "None" }, "geometry": { "type": "Point", "coordinates": [ 116.5947265625, 39.851219177246094 ] } },
{ "type": "Feature", "properties": { "city": "beijing", "candidate_source": "place_village_hamlet_locality", "id": "701825584", "osm_type": "node", "place": "village", "landuse": "None", "residential": "None", "name": "None" }, "geometry": { "type": "Point", "coordinates": [ 116.570556640625, 39.853206634521484 ] } },
{ "type": "Feature", "properties": { "city": "beijing", "candidate_source": "place_village_hamlet_locality", "id": "5851112496", "osm_type": "node", "place": "locality", "landuse": "None", "residential": "None", "name": "None" }, "geometry": { "type": "Point", "coordinates": [ 116.561485290527344, 39.855171203613281 ] } },
{ "type": "Feature", "properties": { "city": "beijing", "candidate_source": "place_village_hamlet_locality", "id": "5851112471", "osm_type": "node", "place": "village", "landuse": "None", "residential": "None", "name": "None" }, "geometry": { "type": "Point", "coordinates": [ 116.583358764648438, 39.862934112548828 ] } },
{ "type": "Feature", "properties": { "city": "beijing", "candidate_source": "place_village_hamlet_locality", "id": "5851112472", "osm_type": "node", "place": "village", "landuse": "None", "residential": "None", "name": "None" }, "geometry": { "type": "Point", "coordinates": [ 116.594337463378906, 39.864273071289062 ] } },
{ "type": "Feature", "properties": { "city": "beijing", "candidate_source": "place_village_hamlet_locality", "id": "5851112497", "osm_type": "node", "place": "locality", "landuse": "None", "residential": "None", "name": "None" }, "geometry": { "type": "Point", "coordinates": [ 116.571746826171875, 39.870685577392578 ] } },
{ "type": "Feature", "properties": { "city": "beijing", "candidate_source": "place_village_hamlet_locality", "id": "5851112498", "osm_type": "node", "place": "village", "landuse": "None", "residential": "None", "name": "None" }, "geometry": { "type": "Point", "coordinates": [ 116.566612243652344, 39.872734069824219 ] } },
{ "type": "Feature", "properties": { "city": "beijing", "candidate_source": "place_village_hamlet_locality", "id": "7644995919", "osm_type": "node", "place": "locality", "landuse": "None", "residential": "None", "name": "None" }, "geometry": { "type": "Point", "coordinates": [ 116.625946044921875, 39.855808258056641 ] } },
{ "type": "Feature", "properties": { "city": "beijing", "candidate_source": "place_village_hamlet_locality", "id": "55893250", "osm_type": "way", "place": "village", "landuse": "None", "residential": "None", "name": "None" }, "geometry": { "type": "Polygon", "coordinates": [ [ [ 116.606651306152344, 39.854263305664062 ], [ 116.606201171875, 39.856163024902344 ], [ 116.606201171875, 39.856174468994141 ], [ 116.607048034667969, 39.856319427490234 ], [ 116.606803894042969, 39.856956481933594 ], [ 116.606452941894531, 39.856891632080078 ], [ 116.606292724609375, 39.857254028320312 ], [ 116.607322692871094, 39.857879638671875 ], [ 116.608116149902344, 39.858192443847656 ], [ 116.608612060546875, 39.857334136962891 ], [ 116.609405517578125, 39.855953216552734 ], [ 116.609573364257812, 39.855434417724609 ], [ 116.610191345214844, 39.854179382324219 ], [ 116.609786987304688, 39.854091644287109 ], [ 116.60931396484375, 39.853984832763672 ], [ 116.606849670410156, 39.853431701660156 ], [ 116.606651306152344, 39.854263305664062 ] ] ] } },
{ "type": "Feature", "properties": { "city": "beijing", "candidate_source": "place_village_hamlet_locality", "id": "5851112475", "osm_type": "node", "place": "village", "landuse": "None", "residential": "None", "name": "None" }, "geometry": { "type": "Point", "coordinates": [ 116.607429504394531, 39.863903045654297 ] } },
{ "type": "Feature", "properties": { "city": "beijing", "candidate_source": "place_village_hamlet_locality", "id": "727264093", "osm_type": "node", "place": "village", "landuse": "None", "residential": "None", "name": "None" }, "geometry": { "type": "Point", "coordinates": [ 116.609580993652344, 39.869045257568359 ] } },
{ "type": "Feature", "properties": { "city": "beijing", "candidate_source": "place_village_hamlet_locality", "id": "5851112474", "osm_type": "node", "place": "village", "landuse": "None", "residential": "None", "name": "None" }, "geometry": { "type": "Point", "coordinates": [ 116.606224060058594, 39.869960784912109 ] } },
{ "type": "Feature", "properties": { "city": "beijing", "candidate_source": "place_village_hamlet_locality", "id": "7631768423", "osm_type": "node", "place": "locality", "landuse": "None", "residential": "None", "name": "None" }, "geometry": { "type": "Point", "coordinates": [ 116.63165283203125, 39.873825073242188 ] } },
{ "type": "Feature", "properties": { "city": "beijing", "candidate_source": "place_village_hamlet_locality", "id": "5851112478", "osm_type": "node", "place": "village", "landuse": "None", "residential": "None", "name": "None" }, "geometry": { "type": "Point", "coordinates": [ 116.614761352539062, 39.874954223632812 ] } },
{ "type": "Feature", "properties": { "city": "beijing", "candidate_source": "place_village_hamlet_locality", "id": "5851112476", "osm_type": "node", "place": "village", "landuse": "None", "residential": "None", "name": "None" }, "geometry": { "type": "Point", "coordinates": [ 116.600105285644531, 39.876209259033203 ] } },
{ "type": "Feature", "properties": { "city": "beijing", "candidate_source": "place_village_hamlet_locality", "id": "58683645", "osm_type": "way", "place": "village", "landuse": "None", "residential": "None", "name": "None" }, "geometry": { "type": "Polygon", "coordinates": [ [ [ 116.6197509765625, 39.880802154541016 ], [ 116.619880676269531, 39.88031005859375 ], [ 116.618812561035156, 39.880077362060547 ], [ 116.619026184082031, 39.878662109375 ], [ 116.619110107421875, 39.876785278320312 ], [ 116.618850708007812, 39.875568389892578 ], [ 116.618614196777344, 39.875057220458984 ], [ 116.617340087890625, 39.872283935546875 ], [ 116.617164611816406, 39.871894836425781 ], [ 116.615760803222656, 39.872173309326172 ], [ 116.616020202636719, 39.873329162597656 ], [ 116.614044189453125, 39.873558044433594 ], [ 116.614578247070312, 39.876033782958984 ], [ 116.614654541015625, 39.876396179199219 ], [ 116.614212036132812, 39.876491546630859 ], [ 116.612625122070312, 39.876819610595703 ], [ 116.609970092773438, 39.877643585205078 ], [ 116.60980224609375, 39.879878997802734 ], [ 116.609794616699219, 39.879981994628906 ], [ 116.6197509765625, 39.880802154541016 ] ] ] } },
{ "type": "Feature", "properties": { "city": "beijing", "candidate_source": "place_village_hamlet_locality", "id": "7631768428", "osm_type": "node", "place": "locality", "landuse": "None", "residential": "None", "name": "None" }, "geometry": { "type": "Point", "coordinates": [ 116.631591796875, 39.876609802246094 ] } },
{ "type": "Feature", "properties": { "city": "beijing", "candidate_source": "place_village_hamlet_locality", "id": "7644902001", "osm_type": "node", "place": "village", "landuse": "None", "residential": "None", "name": "None" }, "geometry": { "type": "Point", "coordinates": [ 116.918159484863281, 39.783870697021484 ] } },
{ "type": "Feature", "properties": { "city": "beijing", "candidate_source": "place_village_hamlet_locality", "id": "7644902007", "osm_type": "node", "place": "village", "landuse": "None", "residential": "None", "name": "None" }, "geometry": { "type": "Point", "coordinates": [ 116.896415710449219, 39.768466949462891 ] } },
{ "type": "Feature", "properties": { "city": "beijing", "candidate_source": "place_village_hamlet_locality", "id": "7644902005", "osm_type": "node", "place": "village", "landuse": "None", "residential": "None", "name": "None" }, "geometry": { "type": "Point", "coordinates": [ 116.866973876953125, 39.771091461181641 ] } },
{ "type": "Feature", "properties": { "city": "beijing", "candidate_source": "place_village_hamlet_locality", "id": "7644902006", "osm_type": "node", "place": "village", "landuse": "None", "residential": "None", "name": "None" }, "geometry": { "type": "Point", "coordinates": [ 116.886520385742188, 39.771526336669922 ] } },
{ "type": "Feature", "properties": { "city": "beijing", "candidate_source": "place_village_hamlet_locality", "id": "7644902008", "osm_type": "node", "place": "village", "landuse": "None", "residential": "None", "name": "None" }, "geometry": { "type": "Point", "coordinates": [ 116.901634216308594, 39.773666381835938 ] } },
{ "type": "Feature", "properties": { "city": "beijing", "candidate_source": "place_village_hamlet_locality", "id": "7644902004", "osm_type": "node", "place": "village", "landuse": "None", "residential": "None", "name": "None" }, "geometry": { "type": "Point", "coordinates": [ 116.876060485839844, 39.777374267578125 ] } },
{ "type": "Feature", "properties": { "city": "beijing", "candidate_source": "place_village_hamlet_locality", "id": "7644901998", "osm_type": "node", "place": "village", "landuse": "None", "residential": "None", "name": "None" }, "geometry": { "type": "Point", "coordinates": [ 116.879661560058594, 39.777908325195312 ] } },
{ "type": "Feature", "properties": { "city": "beijing", "candidate_source": "place_village_hamlet_locality", "id": "7644901999", "osm_type": "node", "place": "village", "landuse": "None", "residential": "None", "name": "None" }, "geometry": { "type": "Point", "coordinates": [ 116.896682739257812, 39.779476165771484 ] } },
{ "type": "Feature", "properties": { "city": "beijing", "candidate_source": "place_village_hamlet_locality", "id": "7644901997", "osm_type": "node", "place": "village", "landuse": "None", "residential": "None", "name": "None" }, "geometry": { "type": "Point", "coordinates": [ 116.868072509765625, 39.782546997070312 ] } },
{ "type": "Feature", "properties": { "city": "beijing", "candidate_source": "place_village_hamlet_locality", "id": "7644902000", "osm_type": "node", "place": "village", "landuse": "None", "residential": "None", "name": "None" }, "geometry": { "type": "Point", "coordinates": [ 116.893463134765625, 39.789562225341797 ] } },
{ "type": "Feature", "properties": { "city": "beijing", "candidate_source": "place_village_hamlet_locality", "id": "7644901991", "osm_type": "node", "place": "village", "landuse": "None", "residential": "None", "name": "None" }, "geometry": { "type": "Point", "coordinates": [ 116.890876770019531, 39.791980743408203 ] } },
{ "type": "Feature", "properties": { "city": "beijing", "candidate_source": "place_village_hamlet_locality", "id": "7644902003", "osm_type": "node", "place": "village", "landuse": "None", "residential": "None", "name": "None" }, "geometry": { "type": "Point", "coordinates": [ 116.931076049804688, 39.786128997802734 ] } },
{ "type": "Feature", "properties": { "city": "beijing", "candidate_source": "place_village_hamlet_locality", "id": "7644902002", "osm_type": "node", "place": "village", "landuse": "None", "residential": "None", "name": "None" }, "geometry": { "type": "Point", "coordinates": [ 116.913421630859375, 39.793651580810547 ] } },
{ "type": "Feature", "properties": { "city": "beijing", "candidate_source": "place_village_hamlet_locality", "id": "7644901995", "osm_type": "node", "place": "village", "landuse": "None", "residential": "None", "name": "None" }, "geometry": { "type": "Point", "coordinates": [ 116.918266296386719, 39.802738189697266 ] } },
{ "type": "Feature", "properties": { "city": "beijing", "candidate_source": "place_village_hamlet_locality", "id": "7644901996", "osm_type": "node", "place": "village", "landuse": "None", "residential": "None", "name": "None" }, "geometry": { "type": "Point", "coordinates": [ 116.913932800292969, 39.805416107177734 ] } },
{ "type": "Feature", "properties": { "city": "beijing", "candidate_source": "place_village_hamlet_locality", "id": "7644895478", "osm_type": "node", "place": "village", "landuse": "None", "residential": "None", "name": "None" }, "geometry": { "type": "Point", "coordinates": [ 116.9176025390625, 39.817279815673828 ] } },
{ "type": "Feature", "properties": { "city": "beijing", "candidate_source": "place_village_hamlet_locality", "id": "7644901990", "osm_type": "node", "place": "village", "landuse": "None", "residential": "None", "name": "None" }, "geometry": { "type": "Point", "coordinates": [ 116.87347412109375, 39.792911529541016 ] } },
{ "type": "Feature", "properties": { "city": "beijing", "candidate_source": "place_village_hamlet_locality", "id": "7644901992", "osm_type": "node", "place": "village", "landuse": "None", "residential": "None", "name": "None" }, "geometry": { "type": "Point", "coordinates": [ 116.889823913574219, 39.795818328857422 ] } },
{ "type": "Feature", "properties": { "city": "beijing", "candidate_source": "place_village_hamlet_locality", "id": "7644901993", "osm_type": "node", "place": "village", "landuse": "None", "residential": "None", "name": "None" }, "geometry": { "type": "Point", "coordinates": [ 116.900581359863281, 39.801235198974609 ] } },
{ "type": "Feature", "properties": { "city": "beijing", "candidate_source": "place_village_hamlet_locality", "id": "7644901987", "osm_type": "node", "place": "village", "landuse": "None", "residential": "None", "name": "None" }, "geometry": { "type": "Point", "coordinates": [ 116.886123657226562, 39.8052978515625 ] } },
{ "type": "Feature", "properties": { "city": "beijing", "candidate_source": "place_village_hamlet_locality", "id": "7644901986", "osm_type": "node", "place": "village", "landuse": "None", "residential": "None", "name": "None" }, "geometry": { "type": "Point", "coordinates": [ 116.882644653320312, 39.806911468505859 ] } },
{ "type": "Feature", "properties": { "city": "beijing", "candidate_source": "place_village_hamlet_locality", "id": "7644901994", "osm_type": "node", "place": "village", "landuse": "None", "residential": "None", "name": "None" }, "geometry": { "type": "Point", "coordinates": [ 116.902923583984375, 39.807712554931641 ] } },
{ "type": "Feature", "properties": { "city": "beijing", "candidate_source": "place_village_hamlet_locality", "id": "7644901988", "osm_type": "node", "place": "village", "landuse": "None", "residential": "None", "name": "None" }, "geometry": { "type": "Point", "coordinates": [ 116.887397766113281, 39.809120178222656 ] } },
{ "type": "Feature", "properties": { "city": "beijing", "candidate_source": "place_village_hamlet_locality", "id": "7644901989", "osm_type": "node", "place": "village", "landuse": "None", "residential": "None", "name": "None" }, "geometry": { "type": "Point", "coordinates": [ 116.891365051269531, 39.809505462646484 ] } },
{ "type": "Feature", "properties": { "city": "beijing", "candidate_source": "place_village_hamlet_locality", "id": "7644895473", "osm_type": "node", "place": "village", "landuse": "None", "residential": "None", "name": "None" }, "geometry": { "type": "Point", "coordinates": [ 116.868614196777344, 39.815570831298828 ] } },
{ "type": "Feature", "properties": { "city": "beijing", "candidate_source": "place_village_hamlet_locality", "id": "7644895466", "osm_type": "node", "place": "village", "landuse": "None", "residential": "None", "name": "None" }, "geometry": { "type": "Point", "coordinates": [ 116.876502990722656, 39.816856384277344 ] } },
{ "type": "Feature", "properties": { "city": "beijing", "candidate_source": "place_village_hamlet_locality", "id": "7644902021", "osm_type": "node", "place": "village", "landuse": "None", "residential": "None", "name": "None" }, "geometry": { "type": "Point", "coordinates": [ 116.840385437011719, 39.796634674072266 ] } },
{ "type": "Feature", "properties": { "city": "beijing", "candidate_source": "place_village_hamlet_locality", "id": "7644902009", "osm_type": "node", "place": "village", "landuse": "None", "residential": "None", "name": "None" }, "geometry": { "type": "Point", "coordinates": [ 116.826980590820312, 39.798225402832031 ] } },
{ "type": "Feature", "properties": { "city": "beijing", "candidate_source": "place_village_hamlet_locality", "id": "7644902020", "osm_type": "node", "place": "village", "landuse": "None", "residential": "None", "name": "None" }, "geometry": { "type": "Point", "coordinates": [ 116.840782165527344, 39.798252105712891 ] } },
{ "type": "Feature", "properties": { "city": "beijing", "candidate_source": "place_village_hamlet_locality", "id": "7644902019", "osm_type": "node", "place": "village", "landuse": "None", "residential": "None", "name": "None" }, "geometry": { "type": "Point", "coordinates": [ 116.827255249023438, 39.804782867431641 ] } },
{ "type": "Feature", "properties": { "city": "beijing", "candidate_source": "place_village_hamlet_locality", "id": "7644902014", "osm_type": "node", "place": "village", "landuse": "None", "residential": "None", "name": "None" }, "geometry": { "type": "Point", "coordinates": [ 116.850028991699219, 39.810653686523438 ] } },
{ "type": "Feature", "properties": { "city": "beijing", "candidate_source": "place_village_hamlet_locality", "id": "7644902015", "osm_type": "node", "place": "village", "landuse": "None", "residential": "None", "name": "None" }, "geometry": { "type": "Point", "coordinates": [ 116.839683532714844, 39.812862396240234 ] } },
{ "type": "Feature", "properties": { "city": "beijing", "candidate_source": "place_village_hamlet_locality", "id": "7644895472", "osm_type": "node", "place": "village", "landuse": "None", "residential": "None", "name": "None" }, "geometry": { "type": "Point", "coordinates": [ 116.863311767578125, 39.813831329345703 ] } },
{ "type": "Feature", "properties": { "city": "beijing", "candidate_source": "place_village_hamlet_locality", "id": "7644902013", "osm_type": "node", "place": "village", "landuse": "None", "residential": "None", "name": "None" }, "geometry": { "type": "Point", "coordinates": [ 116.819984436035156, 39.81390380859375 ] } },
{ "type": "Feature", "properties": { "city": "beijing", "candidate_source": "place_village_hamlet_locality", "id": "7644895468", "osm_type": "node", "place": "village", "landuse": "None", "residential": "None", "name": "None" }, "geometry": { "type": "Point", "coordinates": [ 116.860221862792969, 39.824241638183594 ] } },
{ "type": "Feature", "properties": { "city": "beijing", "candidate_source": "place_village_hamlet_locality", "id": "7644902011", "osm_type": "node", "place": "village", "landuse": "None", "residential": "None", "name": "None" }, "geometry": { "type": "Point", "coordinates": [ 116.8302001953125, 39.824920654296875 ] } },
{ "type": "Feature", "properties": { "city": "beijing", "candidate_source": "place_village_hamlet_locality", "id": "7644895475", "osm_type": "node", "place": "village", "landuse": "None", "residential": "None", "name": "None" }, "geometry": { "type": "Point", "coordinates": [ 116.90325927734375, 39.817741394042969 ] } },
{ "type": "Feature", "properties": { "city": "beijing", "candidate_source": "place_village_hamlet_locality", "id": "7644895470", "osm_type": "node", "place": "village", "landuse": "None", "residential": "None", "name": "None" }, "geometry": { "type": "Point", "coordinates": [ 116.872856140136719, 39.818317413330078 ] } },
{ "type": "Feature", "properties": { "city": "beijing", "candidate_source": "place_village_hamlet_locality", "id": "7644895477", "osm_type": "node", "place": "village", "landuse": "None", "residential": "None", "name": "None" }, "geometry": { "type": "Point", "coordinates": [ 116.904693603515625, 39.818992614746094 ] } },
{ "type": "Feature", "properties": { "city": "beijing", "candidate_source": "place_village_hamlet_locality", "id": "7644895474", "osm_type": "node", "place": "village", "landuse": "None", "residential": "None", "name": "None" }, "geometry": { "type": "Point", "coordinates": [ 116.892829895019531, 39.819175720214844 ] } },
{ "type": "Feature", "properties": { "city": "beijing", "candidate_source": "place_village_hamlet_locality", "id": "7644895476", "osm_type": "node", "place": "village", "landuse": "None", "residential": "None", "name": "None" }, "geometry": { "type": "Point", "coordinates": [ 116.900764465332031, 39.820377349853516 ] } },
{ "type": "Feature", "properties": { "city": "beijing", "candidate_source": "place_village_hamlet_locality", "id": "7644895467", "osm_type": "node", "place": "village", "landuse": "None", "residential": "None", "name": "None" }, "geometry": { "type": "Point", "coordinates": [ 116.883049011230469, 39.832782745361328 ] } },
{ "type": "Feature", "properties": { "city": "beijing", "candidate_source": "place_village_hamlet_locality", "id": "7644895469", "osm_type": "node", "place": "village", "landuse": "None", "residential": "None", "name": "None" }, "geometry": { "type": "Point", "coordinates": [ 116.905387878417969, 39.839061737060547 ] } },
{ "type": "Feature", "properties": { "city": "beijing", "candidate_source": "place_village_hamlet_locality", "id": "7644895471", "osm_type": "node", "place": "village", "landuse": "None", "residential": "None", "name": "None" }, "geometry": { "type": "Point", "coordinates": [ 116.918159484863281, 39.826877593994141 ] } },
{ "type": "Feature", "properties": { "city": "beijing", "candidate_source": "place_village_hamlet_locality", "id": "7632929748", "osm_type": "node", "place": "village", "landuse": "None", "residential": "None", "name": "None" }, "geometry": { "type": "Point", "coordinates": [ 116.806625366210938, 39.761810302734375 ] } },
{ "type": "Feature", "properties": { "city": "beijing", "candidate_source": "place_village_hamlet_locality", "id": "7632929740", "osm_type": "node", "place": "village", "landuse": "None", "residential": "None", "name": "None" }, "geometry": { "type": "Point", "coordinates": [ 116.79473876953125, 39.766712188720703 ] } },
{ "type": "Feature", "properties": { "city": "beijing", "candidate_source": "place_village_hamlet_locality", "id": "7632929739", "osm_type": "node", "place": "village", "landuse": "None", "residential": "None", "name": "None" }, "geometry": { "type": "Point", "coordinates": [ 116.797607421875, 39.770881652832031 ] } },
{ "type": "Feature", "properties": { "city": "beijing", "candidate_source": "place_village_hamlet_locality", "id": "7632929738", "osm_type": "node", "place": "village", "landuse": "None", "residential": "None", "name": "None" }, "geometry": { "type": "Point", "coordinates": [ 116.789360046386719, 39.774265289306641 ] } },
{ "type": "Feature", "properties": { "city": "beijing", "candidate_source": "place_village_hamlet_locality", "id": "7632929726", "osm_type": "node", "place": "village", "landuse": "None", "residential": "None", "name": "None" }, "geometry": { "type": "Point", "coordinates": [ 116.776435852050781, 39.775180816650391 ] } },
{ "type": "Feature", "properties": { "city": "beijing", "candidate_source": "place_village_hamlet_locality", "id": "7632929737", "osm_type": "node", "place": "village", "landuse": "None", "residential": "None", "name": "None" }, "geometry": { "type": "Point", "coordinates": [ 116.784080505371094, 39.784404754638672 ] } },
{ "type": "Feature", "properties": { "city": "beijing", "candidate_source": "place_village_hamlet_locality", "id": "7632929733", "osm_type": "node", "place": "village", "landuse": "None", "residential": "None", "name": "None" }, "geometry": { "type": "Point", "coordinates": [ 116.7703857421875, 39.793598175048828 ] } },
{ "type": "Feature", "properties": { "city": "beijing", "candidate_source": "place_village_hamlet_locality", "id": "7632929732", "osm_type": "node", "place": "village", "landuse": "None", "residential": "None", "name": "None" }, "geometry": { "type": "Point", "coordinates": [ 116.767936706542969, 39.797355651855469 ] } },
{ "type": "Feature", "properties": { "city": "beijing", "candidate_source": "place_village_hamlet_locality", "id": "7632929736", "osm_type": "node", "place": "village", "landuse": "None", "residential": "None", "name": "None" }, "geometry": { "type": "Point", "coordinates": [ 116.777328491210938, 39.800590515136719 ] } },
{ "type": "Feature", "properties": { "city": "beijing", "candidate_source": "place_village_hamlet_locality", "id": "7644902016", "osm_type": "node", "place": "village", "landuse": "None", "residential": "None", "name": "None" }, "geometry": { "type": "Point", "coordinates": [ 116.8148193359375, 39.806411743164062 ] } },
{ "type": "Feature", "properties": { "city": "beijing", "candidate_source": "place_village_hamlet_locality", "id": "7632929729", "osm_type": "node", "place": "village", "landuse": "None", "residential": "None", "name": "None" }, "geometry": { "type": "Point", "coordinates": [ 116.746162414550781, 39.798023223876953 ] } },
{ "type": "Feature", "properties": { "city": "beijing", "candidate_source": "place_village_hamlet_locality", "id": "7632929731", "osm_type": "node", "place": "village", "landuse": "None", "residential": "None", "name": "None" }, "geometry": { "type": "Point", "coordinates": [ 116.762443542480469, 39.800884246826172 ] } },
{ "type": "Feature", "properties": { "city": "beijing", "candidate_source": "place_village_hamlet_locality", "id": "7632929730", "osm_type": "node", "place": "village", "landuse": "None", "residential": "None", "name": "None" }, "geometry": { "type": "Point", "coordinates": [ 116.757469177246094, 39.804420471191406 ] } },
{ "type": "Feature", "properties": { "city": "beijing", "candidate_source": "place_village_hamlet_locality", "id": "7632827599", "osm_type": "node", "place": "village", "landuse": "None", "residential": "None", "name": "None" }, "geometry": { "type": "Point", "coordinates": [ 116.726806640625, 39.811042785644531 ] } },
{ "type": "Feature", "properties": { "city": "beijing", "candidate_source": "place_village_hamlet_locality", "id": "1233182496", "osm_type": "way", "place": "hamlet", "landuse": "None", "residential": "None", "name": "None" }, "geometry": { "type": "Polygon", "coordinates": [ [ [ 116.727188110351562, 39.814704895019531 ], [ 116.73004150390625, 39.815742492675781 ], [ 116.73162841796875, 39.812992095947266 ], [ 116.732658386230469, 39.812835693359375 ], [ 116.732612609863281, 39.809165954589844 ], [ 116.731224060058594, 39.809078216552734 ], [ 116.72906494140625, 39.808578491210938 ], [ 116.727043151855469, 39.807670593261719 ], [ 116.726028442382812, 39.809165954589844 ], [ 116.725120544433594, 39.808944702148438 ], [ 116.72283935546875, 39.813125610351562 ], [ 116.727188110351562, 39.814704895019531 ] ] ] } },
{ "type": "Feature", "properties": { "city": "beijing", "candidate_source": "place_village_hamlet_locality", "id": "7632827600", "osm_type": "node", "place": "village", "landuse": "None", "residential": "None", "name": "None" }, "geometry": { "type": "Point", "coordinates": [ 116.766334533691406, 39.821182250976562 ] } },
{ "type": "Feature", "properties": { "city": "beijing", "candidate_source": "place_village_hamlet_locality", "id": "727301660", "osm_type": "node", "place": "hamlet", "landuse": "None", "residential": "None", "name": "None" }, "geometry": { "type": "Point", "coordinates": [ 116.740478515625, 39.821296691894531 ] } },
{ "type": "Feature", "properties": { "city": "beijing", "candidate_source": "place_village_hamlet_locality", "id": "7632827592", "osm_type": "node", "place": "village", "landuse": "None", "residential": "None", "name": "None" }, "geometry": { "type": "Point", "coordinates": [ 116.744544982910156, 39.829402923583984 ] } },
{ "type": "Feature", "properties": { "city": "beijing", "candidate_source": "place_village_hamlet_locality", "id": "727290000", "osm_type": "node", "place": "village", "landuse": "None", "residential": "None", "name": "None" }, "geometry": { "type": "Point", "coordinates": [ 116.756401062011719, 39.830249786376953 ] } },
{ "type": "Feature", "properties": { "city": "beijing", "candidate_source": "place_village_hamlet_locality", "id": "727289639", "osm_type": "node", "place": "village", "landuse": "None", "residential": "None", "name": "None" }, "geometry": { "type": "Point", "coordinates": [ 116.745521545410156, 39.838706970214844 ] } },
{ "type": "Feature", "properties": { "city": "beijing", "candidate_source": "place_village_hamlet_locality", "id": "7644902018", "osm_type": "node", "place": "village", "landuse": "None", "residential": "None", "name": "None" }, "geometry": { "type": "Point", "coordinates": [ 116.786102294921875, 39.808380126953125 ] } },
{ "type": "Feature", "properties": { "city": "beijing", "candidate_source": "place_village_hamlet_locality", "id": "7644902017", "osm_type": "node", "place": "village", "landuse": "None", "residential": "None", "name": "None" }, "geometry": { "type": "Point", "coordinates": [ 116.794334411621094, 39.813137054443359 ] } },
{ "type": "Feature", "properties": { "city": "beijing", "candidate_source": "place_village_hamlet_locality", "id": "727297491", "osm_type": "node", "place": "village", "landuse": "None", "residential": "None", "name": "None" }, "geometry": { "type": "Point", "coordinates": [ 116.791702270507812, 39.818202972412109 ] } },
{ "type": "Feature", "properties": { "city": "beijing", "candidate_source": "place_village_hamlet_locality", "id": "7644902012", "osm_type": "node", "place": "village", "landuse": "None", "residential": "None", "name": "None" }, "geometry": { "type": "Point", "coordinates": [ 116.810798645019531, 39.820331573486328 ] } },
{ "type": "Feature", "properties": { "city": "beijing", "candidate_source": "place_village_hamlet_locality", "id": "7648201850", "osm_type": "node", "place": "village", "landuse": "None", "residential": "None", "name": "None" }, "geometry": { "type": "Point", "coordinates": [ 116.790138244628906, 39.838298797607422 ] } },
{ "type": "Feature", "properties": { "city": "beijing", "candidate_source": "place_village_hamlet_locality", "id": "7648201849", "osm_type": "node", "place": "village", "landuse": "None", "residential": "None", "name": "None" }, "geometry": { "type": "Point", "coordinates": [ 116.783653259277344, 39.839023590087891 ] } },
{ "type": "Feature", "properties": { "city": "beijing", "candidate_source": "place_village_hamlet_locality", "id": "727290170", "osm_type": "node", "place": "village", "landuse": "None", "residential": "None", "name": "None" }, "geometry": { "type": "Point", "coordinates": [ 116.776641845703125, 39.841537475585938 ] } },
{ "type": "Feature", "properties": { "city": "beijing", "candidate_source": "place_village_hamlet_locality", "id": "7648201826", "osm_type": "node", "place": "village", "landuse": "None", "residential": "None", "name": "None" }, "geometry": { "type": "Point", "coordinates": [ 116.798187255859375, 39.842109680175781 ] } },
{ "type": "Feature", "properties": { "city": "beijing", "candidate_source": "place_village_hamlet_locality", "id": "7648201851", "osm_type": "node", "place": "village", "landuse": "None", "residential": "None", "name": "None" }, "geometry": { "type": "Point", "coordinates": [ 116.812660217285156, 39.842433929443359 ] } },
{ "type": "Feature", "properties": { "city": "beijing", "candidate_source": "place_village_hamlet_locality", "id": "7648201827", "osm_type": "node", "place": "village", "landuse": "None", "residential": "None", "name": "None" }, "geometry": { "type": "Point", "coordinates": [ 116.787338256835938, 39.846240997314453 ] } },
{ "type": "Feature", "properties": { "city": "beijing", "candidate_source": "place_village_hamlet_locality", "id": "7648201853", "osm_type": "node", "place": "village", "landuse": "None", "residential": "None", "name": "None" }, "geometry": { "type": "Point", "coordinates": [ 116.825592041015625, 39.830715179443359 ] } },
{ "type": "Feature", "properties": { "city": "beijing", "candidate_source": "place_village_hamlet_locality", "id": "7648201859", "osm_type": "node", "place": "village", "landuse": "None", "residential": "None", "name": "None" }, "geometry": { "type": "Point", "coordinates": [ 116.842033386230469, 39.831405639648438 ] } },
{ "type": "Feature", "properties": { "city": "beijing", "candidate_source": "place_village_hamlet_locality", "id": "7648201852", "osm_type": "node", "place": "village", "landuse": "None", "residential": "None", "name": "None" }, "geometry": { "type": "Point", "coordinates": [ 116.814903259277344, 39.835948944091797 ] } },
{ "type": "Feature", "properties": { "city": "beijing", "candidate_source": "place_village_hamlet_locality", "id": "7648201858", "osm_type": "node", "place": "village", "landuse": "None", "residential": "None", "name": "None" }, "geometry": { "type": "Point", "coordinates": [ 116.838760375976562, 39.836418151855469 ] } },
{ "type": "Feature", "properties": { "city": "beijing", "candidate_source": "place_village_hamlet_locality", "id": "7648201821", "osm_type": "node", "place": "village", "landuse": "None", "residential": "None", "name": "None" }, "geometry": { "type": "Point", "coordinates": [ 116.832725524902344, 39.852958679199219 ] } },
{ "type": "Feature", "properties": { "city": "beijing", "candidate_source": "place_village_hamlet_locality", "id": "7648201820", "osm_type": "node", "place": "village", "landuse": "None", "residential": "None", "name": "None" }, "geometry": { "type": "Point", "coordinates": [ 116.830078125, 39.858936309814453 ] } },
{ "type": "Feature", "properties": { "city": "beijing", "candidate_source": "place_village_hamlet_locality", "id": "7648201818", "osm_type": "node", "place": "village", "landuse": "None", "residential": "None", "name": "None" }, "geometry": { "type": "Point", "coordinates": [ 116.820602416992188, 39.859077453613281 ] } },
{ "type": "Feature", "properties": { "city": "beijing", "candidate_source": "place_village_hamlet_locality", "id": "7648201817", "osm_type": "node", "place": "village", "landuse": "None", "residential": "None", "name": "None" }, "geometry": { "type": "Point", "coordinates": [ 116.826560974121094, 39.860649108886719 ] } },
{ "type": "Feature", "properties": { "city": "beijing", "candidate_source": "place_village_hamlet_locality", "id": "7648201819", "osm_type": "node", "place": "village", "landuse": "None", "residential": "None", "name": "None" }, "geometry": { "type": "Point", "coordinates": [ 116.824851989746094, 39.861183166503906 ] } },
{ "type": "Feature", "properties": { "city": "beijing", "candidate_source": "place_village_hamlet_locality", "id": "727289753", "osm_type": "node", "place": "village", "landuse": "None", "residential": "None", "name": "None" }, "geometry": { "type": "Point", "coordinates": [ 116.755455017089844, 39.839946746826172 ] } },
{ "type": "Feature", "properties": { "city": "beijing", "candidate_source": "place_village_hamlet_locality", "id": "727289590", "osm_type": "node", "place": "village", "landuse": "None", "residential": "None", "name": "None" }, "geometry": { "type": "Point", "coordinates": [ 116.740936279296875, 39.842319488525391 ] } },
{ "type": "Feature", "properties": { "city": "beijing", "candidate_source": "place_village_hamlet_locality", "id": "7632827588", "osm_type": "node", "place": "village", "landuse": "None", "residential": "None", "name": "None" }, "geometry": { "type": "Point", "coordinates": [ 116.732406616210938, 39.844425201416016 ] } },
{ "type": "Feature", "properties": { "city": "beijing", "candidate_source": "place_village_hamlet_locality", "id": "727291373", "osm_type": "node", "place": "village", "landuse": "None", "residential": "None", "name": "None" }, "geometry": { "type": "Point", "coordinates": [ 116.738876342773438, 39.855308532714844 ] } },
{ "type": "Feature", "properties": { "city": "beijing", "candidate_source": "place_village_hamlet_locality", "id": "727302677", "osm_type": "node", "place": "village", "landuse": "None", "residential": "None", "name": "None" }, "geometry": { "type": "Point", "coordinates": [ 116.759735107421875, 39.861591339111328 ] } },
{ "type": "Feature", "properties": { "city": "beijing", "candidate_source": "place_village_hamlet_locality", "id": "7632794971", "osm_type": "node", "place": "locality", "landuse": "None", "residential": "None", "name": "None" }, "geometry": { "type": "Point", "coordinates": [ 116.725593566894531, 39.862533569335938 ] } },
{ "type": "Feature", "properties": { "city": "beijing", "candidate_source": "place_village_hamlet_locality", "id": "7648201806", "osm_type": "node", "place": "village", "landuse": "None", "residential": "None", "name": "None" }, "geometry": { "type": "Point", "coordinates": [ 116.762855529785156, 39.873012542724609 ] } },
{ "type": "Feature", "properties": { "city": "beijing", "candidate_source": "place_village_hamlet_locality", "id": "7648201805", "osm_type": "node", "place": "village", "landuse": "None", "residential": "None", "name": "None" }, "geometry": { "type": "Point", "coordinates": [ 116.756744384765625, 39.880130767822266 ] } },
{ "type": "Feature", "properties": { "city": "beijing", "candidate_source": "place_village_hamlet_locality", "id": "7648201804", "osm_type": "node", "place": "locality", "landuse": "None", "residential": "None", "name": "None" }, "geometry": { "type": "Point", "coordinates": [ 116.744720458984375, 39.884117126464844 ] } },
{ "type": "Feature", "properties": { "city": "beijing", "candidate_source": "place_village_hamlet_locality", "id": "7648201803", "osm_type": "node", "place": "village", "landuse": "None", "residential": "None", "name": "None" }, "geometry": { "type": "Point", "coordinates": [ 116.754676818847656, 39.887130737304688 ] } },
{ "type": "Feature", "properties": { "city": "beijing", "candidate_source": "place_village_hamlet_locality", "id": "7648201832", "osm_type": "node", "place": "village", "landuse": "None", "residential": "None", "name": "None" }, "geometry": { "type": "Point", "coordinates": [ 116.782646179199219, 39.849891662597656 ] } },
{ "type": "Feature", "properties": { "city": "beijing", "candidate_source": "place_village_hamlet_locality", "id": "7648201815", "osm_type": "node", "place": "village", "landuse": "None", "residential": "None", "name": "None" }, "geometry": { "type": "Point", "coordinates": [ 116.774627685546875, 39.8546142578125 ] } },
{ "type": "Feature", "properties": { "city": "beijing", "candidate_source": "place_village_hamlet_locality", "id": "7648201807", "osm_type": "node", "place": "village", "landuse": "None", "residential": "None", "name": "None" }, "geometry": { "type": "Point", "coordinates": [ 116.807586669921875, 39.855255126953125 ] } },
{ "type": "Feature", "properties": { "city": "beijing", "candidate_source": "place_village_hamlet_locality", "id": "7648201816", "osm_type": "node", "place": "village", "landuse": "None", "residential": "None", "name": "None" }, "geometry": { "type": "Point", "coordinates": [ 116.795463562011719, 39.855907440185547 ] } },
{ "type": "Feature", "properties": { "city": "beijing", "candidate_source": "place_village_hamlet_locality", "id": "7648201814", "osm_type": "node", "place": "village", "landuse": "None", "residential": "None", "name": "None" }, "geometry": { "type": "Point", "coordinates": [ 116.795677185058594, 39.861331939697266 ] } },
{ "type": "Feature", "properties": { "city": "beijing", "candidate_source": "place_village_hamlet_locality", "id": "7648201813", "osm_type": "node", "place": "village", "landuse": "None", "residential": "None", "name": "None" }, "geometry": { "type": "Point", "coordinates": [ 116.795814514160156, 39.865116119384766 ] } },
{ "type": "Feature", "properties": { "city": "beijing", "candidate_source": "place_village_hamlet_locality", "id": "7648201810", "osm_type": "node", "place": "village", "landuse": "None", "residential": "None", "name": "None" }, "geometry": { "type": "Point", "coordinates": [ 116.808845520019531, 39.868843078613281 ] } },
{ "type": "Feature", "properties": { "city": "beijing", "candidate_source": "place_village_hamlet_locality", "id": "7648201809", "osm_type": "node", "place": "village", "landuse": "None", "residential": "None", "name": "None" }, "geometry": { "type": "Point", "coordinates": [ 116.782966613769531, 39.873092651367188 ] } },
{ "type": "Feature", "properties": { "city": "beijing", "candidate_source": "place_village_hamlet_locality", "id": "7648201808", "osm_type": "node", "place": "village", "landuse": "None", "residential": "None", "name": "None" }, "geometry": { "type": "Point", "coordinates": [ 116.784355163574219, 39.874797821044922 ] } },
{ "type": "Feature", "properties": { "city": "beijing", "candidate_source": "place_village_hamlet_locality", "id": "7648201812", "osm_type": "node", "place": "village", "landuse": "None", "residential": "None", "name": "None" }, "geometry": { "type": "Point", "coordinates": [ 116.822334289550781, 39.866207122802734 ] } },
{ "type": "Feature", "properties": { "city": "beijing", "candidate_source": "place_village_hamlet_locality", "id": "7648201811", "osm_type": "node", "place": "village", "landuse": "None", "residential": "None", "name": "None" }, "geometry": { "type": "Point", "coordinates": [ 116.817405700683594, 39.866470336914062 ] } },
{ "type": "Feature", "properties": { "city": "beijing", "candidate_source": "place_village_hamlet_locality", "id": "11743475868", "osm_type": "node", "place": "locality", "landuse": "None", "residential": "None", "name": "None" }, "geometry": { "type": "Point", "coordinates": [ 116.729530334472656, 39.891281127929688 ] } },
{ "type": "Feature", "properties": { "city": "beijing", "candidate_source": "place_village_hamlet_locality", "id": "7648201801", "osm_type": "node", "place": "village", "landuse": "None", "residential": "None", "name": "None" }, "geometry": { "type": "Point", "coordinates": [ 116.753074645996094, 39.894187927246094 ] } },
{ "type": "Feature", "properties": { "city": "beijing", "candidate_source": "place_village_hamlet_locality", "id": "7648201802", "osm_type": "node", "place": "village", "landuse": "None", "residential": "None", "name": "None" }, "geometry": { "type": "Point", "coordinates": [ 116.759223937988281, 39.894367218017578 ] } },
{ "type": "Feature", "properties": { "city": "beijing", "candidate_source": "place_village_hamlet_locality", "id": "7648201798", "osm_type": "node", "place": "locality", "landuse": "None", "residential": "None", "name": "None" }, "geometry": { "type": "Point", "coordinates": [ 116.736488342285156, 39.895904541015625 ] } },
{ "type": "Feature", "properties": { "city": "beijing", "candidate_source": "place_village_hamlet_locality", "id": "7648201796", "osm_type": "node", "place": "village", "landuse": "None", "residential": "None", "name": "None" }, "geometry": { "type": "Point", "coordinates": [ 116.739433288574219, 39.896209716796875 ] } },
{ "type": "Feature", "properties": { "city": "beijing", "candidate_source": "place_village_hamlet_locality", "id": "7648201800", "osm_type": "node", "place": "locality", "landuse": "None", "residential": "None", "name": "None" }, "geometry": { "type": "Point", "coordinates": [ 116.745498657226562, 39.897163391113281 ] } },
{ "type": "Feature", "properties": { "city": "beijing", "candidate_source": "place_village_hamlet_locality", "id": "7648201797", "osm_type": "node", "place": "locality", "landuse": "None", "residential": "None", "name": "None" }, "geometry": { "type": "Point", "coordinates": [ 116.730438232421875, 39.898830413818359 ] } },
{ "type": "Feature", "properties": { "city": "beijing", "candidate_source": "place_village_hamlet_locality", "id": "7648201799", "osm_type": "node", "place": "locality", "landuse": "None", "residential": "None", "name": "None" }, "geometry": { "type": "Point", "coordinates": [ 116.73486328125, 39.900707244873047 ] } },
{ "type": "Feature", "properties": { "city": "beijing", "candidate_source": "place_village_hamlet_locality", "id": "7648201794", "osm_type": "node", "place": "locality", "landuse": "None", "residential": "None", "name": "None" }, "geometry": { "type": "Point", "coordinates": [ 116.733184814453125, 39.908084869384766 ] } },
{ "type": "Feature", "properties": { "city": "beijing", "candidate_source": "place_village_hamlet_locality", "id": "7648201793", "osm_type": "node", "place": "locality", "landuse": "None", "residential": "None", "name": "None" }, "geometry": { "type": "Point", "coordinates": [ 116.727424621582031, 39.908260345458984 ] } },
{ "type": "Feature", "properties": { "city": "beijing", "candidate_source": "place_village_hamlet_locality", "id": "12055437952", "osm_type": "node", "place": "hamlet", "landuse": "None", "residential": "None", "name": "None" }, "geometry": { "type": "Point", "coordinates": [ 116.766578674316406, 39.909809112548828 ] } },
{ "type": "Feature", "properties": { "city": "beijing", "candidate_source": "place_village_hamlet_locality", "id": "7631906997", "osm_type": "node", "place": "village", "landuse": "None", "residential": "None", "name": "None" }, "geometry": { "type": "Point", "coordinates": [ 116.769393920898438, 39.923004150390625 ] } },
{ "type": "Feature", "properties": { "city": "beijing", "candidate_source": "place_village_hamlet_locality", "id": "7648201684", "osm_type": "node", "place": "locality", "landuse": "None", "residential": "None", "name": "None" }, "geometry": { "type": "Point", "coordinates": [ 116.727333068847656, 39.908397674560547 ] } },
{ "type": "Feature", "properties": { "city": "beijing", "candidate_source": "place_village_hamlet_locality", "id": "7648201795", "osm_type": "node", "place": "locality", "landuse": "None", "residential": "None", "name": "None" }, "geometry": { "type": "Point", "coordinates": [ 116.730979919433594, 39.911655426025391 ] } },
{ "type": "Feature", "properties": { "city": "beijing", "candidate_source": "place_village_hamlet_locality", "id": "7631906995", "osm_type": "node", "place": "village", "landuse": "None", "residential": "None", "name": "None" }, "geometry": { "type": "Point", "coordinates": [ 116.756736755371094, 39.914749145507812 ] } },
{ "type": "Feature", "properties": { "city": "beijing", "candidate_source": "place_village_hamlet_locality", "id": "7631906994", "osm_type": "node", "place": "village", "landuse": "None", "residential": "None", "name": "None" }, "geometry": { "type": "Point", "coordinates": [ 116.749046325683594, 39.918209075927734 ] } },
{ "type": "Feature", "properties": { "city": "beijing", "candidate_source": "place_village_hamlet_locality", "id": "7631906993", "osm_type": "node", "place": "village", "landuse": "None", "residential": "None", "name": "None" }, "geometry": { "type": "Point", "coordinates": [ 116.745857238769531, 39.918670654296875 ] } },
{ "type": "Feature", "properties": { "city": "beijing", "candidate_source": "place_village_hamlet_locality", "id": "7648201791", "osm_type": "node", "place": "locality", "landuse": "None", "residential": "None", "name": "None" }, "geometry": { "type": "Point", "coordinates": [ 116.727363586425781, 39.9193115234375 ] } },
{ "type": "Feature", "properties": { "city": "beijing", "candidate_source": "place_village_hamlet_locality", "id": "7631906992", "osm_type": "node", "place": "village", "landuse": "None", "residential": "None", "name": "None" }, "geometry": { "type": "Point", "coordinates": [ 116.740623474121094, 39.920207977294922 ] } },
{ "type": "Feature", "properties": { "city": "beijing", "candidate_source": "place_village_hamlet_locality", "id": "7648201792", "osm_type": "node", "place": "locality", "landuse": "None", "residential": "None", "name": "None" }, "geometry": { "type": "Point", "coordinates": [ 116.734466552734375, 39.920322418212891 ] } },
{ "type": "Feature", "properties": { "city": "beijing", "candidate_source": "place_village_hamlet_locality", "id": "7631906991", "osm_type": "node", "place": "village", "landuse": "None", "residential": "None", "name": "None" }, "geometry": { "type": "Point", "coordinates": [ 116.74261474609375, 39.927848815917969 ] } },
{ "type": "Feature", "properties": { "city": "beijing", "candidate_source": "place_village_hamlet_locality", "id": "7631906996", "osm_type": "node", "place": "village", "landuse": "None", "residential": "None", "name": "None" }, "geometry": { "type": "Point", "coordinates": [ 116.756607055664062, 39.928764343261719 ] } },
{ "type": "Feature", "properties": { "city": "beijing", "candidate_source": "place_village_hamlet_locality", "id": "8754958751", "osm_type": "node", "place": "village", "landuse": "None", "residential": "None", "name": "None" }, "geometry": { "type": "Point", "coordinates": [ 116.339263916015625, 39.461009979248047 ] } },
{ "type": "Feature", "properties": { "city": "beijing", "candidate_source": "place_village_hamlet_locality", "id": "8754958750", "osm_type": "node", "place": "village", "landuse": "None", "residential": "None", "name": "None" }, "geometry": { "type": "Point", "coordinates": [ 116.362312316894531, 39.462535858154297 ] } },
{ "type": "Feature", "properties": { "city": "beijing", "candidate_source": "place_village_hamlet_locality", "id": "8754958749", "osm_type": "node", "place": "village", "landuse": "None", "residential": "None", "name": "None" }, "geometry": { "type": "Point", "coordinates": [ 116.340789794921875, 39.464862823486328 ] } },
{ "type": "Feature", "properties": { "city": "beijing", "candidate_source": "place_village_hamlet_locality", "id": "8754958748", "osm_type": "node", "place": "village", "landuse": "None", "residential": "None", "name": "None" }, "geometry": { "type": "Point", "coordinates": [ 116.326919555664062, 39.466197967529297 ] } },
{ "type": "Feature", "properties": { "city": "beijing", "candidate_source": "place_village_hamlet_locality", "id": "8754958744", "osm_type": "node", "place": "village", "landuse": "None", "residential": "None", "name": "None" }, "geometry": { "type": "Point", "coordinates": [ 116.337913513183594, 39.468997955322266 ] } },
{ "type": "Feature", "properties": { "city": "beijing", "candidate_source": "place_village_hamlet_locality", "id": "8754958745", "osm_type": "node", "place": "village", "landuse": "None", "residential": "None", "name": "None" }, "geometry": { "type": "Point", "coordinates": [ 116.352752685546875, 39.471794128417969 ] } },
{ "type": "Feature", "properties": { "city": "beijing", "candidate_source": "place_village_hamlet_locality", "id": "8754958727", "osm_type": "node", "place": "village", "landuse": "None", "residential": "None", "name": "None" }, "geometry": { "type": "Point", "coordinates": [ 116.315025329589844, 39.47662353515625 ] } },
{ "type": "Feature", "properties": { "city": "beijing", "candidate_source": "place_village_hamlet_locality", "id": "8754958752", "osm_type": "node", "place": "locality", "landuse": "None", "residential": "None", "name": "None" }, "geometry": { "type": "Point", "coordinates": [ 116.406723022460938, 39.451881408691406 ] } },
{ "type": "Feature", "properties": { "city": "beijing", "candidate_source": "place_village_hamlet_locality", "id": "8754958594", "osm_type": "node", "place": "locality", "landuse": "None", "residential": "None", "name": "None" }, "geometry": { "type": "Point", "coordinates": [ 116.432159423828125, 39.454074859619141 ] } },
{ "type": "Feature", "properties": { "city": "beijing", "candidate_source": "place_village_hamlet_locality", "id": "8754958593", "osm_type": "node", "place": "locality", "landuse": "None", "residential": "None", "name": "None" }, "geometry": { "type": "Point", "coordinates": [ 116.414741516113281, 39.454212188720703 ] } },
{ "type": "Feature", "properties": { "city": "beijing", "candidate_source": "place_village_hamlet_locality", "id": "8754958596", "osm_type": "node", "place": "locality", "landuse": "None", "residential": "None", "name": "None" }, "geometry": { "type": "Point", "coordinates": [ 116.381149291992188, 39.459308624267578 ] } },
{ "type": "Feature", "properties": { "city": "beijing", "candidate_source": "place_village_hamlet_locality", "id": "8754958595", "osm_type": "node", "place": "locality", "landuse": "None", "residential": "None", "name": "None" }, "geometry": { "type": "Point", "coordinates": [ 116.3740234375, 39.459918975830078 ] } },
{ "type": "Feature", "properties": { "city": "beijing", "candidate_source": "place_village_hamlet_locality", "id": "8754958578", "osm_type": "node", "place": "locality", "landuse": "None", "residential": "None", "name": "None" }, "geometry": { "type": "Point", "coordinates": [ 116.423049926757812, 39.460033416748047 ] } },
{ "type": "Feature", "properties": { "city": "beijing", "candidate_source": "place_village_hamlet_locality", "id": "8754958579", "osm_type": "node", "place": "locality", "landuse": "None", "residential": "None", "name": "None" }, "geometry": { "type": "Point", "coordinates": [ 116.413703918457031, 39.467647552490234 ] } },
{ "type": "Feature", "properties": { "city": "beijing", "candidate_source": "place_village_hamlet_locality", "id": "8754958577", "osm_type": "node", "place": "locality", "landuse": "None", "residential": "None", "name": "None" }, "geometry": { "type": "Point", "coordinates": [ 116.395706176757812, 39.468158721923828 ] } },
{ "type": "Feature", "properties": { "city": "beijing", "candidate_source": "place_village_hamlet_locality", "id": "8754958747", "osm_type": "node", "place": "locality", "landuse": "None", "residential": "None", "name": "None" }, "geometry": { "type": "Point", "coordinates": [ 116.43170166015625, 39.470561981201172 ] } },
{ "type": "Feature", "properties": { "city": "beijing", "candidate_source": "place_village_hamlet_locality", "id": "8754958746", "osm_type": "node", "place": "locality", "landuse": "None", "residential": "None", "name": "None" }, "geometry": { "type": "Point", "coordinates": [ 116.375869750976562, 39.476741790771484 ] } },
{ "type": "Feature", "properties": { "city": "beijing", "candidate_source": "place_village_hamlet_locality", "id": "8754958719", "osm_type": "node", "place": "village", "landuse": "None", "residential": "None", "name": "None" }, "geometry": { "type": "Point", "coordinates": [ 116.269500732421875, 39.502883911132812 ] } },
{ "type": "Feature", "properties": { "city": "beijing", "candidate_source": "place_village_hamlet_locality", "id": "8754958667", "osm_type": "node", "place": "village", "landuse": "None", "residential": "None", "name": "None" }, "geometry": { "type": "Point", "coordinates": [ 116.28082275390625, 39.508964538574219 ] } },
{ "type": "Feature", "properties": { "city": "beijing", "candidate_source": "place_village_hamlet_locality", "id": "5719679893", "osm_type": "node", "place": "village", "landuse": "None", "residential": "None", "name": "None" }, "geometry": { "type": "Point", "coordinates": [ 116.252037048339844, 39.515426635742188 ] } },
{ "type": "Feature", "properties": { "city": "beijing", "candidate_source": "place_village_hamlet_locality", "id": "8754958743", "osm_type": "node", "place": "village", "landuse": "None", "residential": "None", "name": "None" }, "geometry": { "type": "Point", "coordinates": [ 116.354339599609375, 39.478153228759766 ] } },
{ "type": "Feature", "properties": { "city": "beijing", "candidate_source": "place_village_hamlet_locality", "id": "8754958742", "osm_type": "node", "place": "village", "landuse": "None", "residential": "None", "name": "None" }, "geometry": { "type": "Point", "coordinates": [ 116.346031188964844, 39.480300903320312 ] } },
{ "type": "Feature", "properties": { "city": "beijing", "candidate_source": "place_village_hamlet_locality", "id": "8754958740", "osm_type": "node", "place": "locality", "landuse": "None", "residential": "None", "name": "None" }, "geometry": { "type": "Point", "coordinates": [ 116.363517761230469, 39.492755889892578 ] } },
{ "type": "Feature", "properties": { "city": "beijing", "candidate_source": "place_village_hamlet_locality", "id": "8754958725", "osm_type": "node", "place": "village", "landuse": "None", "residential": "None", "name": "None" }, "geometry": { "type": "Point", "coordinates": [ 116.311149597167969, 39.49505615234375 ] } },
{ "type": "Feature", "properties": { "city": "beijing", "candidate_source": "place_village_hamlet_locality", "id": "3134519586", "osm_type": "node", "place": "village", "landuse": "None", "residential": "None", "name": "None" }, "geometry": { "type": "Point", "coordinates": [ 116.300521850585938, 39.49676513671875 ] } },
{ "type": "Feature", "properties": { "city": "beijing", "candidate_source": "place_village_hamlet_locality", "id": "8754958726", "osm_type": "node", "place": "village", "landuse": "None", "residential": "None", "name": "None" }, "geometry": { "type": "Point", "coordinates": [ 116.351646423339844, 39.497295379638672 ] } },
{ "type": "Feature", "properties": { "city": "beijing", "candidate_source": "place_village_hamlet_locality", "id": "8754958675", "osm_type": "node", "place": "locality", "landuse": "None", "residential": "None", "name": "None" }, "geometry": { "type": "Point", "coordinates": [ 116.364280700683594, 39.506938934326172 ] } },
{ "type": "Feature", "properties": { "city": "beijing", "candidate_source": "place_village_hamlet_locality", "id": "8754958737", "osm_type": "node", "place": "village", "landuse": "None", "residential": "None", "name": "None" }, "geometry": { "type": "Point", "coordinates": [ 116.313308715820312, 39.508365631103516 ] } },
{ "type": "Feature", "properties": { "city": "beijing", "candidate_source": "place_village_hamlet_locality", "id": "8754958668", "osm_type": "node", "place": "village", "landuse": "None", "residential": "None", "name": "None" }, "geometry": { "type": "Point", "coordinates": [ 116.335227966308594, 39.509483337402344 ] } },
{ "type": "Feature", "properties": { "city": "beijing", "candidate_source": "place_village_hamlet_locality", "id": "8754958666", "osm_type": "node", "place": "village", "landuse": "None", "residential": "None", "name": "None" }, "geometry": { "type": "Point", "coordinates": [ 116.307449340820312, 39.521743774414062 ] } },
{ "type": "Feature", "properties": { "city": "beijing", "candidate_source": "place_village_hamlet_locality", "id": "8754958664", "osm_type": "node", "place": "village", "landuse": "None", "residential": "None", "name": "None" }, "geometry": { "type": "Point", "coordinates": [ 116.271697998046875, 39.518768310546875 ] } },
{ "type": "Feature", "properties": { "city": "beijing", "candidate_source": "place_village_hamlet_locality", "id": "8754958665", "osm_type": "node", "place": "village", "landuse": "None", "residential": "None", "name": "None" }, "geometry": { "type": "Point", "coordinates": [ 116.285690307617188, 39.519996643066406 ] } },
{ "type": "Feature", "properties": { "city": "beijing", "candidate_source": "place_village_hamlet_locality", "id": "8754958645", "osm_type": "node", "place": "village", "landuse": "None", "residential": "None", "name": "None" }, "geometry": { "type": "Point", "coordinates": [ 116.290107727050781, 39.530559539794922 ] } },
{ "type": "Feature", "properties": { "city": "beijing", "candidate_source": "place_village_hamlet_locality", "id": "8754958606", "osm_type": "node", "place": "village", "landuse": "None", "residential": "None", "name": "None" }, "geometry": { "type": "Point", "coordinates": [ 116.253959655761719, 39.536041259765625 ] } },
{ "type": "Feature", "properties": { "city": "beijing", "candidate_source": "place_village_hamlet_locality", "id": "8754958609", "osm_type": "node", "place": "village", "landuse": "None", "residential": "None", "name": "None" }, "geometry": { "type": "Point", "coordinates": [ 116.291435241699219, 39.538089752197266 ] } },
{ "type": "Feature", "properties": { "city": "beijing", "candidate_source": "place_village_hamlet_locality", "id": "8754958608", "osm_type": "node", "place": "village", "landuse": "None", "residential": "None", "name": "None" }, "geometry": { "type": "Point", "coordinates": [ 116.277290344238281, 39.539726257324219 ] } },
{ "type": "Feature", "properties": { "city": "beijing", "candidate_source": "place_village_hamlet_locality", "id": "8754958607", "osm_type": "node", "place": "village", "landuse": "None", "residential": "None", "name": "None" }, "geometry": { "type": "Point", "coordinates": [ 116.265335083007812, 39.543441772460938 ] } },
{ "type": "Feature", "properties": { "city": "beijing", "candidate_source": "place_village_hamlet_locality", "id": "8754958605", "osm_type": "node", "place": "village", "landuse": "None", "residential": "None", "name": "None" }, "geometry": { "type": "Point", "coordinates": [ 116.2635498046875, 39.546554565429688 ] } },
{ "type": "Feature", "properties": { "city": "beijing", "candidate_source": "place_village_hamlet_locality", "id": "8754958604", "osm_type": "node", "place": "village", "landuse": "None", "residential": "None", "name": "None" }, "geometry": { "type": "Point", "coordinates": [ 116.256355285644531, 39.546859741210938 ] } },
{ "type": "Feature", "properties": { "city": "beijing", "candidate_source": "place_village_hamlet_locality", "id": "8754958603", "osm_type": "node", "place": "village", "landuse": "None", "residential": "None", "name": "None" }, "geometry": { "type": "Point", "coordinates": [ 116.276504516601562, 39.554985046386719 ] } },
{ "type": "Feature", "properties": { "city": "beijing", "candidate_source": "place_village_hamlet_locality", "id": "5622914762", "osm_type": "node", "place": "locality", "landuse": "None", "residential": "None", "name": "None" }, "geometry": { "type": "Point", "coordinates": [ 116.358963012695312, 39.525497436523438 ] } },
{ "type": "Feature", "properties": { "city": "beijing", "candidate_source": "place_village_hamlet_locality", "id": "5622914761", "osm_type": "node", "place": "locality", "landuse": "None", "residential": "None", "name": "None" }, "geometry": { "type": "Point", "coordinates": [ 116.348152160644531, 39.525760650634766 ] } },
{ "type": "Feature", "properties": { "city": "beijing", "candidate_source": "place_village_hamlet_locality", "id": "5622914760", "osm_type": "node", "place": "village", "landuse": "None", "residential": "None", "name": "None" }, "geometry": { "type": "Point", "coordinates": [ 116.369178771972656, 39.531539916992188 ] } },
{ "type": "Feature", "properties": { "city": "beijing", "candidate_source": "place_village_hamlet_locality", "id": "8754958611", "osm_type": "node", "place": "village", "landuse": "None", "residential": "None", "name": "None" }, "geometry": { "type": "Point", "coordinates": [ 116.316879272460938, 39.532962799072266 ] } },
{ "type": "Feature", "properties": { "city": "beijing", "candidate_source": "place_village_hamlet_locality", "id": "8754958610", "osm_type": "node", "place": "village", "landuse": "None", "residential": "None", "name": "None" }, "geometry": { "type": "Point", "coordinates": [ 116.308525085449219, 39.533340454101562 ] } },
{ "type": "Feature", "properties": { "city": "beijing", "candidate_source": "place_village_hamlet_locality", "id": "8754958613", "osm_type": "node", "place": "village", "landuse": "None", "residential": "None", "name": "None" }, "geometry": { "type": "Point", "coordinates": [ 116.323074340820312, 39.536888122558594 ] } },
{ "type": "Feature", "properties": { "city": "beijing", "candidate_source": "place_village_hamlet_locality", "id": "8754958612", "osm_type": "node", "place": "village", "landuse": "None", "residential": "None", "name": "None" }, "geometry": { "type": "Point", "coordinates": [ 116.315895080566406, 39.5380859375 ] } },
{ "type": "Feature", "properties": { "city": "beijing", "candidate_source": "place_village_hamlet_locality", "id": "8754958571", "osm_type": "node", "place": "village", "landuse": "None", "residential": "None", "name": "None" }, "geometry": { "type": "Point", "coordinates": [ 116.341453552246094, 39.544986724853516 ] } },
{ "type": "Feature", "properties": { "city": "beijing", "candidate_source": "place_village_hamlet_locality", "id": "8754958570", "osm_type": "node", "place": "village", "landuse": "None", "residential": "None", "name": "None" }, "geometry": { "type": "Point", "coordinates": [ 116.337226867675781, 39.546798706054688 ] } },
{ "type": "Feature", "properties": { "city": "beijing", "candidate_source": "place_village_hamlet_locality", "id": "8754958569", "osm_type": "node", "place": "village", "landuse": "None", "residential": "None", "name": "None" }, "geometry": { "type": "Point", "coordinates": [ 116.337760925292969, 39.549156188964844 ] } },
{ "type": "Feature", "properties": { "city": "beijing", "candidate_source": "place_village_hamlet_locality", "id": "4655749374", "osm_type": "node", "place": "locality", "landuse": "None", "residential": "None", "name": "None" }, "geometry": { "type": "Point", "coordinates": [ 116.38775634765625, 39.477706909179688 ] } },
{ "type": "Feature", "properties": { "city": "beijing", "candidate_source": "place_village_hamlet_locality", "id": "8754958576", "osm_type": "node", "place": "locality", "landuse": "None", "residential": "None", "name": "None" }, "geometry": { "type": "Point", "coordinates": [ 116.41937255859375, 39.484199523925781 ] } },
{ "type": "Feature", "properties": { "city": "beijing", "candidate_source": "place_village_hamlet_locality", "id": "4655759120", "osm_type": "node", "place": "locality", "landuse": "None", "residential": "None", "name": "None" }, "geometry": { "type": "Point", "coordinates": [ 116.391807556152344, 39.493118286132812 ] } },
{ "type": "Feature", "properties": { "city": "beijing", "candidate_source": "place_village_hamlet_locality", "id": "8754958741", "osm_type": "node", "place": "locality", "landuse": "None", "residential": "None", "name": "None" }, "geometry": { "type": "Point", "coordinates": [ 116.398765563964844, 39.494247436523438 ] } },
{ "type": "Feature", "properties": { "city": "beijing", "candidate_source": "place_village_hamlet_locality", "id": "4655806756", "osm_type": "node", "place": "locality", "landuse": "None", "residential": "None", "name": "None" }, "geometry": { "type": "Point", "coordinates": [ 116.376022338867188, 39.522006988525391 ] } },
{ "type": "Feature", "properties": { "city": "beijing", "candidate_source": "place_village_hamlet_locality", "id": "8754958506", "osm_type": "node", "place": "village", "landuse": "None", "residential": "None", "name": "None" }, "geometry": { "type": "Point", "coordinates": [ 116.421905517578125, 39.536285400390625 ] } },
{ "type": "Feature", "properties": { "city": "beijing", "candidate_source": "place_village_hamlet_locality", "id": "8754958516", "osm_type": "node", "place": "locality", "landuse": "None", "residential": "None", "name": "None" }, "geometry": { "type": "Point", "coordinates": [ 116.454704284667969, 39.540321350097656 ] } },
{ "type": "Feature", "properties": { "city": "beijing", "candidate_source": "place_village_hamlet_locality", "id": "8754958517", "osm_type": "node", "place": "locality", "landuse": "None", "residential": "None", "name": "None" }, "geometry": { "type": "Point", "coordinates": [ 116.462158203125, 39.541110992431641 ] } },
{ "type": "Feature", "properties": { "city": "beijing", "candidate_source": "place_village_hamlet_locality", "id": "5622914752", "osm_type": "node", "place": "village", "landuse": "None", "residential": "None", "name": "None" }, "geometry": { "type": "Point", "coordinates": [ 116.439376831054688, 39.536491394042969 ] } },
{ "type": "Feature", "properties": { "city": "beijing", "candidate_source": "place_village_hamlet_locality", "id": "5622914751", "osm_type": "node", "place": "hamlet", "landuse": "None", "residential": "None", "name": "None" }, "geometry": { "type": "Point", "coordinates": [ 116.426307678222656, 39.536647796630859 ] } },
{ "type": "Feature", "properties": { "city": "beijing", "candidate_source": "place_village_hamlet_locality", "id": "5622914759", "osm_type": "node", "place": "hamlet", "landuse": "None", "residential": "None", "name": "None" }, "geometry": { "type": "Point", "coordinates": [ 116.37890625, 39.536762237548828 ] } },
{ "type": "Feature", "properties": { "city": "beijing", "candidate_source": "place_village_hamlet_locality", "id": "4655823765", "osm_type": "node", "place": "locality", "landuse": "None", "residential": "None", "name": "None" }, "geometry": { "type": "Point", "coordinates": [ 116.411308288574219, 39.539031982421875 ] } },
{ "type": "Feature", "properties": { "city": "beijing", "candidate_source": "place_village_hamlet_locality", "id": "5622914758", "osm_type": "node", "place": "locality", "landuse": "None", "residential": "None", "name": "None" }, "geometry": { "type": "Point", "coordinates": [ 116.390518188476562, 39.540367126464844 ] } },
{ "type": "Feature", "properties": { "city": "beijing", "candidate_source": "place_village_hamlet_locality", "id": "8754958500", "osm_type": "node", "place": "village", "landuse": "None", "residential": "None", "name": "None" }, "geometry": { "type": "Point", "coordinates": [ 116.40814208984375, 39.557533264160156 ] } },
{ "type": "Feature", "properties": { "city": "beijing", "candidate_source": "place_village_hamlet_locality", "id": "8754958566", "osm_type": "node", "place": "village", "landuse": "None", "residential": "None", "name": "None" }, "geometry": { "type": "Point", "coordinates": [ 116.379127502441406, 39.55877685546875 ] } },
{ "type": "Feature", "properties": { "city": "beijing", "candidate_source": "place_village_hamlet_locality", "id": "8754958519", "osm_type": "node", "place": "village", "landuse": "None", "residential": "None", "name": "None" }, "geometry": { "type": "Point", "coordinates": [ 116.415519714355469, 39.558853149414062 ] } },
{ "type": "Feature", "properties": { "city": "beijing", "candidate_source": "place_village_hamlet_locality", "id": "8754958518", "osm_type": "node", "place": "village", "landuse": "None", "residential": "None", "name": "None" }, "geometry": { "type": "Point", "coordinates": [ 116.4154052734375, 39.558883666992188 ] } },
{ "type": "Feature", "properties": { "city": "beijing", "candidate_source": "place_village_hamlet_locality", "id": "8754958501", "osm_type": "node", "place": "village", "landuse": "None", "residential": "None", "name": "None" }, "geometry": { "type": "Point", "coordinates": [ 116.4185791015625, 39.559925079345703 ] } },
{ "type": "Feature", "properties": { "city": "beijing", "candidate_source": "place_village_hamlet_locality", "id": "8754958499", "osm_type": "node", "place": "village", "landuse": "None", "residential": "None", "name": "None" }, "geometry": { "type": "Point", "coordinates": [ 116.500785827636719, 39.569400787353516 ] } },
{ "type": "Feature", "properties": { "city": "beijing", "candidate_source": "place_village_hamlet_locality", "id": "8754958573", "osm_type": "node", "place": "village", "landuse": "None", "residential": "None", "name": "None" }, "geometry": { "type": "Point", "coordinates": [ 116.369285583496094, 39.550739288330078 ] } },
{ "type": "Feature", "properties": { "city": "beijing", "candidate_source": "place_village_hamlet_locality", "id": "8754958568", "osm_type": "node", "place": "village", "landuse": "None", "residential": "None", "name": "None" }, "geometry": { "type": "Point", "coordinates": [ 116.337844848632812, 39.550983428955078 ] } },
{ "type": "Feature", "properties": { "city": "beijing", "candidate_source": "place_village_hamlet_locality", "id": "8754958572", "osm_type": "node", "place": "village", "landuse": "None", "residential": "None", "name": "None" }, "geometry": { "type": "Point", "coordinates": [ 116.361068725585938, 39.551177978515625 ] } },
{ "type": "Feature", "properties": { "city": "beijing", "candidate_source": "place_village_hamlet_locality", "id": "8754958567", "osm_type": "node", "place": "village", "landuse": "None", "residential": "None", "name": "None" }, "geometry": { "type": "Point", "coordinates": [ 116.332489013671875, 39.552410125732422 ] } },
{ "type": "Feature", "properties": { "city": "beijing", "candidate_source": "place_village_hamlet_locality", "id": "8754958602", "osm_type": "node", "place": "village", "landuse": "None", "residential": "None", "name": "None" }, "geometry": { "type": "Point", "coordinates": [ 116.308853149414062, 39.553848266601562 ] } },
{ "type": "Feature", "properties": { "city": "beijing", "candidate_source": "place_village_hamlet_locality", "id": "8754958565", "osm_type": "node", "place": "village", "landuse": "None", "residential": "None", "name": "None" }, "geometry": { "type": "Point", "coordinates": [ 116.355445861816406, 39.557987213134766 ] } },
{ "type": "Feature", "properties": { "city": "beijing", "candidate_source": "place_village_hamlet_locality", "id": "8754958600", "osm_type": "node", "place": "village", "landuse": "None", "residential": "None", "name": "None" }, "geometry": { "type": "Point", "coordinates": [ 116.313133239746094, 39.564472198486328 ] } },
{ "type": "Feature", "properties": { "city": "beijing", "candidate_source": "place_village_hamlet_locality", "id": "8754958520", "osm_type": "node", "place": "village", "landuse": "None", "residential": "None", "name": "None" }, "geometry": { "type": "Point", "coordinates": [ 116.322265625, 39.564682006835938 ] } },
{ "type": "Feature", "properties": { "city": "beijing", "candidate_source": "place_village_hamlet_locality", "id": "8754958562", "osm_type": "node", "place": "village", "landuse": "None", "residential": "None", "name": "None" }, "geometry": { "type": "Point", "coordinates": [ 116.358711242675781, 39.564891815185547 ] } },
{ "type": "Feature", "properties": { "city": "beijing", "candidate_source": "place_village_hamlet_locality", "id": "8755443070", "osm_type": "node", "place": "village", "landuse": "None", "residential": "None", "name": "None" }, "geometry": { "type": "Point", "coordinates": [ 116.358406066894531, 39.574893951416016 ] } },
{ "type": "Feature", "properties": { "city": "beijing", "candidate_source": "place_village_hamlet_locality", "id": "8754958601", "osm_type": "node", "place": "village", "landuse": "None", "residential": "None", "name": "None" }, "geometry": { "type": "Point", "coordinates": [ 116.291885375976562, 39.556404113769531 ] } },
{ "type": "Feature", "properties": { "city": "beijing", "candidate_source": "place_village_hamlet_locality", "id": "8754958598", "osm_type": "node", "place": "village", "landuse": "None", "residential": "None", "name": "None" }, "geometry": { "type": "Point", "coordinates": [ 116.25262451171875, 39.565765380859375 ] } },
{ "type": "Feature", "properties": { "city": "beijing", "candidate_source": "place_village_hamlet_locality", "id": "8755443115", "osm_type": "node", "place": "village", "landuse": "None", "residential": "None", "name": "None" }, "geometry": { "type": "Point", "coordinates": [ 116.225418090820312, 39.575191497802734 ] } },
{ "type": "Feature", "properties": { "city": "beijing", "candidate_source": "place_village_hamlet_locality", "id": "8755443114", "osm_type": "node", "place": "village", "landuse": "None", "residential": "None", "name": "None" }, "geometry": { "type": "Point", "coordinates": [ 116.254829406738281, 39.577899932861328 ] } },
{ "type": "Feature", "properties": { "city": "beijing", "candidate_source": "place_village_hamlet_locality", "id": "8755443106", "osm_type": "node", "place": "village", "landuse": "None", "residential": "None", "name": "None" }, "geometry": { "type": "Point", "coordinates": [ 116.277458190917969, 39.581470489501953 ] } },
{ "type": "Feature", "properties": { "city": "beijing", "candidate_source": "place_village_hamlet_locality", "id": "8755443113", "osm_type": "node", "place": "village", "landuse": "None", "residential": "None", "name": "None" }, "geometry": { "type": "Point", "coordinates": [ 116.255516052246094, 39.583164215087891 ] } },
{ "type": "Feature", "properties": { "city": "beijing", "candidate_source": "residential_rural", "id": "983566371", "osm_type": "way", "place": "None", "landuse": "residential", "residential": "rural", "name": "None" }, "geometry": { "type": "Polygon", "coordinates": [ [ [ 116.235694885253906, 39.584980010986328 ], [ 116.234886169433594, 39.585243225097656 ], [ 116.234718322753906, 39.586910247802734 ], [ 116.235542297363281, 39.587017059326172 ], [ 116.235679626464844, 39.588222503662109 ], [ 116.241996765136719, 39.58837890625 ], [ 116.242942810058594, 39.587520599365234 ], [ 116.242050170898438, 39.585933685302734 ], [ 116.241943359375, 39.584758758544922 ], [ 116.241798400878906, 39.583244323730469 ], [ 116.241607666015625, 39.583248138427734 ], [ 116.240318298339844, 39.583255767822266 ], [ 116.24017333984375, 39.582847595214844 ], [ 116.235641479492188, 39.583141326904297 ], [ 116.235694885253906, 39.584980010986328 ] ] ] } },
{ "type": "Feature", "properties": { "city": "beijing", "candidate_source": "place_village_hamlet_locality", "id": "8755443102", "osm_type": "node", "place": "village", "landuse": "None", "residential": "None", "name": "None" }, "geometry": { "type": "Point", "coordinates": [ 116.239067077636719, 39.586132049560547 ] } },
{ "type": "Feature", "properties": { "city": "beijing", "candidate_source": "place_village_hamlet_locality", "id": "8755443103", "osm_type": "node", "place": "village", "landuse": "None", "residential": "None", "name": "None" }, "geometry": { "type": "Point", "coordinates": [ 116.270103454589844, 39.587985992431641 ] } },
{ "type": "Feature", "properties": { "city": "beijing", "candidate_source": "place_village_hamlet_locality", "id": "8755443101", "osm_type": "node", "place": "village", "landuse": "None", "residential": "None", "name": "None" }, "geometry": { "type": "Point", "coordinates": [ 116.235870361328125, 39.59149169921875 ] } },
{ "type": "Feature", "properties": { "city": "beijing", "candidate_source": "place_village_hamlet_locality", "id": "8754958495", "osm_type": "node", "place": "village", "landuse": "None", "residential": "None", "name": "None" }, "geometry": { "type": "Point", "coordinates": [ 116.432952880859375, 39.565757751464844 ] } },
{ "type": "Feature", "properties": { "city": "beijing", "candidate_source": "place_village_hamlet_locality", "id": "8754958564", "osm_type": "node", "place": "village", "landuse": "None", "residential": "None", "name": "None" }, "geometry": { "type": "Point", "coordinates": [ 116.385414123535156, 39.567829132080078 ] } },
{ "type": "Feature", "properties": { "city": "beijing", "candidate_source": "place_village_hamlet_locality", "id": "8754958563", "osm_type": "node", "place": "village", "landuse": "None", "residential": "None", "name": "None" }, "geometry": { "type": "Point", "coordinates": [ 116.375083923339844, 39.568851470947266 ] } },
{ "type": "Feature", "properties": { "city": "beijing", "candidate_source": "place_village_hamlet_locality", "id": "8754958490", "osm_type": "node", "place": "village", "landuse": "None", "residential": "None", "name": "None" }, "geometry": { "type": "Point", "coordinates": [ 116.412284851074219, 39.573879241943359 ] } },
{ "type": "Feature", "properties": { "city": "beijing", "candidate_source": "place_village_hamlet_locality", "id": "8754958491", "osm_type": "node", "place": "village", "landuse": "None", "residential": "None", "name": "None" }, "geometry": { "type": "Point", "coordinates": [ 116.417587280273438, 39.575523376464844 ] } },
{ "type": "Feature", "properties": { "city": "beijing", "candidate_source": "place_village_hamlet_locality", "id": "8754958489", "osm_type": "node", "place": "village", "landuse": "None", "residential": "None", "name": "None" }, "geometry": { "type": "Point", "coordinates": [ 116.400146484375, 39.578418731689453 ] } },
{ "type": "Feature", "properties": { "city": "beijing", "candidate_source": "place_village_hamlet_locality", "id": "8755443068", "osm_type": "node", "place": "village", "landuse": "None", "residential": "None", "name": "None" }, "geometry": { "type": "Point", "coordinates": [ 116.382331848144531, 39.586200714111328 ] } },
{ "type": "Feature", "properties": { "city": "beijing", "candidate_source": "place_village_hamlet_locality", "id": "8754958488", "osm_type": "node", "place": "village", "landuse": "None", "residential": "None", "name": "None" }, "geometry": { "type": "Point", "coordinates": [ 116.406974792480469, 39.589897155761719 ] } },
{ "type": "Feature", "properties": { "city": "beijing", "candidate_source": "place_village_hamlet_locality", "id": "8755443067", "osm_type": "node", "place": "village", "landuse": "None", "residential": "None", "name": "None" }, "geometry": { "type": "Point", "coordinates": [ 116.396209716796875, 39.590129852294922 ] } },
{ "type": "Feature", "properties": { "city": "beijing", "candidate_source": "place_village_hamlet_locality", "id": "8754958276", "osm_type": "node", "place": "village", "landuse": "None", "residential": "None", "name": "None" }, "geometry": { "type": "Point", "coordinates": [ 116.424636840820312, 39.593841552734375 ] } },
{ "type": "Feature", "properties": { "city": "beijing", "candidate_source": "place_village_hamlet_locality", "id": "8755443105", "osm_type": "node", "place": "village", "landuse": "None", "residential": "None", "name": "None" }, "geometry": { "type": "Point", "coordinates": [ 116.301597595214844, 39.580585479736328 ] } },
{ "type": "Feature", "properties": { "city": "beijing", "candidate_source": "place_village_hamlet_locality", "id": "8755443069", "osm_type": "node", "place": "village", "landuse": "None", "residential": "None", "name": "None" }, "geometry": { "type": "Point", "coordinates": [ 116.368377685546875, 39.583866119384766 ] } },
{ "type": "Feature", "properties": { "city": "beijing", "candidate_source": "place_village_hamlet_locality", "id": "8754958774", "osm_type": "node", "place": "village", "landuse": "None", "residential": "None", "name": "None" }, "geometry": { "type": "Point", "coordinates": [ 116.335914611816406, 39.586208343505859 ] } },
{ "type": "Feature", "properties": { "city": "beijing", "candidate_source": "place_village_hamlet_locality", "id": "8755443104", "osm_type": "node", "place": "village", "landuse": "None", "residential": "None", "name": "None" }, "geometry": { "type": "Point", "coordinates": [ 116.308914184570312, 39.586715698242188 ] } },
{ "type": "Feature", "properties": { "city": "beijing", "candidate_source": "place_village_hamlet_locality", "id": "8754958775", "osm_type": "node", "place": "village", "landuse": "None", "residential": "None", "name": "None" }, "geometry": { "type": "Point", "coordinates": [ 116.344367980957031, 39.587181091308594 ] } },
{ "type": "Feature", "properties": { "city": "beijing", "candidate_source": "place_village_hamlet_locality", "id": "8754958776", "osm_type": "node", "place": "village", "landuse": "None", "residential": "None", "name": "None" }, "geometry": { "type": "Point", "coordinates": [ 116.355308532714844, 39.588920593261719 ] } },
{ "type": "Feature", "properties": { "city": "beijing", "candidate_source": "place_village_hamlet_locality", "id": "8755443066", "osm_type": "node", "place": "village", "landuse": "None", "residential": "None", "name": "None" }, "geometry": { "type": "Point", "coordinates": [ 116.364570617675781, 39.592880249023438 ] } },
{ "type": "Feature", "properties": { "city": "beijing", "candidate_source": "place_village_hamlet_locality", "id": "8754958773", "osm_type": "node", "place": "village", "landuse": "None", "residential": "None", "name": "None" }, "geometry": { "type": "Point", "coordinates": [ 116.332847595214844, 39.593795776367188 ] } },
{ "type": "Feature", "properties": { "city": "beijing", "candidate_source": "place_village_hamlet_locality", "id": "8754958771", "osm_type": "node", "place": "village", "landuse": "None", "residential": "None", "name": "None" }, "geometry": { "type": "Point", "coordinates": [ 116.338127136230469, 39.598197937011719 ] } },
{ "type": "Feature", "properties": { "city": "beijing", "candidate_source": "place_village_hamlet_locality", "id": "8754958772", "osm_type": "node", "place": "village", "landuse": "None", "residential": "None", "name": "None" }, "geometry": { "type": "Point", "coordinates": [ 116.357772827148438, 39.600505828857422 ] } },
{ "type": "Feature", "properties": { "city": "beijing", "candidate_source": "residential_rural", "id": "983566372", "osm_type": "way", "place": "None", "landuse": "residential", "residential": "rural", "name": "None" }, "geometry": { "type": "Polygon", "coordinates": [ [ [ 116.23052978515625, 39.590324401855469 ], [ 116.229827880859375, 39.590496063232422 ], [ 116.229843139648438, 39.591117858886719 ], [ 116.229637145996094, 39.591129302978516 ], [ 116.227317810058594, 39.591236114501953 ], [ 116.227455139160156, 39.5927734375 ], [ 116.226921081542969, 39.593379974365234 ], [ 116.226821899414062, 39.593490600585938 ], [ 116.224845886230469, 39.593936920166016 ], [ 116.224845886230469, 39.595432281494141 ], [ 116.227302551269531, 39.595218658447266 ], [ 116.227386474609375, 39.596343994140625 ], [ 116.229598999023438, 39.596092224121094 ], [ 116.229484558105469, 39.595523834228516 ], [ 116.23101806640625, 39.595344543457031 ], [ 116.231643676757812, 39.595272064208984 ], [ 116.231575012207031, 39.594387054443359 ], [ 116.232276916503906, 39.594291687011719 ], [ 116.232757568359375, 39.595535278320312 ], [ 116.234474182128906, 39.595458984375 ], [ 116.234512329101562, 39.594757080078125 ], [ 116.238204956054688, 39.594516754150391 ], [ 116.238372802734375, 39.593990325927734 ], [ 116.23931884765625, 39.593841552734375 ], [ 116.239128112792969, 39.589069366455078 ], [ 116.238319396972656, 39.588790893554688 ], [ 116.233741760253906, 39.588447570800781 ], [ 116.232315063476562, 39.58917236328125 ], [ 116.230392456054688, 39.589321136474609 ], [ 116.23052978515625, 39.590324401855469 ] ] ] } },
{ "type": "Feature", "properties": { "city": "beijing", "candidate_source": "place_village_hamlet_locality", "id": "8755443100", "osm_type": "node", "place": "village", "landuse": "None", "residential": "None", "name": "None" }, "geometry": { "type": "Point", "coordinates": [ 116.295814514160156, 39.59417724609375 ] } },
{ "type": "Feature", "properties": { "city": "beijing", "candidate_source": "place_village_hamlet_locality", "id": "8755443078", "osm_type": "node", "place": "village", "landuse": "None", "residential": "None", "name": "None" }, "geometry": { "type": "Point", "coordinates": [ 116.249092102050781, 39.606243133544922 ] } },
{ "type": "Feature", "properties": { "city": "beijing", "candidate_source": "place_village_hamlet_locality", "id": "8755443080", "osm_type": "node", "place": "village", "landuse": "None", "residential": "None", "name": "None" }, "geometry": { "type": "Point", "coordinates": [ 116.2703857421875, 39.606849670410156 ] } },
{ "type": "Feature", "properties": { "city": "beijing", "candidate_source": "place_village_hamlet_locality", "id": "8755443079", "osm_type": "node", "place": "village", "landuse": "None", "residential": "None", "name": "None" }, "geometry": { "type": "Point", "coordinates": [ 116.264251708984375, 39.611404418945312 ] } },
{ "type": "Feature", "properties": { "city": "beijing", "candidate_source": "place_village_hamlet_locality", "id": "8755443076", "osm_type": "node", "place": "village", "landuse": "None", "residential": "None", "name": "None" }, "geometry": { "type": "Point", "coordinates": [ 116.241447448730469, 39.617496490478516 ] } },
{ "type": "Feature", "properties": { "city": "beijing", "candidate_source": "place_village_hamlet_locality", "id": "8755443077", "osm_type": "node", "place": "village", "landuse": "None", "residential": "None", "name": "None" }, "geometry": { "type": "Point", "coordinates": [ 116.284980773925781, 39.618816375732422 ] } },
{ "type": "Feature", "properties": { "city": "beijing", "candidate_source": "place_village_hamlet_locality", "id": "8755443075", "osm_type": "node", "place": "village", "landuse": "None", "residential": "None", "name": "None" }, "geometry": { "type": "Point", "coordinates": [ 116.273368835449219, 39.627254486083984 ] } },
{ "type": "Feature", "properties": { "city": "beijing", "candidate_source": "place_village_hamlet_locality", "id": "8755443074", "osm_type": "node", "place": "village", "landuse": "None", "residential": "None", "name": "None" }, "geometry": { "type": "Point", "coordinates": [ 116.270179748535156, 39.629291534423828 ] } },
{ "type": "Feature", "properties": { "city": "beijing", "candidate_source": "place_village_hamlet_locality", "id": "8755443073", "osm_type": "node", "place": "village", "landuse": "None", "residential": "None", "name": "None" }, "geometry": { "type": "Point", "coordinates": [ 116.247825622558594, 39.630313873291016 ] } },
{ "type": "Feature", "properties": { "city": "beijing", "candidate_source": "place_village_hamlet_locality", "id": "8754958770", "osm_type": "node", "place": "village", "landuse": "None", "residential": "None", "name": "None" }, "geometry": { "type": "Point", "coordinates": [ 116.336715698242188, 39.601871490478516 ] } },
{ "type": "Feature", "properties": { "city": "beijing", "candidate_source": "place_village_hamlet_locality", "id": "8754958767", "osm_type": "node", "place": "village", "landuse": "None", "residential": "None", "name": "None" }, "geometry": { "type": "Point", "coordinates": [ 116.318687438964844, 39.604621887207031 ] } },
{ "type": "Feature", "properties": { "city": "beijing", "candidate_source": "place_village_hamlet_locality", "id": "8755443099", "osm_type": "node", "place": "village", "landuse": "None", "residential": "None", "name": "None" }, "geometry": { "type": "Point", "coordinates": [ 116.303520202636719, 39.608386993408203 ] } },
{ "type": "Feature", "properties": { "city": "beijing", "candidate_source": "place_village_hamlet_locality", "id": "8755443098", "osm_type": "node", "place": "village", "landuse": "None", "residential": "None", "name": "None" }, "geometry": { "type": "Point", "coordinates": [ 116.302375793457031, 39.608394622802734 ] } },
{ "type": "Feature", "properties": { "city": "beijing", "candidate_source": "place_village_hamlet_locality", "id": "8754958769", "osm_type": "node", "place": "village", "landuse": "None", "residential": "None", "name": "None" }, "geometry": { "type": "Point", "coordinates": [ 116.338287353515625, 39.60858154296875 ] } },
{ "type": "Feature", "properties": { "city": "beijing", "candidate_source": "place_village_hamlet_locality", "id": "8754958768", "osm_type": "node", "place": "village", "landuse": "None", "residential": "None", "name": "None" }, "geometry": { "type": "Point", "coordinates": [ 116.333259582519531, 39.608680725097656 ] } },
{ "type": "Feature", "properties": { "city": "beijing", "candidate_source": "place_village_hamlet_locality", "id": "8754958764", "osm_type": "node", "place": "village", "landuse": "None", "residential": "None", "name": "None" }, "geometry": { "type": "Point", "coordinates": [ 116.334754943847656, 39.615737915039062 ] } },
{ "type": "Feature", "properties": { "city": "beijing", "candidate_source": "place_village_hamlet_locality", "id": "8754958765", "osm_type": "node", "place": "village", "landuse": "None", "residential": "None", "name": "None" }, "geometry": { "type": "Point", "coordinates": [ 116.344352722167969, 39.616058349609375 ] } },
{ "type": "Feature", "properties": { "city": "beijing", "candidate_source": "place_village_hamlet_locality", "id": "8754958766", "osm_type": "node", "place": "village", "landuse": "None", "residential": "None", "name": "None" }, "geometry": { "type": "Point", "coordinates": [ 116.369644165039062, 39.616119384765625 ] } },
{ "type": "Feature", "properties": { "city": "beijing", "candidate_source": "place_village_hamlet_locality", "id": "8754958763", "osm_type": "node", "place": "locality", "landuse": "None", "residential": "None", "name": "None" }, "geometry": { "type": "Point", "coordinates": [ 116.309646606445312, 39.621562957763672 ] } },
{ "type": "Feature", "properties": { "city": "beijing", "candidate_source": "place_village_hamlet_locality", "id": "8755486717", "osm_type": "node", "place": "village", "landuse": "None", "residential": "None", "name": "None" }, "geometry": { "type": "Point", "coordinates": [ 116.219062805175781, 39.613010406494141 ] } },
{ "type": "Feature", "properties": { "city": "beijing", "candidate_source": "place_village_hamlet_locality", "id": "8755443116", "osm_type": "node", "place": "village", "landuse": "None", "residential": "None", "name": "None" }, "geometry": { "type": "Point", "coordinates": [ 116.22021484375, 39.620155334472656 ] } },
{ "type": "Feature", "properties": { "city": "beijing", "candidate_source": "place_village_hamlet_locality", "id": "8754958762", "osm_type": "node", "place": "village", "landuse": "None", "residential": "None", "name": "None" }, "geometry": { "type": "Point", "coordinates": [ 116.341049194335938, 39.624126434326172 ] } },
{ "type": "Feature", "properties": { "city": "beijing", "candidate_source": "place_village_hamlet_locality", "id": "8754958761", "osm_type": "node", "place": "locality", "landuse": "None", "residential": "None", "name": "None" }, "geometry": { "type": "Point", "coordinates": [ 116.318458557128906, 39.626148223876953 ] } },
{ "type": "Feature", "properties": { "city": "beijing", "candidate_source": "place_village_hamlet_locality", "id": "8754958759", "osm_type": "node", "place": "locality", "landuse": "None", "residential": "None", "name": "None" }, "geometry": { "type": "Point", "coordinates": [ 116.315223693847656, 39.629074096679688 ] } },
{ "type": "Feature", "properties": { "city": "beijing", "candidate_source": "place_village_hamlet_locality", "id": "8754958758", "osm_type": "node", "place": "locality", "landuse": "None", "residential": "None", "name": "None" }, "geometry": { "type": "Point", "coordinates": [ 116.30841064453125, 39.63037109375 ] } },
{ "type": "Feature", "properties": { "city": "beijing", "candidate_source": "place_village_hamlet_locality", "id": "8754958760", "osm_type": "node", "place": "village", "landuse": "None", "residential": "None", "name": "None" }, "geometry": { "type": "Point", "coordinates": [ 116.31707763671875, 39.635154724121094 ] } },
{ "type": "Feature", "properties": { "city": "beijing", "candidate_source": "place_village_hamlet_locality", "id": "8754958756", "osm_type": "node", "place": "village", "landuse": "None", "residential": "None", "name": "None" }, "geometry": { "type": "Point", "coordinates": [ 116.351409912109375, 39.639945983886719 ] } },
{ "type": "Feature", "properties": { "city": "beijing", "candidate_source": "place_village_hamlet_locality", "id": "8754958755", "osm_type": "node", "place": "village", "landuse": "None", "residential": "None", "name": "None" }, "geometry": { "type": "Point", "coordinates": [ 116.318748474121094, 39.644069671630859 ] } },
{ "type": "Feature", "properties": { "city": "beijing", "candidate_source": "place_village_hamlet_locality", "id": "8754958754", "osm_type": "node", "place": "village", "landuse": "None", "residential": "None", "name": "None" }, "geometry": { "type": "Point", "coordinates": [ 116.313461303710938, 39.645225524902344 ] } },
{ "type": "Feature", "properties": { "city": "beijing", "candidate_source": "place_village_hamlet_locality", "id": "8755486874", "osm_type": "node", "place": "village", "landuse": "None", "residential": "None", "name": "None" }, "geometry": { "type": "Point", "coordinates": [ 116.367088317871094, 39.646541595458984 ] } },
{ "type": "Feature", "properties": { "city": "beijing", "candidate_source": "place_village_hamlet_locality", "id": "8754958753", "osm_type": "node", "place": "village", "landuse": "None", "residential": "None", "name": "None" }, "geometry": { "type": "Point", "coordinates": [ 116.300193786621094, 39.64935302734375 ] } },
{ "type": "Feature", "properties": { "city": "beijing", "candidate_source": "place_village_hamlet_locality", "id": "8754958757", "osm_type": "node", "place": "locality", "landuse": "None", "residential": "None", "name": "None" }, "geometry": { "type": "Point", "coordinates": [ 116.292953491210938, 39.630897521972656 ] } },
{ "type": "Feature", "properties": { "city": "beijing", "candidate_source": "place_village_hamlet_locality", "id": "8755443072", "osm_type": "node", "place": "village", "landuse": "None", "residential": "None", "name": "None" }, "geometry": { "type": "Point", "coordinates": [ 116.228042602539062, 39.631156921386719 ] } },
{ "type": "Feature", "properties": { "city": "beijing", "candidate_source": "place_village_hamlet_locality", "id": "8755443071", "osm_type": "node", "place": "village", "landuse": "None", "residential": "None", "name": "None" }, "geometry": { "type": "Point", "coordinates": [ 116.230812072753906, 39.639732360839844 ] } },
{ "type": "Feature", "properties": { "city": "beijing", "candidate_source": "place_village_hamlet_locality", "id": "8755486758", "osm_type": "node", "place": "village", "landuse": "None", "residential": "None", "name": "None" }, "geometry": { "type": "Point", "coordinates": [ 116.244178771972656, 39.64044189453125 ] } },
{ "type": "Feature", "properties": { "city": "beijing", "candidate_source": "place_village_hamlet_locality", "id": "8755486765", "osm_type": "node", "place": "village", "landuse": "None", "residential": "None", "name": "None" }, "geometry": { "type": "Point", "coordinates": [ 116.266410827636719, 39.640644073486328 ] } },
{ "type": "Feature", "properties": { "city": "beijing", "candidate_source": "place_village_hamlet_locality", "id": "8755486756", "osm_type": "node", "place": "village", "landuse": "None", "residential": "None", "name": "None" }, "geometry": { "type": "Point", "coordinates": [ 116.275321960449219, 39.649196624755859 ] } },
{ "type": "Feature", "properties": { "city": "beijing", "candidate_source": "place_village_hamlet_locality", "id": "8755486754", "osm_type": "node", "place": "village", "landuse": "None", "residential": "None", "name": "None" }, "geometry": { "type": "Point", "coordinates": [ 116.26593017578125, 39.650779724121094 ] } },
{ "type": "Feature", "properties": { "city": "beijing", "candidate_source": "place_village_hamlet_locality", "id": "8755486757", "osm_type": "node", "place": "village", "landuse": "None", "residential": "None", "name": "None" }, "geometry": { "type": "Point", "coordinates": [ 116.280502319335938, 39.651657104492188 ] } },
{ "type": "Feature", "properties": { "city": "beijing", "candidate_source": "place_village_hamlet_locality", "id": "8755486755", "osm_type": "node", "place": "village", "landuse": "None", "residential": "None", "name": "None" }, "geometry": { "type": "Point", "coordinates": [ 116.2718505859375, 39.651924133300781 ] } },
{ "type": "Feature", "properties": { "city": "beijing", "candidate_source": "place_village_hamlet_locality", "id": "8755486746", "osm_type": "node", "place": "village", "landuse": "None", "residential": "None", "name": "None" }, "geometry": { "type": "Point", "coordinates": [ 116.235115051269531, 39.653244018554688 ] } },
{ "type": "Feature", "properties": { "city": "beijing", "candidate_source": "place_village_hamlet_locality", "id": "8754958504", "osm_type": "node", "place": "locality", "landuse": "None", "residential": "None", "name": "None" }, "geometry": { "type": "Point", "coordinates": [ 116.445259094238281, 39.553623199462891 ] } },
{ "type": "Feature", "properties": { "city": "beijing", "candidate_source": "place_village_hamlet_locality", "id": "8754958502", "osm_type": "node", "place": "locality", "landuse": "None", "residential": "None", "name": "None" }, "geometry": { "type": "Point", "coordinates": [ 116.448646545410156, 39.556644439697266 ] } },
{ "type": "Feature", "properties": { "city": "beijing", "candidate_source": "place_village_hamlet_locality", "id": "8754958503", "osm_type": "node", "place": "locality", "landuse": "None", "residential": "None", "name": "None" }, "geometry": { "type": "Point", "coordinates": [ 116.445465087890625, 39.557476043701172 ] } },
{ "type": "Feature", "properties": { "city": "beijing", "candidate_source": "place_village_hamlet_locality", "id": "8754958505", "osm_type": "node", "place": "locality", "landuse": "None", "residential": "None", "name": "None" }, "geometry": { "type": "Point", "coordinates": [ 116.490028381347656, 39.559860229492188 ] } },
{ "type": "Feature", "properties": { "city": "beijing", "candidate_source": "place_village_hamlet_locality", "id": "8754958496", "osm_type": "node", "place": "village", "landuse": "None", "residential": "None", "name": "None" }, "geometry": { "type": "Point", "coordinates": [ 116.470932006835938, 39.561931610107422 ] } },
{ "type": "Feature", "properties": { "city": "beijing", "candidate_source": "place_village_hamlet_locality", "id": "8754958497", "osm_type": "node", "place": "village", "landuse": "None", "residential": "None", "name": "None" }, "geometry": { "type": "Point", "coordinates": [ 116.477890014648438, 39.564861297607422 ] } },
{ "type": "Feature", "properties": { "city": "beijing", "candidate_source": "place_village_hamlet_locality", "id": "8754958498", "osm_type": "node", "place": "village", "landuse": "None", "residential": "None", "name": "None" }, "geometry": { "type": "Point", "coordinates": [ 116.488540649414062, 39.568222045898438 ] } },
{ "type": "Feature", "properties": { "city": "beijing", "candidate_source": "place_village_hamlet_locality", "id": "8754958494", "osm_type": "node", "place": "village", "landuse": "None", "residential": "None", "name": "None" }, "geometry": { "type": "Point", "coordinates": [ 116.498725891113281, 39.575820922851562 ] } },
{ "type": "Feature", "properties": { "city": "beijing", "candidate_source": "place_village_hamlet_locality", "id": "8754958492", "osm_type": "node", "place": "village", "landuse": "None", "residential": "None", "name": "None" }, "geometry": { "type": "Point", "coordinates": [ 116.440048217773438, 39.575912475585938 ] } },
{ "type": "Feature", "properties": { "city": "beijing", "candidate_source": "place_village_hamlet_locality", "id": "8754958493", "osm_type": "node", "place": "village", "landuse": "None", "residential": "None", "name": "None" }, "geometry": { "type": "Point", "coordinates": [ 116.463020324707031, 39.576866149902344 ] } },
{ "type": "Feature", "properties": { "city": "beijing", "candidate_source": "place_village_hamlet_locality", "id": "8754958295", "osm_type": "node", "place": "hamlet", "landuse": "None", "residential": "None", "name": "None" }, "geometry": { "type": "Point", "coordinates": [ 116.474327087402344, 39.581455230712891 ] } },
{ "type": "Feature", "properties": { "city": "beijing", "candidate_source": "place_village_hamlet_locality", "id": "8754958277", "osm_type": "node", "place": "village", "landuse": "None", "residential": "None", "name": "None" }, "geometry": { "type": "Point", "coordinates": [ 116.478729248046875, 39.581771850585938 ] } },
{ "type": "Feature", "properties": { "city": "beijing", "candidate_source": "place_village_hamlet_locality", "id": "8754958275", "osm_type": "node", "place": "village", "landuse": "None", "residential": "None", "name": "None" }, "geometry": { "type": "Point", "coordinates": [ 116.443206787109375, 39.596443176269531 ] } },
{ "type": "Feature", "properties": { "city": "beijing", "candidate_source": "place_village_hamlet_locality", "id": "8754958266", "osm_type": "node", "place": "village", "landuse": "None", "residential": "None", "name": "None" }, "geometry": { "type": "Point", "coordinates": [ 116.480293273925781, 39.5985107421875 ] } },
{ "type": "Feature", "properties": { "city": "beijing", "candidate_source": "place_village_hamlet_locality", "id": "8754958267", "osm_type": "node", "place": "village", "landuse": "None", "residential": "None", "name": "None" }, "geometry": { "type": "Point", "coordinates": [ 116.486236572265625, 39.599266052246094 ] } },
{ "type": "Feature", "properties": { "city": "beijing", "candidate_source": "place_village_hamlet_locality", "id": "8754958265", "osm_type": "node", "place": "village", "landuse": "None", "residential": "None", "name": "None" }, "geometry": { "type": "Point", "coordinates": [ 116.4580078125, 39.604660034179688 ] } },
{ "type": "Feature", "properties": { "city": "beijing", "candidate_source": "place_village_hamlet_locality", "id": "8754958233", "osm_type": "node", "place": "village", "landuse": "None", "residential": "None", "name": "None" }, "geometry": { "type": "Point", "coordinates": [ 116.492591857910156, 39.611213684082031 ] } },
{ "type": "Feature", "properties": { "city": "beijing", "candidate_source": "place_village_hamlet_locality", "id": "8754958246", "osm_type": "node", "place": "village", "landuse": "None", "residential": "None", "name": "None" }, "geometry": { "type": "Point", "coordinates": [ 116.495796203613281, 39.612373352050781 ] } },
{ "type": "Feature", "properties": { "city": "beijing", "candidate_source": "place_village_hamlet_locality", "id": "8754958296", "osm_type": "node", "place": "village", "landuse": "None", "residential": "None", "name": "None" }, "geometry": { "type": "Point", "coordinates": [ 116.503334045410156, 39.582614898681641 ] } },
{ "type": "Feature", "properties": { "city": "beijing", "candidate_source": "place_village_hamlet_locality", "id": "8754958274", "osm_type": "node", "place": "village", "landuse": "None", "residential": "None", "name": "None" }, "geometry": { "type": "Point", "coordinates": [ 116.507057189941406, 39.595161437988281 ] } },
{ "type": "Feature", "properties": { "city": "beijing", "candidate_source": "place_village_hamlet_locality", "id": "8754958272", "osm_type": "node", "place": "village", "landuse": "None", "residential": "None", "name": "None" }, "geometry": { "type": "Point", "coordinates": [ 116.513389587402344, 39.597831726074219 ] } },
{ "type": "Feature", "properties": { "city": "beijing", "candidate_source": "place_village_hamlet_locality", "id": "8754958273", "osm_type": "node", "place": "village", "landuse": "None", "residential": "None", "name": "None" }, "geometry": { "type": "Point", "coordinates": [ 116.539306640625, 39.603080749511719 ] } },
{ "type": "Feature", "properties": { "city": "beijing", "candidate_source": "place_village_hamlet_locality", "id": "8754958247", "osm_type": "node", "place": "village", "landuse": "None", "residential": "None", "name": "None" }, "geometry": { "type": "Point", "coordinates": [ 116.528007507324219, 39.615314483642578 ] } },
{ "type": "Feature", "properties": { "city": "beijing", "candidate_source": "place_village_hamlet_locality", "id": "8754958248", "osm_type": "node", "place": "village", "landuse": "None", "residential": "None", "name": "None" }, "geometry": { "type": "Point", "coordinates": [ 116.551986694335938, 39.6136474609375 ] } },
{ "type": "Feature", "properties": { "city": "beijing", "candidate_source": "place_village_hamlet_locality", "id": "8755486981", "osm_type": "node", "place": "village", "landuse": "None", "residential": "None", "name": "None" }, "geometry": { "type": "Point", "coordinates": [ 116.581047058105469, 39.624885559082031 ] } },
{ "type": "Feature", "properties": { "city": "beijing", "candidate_source": "place_village_hamlet_locality", "id": "8755486980", "osm_type": "node", "place": "village", "landuse": "None", "residential": "None", "name": "None" }, "geometry": { "type": "Point", "coordinates": [ 116.569839477539062, 39.625068664550781 ] } },
{ "type": "Feature", "properties": { "city": "beijing", "candidate_source": "place_village_hamlet_locality", "id": "8755486905", "osm_type": "node", "place": "village", "landuse": "None", "residential": "None", "name": "None" }, "geometry": { "type": "Point", "coordinates": [ 116.396690368652344, 39.61273193359375 ] } },
{ "type": "Feature", "properties": { "city": "beijing", "candidate_source": "place_village_hamlet_locality", "id": "8755486906", "osm_type": "node", "place": "village", "landuse": "None", "residential": "None", "name": "None" }, "geometry": { "type": "Point", "coordinates": [ 116.406639099121094, 39.612770080566406 ] } },
{ "type": "Feature", "properties": { "city": "beijing", "candidate_source": "place_village_hamlet_locality", "id": "8755486909", "osm_type": "node", "place": "village", "landuse": "None", "residential": "None", "name": "None" }, "geometry": { "type": "Point", "coordinates": [ 116.418205261230469, 39.613380432128906 ] } },
{ "type": "Feature", "properties": { "city": "beijing", "candidate_source": "place_village_hamlet_locality", "id": "8755486904", "osm_type": "node", "place": "village", "landuse": "None", "residential": "None", "name": "None" }, "geometry": { "type": "Point", "coordinates": [ 116.383644104003906, 39.614109039306641 ] } },
{ "type": "Feature", "properties": { "city": "beijing", "candidate_source": "place_village_hamlet_locality", "id": "8755486907", "osm_type": "node", "place": "village", "landuse": "None", "residential": "None", "name": "None" }, "geometry": { "type": "Point", "coordinates": [ 116.419021606445312, 39.616783142089844 ] } },
{ "type": "Feature", "properties": { "city": "beijing", "candidate_source": "place_village_hamlet_locality", "id": "8755486908", "osm_type": "node", "place": "village", "landuse": "None", "residential": "None", "name": "None" }, "geometry": { "type": "Point", "coordinates": [ 116.433502197265625, 39.618804931640625 ] } },
{ "type": "Feature", "properties": { "city": "beijing", "candidate_source": "place_village_hamlet_locality", "id": "8755486901", "osm_type": "node", "place": "village", "landuse": "None", "residential": "None", "name": "None" }, "geometry": { "type": "Point", "coordinates": [ 116.398681640625, 39.623928070068359 ] } },
{ "type": "Feature", "properties": { "city": "beijing", "candidate_source": "place_village_hamlet_locality", "id": "8755486880", "osm_type": "node", "place": "village", "landuse": "None", "residential": "None", "name": "None" }, "geometry": { "type": "Point", "coordinates": [ 116.392570495605469, 39.625919342041016 ] } },
{ "type": "Feature", "properties": { "city": "beijing", "candidate_source": "place_village_hamlet_locality", "id": "8755486903", "osm_type": "node", "place": "village", "landuse": "None", "residential": "None", "name": "None" }, "geometry": { "type": "Point", "coordinates": [ 116.424263000488281, 39.630069732666016 ] } },
{ "type": "Feature", "properties": { "city": "beijing", "candidate_source": "place_village_hamlet_locality", "id": "8755486902", "osm_type": "node", "place": "village", "landuse": "None", "residential": "None", "name": "None" }, "geometry": { "type": "Point", "coordinates": [ 116.417167663574219, 39.630107879638672 ] } },
{ "type": "Feature", "properties": { "city": "beijing", "candidate_source": "place_village_hamlet_locality", "id": "8754958227", "osm_type": "node", "place": "village", "landuse": "None", "residential": "None", "name": "None" }, "geometry": { "type": "Point", "coordinates": [ 116.458747863769531, 39.614799499511719 ] } },
{ "type": "Feature", "properties": { "city": "beijing", "candidate_source": "place_village_hamlet_locality", "id": "8754913213", "osm_type": "node", "place": "village", "landuse": "None", "residential": "None", "name": "None" }, "geometry": { "type": "Point", "coordinates": [ 116.450492858886719, 39.616531372070312 ] } },
{ "type": "Feature", "properties": { "city": "beijing", "candidate_source": "place_village_hamlet_locality", "id": "8754913211", "osm_type": "node", "place": "village", "landuse": "None", "residential": "None", "name": "None" }, "geometry": { "type": "Point", "coordinates": [ 116.489433288574219, 39.618190765380859 ] } },
{ "type": "Feature", "properties": { "city": "beijing", "candidate_source": "place_village_hamlet_locality", "id": "8754913210", "osm_type": "node", "place": "village", "landuse": "None", "residential": "None", "name": "None" }, "geometry": { "type": "Point", "coordinates": [ 116.486228942871094, 39.62042236328125 ] } },
{ "type": "Feature", "properties": { "city": "beijing", "candidate_source": "place_village_hamlet_locality", "id": "8754913202", "osm_type": "node", "place": "village", "landuse": "None", "residential": "None", "name": "None" }, "geometry": { "type": "Point", "coordinates": [ 116.44500732421875, 39.625576019287109 ] } },
{ "type": "Feature", "properties": { "city": "beijing", "candidate_source": "place_village_hamlet_locality", "id": "8754913207", "osm_type": "node", "place": "village", "landuse": "None", "residential": "None", "name": "None" }, "geometry": { "type": "Point", "coordinates": [ 116.456336975097656, 39.628124237060547 ] } },
{ "type": "Feature", "properties": { "city": "beijing", "candidate_source": "place_village_hamlet_locality", "id": "8754913208", "osm_type": "node", "place": "village", "landuse": "None", "residential": "None", "name": "None" }, "geometry": { "type": "Point", "coordinates": [ 116.47039794921875, 39.628948211669922 ] } },
{ "type": "Feature", "properties": { "city": "beijing", "candidate_source": "place_village_hamlet_locality", "id": "8754913209", "osm_type": "node", "place": "locality", "landuse": "None", "residential": "None", "name": "None" }, "geometry": { "type": "Point", "coordinates": [ 116.487434387207031, 39.631797790527344 ] } },
{ "type": "Feature", "properties": { "city": "beijing", "candidate_source": "place_village_hamlet_locality", "id": "8755486835", "osm_type": "node", "place": "village", "landuse": "None", "residential": "None", "name": "None" }, "geometry": { "type": "Point", "coordinates": [ 116.451202392578125, 39.645244598388672 ] } },
{ "type": "Feature", "properties": { "city": "beijing", "candidate_source": "place_village_hamlet_locality", "id": "8754913195", "osm_type": "node", "place": "village", "landuse": "None", "residential": "None", "name": "None" }, "geometry": { "type": "Point", "coordinates": [ 116.493034362792969, 39.646305084228516 ] } },
{ "type": "Feature", "properties": { "city": "beijing", "candidate_source": "place_village_hamlet_locality", "id": "8754913212", "osm_type": "node", "place": "village", "landuse": "None", "residential": "None", "name": "None" }, "geometry": { "type": "Point", "coordinates": [ 116.50048828125, 39.618091583251953 ] } },
{ "type": "Feature", "properties": { "city": "beijing", "candidate_source": "place_village_hamlet_locality", "id": "8754913201", "osm_type": "node", "place": "village", "landuse": "None", "residential": "None", "name": "None" }, "geometry": { "type": "Point", "coordinates": [ 116.545280456542969, 39.633773803710938 ] } },
{ "type": "Feature", "properties": { "city": "beijing", "candidate_source": "place_village_hamlet_locality", "id": "8754913198", "osm_type": "node", "place": "village", "landuse": "None", "residential": "None", "name": "None" }, "geometry": { "type": "Point", "coordinates": [ 116.514427185058594, 39.633800506591797 ] } },
{ "type": "Feature", "properties": { "city": "beijing", "candidate_source": "place_village_hamlet_locality", "id": "8754913199", "osm_type": "node", "place": "village", "landuse": "None", "residential": "None", "name": "None" }, "geometry": { "type": "Point", "coordinates": [ 116.526679992675781, 39.636142730712891 ] } },
{ "type": "Feature", "properties": { "city": "beijing", "candidate_source": "place_village_hamlet_locality", "id": "8754913200", "osm_type": "node", "place": "village", "landuse": "None", "residential": "None", "name": "None" }, "geometry": { "type": "Point", "coordinates": [ 116.544563293457031, 39.638019561767578 ] } },
{ "type": "Feature", "properties": { "city": "beijing", "candidate_source": "place_village_hamlet_locality", "id": "8754913196", "osm_type": "node", "place": "village", "landuse": "None", "residential": "None", "name": "None" }, "geometry": { "type": "Point", "coordinates": [ 116.503791809082031, 39.64263916015625 ] } },
{ "type": "Feature", "properties": { "city": "beijing", "candidate_source": "place_village_hamlet_locality", "id": "8754913197", "osm_type": "node", "place": "village", "landuse": "None", "residential": "None", "name": "None" }, "geometry": { "type": "Point", "coordinates": [ 116.521530151367188, 39.650165557861328 ] } },
{ "type": "Feature", "properties": { "city": "beijing", "candidate_source": "place_village_hamlet_locality", "id": "8753399085", "osm_type": "node", "place": "village", "landuse": "None", "residential": "None", "name": "None" }, "geometry": { "type": "Point", "coordinates": [ 116.530197143554688, 39.657493591308594 ] } },
{ "type": "Feature", "properties": { "city": "beijing", "candidate_source": "place_village_hamlet_locality", "id": "8753399086", "osm_type": "node", "place": "village", "landuse": "None", "residential": "None", "name": "None" }, "geometry": { "type": "Point", "coordinates": [ 116.532760620117188, 39.657909393310547 ] } },
{ "type": "Feature", "properties": { "city": "beijing", "candidate_source": "place_village_hamlet_locality", "id": "8753399083", "osm_type": "node", "place": "village", "landuse": "None", "residential": "None", "name": "None" }, "geometry": { "type": "Point", "coordinates": [ 116.517021179199219, 39.657924652099609 ] } },
{ "type": "Feature", "properties": { "city": "beijing", "candidate_source": "place_village_hamlet_locality", "id": "8754913194", "osm_type": "node", "place": "village", "landuse": "None", "residential": "None", "name": "None" }, "geometry": { "type": "Point", "coordinates": [ 116.476951599121094, 39.650444030761719 ] } },
{ "type": "Feature", "properties": { "city": "beijing", "candidate_source": "place_village_hamlet_locality", "id": "8755486830", "osm_type": "node", "place": "village", "landuse": "None", "residential": "None", "name": "None" }, "geometry": { "type": "Point", "coordinates": [ 116.458045959472656, 39.652244567871094 ] } },
{ "type": "Feature", "properties": { "city": "beijing", "candidate_source": "place_village_hamlet_locality", "id": "8755486828", "osm_type": "node", "place": "village", "landuse": "None", "residential": "None", "name": "None" }, "geometry": { "type": "Point", "coordinates": [ 116.464370727539062, 39.660614013671875 ] } },
{ "type": "Feature", "properties": { "city": "beijing", "candidate_source": "place_village_hamlet_locality", "id": "8755486827", "osm_type": "node", "place": "village", "landuse": "None", "residential": "None", "name": "None" }, "geometry": { "type": "Point", "coordinates": [ 116.461700439453125, 39.660717010498047 ] } },
{ "type": "Feature", "properties": { "city": "beijing", "candidate_source": "place_village_hamlet_locality", "id": "9203567160", "osm_type": "node", "place": "village", "landuse": "None", "residential": "None", "name": "None" }, "geometry": { "type": "Point", "coordinates": [ 116.484848022460938, 39.660858154296875 ] } },
{ "type": "Feature", "properties": { "city": "beijing", "candidate_source": "place_village_hamlet_locality", "id": "8755486829", "osm_type": "node", "place": "village", "landuse": "None", "residential": "None", "name": "None" }, "geometry": { "type": "Point", "coordinates": [ 116.466865539550781, 39.662956237792969 ] } },
{ "type": "Feature", "properties": { "city": "beijing", "candidate_source": "place_village_hamlet_locality", "id": "8755486782", "osm_type": "node", "place": "village", "landuse": "None", "residential": "None", "name": "None" }, "geometry": { "type": "Point", "coordinates": [ 116.454154968261719, 39.675994873046875 ] } },
{ "type": "Feature", "properties": { "city": "beijing", "candidate_source": "place_village_hamlet_locality", "id": "8753399072", "osm_type": "node", "place": "village", "landuse": "None", "residential": "None", "name": "None" }, "geometry": { "type": "Point", "coordinates": [ 116.47735595703125, 39.678966522216797 ] } },
{ "type": "Feature", "properties": { "city": "beijing", "candidate_source": "place_village_hamlet_locality", "id": "8753399110", "osm_type": "node", "place": "village", "landuse": "None", "residential": "None", "name": "None" }, "geometry": { "type": "Point", "coordinates": [ 116.464378356933594, 39.681770324707031 ] } },
{ "type": "Feature", "properties": { "city": "beijing", "candidate_source": "place_village_hamlet_locality", "id": "8753399103", "osm_type": "node", "place": "village", "landuse": "None", "residential": "None", "name": "None" }, "geometry": { "type": "Point", "coordinates": [ 116.473869323730469, 39.691581726074219 ] } },
{ "type": "Feature", "properties": { "city": "beijing", "candidate_source": "place_village_hamlet_locality", "id": "8753399087", "osm_type": "node", "place": "village", "landuse": "None", "residential": "None", "name": "None" }, "geometry": { "type": "Point", "coordinates": [ 116.549468994140625, 39.660060882568359 ] } },
{ "type": "Feature", "properties": { "city": "beijing", "candidate_source": "place_village_hamlet_locality", "id": "8753399082", "osm_type": "node", "place": "village", "landuse": "None", "residential": "None", "name": "None" }, "geometry": { "type": "Point", "coordinates": [ 116.501983642578125, 39.660808563232422 ] } },
{ "type": "Feature", "properties": { "city": "beijing", "candidate_source": "place_village_hamlet_locality", "id": "8753399081", "osm_type": "node", "place": "village", "landuse": "None", "residential": "None", "name": "None" }, "geometry": { "type": "Point", "coordinates": [ 116.516326904296875, 39.663921356201172 ] } },
{ "type": "Feature", "properties": { "city": "beijing", "candidate_source": "place_village_hamlet_locality", "id": "8753399084", "osm_type": "node", "place": "village", "landuse": "None", "residential": "None", "name": "None" }, "geometry": { "type": "Point", "coordinates": [ 116.523429870605469, 39.664024353027344 ] } },
{ "type": "Feature", "properties": { "city": "beijing", "candidate_source": "place_village_hamlet_locality", "id": "8753399078", "osm_type": "node", "place": "locality", "landuse": "None", "residential": "None", "name": "None" }, "geometry": { "type": "Point", "coordinates": [ 116.506149291992188, 39.673103332519531 ] } },
{ "type": "Feature", "properties": { "city": "beijing", "candidate_source": "place_village_hamlet_locality", "id": "8753399073", "osm_type": "node", "place": "locality", "landuse": "None", "residential": "None", "name": "None" }, "geometry": { "type": "Point", "coordinates": [ 116.510971069335938, 39.674583435058594 ] } },
{ "type": "Feature", "properties": { "city": "beijing", "candidate_source": "place_village_hamlet_locality", "id": "8753399075", "osm_type": "node", "place": "locality", "landuse": "None", "residential": "None", "name": "None" }, "geometry": { "type": "Point", "coordinates": [ 116.511154174804688, 39.675945281982422 ] } },
{ "type": "Feature", "properties": { "city": "beijing", "candidate_source": "place_village_hamlet_locality", "id": "8753399076", "osm_type": "node", "place": "locality", "landuse": "None", "residential": "None", "name": "None" }, "geometry": { "type": "Point", "coordinates": [ 116.507431030273438, 39.678958892822266 ] } },
{ "type": "Feature", "properties": { "city": "beijing", "candidate_source": "place_village_hamlet_locality", "id": "8753399074", "osm_type": "node", "place": "village", "landuse": "None", "residential": "None", "name": "None" }, "geometry": { "type": "Point", "coordinates": [ 116.514572143554688, 39.68011474609375 ] } },
{ "type": "Feature", "properties": { "city": "beijing", "candidate_source": "place_village_hamlet_locality", "id": "8753399077", "osm_type": "node", "place": "locality", "landuse": "None", "residential": "None", "name": "None" }, "geometry": { "type": "Point", "coordinates": [ 116.506202697753906, 39.68450927734375 ] } },
{ "type": "Feature", "properties": { "city": "beijing", "candidate_source": "place_village_hamlet_locality", "id": "8755486858", "osm_type": "node", "place": "village", "landuse": "None", "residential": "None", "name": "None" }, "geometry": { "type": "Point", "coordinates": [ 116.376350402832031, 39.664039611816406 ] } },
{ "type": "Feature", "properties": { "city": "beijing", "candidate_source": "place_village_hamlet_locality", "id": "8754958228", "osm_type": "node", "place": "village", "landuse": "None", "residential": "None", "name": "None" }, "geometry": { "type": "Point", "coordinates": [ 116.405242919921875, 39.665542602539062 ] } },
{ "type": "Feature", "properties": { "city": "beijing", "candidate_source": "place_village_hamlet_locality", "id": "8755486799", "osm_type": "node", "place": "village", "landuse": "None", "residential": "None", "name": "None" }, "geometry": { "type": "Point", "coordinates": [ 116.436691284179688, 39.670177459716797 ] } },
{ "type": "Feature", "properties": { "city": "beijing", "candidate_source": "place_village_hamlet_locality", "id": "8755486790", "osm_type": "node", "place": "village", "landuse": "None", "residential": "None", "name": "None" }, "geometry": { "type": "Point", "coordinates": [ 116.383750915527344, 39.671672821044922 ] } },
{ "type": "Feature", "properties": { "city": "beijing", "candidate_source": "place_village_hamlet_locality", "id": "8755486777", "osm_type": "node", "place": "locality", "landuse": "None", "residential": "None", "name": "None" }, "geometry": { "type": "Point", "coordinates": [ 116.382247924804688, 39.683258056640625 ] } },
{ "type": "Feature", "properties": { "city": "beijing", "candidate_source": "place_village_hamlet_locality", "id": "8755486781", "osm_type": "node", "place": "village", "landuse": "None", "residential": "None", "name": "None" }, "geometry": { "type": "Point", "coordinates": [ 116.437980651855469, 39.683311462402344 ] } },
{ "type": "Feature", "properties": { "city": "beijing", "candidate_source": "place_village_hamlet_locality", "id": "8755486779", "osm_type": "node", "place": "locality", "landuse": "None", "residential": "None", "name": "None" }, "geometry": { "type": "Point", "coordinates": [ 116.411712646484375, 39.684364318847656 ] } },
{ "type": "Feature", "properties": { "city": "beijing", "candidate_source": "place_village_hamlet_locality", "id": "8755486778", "osm_type": "node", "place": "locality", "landuse": "None", "residential": "None", "name": "None" }, "geometry": { "type": "Point", "coordinates": [ 116.407257080078125, 39.6851806640625 ] } },
{ "type": "Feature", "properties": { "city": "beijing", "candidate_source": "place_village_hamlet_locality", "id": "8755486780", "osm_type": "node", "place": "village", "landuse": "None", "residential": "None", "name": "None" }, "geometry": { "type": "Point", "coordinates": [ 116.423347473144531, 39.69061279296875 ] } },
{ "type": "Feature", "properties": { "city": "beijing", "candidate_source": "place_village_hamlet_locality", "id": "8752430200", "osm_type": "node", "place": "locality", "landuse": "None", "residential": "None", "name": "None" }, "geometry": { "type": "Point", "coordinates": [ 116.402114868164062, 39.699771881103516 ] } },
{ "type": "Feature", "properties": { "city": "beijing", "candidate_source": "place_village_hamlet_locality", "id": "9249575162", "osm_type": "node", "place": "hamlet", "landuse": "None", "residential": "None", "name": "None" }, "geometry": { "type": "Point", "coordinates": [ 116.13262939453125, 39.771923065185547 ] } },
{ "type": "Feature", "properties": { "city": "beijing", "candidate_source": "place_village_hamlet_locality", "id": "8755486879", "osm_type": "node", "place": "village", "landuse": "None", "residential": "None", "name": "None" }, "geometry": { "type": "Point", "coordinates": [ 116.381553649902344, 39.638813018798828 ] } },
{ "type": "Feature", "properties": { "city": "beijing", "candidate_source": "place_village_hamlet_locality", "id": "8755486849", "osm_type": "node", "place": "village", "landuse": "None", "residential": "None", "name": "None" }, "geometry": { "type": "Point", "coordinates": [ 116.429450988769531, 39.642807006835938 ] } },
{ "type": "Feature", "properties": { "city": "beijing", "candidate_source": "place_village_hamlet_locality", "id": "8755486878", "osm_type": "node", "place": "village", "landuse": "None", "residential": "None", "name": "None" }, "geometry": { "type": "Point", "coordinates": [ 116.409629821777344, 39.643520355224609 ] } },
{ "type": "Feature", "properties": { "city": "beijing", "candidate_source": "place_village_hamlet_locality", "id": "8755486876", "osm_type": "node", "place": "village", "landuse": "None", "residential": "None", "name": "None" }, "geometry": { "type": "Point", "coordinates": [ 116.393142700195312, 39.646022796630859 ] } },
{ "type": "Feature", "properties": { "city": "beijing", "candidate_source": "place_village_hamlet_locality", "id": "8755486877", "osm_type": "node", "place": "village", "landuse": "None", "residential": "None", "name": "None" }, "geometry": { "type": "Point", "coordinates": [ 116.40570068359375, 39.647323608398438 ] } },
{ "type": "Feature", "properties": { "city": "beijing", "candidate_source": "place_village_hamlet_locality", "id": "8755486875", "osm_type": "node", "place": "village", "landuse": "None", "residential": "None", "name": "None" }, "geometry": { "type": "Point", "coordinates": [ 116.395248413085938, 39.649101257324219 ] } },
{ "type": "Feature", "properties": { "city": "beijing", "candidate_source": "place_village_hamlet_locality", "id": "8755486873", "osm_type": "node", "place": "village", "landuse": "None", "residential": "None", "name": "None" }, "geometry": { "type": "Point", "coordinates": [ 116.378837585449219, 39.653205871582031 ] } },
{ "type": "Feature", "properties": { "city": "beijing", "candidate_source": "place_village_hamlet_locality", "id": "8755486811", "osm_type": "node", "place": "village", "landuse": "None", "residential": "None", "name": "None" }, "geometry": { "type": "Point", "coordinates": [ 116.407905578613281, 39.65838623046875 ] } },
{ "type": "Feature", "properties": { "city": "beijing", "candidate_source": "place_village_hamlet_locality", "id": "8755486796", "osm_type": "node", "place": "village", "landuse": "None", "residential": "None", "name": "None" }, "geometry": { "type": "Point", "coordinates": [ 116.419471740722656, 39.662166595458984 ] } },
{ "type": "Feature", "properties": { "city": "beijing", "candidate_source": "place_village_hamlet_locality", "id": "8755486791", "osm_type": "node", "place": "village", "landuse": "None", "residential": "None", "name": "None" }, "geometry": { "type": "Point", "coordinates": [ 116.395172119140625, 39.662769317626953 ] } },
{ "type": "Feature", "properties": { "city": "beijing", "candidate_source": "place_village_hamlet_locality", "id": "8755486753", "osm_type": "node", "place": "village", "landuse": "None", "residential": "None", "name": "None" }, "geometry": { "type": "Point", "coordinates": [ 116.241950988769531, 39.655014038085938 ] } },
{ "type": "Feature", "properties": { "city": "beijing", "candidate_source": "place_village_hamlet_locality", "id": "8755486744", "osm_type": "node", "place": "village", "landuse": "None", "residential": "None", "name": "None" }, "geometry": { "type": "Point", "coordinates": [ 116.245704650878906, 39.659320831298828 ] } },
{ "type": "Feature", "properties": { "city": "beijing", "candidate_source": "place_village_hamlet_locality", "id": "8755486745", "osm_type": "node", "place": "village", "landuse": "None", "residential": "None", "name": "None" }, "geometry": { "type": "Point", "coordinates": [ 116.263557434082031, 39.660129547119141 ] } },
{ "type": "Feature", "properties": { "city": "beijing", "candidate_source": "place_village_hamlet_locality", "id": "8755486742", "osm_type": "node", "place": "locality", "landuse": "None", "residential": "None", "name": "None" }, "geometry": { "type": "Point", "coordinates": [ 116.293869018554688, 39.665599822998047 ] } },
{ "type": "Feature", "properties": { "city": "beijing", "candidate_source": "place_village_hamlet_locality", "id": "8755486741", "osm_type": "node", "place": "locality", "landuse": "None", "residential": "None", "name": "None" }, "geometry": { "type": "Point", "coordinates": [ 116.285140991210938, 39.667739868164062 ] } },
{ "type": "Feature", "properties": { "city": "beijing", "candidate_source": "place_village_hamlet_locality", "id": "8755486740", "osm_type": "node", "place": "village", "landuse": "None", "residential": "None", "name": "None" }, "geometry": { "type": "Point", "coordinates": [ 116.236427307128906, 39.670337677001953 ] } },
{ "type": "Feature", "properties": { "city": "beijing", "candidate_source": "place_village_hamlet_locality", "id": "8755486728", "osm_type": "node", "place": "village", "landuse": "None", "residential": "None", "name": "None" }, "geometry": { "type": "Point", "coordinates": [ 116.241775512695312, 39.675254821777344 ] } },
{ "type": "Feature", "properties": { "city": "beijing", "candidate_source": "place_village_hamlet_locality", "id": "8755486729", "osm_type": "node", "place": "village", "landuse": "None", "residential": "None", "name": "None" }, "geometry": { "type": "Point", "coordinates": [ 116.263572692871094, 39.676353454589844 ] } },
{ "type": "Feature", "properties": { "city": "beijing", "candidate_source": "place_village_hamlet_locality", "id": "8755486727", "osm_type": "node", "place": "locality", "landuse": "None", "residential": "None", "name": "None" }, "geometry": { "type": "Point", "coordinates": [ 116.2794189453125, 39.685802459716797 ] } },
{ "type": "Feature", "properties": { "city": "beijing", "candidate_source": "place_village_hamlet_locality", "id": "8755486724", "osm_type": "node", "place": "village", "landuse": "None", "residential": "None", "name": "None" }, "geometry": { "type": "Point", "coordinates": [ 116.253379821777344, 39.69207763671875 ] } },
{ "type": "Feature", "properties": { "city": "beijing", "candidate_source": "place_village_hamlet_locality", "id": "8752430154", "osm_type": "node", "place": "village", "landuse": "None", "residential": "None", "name": "None" }, "geometry": { "type": "Point", "coordinates": [ 116.348770141601562, 39.659236907958984 ] } },
{ "type": "Feature", "properties": { "city": "beijing", "candidate_source": "place_village_hamlet_locality", "id": "8755486864", "osm_type": "node", "place": "village", "landuse": "None", "residential": "None", "name": "None" }, "geometry": { "type": "Point", "coordinates": [ 116.355995178222656, 39.659385681152344 ] } },
{ "type": "Feature", "properties": { "city": "beijing", "candidate_source": "place_village_hamlet_locality", "id": "8755486738", "osm_type": "node", "place": "village", "landuse": "None", "residential": "None", "name": "None" }, "geometry": { "type": "Point", "coordinates": [ 116.300056457519531, 39.663917541503906 ] } },
{ "type": "Feature", "properties": { "city": "beijing", "candidate_source": "place_village_hamlet_locality", "id": "8752430153", "osm_type": "node", "place": "village", "landuse": "None", "residential": "None", "name": "None" }, "geometry": { "type": "Point", "coordinates": [ 116.34661865234375, 39.669193267822266 ] } },
{ "type": "Feature", "properties": { "city": "beijing", "candidate_source": "place_village_hamlet_locality", "id": "8755486743", "osm_type": "node", "place": "locality", "landuse": "None", "residential": "None", "name": "None" }, "geometry": { "type": "Point", "coordinates": [ 116.316932678222656, 39.672046661376953 ] } },
{ "type": "Feature", "properties": { "city": "beijing", "candidate_source": "place_village_hamlet_locality", "id": "8752430151", "osm_type": "node", "place": "village", "landuse": "None", "residential": "None", "name": "None" }, "geometry": { "type": "Point", "coordinates": [ 116.368576049804688, 39.673473358154297 ] } },
{ "type": "Feature", "properties": { "city": "beijing", "candidate_source": "place_village_hamlet_locality", "id": "8752430152", "osm_type": "node", "place": "village", "landuse": "None", "residential": "None", "name": "None" }, "geometry": { "type": "Point", "coordinates": [ 116.342460632324219, 39.674350738525391 ] } },
{ "type": "Feature", "properties": { "city": "beijing", "candidate_source": "place_village_hamlet_locality", "id": "8755486739", "osm_type": "node", "place": "locality", "landuse": "None", "residential": "None", "name": "None" }, "geometry": { "type": "Point", "coordinates": [ 116.317268371582031, 39.676132202148438 ] } },
{ "type": "Feature", "properties": { "city": "beijing", "candidate_source": "place_village_hamlet_locality", "id": "8755486770", "osm_type": "node", "place": "locality", "landuse": "None", "residential": "None", "name": "None" }, "geometry": { "type": "Point", "coordinates": [ 116.369224548339844, 39.687191009521484 ] } },
{ "type": "Feature", "properties": { "city": "beijing", "candidate_source": "place_village_hamlet_locality", "id": "8752430150", "osm_type": "node", "place": "village", "landuse": "None", "residential": "None", "name": "None" }, "geometry": { "type": "Point", "coordinates": [ 116.315574645996094, 39.688385009765625 ] } },
{ "type": "Feature", "properties": { "city": "beijing", "candidate_source": "place_village_hamlet_locality", "id": "8753399097", "osm_type": "node", "place": "village", "landuse": "None", "residential": "None", "name": "None" }, "geometry": { "type": "Point", "coordinates": [ 116.433708190917969, 39.701744079589844 ] } },
{ "type": "Feature", "properties": { "city": "beijing", "candidate_source": "place_village_hamlet_locality", "id": "8752430198", "osm_type": "node", "place": "village", "landuse": "None", "residential": "None", "name": "None" }, "geometry": { "type": "Point", "coordinates": [ 116.373710632324219, 39.702789306640625 ] } },
{ "type": "Feature", "properties": { "city": "beijing", "candidate_source": "place_village_hamlet_locality", "id": "8752430201", "osm_type": "node", "place": "locality", "landuse": "None", "residential": "None", "name": "None" }, "geometry": { "type": "Point", "coordinates": [ 116.403289794921875, 39.704494476318359 ] } },
{ "type": "Feature", "properties": { "city": "beijing", "candidate_source": "place_village_hamlet_locality", "id": "8752430199", "osm_type": "node", "place": "village", "landuse": "None", "residential": "None", "name": "None" }, "geometry": { "type": "Point", "coordinates": [ 116.389907836914062, 39.706295013427734 ] } },
{ "type": "Feature", "properties": { "city": "beijing", "candidate_source": "place_village_hamlet_locality", "id": "8752430202", "osm_type": "node", "place": "village", "landuse": "None", "residential": "None", "name": "None" }, "geometry": { "type": "Point", "coordinates": [ 116.419288635253906, 39.706344604492188 ] } },
{ "type": "Feature", "properties": { "city": "beijing", "candidate_source": "place_village_hamlet_locality", "id": "8752430189", "osm_type": "node", "place": "village", "landuse": "None", "residential": "None", "name": "None" }, "geometry": { "type": "Point", "coordinates": [ 116.374130249023438, 39.709278106689453 ] } },
{ "type": "Feature", "properties": { "city": "beijing", "candidate_source": "place_village_hamlet_locality", "id": "8752430190", "osm_type": "node", "place": "locality", "landuse": "None", "residential": "None", "name": "None" }, "geometry": { "type": "Point", "coordinates": [ 116.377357482910156, 39.711448669433594 ] } },
{ "type": "Feature", "properties": { "city": "beijing", "candidate_source": "place_village_hamlet_locality", "id": "8752430191", "osm_type": "node", "place": "village", "landuse": "None", "residential": "None", "name": "None" }, "geometry": { "type": "Point", "coordinates": [ 116.396743774414062, 39.715293884277344 ] } },
{ "type": "Feature", "properties": { "city": "beijing", "candidate_source": "place_village_hamlet_locality", "id": "8753399088", "osm_type": "node", "place": "village", "landuse": "None", "residential": "None", "name": "None" }, "geometry": { "type": "Point", "coordinates": [ 116.427421569824219, 39.718753814697266 ] } },
{ "type": "Feature", "properties": { "city": "beijing", "candidate_source": "place_village_hamlet_locality", "id": "8752430173", "osm_type": "node", "place": "village", "landuse": "None", "residential": "None", "name": "None" }, "geometry": { "type": "Point", "coordinates": [ 116.375480651855469, 39.71893310546875 ] } },
{ "type": "Feature", "properties": { "city": "beijing", "candidate_source": "place_village_hamlet_locality", "id": "8752430148", "osm_type": "node", "place": "locality", "landuse": "None", "residential": "None", "name": "None" }, "geometry": { "type": "Point", "coordinates": [ 116.321022033691406, 39.694667816162109 ] } },
{ "type": "Feature", "properties": { "city": "beijing", "candidate_source": "place_village_hamlet_locality", "id": "8752430149", "osm_type": "node", "place": "locality", "landuse": "None", "residential": "None", "name": "None" }, "geometry": { "type": "Point", "coordinates": [ 116.300590515136719, 39.695182800292969 ] } },
{ "type": "Feature", "properties": { "city": "beijing", "candidate_source": "place_village_hamlet_locality", "id": "8752430193", "osm_type": "node", "place": "village", "landuse": "None", "residential": "None", "name": "None" }, "geometry": { "type": "Point", "coordinates": [ 116.371368408203125, 39.698246002197266 ] } },
{ "type": "Feature", "properties": { "city": "beijing", "candidate_source": "place_village_hamlet_locality", "id": "8752430192", "osm_type": "node", "place": "village", "landuse": "None", "residential": "None", "name": "None" }, "geometry": { "type": "Point", "coordinates": [ 116.352279663085938, 39.699859619140625 ] } },
{ "type": "Feature", "properties": { "city": "beijing", "candidate_source": "place_village_hamlet_locality", "id": "8752430188", "osm_type": "node", "place": "village", "landuse": "None", "residential": "None", "name": "None" }, "geometry": { "type": "Point", "coordinates": [ 116.343177795410156, 39.710441589355469 ] } },
{ "type": "Feature", "properties": { "city": "beijing", "candidate_source": "place_village_hamlet_locality", "id": "8752430147", "osm_type": "node", "place": "locality", "landuse": "None", "residential": "None", "name": "None" }, "geometry": { "type": "Point", "coordinates": [ 116.326789855957031, 39.713085174560547 ] } },
{ "type": "Feature", "properties": { "city": "beijing", "candidate_source": "place_village_hamlet_locality", "id": "8752430145", "osm_type": "node", "place": "village", "landuse": "None", "residential": "None", "name": "None" }, "geometry": { "type": "Point", "coordinates": [ 116.347251892089844, 39.714435577392578 ] } },
{ "type": "Feature", "properties": { "city": "beijing", "candidate_source": "place_village_hamlet_locality", "id": "8752430168", "osm_type": "node", "place": "village", "landuse": "None", "residential": "None", "name": "None" }, "geometry": { "type": "Point", "coordinates": [ 116.36834716796875, 39.716529846191406 ] } },
{ "type": "Feature", "properties": { "city": "beijing", "candidate_source": "place_village_hamlet_locality", "id": "8752430164", "osm_type": "node", "place": "village", "landuse": "None", "residential": "None", "name": "None" }, "geometry": { "type": "Point", "coordinates": [ 116.313774108886719, 39.724697113037109 ] } },
{ "type": "Feature", "properties": { "city": "beijing", "candidate_source": "place_village_hamlet_locality", "id": "8752430165", "osm_type": "node", "place": "locality", "landuse": "None", "residential": "None", "name": "None" }, "geometry": { "type": "Point", "coordinates": [ 116.305717468261719, 39.72784423828125 ] } },
{ "type": "Feature", "properties": { "city": "beijing", "candidate_source": "place_village_hamlet_locality", "id": "8755486725", "osm_type": "node", "place": "village", "landuse": "None", "residential": "None", "name": "None" }, "geometry": { "type": "Point", "coordinates": [ 116.271484375, 39.694339752197266 ] } },
{ "type": "Feature", "properties": { "city": "beijing", "candidate_source": "place_village_hamlet_locality", "id": "8755486726", "osm_type": "node", "place": "locality", "landuse": "None", "residential": "None", "name": "None" }, "geometry": { "type": "Point", "coordinates": [ 116.291229248046875, 39.694473266601562 ] } },
{ "type": "Feature", "properties": { "city": "beijing", "candidate_source": "place_village_hamlet_locality", "id": "8755486718", "osm_type": "node", "place": "village", "landuse": "None", "residential": "None", "name": "None" }, "geometry": { "type": "Point", "coordinates": [ 116.243049621582031, 39.701446533203125 ] } },
{ "type": "Feature", "properties": { "city": "beijing", "candidate_source": "place_village_hamlet_locality", "id": "8752430167", "osm_type": "node", "place": "village", "landuse": "None", "residential": "None", "name": "None" }, "geometry": { "type": "Point", "coordinates": [ 116.284469604492188, 39.707046508789062 ] } },
{ "type": "Feature", "properties": { "city": "beijing", "candidate_source": "place_village_hamlet_locality", "id": "8752430166", "osm_type": "node", "place": "village", "landuse": "None", "residential": "None", "name": "None" }, "geometry": { "type": "Point", "coordinates": [ 116.282196044921875, 39.71044921875 ] } },
{ "type": "Feature", "properties": { "city": "beijing", "candidate_source": "place_village_hamlet_locality", "id": "726609975", "osm_type": "node", "place": "village", "landuse": "None", "residential": "None", "name": "None" }, "geometry": { "type": "Point", "coordinates": [ 116.267417907714844, 39.718605041503906 ] } },
{ "type": "Feature", "properties": { "city": "beijing", "candidate_source": "place_village_hamlet_locality", "id": "726609926", "osm_type": "node", "place": "village", "landuse": "None", "residential": "None", "name": "None" }, "geometry": { "type": "Point", "coordinates": [ 116.273338317871094, 39.720024108886719 ] } },
{ "type": "Feature", "properties": { "city": "beijing", "candidate_source": "place_village_hamlet_locality", "id": "726608773", "osm_type": "node", "place": "village", "landuse": "None", "residential": "None", "name": "None" }, "geometry": { "type": "Point", "coordinates": [ 116.288665771484375, 39.723239898681641 ] } },
{ "type": "Feature", "properties": { "city": "beijing", "candidate_source": "place_village_hamlet_locality", "id": "8752430163", "osm_type": "node", "place": "village", "landuse": "None", "residential": "None", "name": "None" }, "geometry": { "type": "Point", "coordinates": [ 116.255653381347656, 39.74969482421875 ] } },
{ "type": "Feature", "properties": { "city": "beijing", "candidate_source": "place_village_hamlet_locality", "id": "726611597", "osm_type": "node", "place": "village", "landuse": "None", "residential": "None", "name": "None" }, "geometry": { "type": "Point", "coordinates": [ 116.28662109375, 39.750045776367188 ] } },
{ "type": "Feature", "properties": { "city": "beijing", "candidate_source": "place_village_hamlet_locality", "id": "8752430144", "osm_type": "node", "place": "locality", "landuse": "None", "residential": "None", "name": "None" }, "geometry": { "type": "Point", "coordinates": [ 116.314155578613281, 39.739635467529297 ] } },
{ "type": "Feature", "properties": { "city": "beijing", "candidate_source": "place_village_hamlet_locality", "id": "8752430142", "osm_type": "node", "place": "locality", "landuse": "None", "residential": "None", "name": "None" }, "geometry": { "type": "Point", "coordinates": [ 116.330543518066406, 39.746440887451172 ] } },
{ "type": "Feature", "properties": { "city": "beijing", "candidate_source": "place_village_hamlet_locality", "id": "8752430141", "osm_type": "node", "place": "locality", "landuse": "None", "residential": "None", "name": "None" }, "geometry": { "type": "Point", "coordinates": [ 116.307136535644531, 39.747371673583984 ] } },
{ "type": "Feature", "properties": { "city": "beijing", "candidate_source": "place_village_hamlet_locality", "id": "8752430118", "osm_type": "node", "place": "locality", "landuse": "None", "residential": "None", "name": "None" }, "geometry": { "type": "Point", "coordinates": [ 116.306739807128906, 39.749340057373047 ] } },
{ "type": "Feature", "properties": { "city": "beijing", "candidate_source": "place_village_hamlet_locality", "id": "8752430143", "osm_type": "node", "place": "locality", "landuse": "None", "residential": "None", "name": "None" }, "geometry": { "type": "Point", "coordinates": [ 116.34283447265625, 39.749622344970703 ] } },
{ "type": "Feature", "properties": { "city": "beijing", "candidate_source": "place_village_hamlet_locality", "id": "8752430161", "osm_type": "node", "place": "village", "landuse": "None", "residential": "None", "name": "None" }, "geometry": { "type": "Point", "coordinates": [ 116.295890808105469, 39.752750396728516 ] } },
{ "type": "Feature", "properties": { "city": "beijing", "candidate_source": "place_village_hamlet_locality", "id": "8752430117", "osm_type": "node", "place": "village", "landuse": "None", "residential": "None", "name": "None" }, "geometry": { "type": "Point", "coordinates": [ 116.320701599121094, 39.754295349121094 ] } },
{ "type": "Feature", "properties": { "city": "beijing", "candidate_source": "place_village_hamlet_locality", "id": "8752430162", "osm_type": "node", "place": "village", "landuse": "None", "residential": "None", "name": "None" }, "geometry": { "type": "Point", "coordinates": [ 116.308799743652344, 39.754478454589844 ] } },
{ "type": "Feature", "properties": { "city": "beijing", "candidate_source": "place_village_hamlet_locality", "id": "8752418616", "osm_type": "node", "place": "village", "landuse": "None", "residential": "None", "name": "None" }, "geometry": { "type": "Point", "coordinates": [ 116.330513000488281, 39.763557434082031 ] } },
{ "type": "Feature", "properties": { "city": "beijing", "candidate_source": "place_village_hamlet_locality", "id": "8752430160", "osm_type": "node", "place": "village", "landuse": "None", "residential": "None", "name": "None" }, "geometry": { "type": "Point", "coordinates": [ 116.32855224609375, 39.769901275634766 ] } },
{ "type": "Feature", "properties": { "city": "beijing", "candidate_source": "place_village_hamlet_locality", "id": "9271036177", "osm_type": "node", "place": "hamlet", "landuse": "None", "residential": "None", "name": "None" }, "geometry": { "type": "Point", "coordinates": [ 116.273086547851562, 39.756587982177734 ] } },
{ "type": "Feature", "properties": { "city": "beijing", "candidate_source": "place_village_hamlet_locality", "id": "8752430159", "osm_type": "node", "place": "village", "landuse": "None", "residential": "None", "name": "None" }, "geometry": { "type": "Point", "coordinates": [ 116.253829956054688, 39.773731231689453 ] } },
{ "type": "Feature", "properties": { "city": "beijing", "candidate_source": "place_village_hamlet_locality", "id": "8752430155", "osm_type": "node", "place": "village", "landuse": "None", "residential": "None", "name": "None" }, "geometry": { "type": "Point", "coordinates": [ 116.274192810058594, 39.777553558349609 ] } },
{ "type": "Feature", "properties": { "city": "beijing", "candidate_source": "place_village_hamlet_locality", "id": "8232916163", "osm_type": "node", "place": "locality", "landuse": "None", "residential": "None", "name": "None" }, "geometry": { "type": "Point", "coordinates": [ 116.260833740234375, 39.779067993164062 ] } },
{ "type": "Feature", "properties": { "city": "beijing", "candidate_source": "place_village_hamlet_locality", "id": "8752430156", "osm_type": "node", "place": "village", "landuse": "None", "residential": "None", "name": "None" }, "geometry": { "type": "Point", "coordinates": [ 116.281845092773438, 39.781425476074219 ] } },
{ "type": "Feature", "properties": { "city": "beijing", "candidate_source": "place_village_hamlet_locality", "id": "8752430158", "osm_type": "node", "place": "village", "landuse": "None", "residential": "None", "name": "None" }, "geometry": { "type": "Point", "coordinates": [ 116.276695251464844, 39.784908294677734 ] } },
{ "type": "Feature", "properties": { "city": "beijing", "candidate_source": "place_village_hamlet_locality", "id": "726611833", "osm_type": "node", "place": "village", "landuse": "None", "residential": "None", "name": "None" }, "geometry": { "type": "Point", "coordinates": [ 116.261703491210938, 39.787872314453125 ] } },
{ "type": "Feature", "properties": { "city": "beijing", "candidate_source": "place_village_hamlet_locality", "id": "8752430157", "osm_type": "node", "place": "village", "landuse": "None", "residential": "None", "name": "None" }, "geometry": { "type": "Point", "coordinates": [ 116.276565551757812, 39.790111541748047 ] } },
{ "type": "Feature", "properties": { "city": "beijing", "candidate_source": "place_village_hamlet_locality", "id": "6263660330", "osm_type": "node", "place": "village", "landuse": "None", "residential": "None", "name": "None" }, "geometry": { "type": "Point", "coordinates": [ 116.261962890625, 39.797176361083984 ] } },
{ "type": "Feature", "properties": { "city": "beijing", "candidate_source": "place_village_hamlet_locality", "id": "8753399068", "osm_type": "node", "place": "village", "landuse": "None", "residential": "None", "name": "None" }, "geometry": { "type": "Point", "coordinates": [ 116.543045043945312, 39.686431884765625 ] } },
{ "type": "Feature", "properties": { "city": "beijing", "candidate_source": "place_village_hamlet_locality", "id": "8753399066", "osm_type": "node", "place": "village", "landuse": "None", "residential": "None", "name": "None" }, "geometry": { "type": "Point", "coordinates": [ 116.540138244628906, 39.688461303710938 ] } },
{ "type": "Feature", "properties": { "city": "beijing", "candidate_source": "place_village_hamlet_locality", "id": "8753399055", "osm_type": "node", "place": "village", "landuse": "None", "residential": "None", "name": "None" }, "geometry": { "type": "Point", "coordinates": [ 116.536376953125, 39.688541412353516 ] } },
{ "type": "Feature", "properties": { "city": "beijing", "candidate_source": "place_village_hamlet_locality", "id": "8753399071", "osm_type": "node", "place": "village", "landuse": "None", "residential": "None", "name": "None" }, "geometry": { "type": "Point", "coordinates": [ 116.499824523925781, 39.690620422363281 ] } },
{ "type": "Feature", "properties": { "city": "beijing", "candidate_source": "place_village_hamlet_locality", "id": "8753399067", "osm_type": "node", "place": "village", "landuse": "None", "residential": "None", "name": "None" }, "geometry": { "type": "Point", "coordinates": [ 116.5455322265625, 39.695228576660156 ] } },
{ "type": "Feature", "properties": { "city": "beijing", "candidate_source": "place_village_hamlet_locality", "id": "8753399048", "osm_type": "node", "place": "village", "landuse": "None", "residential": "None", "name": "None" }, "geometry": { "type": "Point", "coordinates": [ 116.519943237304688, 39.695266723632812 ] } },
{ "type": "Feature", "properties": { "city": "beijing", "candidate_source": "place_village_hamlet_locality", "id": "8753399054", "osm_type": "node", "place": "village", "landuse": "None", "residential": "None", "name": "None" }, "geometry": { "type": "Point", "coordinates": [ 116.534950256347656, 39.695766448974609 ] } },
{ "type": "Feature", "properties": { "city": "beijing", "candidate_source": "place_village_hamlet_locality", "id": "8753399053", "osm_type": "node", "place": "village", "landuse": "None", "residential": "None", "name": "None" }, "geometry": { "type": "Point", "coordinates": [ 116.527816772460938, 39.696025848388672 ] } },
{ "type": "Feature", "properties": { "city": "beijing", "candidate_source": "place_village_hamlet_locality", "id": "8753399047", "osm_type": "node", "place": "village", "landuse": "None", "residential": "None", "name": "None" }, "geometry": { "type": "Point", "coordinates": [ 116.5107421875, 39.696098327636719 ] } },
{ "type": "Feature", "properties": { "city": "beijing", "candidate_source": "place_village_hamlet_locality", "id": "8753399046", "osm_type": "node", "place": "village", "landuse": "None", "residential": "None", "name": "None" }, "geometry": { "type": "Point", "coordinates": [ 116.50946044921875, 39.699577331542969 ] } },
{ "type": "Feature", "properties": { "city": "beijing", "candidate_source": "place_village_hamlet_locality", "id": "8753399098", "osm_type": "node", "place": "village", "landuse": "None", "residential": "None", "name": "None" }, "geometry": { "type": "Point", "coordinates": [ 116.44476318359375, 39.695747375488281 ] } },
{ "type": "Feature", "properties": { "city": "beijing", "candidate_source": "place_village_hamlet_locality", "id": "8753399099", "osm_type": "node", "place": "village", "landuse": "None", "residential": "None", "name": "None" }, "geometry": { "type": "Point", "coordinates": [ 116.453056335449219, 39.700824737548828 ] } },
{ "type": "Feature", "properties": { "city": "beijing", "candidate_source": "place_village_hamlet_locality", "id": "8753399100", "osm_type": "node", "place": "village", "landuse": "None", "residential": "None", "name": "None" }, "geometry": { "type": "Point", "coordinates": [ 116.490570068359375, 39.702491760253906 ] } },
{ "type": "Feature", "properties": { "city": "beijing", "candidate_source": "place_village_hamlet_locality", "id": "8753399101", "osm_type": "node", "place": "village", "landuse": "None", "residential": "None", "name": "None" }, "geometry": { "type": "Point", "coordinates": [ 116.494537353515625, 39.703399658203125 ] } },
{ "type": "Feature", "properties": { "city": "beijing", "candidate_source": "place_village_hamlet_locality", "id": "8753399102", "osm_type": "node", "place": "village", "landuse": "None", "residential": "None", "name": "None" }, "geometry": { "type": "Point", "coordinates": [ 116.498954772949219, 39.703578948974609 ] } },
{ "type": "Feature", "properties": { "city": "beijing", "candidate_source": "place_village_hamlet_locality", "id": "8753399096", "osm_type": "node", "place": "village", "landuse": "None", "residential": "None", "name": "None" }, "geometry": { "type": "Point", "coordinates": [ 116.458694458007812, 39.709323883056641 ] } },
{ "type": "Feature", "properties": { "city": "beijing", "candidate_source": "place_village_hamlet_locality", "id": "8753399095", "osm_type": "node", "place": "village", "landuse": "None", "residential": "None", "name": "None" }, "geometry": { "type": "Point", "coordinates": [ 116.442283630371094, 39.709354400634766 ] } },
{ "type": "Feature", "properties": { "city": "beijing", "candidate_source": "place_village_hamlet_locality", "id": "8753399094", "osm_type": "node", "place": "village", "landuse": "None", "residential": "None", "name": "None" }, "geometry": { "type": "Point", "coordinates": [ 116.473892211914062, 39.714969635009766 ] } },
{ "type": "Feature", "properties": { "city": "beijing", "candidate_source": "place_village_hamlet_locality", "id": "8753399093", "osm_type": "node", "place": "village", "landuse": "None", "residential": "None", "name": "None" }, "geometry": { "type": "Point", "coordinates": [ 116.453094482421875, 39.715499877929688 ] } },
{ "type": "Feature", "properties": { "city": "beijing", "candidate_source": "place_village_hamlet_locality", "id": "8753399091", "osm_type": "node", "place": "village", "landuse": "None", "residential": "None", "name": "None" }, "geometry": { "type": "Point", "coordinates": [ 116.468513488769531, 39.720943450927734 ] } },
{ "type": "Feature", "properties": { "city": "beijing", "candidate_source": "place_village_hamlet_locality", "id": "8753399045", "osm_type": "node", "place": "locality", "landuse": "None", "residential": "None", "name": "None" }, "geometry": { "type": "Point", "coordinates": [ 116.519386291503906, 39.715167999267578 ] } },
{ "type": "Feature", "properties": { "city": "beijing", "candidate_source": "place_village_hamlet_locality", "id": "7641974053", "osm_type": "node", "place": "locality", "landuse": "None", "residential": "None", "name": "None" }, "geometry": { "type": "Point", "coordinates": [ 116.539115905761719, 39.723239898681641 ] } },
{ "type": "Feature", "properties": { "city": "beijing", "candidate_source": "place_village_hamlet_locality", "id": "7641974052", "osm_type": "node", "place": "locality", "landuse": "None", "residential": "None", "name": "None" }, "geometry": { "type": "Point", "coordinates": [ 116.547042846679688, 39.724048614501953 ] } },
{ "type": "Feature", "properties": { "city": "beijing", "candidate_source": "place_village_hamlet_locality", "id": "7641974054", "osm_type": "node", "place": "locality", "landuse": "None", "residential": "None", "name": "None" }, "geometry": { "type": "Point", "coordinates": [ 116.538223266601562, 39.727527618408203 ] } },
{ "type": "Feature", "properties": { "city": "beijing", "candidate_source": "place_village_hamlet_locality", "id": "8753399044", "osm_type": "node", "place": "locality", "landuse": "None", "residential": "None", "name": "None" }, "geometry": { "type": "Point", "coordinates": [ 116.517440795898438, 39.730014801025391 ] } },
{ "type": "Feature", "properties": { "city": "beijing", "candidate_source": "place_village_hamlet_locality", "id": "8753399043", "osm_type": "node", "place": "locality", "landuse": "None", "residential": "None", "name": "None" }, "geometry": { "type": "Point", "coordinates": [ 116.507675170898438, 39.731414794921875 ] } },
{ "type": "Feature", "properties": { "city": "beijing", "candidate_source": "place_village_hamlet_locality", "id": "7641974047", "osm_type": "node", "place": "locality", "landuse": "None", "residential": "None", "name": "None" }, "geometry": { "type": "Point", "coordinates": [ 116.547904968261719, 39.736618041992188 ] } },
{ "type": "Feature", "properties": { "city": "beijing", "candidate_source": "place_village_hamlet_locality", "id": "7641974046", "osm_type": "node", "place": "locality", "landuse": "None", "residential": "None", "name": "None" }, "geometry": { "type": "Point", "coordinates": [ 116.541816711425781, 39.737949371337891 ] } },
{ "type": "Feature", "properties": { "city": "beijing", "candidate_source": "place_village_hamlet_locality", "id": "8753399039", "osm_type": "node", "place": "locality", "landuse": "None", "residential": "None", "name": "None" }, "geometry": { "type": "Point", "coordinates": [ 116.532600402832031, 39.739459991455078 ] } },
{ "type": "Feature", "properties": { "city": "beijing", "candidate_source": "place_village_hamlet_locality", "id": "7641974055", "osm_type": "node", "place": "village", "landuse": "None", "residential": "None", "name": "None" }, "geometry": { "type": "Point", "coordinates": [ 116.545623779296875, 39.739604949951172 ] } },
{ "type": "Feature", "properties": { "city": "beijing", "candidate_source": "place_village_hamlet_locality", "id": "8753399092", "osm_type": "node", "place": "village", "landuse": "None", "residential": "None", "name": "None" }, "geometry": { "type": "Point", "coordinates": [ 116.470184326171875, 39.721199035644531 ] } },
{ "type": "Feature", "properties": { "city": "beijing", "candidate_source": "place_village_hamlet_locality", "id": "8753399079", "osm_type": "node", "place": "village", "landuse": "None", "residential": "None", "name": "None" }, "geometry": { "type": "Point", "coordinates": [ 116.47296142578125, 39.721263885498047 ] } },
{ "type": "Feature", "properties": { "city": "beijing", "candidate_source": "place_village_hamlet_locality", "id": "8753399090", "osm_type": "node", "place": "village", "landuse": "None", "residential": "None", "name": "None" }, "geometry": { "type": "Point", "coordinates": [ 116.460906982421875, 39.721752166748047 ] } },
{ "type": "Feature", "properties": { "city": "beijing", "candidate_source": "place_village_hamlet_locality", "id": "8753399089", "osm_type": "node", "place": "village", "landuse": "None", "residential": "None", "name": "None" }, "geometry": { "type": "Point", "coordinates": [ 116.450782775878906, 39.723339080810547 ] } },
{ "type": "Feature", "properties": { "city": "beijing", "candidate_source": "place_village_hamlet_locality", "id": "8753399040", "osm_type": "node", "place": "locality", "landuse": "None", "residential": "None", "name": "None" }, "geometry": { "type": "Point", "coordinates": [ 116.490676879882812, 39.730030059814453 ] } },
{ "type": "Feature", "properties": { "city": "beijing", "candidate_source": "place_village_hamlet_locality", "id": "726647473", "osm_type": "node", "place": "locality", "landuse": "None", "residential": "None", "name": "None" }, "geometry": { "type": "Point", "coordinates": [ 116.455955505371094, 39.730228424072266 ] } },
{ "type": "Feature", "properties": { "city": "beijing", "candidate_source": "place_village_hamlet_locality", "id": "8753399042", "osm_type": "node", "place": "locality", "landuse": "None", "residential": "None", "name": "None" }, "geometry": { "type": "Point", "coordinates": [ 116.494743347167969, 39.730255126953125 ] } },
{ "type": "Feature", "properties": { "city": "beijing", "candidate_source": "place_village_hamlet_locality", "id": "8753399041", "osm_type": "node", "place": "locality", "landuse": "None", "residential": "None", "name": "None" }, "geometry": { "type": "Point", "coordinates": [ 116.494415283203125, 39.7314453125 ] } },
{ "type": "Feature", "properties": { "city": "beijing", "candidate_source": "place_village_hamlet_locality", "id": "8753399038", "osm_type": "node", "place": "locality", "landuse": "None", "residential": "None", "name": "None" }, "geometry": { "type": "Point", "coordinates": [ 116.496971130371094, 39.733257293701172 ] } },
{ "type": "Feature", "properties": { "city": "beijing", "candidate_source": "place_village_hamlet_locality", "id": "8753399034", "osm_type": "node", "place": "locality", "landuse": "None", "residential": "None", "name": "None" }, "geometry": { "type": "Point", "coordinates": [ 116.459083557128906, 39.741878509521484 ] } },
{ "type": "Feature", "properties": { "city": "beijing", "candidate_source": "place_village_hamlet_locality", "id": "8752430174", "osm_type": "node", "place": "village", "landuse": "None", "residential": "None", "name": "None" }, "geometry": { "type": "Point", "coordinates": [ 116.417831420898438, 39.720085144042969 ] } },
{ "type": "Feature", "properties": { "city": "beijing", "candidate_source": "place_village_hamlet_locality", "id": "5260304033", "osm_type": "node", "place": "locality", "landuse": "None", "residential": "None", "name": "None" }, "geometry": { "type": "Point", "coordinates": [ 116.421653747558594, 39.725112915039062 ] } },
{ "type": "Feature", "properties": { "city": "beijing", "candidate_source": "place_village_hamlet_locality", "id": "8753383910", "osm_type": "node", "place": "village", "landuse": "None", "residential": "None", "name": "None" }, "geometry": { "type": "Point", "coordinates": [ 116.380401611328125, 39.746921539306641 ] } },
{ "type": "Feature", "properties": { "city": "beijing", "candidate_source": "place_village_hamlet_locality", "id": "8753399027", "osm_type": "node", "place": "village", "landuse": "None", "residential": "None", "name": "None" }, "geometry": { "type": "Point", "coordinates": [ 116.385757446289062, 39.747276306152344 ] } },
{ "type": "Feature", "properties": { "city": "beijing", "candidate_source": "place_village_hamlet_locality", "id": "8753399028", "osm_type": "node", "place": "village", "landuse": "None", "residential": "None", "name": "None" }, "geometry": { "type": "Point", "coordinates": [ 116.396232604980469, 39.750015258789062 ] } },
{ "type": "Feature", "properties": { "city": "beijing", "candidate_source": "place_village_hamlet_locality", "id": "8753399029", "osm_type": "node", "place": "village", "landuse": "None", "residential": "None", "name": "None" }, "geometry": { "type": "Point", "coordinates": [ 116.385299682617188, 39.754741668701172 ] } },
{ "type": "Feature", "properties": { "city": "beijing", "candidate_source": "place_village_hamlet_locality", "id": "8753383903", "osm_type": "node", "place": "village", "landuse": "None", "residential": "None", "name": "None" }, "geometry": { "type": "Point", "coordinates": [ 116.402931213378906, 39.757083892822266 ] } },
{ "type": "Feature", "properties": { "city": "beijing", "candidate_source": "place_village_hamlet_locality", "id": "8753399032", "osm_type": "node", "place": "locality", "landuse": "None", "residential": "None", "name": "None" }, "geometry": { "type": "Point", "coordinates": [ 116.435432434082031, 39.759471893310547 ] } },
{ "type": "Feature", "properties": { "city": "beijing", "candidate_source": "place_village_hamlet_locality", "id": "8753383901", "osm_type": "node", "place": "village", "landuse": "None", "residential": "None", "name": "None" }, "geometry": { "type": "Point", "coordinates": [ 116.3800048828125, 39.759918212890625 ] } },
{ "type": "Feature", "properties": { "city": "beijing", "candidate_source": "place_village_hamlet_locality", "id": "8753399031", "osm_type": "node", "place": "locality", "landuse": "None", "residential": "None", "name": "None" }, "geometry": { "type": "Point", "coordinates": [ 116.438423156738281, 39.760467529296875 ] } },
{ "type": "Feature", "properties": { "city": "beijing", "candidate_source": "place_village_hamlet_locality", "id": "2605689259", "osm_type": "node", "place": "village", "landuse": "None", "residential": "None", "name": "None" }, "geometry": { "type": "Point", "coordinates": [ 116.583999633789062, 39.744895935058594 ] } },
{ "type": "Feature", "properties": { "city": "beijing", "candidate_source": "place_village_hamlet_locality", "id": "7641974078", "osm_type": "node", "place": "village", "landuse": "None", "residential": "None", "name": "None" }, "geometry": { "type": "Point", "coordinates": [ 116.581298828125, 39.748405456542969 ] } },
{ "type": "Feature", "properties": { "city": "beijing", "candidate_source": "place_village_hamlet_locality", "id": "7641974044", "osm_type": "node", "place": "locality", "landuse": "None", "residential": "None", "name": "None" }, "geometry": { "type": "Point", "coordinates": [ 116.552322387695312, 39.750732421875 ] } },
{ "type": "Feature", "properties": { "city": "beijing", "candidate_source": "place_village_hamlet_locality", "id": "7641974040", "osm_type": "node", "place": "village", "landuse": "None", "residential": "None", "name": "None" }, "geometry": { "type": "Point", "coordinates": [ 116.553886413574219, 39.754039764404297 ] } },
{ "type": "Feature", "properties": { "city": "beijing", "candidate_source": "place_village_hamlet_locality", "id": "7641974039", "osm_type": "node", "place": "village", "landuse": "None", "residential": "None", "name": "None" }, "geometry": { "type": "Point", "coordinates": [ 116.553993225097656, 39.756183624267578 ] } },
{ "type": "Feature", "properties": { "city": "beijing", "candidate_source": "place_village_hamlet_locality", "id": "7641974037", "osm_type": "node", "place": "village", "landuse": "None", "residential": "None", "name": "None" }, "geometry": { "type": "Point", "coordinates": [ 116.553474426269531, 39.759059906005859 ] } },
{ "type": "Feature", "properties": { "city": "beijing", "candidate_source": "place_village_hamlet_locality", "id": "7641974079", "osm_type": "node", "place": "locality", "landuse": "None", "residential": "None", "name": "None" }, "geometry": { "type": "Point", "coordinates": [ 116.583686828613281, 39.762031555175781 ] } },
{ "type": "Feature", "properties": { "city": "beijing", "candidate_source": "place_village_hamlet_locality", "id": "7641974036", "osm_type": "node", "place": "village", "landuse": "None", "residential": "None", "name": "None" }, "geometry": { "type": "Point", "coordinates": [ 116.551025390625, 39.762393951416016 ] } },
{ "type": "Feature", "properties": { "city": "beijing", "candidate_source": "place_village_hamlet_locality", "id": "7641974080", "osm_type": "node", "place": "locality", "landuse": "None", "residential": "None", "name": "None" }, "geometry": { "type": "Point", "coordinates": [ 116.578628540039062, 39.767662048339844 ] } },
{ "type": "Feature", "properties": { "city": "beijing", "candidate_source": "place_village_hamlet_locality", "id": "727278329", "osm_type": "node", "place": "village", "landuse": "None", "residential": "None", "name": "None" }, "geometry": { "type": "Point", "coordinates": [ 116.574562072753906, 39.770214080810547 ] } },
{ "type": "Feature", "properties": { "city": "beijing", "candidate_source": "place_village_hamlet_locality", "id": "8753399036", "osm_type": "node", "place": "locality", "landuse": "None", "residential": "None", "name": "None" }, "geometry": { "type": "Point", "coordinates": [ 116.488319396972656, 39.745635986328125 ] } },
{ "type": "Feature", "properties": { "city": "beijing", "candidate_source": "place_village_hamlet_locality", "id": "8753399037", "osm_type": "node", "place": "locality", "landuse": "None", "residential": "None", "name": "None" }, "geometry": { "type": "Point", "coordinates": [ 116.486534118652344, 39.745635986328125 ] } },
{ "type": "Feature", "properties": { "city": "beijing", "candidate_source": "place_village_hamlet_locality", "id": "8753399035", "osm_type": "node", "place": "locality", "landuse": "None", "residential": "None", "name": "None" }, "geometry": { "type": "Point", "coordinates": [ 116.486549377441406, 39.751750946044922 ] } },
{ "type": "Feature", "properties": { "city": "beijing", "candidate_source": "place_village_hamlet_locality", "id": "8753399033", "osm_type": "node", "place": "village", "landuse": "None", "residential": "None", "name": "None" }, "geometry": { "type": "Point", "coordinates": [ 116.448249816894531, 39.7589111328125 ] } },
{ "type": "Feature", "properties": { "city": "beijing", "candidate_source": "place_village_hamlet_locality", "id": "726644953", "osm_type": "node", "place": "village", "landuse": "None", "residential": "None", "name": "None" }, "geometry": { "type": "Point", "coordinates": [ 116.445663452148438, 39.761203765869141 ] } },
{ "type": "Feature", "properties": { "city": "beijing", "candidate_source": "place_village_hamlet_locality", "id": "8752418602", "osm_type": "node", "place": "village", "landuse": "None", "residential": "None", "name": "None" }, "geometry": { "type": "Point", "coordinates": [ 116.496337890625, 39.76129150390625 ] } },
{ "type": "Feature", "properties": { "city": "beijing", "candidate_source": "place_village_hamlet_locality", "id": "8753399030", "osm_type": "node", "place": "locality", "landuse": "None", "residential": "None", "name": "None" }, "geometry": { "type": "Point", "coordinates": [ 116.461578369140625, 39.761699676513672 ] } },
{ "type": "Feature", "properties": { "city": "beijing", "candidate_source": "place_village_hamlet_locality", "id": "8752418603", "osm_type": "node", "place": "locality", "landuse": "None", "residential": "None", "name": "None" }, "geometry": { "type": "Point", "coordinates": [ 116.496246337890625, 39.766544342041016 ] } },
{ "type": "Feature", "properties": { "city": "beijing", "candidate_source": "place_village_hamlet_locality", "id": "8753383886", "osm_type": "node", "place": "village", "landuse": "None", "residential": "None", "name": "None" }, "geometry": { "type": "Point", "coordinates": [ 116.450614929199219, 39.803398132324219 ] } },
{ "type": "Feature", "properties": { "city": "beijing", "candidate_source": "place_village_hamlet_locality", "id": "8753383885", "osm_type": "node", "place": "village", "landuse": "None", "residential": "None", "name": "None" }, "geometry": { "type": "Point", "coordinates": [ 116.452728271484375, 39.804012298583984 ] } },
{ "type": "Feature", "properties": { "city": "beijing", "candidate_source": "place_village_hamlet_locality", "id": "8753383902", "osm_type": "node", "place": "village", "landuse": "None", "residential": "None", "name": "None" }, "geometry": { "type": "Point", "coordinates": [ 116.402931213378906, 39.761478424072266 ] } },
{ "type": "Feature", "properties": { "city": "beijing", "candidate_source": "place_village_hamlet_locality", "id": "8753383900", "osm_type": "node", "place": "village", "landuse": "None", "residential": "None", "name": "None" }, "geometry": { "type": "Point", "coordinates": [ 116.400421142578125, 39.765571594238281 ] } },
{ "type": "Feature", "properties": { "city": "beijing", "candidate_source": "place_village_hamlet_locality", "id": "8753383899", "osm_type": "node", "place": "village", "landuse": "None", "residential": "None", "name": "None" }, "geometry": { "type": "Point", "coordinates": [ 116.380950927734375, 39.767993927001953 ] } },
{ "type": "Feature", "properties": { "city": "beijing", "candidate_source": "place_village_hamlet_locality", "id": "8753383898", "osm_type": "node", "place": "village", "landuse": "None", "residential": "None", "name": "None" }, "geometry": { "type": "Point", "coordinates": [ 116.376815795898438, 39.776386260986328 ] } },
{ "type": "Feature", "properties": { "city": "beijing", "candidate_source": "place_village_hamlet_locality", "id": "8753383889", "osm_type": "node", "place": "village", "landuse": "None", "residential": "None", "name": "None" }, "geometry": { "type": "Point", "coordinates": [ 116.394287109375, 39.781013488769531 ] } },
{ "type": "Feature", "properties": { "city": "beijing", "candidate_source": "place_village_hamlet_locality", "id": "8753383890", "osm_type": "node", "place": "locality", "landuse": "None", "residential": "None", "name": "None" }, "geometry": { "type": "Point", "coordinates": [ 116.414810180664062, 39.781200408935547 ] } },
{ "type": "Feature", "properties": { "city": "beijing", "candidate_source": "place_village_hamlet_locality", "id": "8753383888", "osm_type": "node", "place": "village", "landuse": "None", "residential": "None", "name": "None" }, "geometry": { "type": "Point", "coordinates": [ 116.399131774902344, 39.784019470214844 ] } },
{ "type": "Feature", "properties": { "city": "beijing", "candidate_source": "place_village_hamlet_locality", "id": "8753383891", "osm_type": "node", "place": "locality", "landuse": "None", "residential": "None", "name": "None" }, "geometry": { "type": "Point", "coordinates": [ 116.417724609375, 39.784397125244141 ] } },
{ "type": "Feature", "properties": { "city": "beijing", "candidate_source": "place_village_hamlet_locality", "id": "8753383887", "osm_type": "node", "place": "village", "landuse": "None", "residential": "None", "name": "None" }, "geometry": { "type": "Point", "coordinates": [ 116.404396057128906, 39.784912109375 ] } },
{ "type": "Feature", "properties": { "city": "beijing", "candidate_source": "place_village_hamlet_locality", "id": "8753383882", "osm_type": "node", "place": "village", "landuse": "None", "residential": "None", "name": "None" }, "geometry": { "type": "Point", "coordinates": [ 116.438766479492188, 39.791316986083984 ] } },
{ "type": "Feature", "properties": { "city": "beijing", "candidate_source": "place_village_hamlet_locality", "id": "7641974045", "osm_type": "node", "place": "locality", "landuse": "None", "residential": "None", "name": "None" }, "geometry": { "type": "Point", "coordinates": [ 116.545822143554688, 39.747173309326172 ] } },
{ "type": "Feature", "properties": { "city": "beijing", "candidate_source": "place_village_hamlet_locality", "id": "7641974043", "osm_type": "node", "place": "locality", "landuse": "None", "residential": "None", "name": "None" }, "geometry": { "type": "Point", "coordinates": [ 116.543701171875, 39.750087738037109 ] } },
{ "type": "Feature", "properties": { "city": "beijing", "candidate_source": "place_village_hamlet_locality", "id": "7641974042", "osm_type": "node", "place": "village", "landuse": "None", "residential": "None", "name": "None" }, "geometry": { "type": "Point", "coordinates": [ 116.542037963867188, 39.755455017089844 ] } },
{ "type": "Feature", "properties": { "city": "beijing", "candidate_source": "place_village_hamlet_locality", "id": "7641974035", "osm_type": "node", "place": "village", "landuse": "None", "residential": "None", "name": "None" }, "geometry": { "type": "Point", "coordinates": [ 116.546966552734375, 39.759502410888672 ] } },
{ "type": "Feature", "properties": { "city": "beijing", "candidate_source": "place_village_hamlet_locality", "id": "7641974041", "osm_type": "node", "place": "village", "landuse": "None", "residential": "None", "name": "None" }, "geometry": { "type": "Point", "coordinates": [ 116.544937133789062, 39.759822845458984 ] } },
{ "type": "Feature", "properties": { "city": "beijing", "candidate_source": "place_village_hamlet_locality", "id": "7641974038", "osm_type": "node", "place": "village", "landuse": "None", "residential": "None", "name": "None" }, "geometry": { "type": "Point", "coordinates": [ 116.548820495605469, 39.765419006347656 ] } },
{ "type": "Feature", "properties": { "city": "beijing", "candidate_source": "place_village_hamlet_locality", "id": "727278048", "osm_type": "node", "place": "village", "landuse": "None", "residential": "None", "name": "None" }, "geometry": { "type": "Point", "coordinates": [ 116.548957824707031, 39.801429748535156 ] } },
{ "type": "Feature", "properties": { "city": "beijing", "candidate_source": "place_village_hamlet_locality", "id": "727277993", "osm_type": "node", "place": "village", "landuse": "None", "residential": "None", "name": "None" }, "geometry": { "type": "Point", "coordinates": [ 116.546363830566406, 39.8048095703125 ] } },
{ "type": "Feature", "properties": { "city": "beijing", "candidate_source": "place_village_hamlet_locality", "id": "701840266", "osm_type": "node", "place": "hamlet", "landuse": "None", "residential": "None", "name": "None" }, "geometry": { "type": "Point", "coordinates": [ 116.501441955566406, 39.823741912841797 ] } },
{ "type": "Feature", "properties": { "city": "beijing", "candidate_source": "place_village_hamlet_locality", "id": "701840779", "osm_type": "node", "place": "hamlet", "landuse": "None", "residential": "None", "name": "None" }, "geometry": { "type": "Point", "coordinates": [ 116.50054931640625, 39.82891845703125 ] } },
{ "type": "Feature", "properties": { "city": "beijing", "candidate_source": "place_village_hamlet_locality", "id": "701839657", "osm_type": "node", "place": "hamlet", "landuse": "None", "residential": "None", "name": "None" }, "geometry": { "type": "Point", "coordinates": [ 116.499534606933594, 39.821815490722656 ] } },
{ "type": "Feature", "properties": { "city": "beijing", "candidate_source": "place_village_hamlet_locality", "id": "701839846", "osm_type": "node", "place": "hamlet", "landuse": "None", "residential": "None", "name": "None" }, "geometry": { "type": "Point", "coordinates": [ 116.496192932128906, 39.824344635009766 ] } },
{ "type": "Feature", "properties": { "city": "beijing", "candidate_source": "place_village_hamlet_locality", "id": "5851112385", "osm_type": "node", "place": "village", "landuse": "None", "residential": "None", "name": "None" }, "geometry": { "type": "Point", "coordinates": [ 116.4432373046875, 39.828517913818359 ] } },
{ "type": "Feature", "properties": { "city": "beijing", "candidate_source": "place_village_hamlet_locality", "id": "5851112386", "osm_type": "node", "place": "village", "landuse": "None", "residential": "None", "name": "None" }, "geometry": { "type": "Point", "coordinates": [ 116.462509155273438, 39.830154418945312 ] } },
{ "type": "Feature", "properties": { "city": "beijing", "candidate_source": "place_village_hamlet_locality", "id": "5851112394", "osm_type": "node", "place": "village", "landuse": "None", "residential": "None", "name": "None" }, "geometry": { "type": "Point", "coordinates": [ 116.499168395996094, 39.831485748291016 ] } },
{ "type": "Feature", "properties": { "city": "beijing", "candidate_source": "place_village_hamlet_locality", "id": "5851112389", "osm_type": "node", "place": "village", "landuse": "None", "residential": "None", "name": "None" }, "geometry": { "type": "Point", "coordinates": [ 116.488265991210938, 39.833251953125 ] } },
{ "type": "Feature", "properties": { "city": "beijing", "candidate_source": "place_village_hamlet_locality", "id": "5851112390", "osm_type": "node", "place": "village", "landuse": "None", "residential": "None", "name": "None" }, "geometry": { "type": "Point", "coordinates": [ 116.464492797851562, 39.84185791015625 ] } },
{ "type": "Feature", "properties": { "city": "beijing", "candidate_source": "place_village_hamlet_locality", "id": "5851112387", "osm_type": "node", "place": "village", "landuse": "None", "residential": "None", "name": "None" }, "geometry": { "type": "Point", "coordinates": [ 116.449508666992188, 39.846321105957031 ] } },
{ "type": "Feature", "properties": { "city": "beijing", "candidate_source": "place_village_hamlet_locality", "id": "5851112392", "osm_type": "node", "place": "village", "landuse": "None", "residential": "None", "name": "None" }, "geometry": { "type": "Point", "coordinates": [ 116.477485656738281, 39.850494384765625 ] } },
{ "type": "Feature", "properties": { "city": "beijing", "candidate_source": "place_village_hamlet_locality", "id": "5851112393", "osm_type": "node", "place": "village", "landuse": "None", "residential": "None", "name": "None" }, "geometry": { "type": "Point", "coordinates": [ 116.4881591796875, 39.852092742919922 ] } },
{ "type": "Feature", "properties": { "city": "beijing", "candidate_source": "place_village_hamlet_locality", "id": "9244759470", "osm_type": "node", "place": "hamlet", "landuse": "None", "residential": "None", "name": "None" }, "geometry": { "type": "Point", "coordinates": [ 116.120628356933594, 39.771652221679688 ] } },
{ "type": "Feature", "properties": { "city": "beijing", "candidate_source": "place_village_hamlet_locality", "id": "9249575167", "osm_type": "node", "place": "hamlet", "landuse": "None", "residential": "None", "name": "None" }, "geometry": { "type": "Point", "coordinates": [ 116.182975769042969, 39.791572570800781 ] } },
{ "type": "Feature", "properties": { "city": "beijing", "candidate_source": "place_village_hamlet_locality", "id": "9249575168", "osm_type": "node", "place": "hamlet", "landuse": "None", "residential": "None", "name": "None" }, "geometry": { "type": "Point", "coordinates": [ 116.185844421386719, 39.7939453125 ] } },
{ "type": "Feature", "properties": { "city": "beijing", "candidate_source": "place_village_hamlet_locality", "id": "9249575169", "osm_type": "node", "place": "hamlet", "landuse": "None", "residential": "None", "name": "None" }, "geometry": { "type": "Point", "coordinates": [ 116.181793212890625, 39.794723510742188 ] } },
{ "type": "Feature", "properties": { "city": "beijing", "candidate_source": "place_village_hamlet_locality", "id": "6263660757", "osm_type": "node", "place": "village", "landuse": "None", "residential": "None", "name": "None" }, "geometry": { "type": "Point", "coordinates": [ 116.13629150390625, 39.772113800048828 ] } },
{ "type": "Feature", "properties": { "city": "beijing", "candidate_source": "place_village_hamlet_locality", "id": "9249575163", "osm_type": "node", "place": "hamlet", "landuse": "None", "residential": "None", "name": "None" }, "geometry": { "type": "Point", "coordinates": [ 116.14349365234375, 39.773571014404297 ] } },
{ "type": "Feature", "properties": { "city": "beijing", "candidate_source": "place_village_hamlet_locality", "id": "9244759442", "osm_type": "node", "place": "hamlet", "landuse": "None", "residential": "None", "name": "None" }, "geometry": { "type": "Point", "coordinates": [ 116.154243469238281, 39.780254364013672 ] } },
{ "type": "Feature", "properties": { "city": "beijing", "candidate_source": "place_village_hamlet_locality", "id": "9249575164", "osm_type": "node", "place": "hamlet", "landuse": "None", "residential": "None", "name": "None" }, "geometry": { "type": "Point", "coordinates": [ 116.139060974121094, 39.782779693603516 ] } },
{ "type": "Feature", "properties": { "city": "beijing", "candidate_source": "place_village_hamlet_locality", "id": "9249575165", "osm_type": "node", "place": "hamlet", "landuse": "None", "residential": "None", "name": "None" }, "geometry": { "type": "Point", "coordinates": [ 116.129844665527344, 39.783611297607422 ] } },
{ "type": "Feature", "properties": { "city": "beijing", "candidate_source": "place_village_hamlet_locality", "id": "9244759443", "osm_type": "node", "place": "hamlet", "landuse": "None", "residential": "None", "name": "None" }, "geometry": { "type": "Point", "coordinates": [ 116.143501281738281, 39.786746978759766 ] } },
{ "type": "Feature", "properties": { "city": "beijing", "candidate_source": "place_village_hamlet_locality", "id": "9244759444", "osm_type": "node", "place": "village", "landuse": "None", "residential": "None", "name": "None" }, "geometry": { "type": "Point", "coordinates": [ 116.13714599609375, 39.790763854980469 ] } },
{ "type": "Feature", "properties": { "city": "beijing", "candidate_source": "place_village_hamlet_locality", "id": "9249575171", "osm_type": "node", "place": "locality", "landuse": "None", "residential": "None", "name": "None" }, "geometry": { "type": "Point", "coordinates": [ 116.132522583007812, 39.797164916992188 ] } },
{ "type": "Feature", "properties": { "city": "beijing", "candidate_source": "place_village_hamlet_locality", "id": "9249575172", "osm_type": "node", "place": "locality", "landuse": "None", "residential": "None", "name": "None" }, "geometry": { "type": "Point", "coordinates": [ 116.129364013671875, 39.799312591552734 ] } },
{ "type": "Feature", "properties": { "city": "beijing", "candidate_source": "place_village_hamlet_locality", "id": "6263660756", "osm_type": "node", "place": "village", "landuse": "None", "residential": "None", "name": "None" }, "geometry": { "type": "Point", "coordinates": [ 116.151199340820312, 39.800033569335938 ] } },
{ "type": "Feature", "properties": { "city": "beijing", "candidate_source": "place_village_hamlet_locality", "id": "9244759448", "osm_type": "node", "place": "village", "landuse": "None", "residential": "None", "name": "None" }, "geometry": { "type": "Point", "coordinates": [ 116.120315551757812, 39.787151336669922 ] } },
{ "type": "Feature", "properties": { "city": "beijing", "candidate_source": "place_village_hamlet_locality", "id": "9249575176", "osm_type": "node", "place": "hamlet", "landuse": "None", "residential": "None", "name": "None" }, "geometry": { "type": "Point", "coordinates": [ 116.09552001953125, 39.788162231445312 ] } },
{ "type": "Feature", "properties": { "city": "beijing", "candidate_source": "place_village_hamlet_locality", "id": "9249575189", "osm_type": "node", "place": "locality", "landuse": "None", "residential": "None", "name": "None" }, "geometry": { "type": "Point", "coordinates": [ 116.095893859863281, 39.794197082519531 ] } },
{ "type": "Feature", "properties": { "city": "beijing", "candidate_source": "place_village_hamlet_locality", "id": "9249575173", "osm_type": "node", "place": "locality", "landuse": "None", "residential": "None", "name": "None" }, "geometry": { "type": "Point", "coordinates": [ 116.116905212402344, 39.800739288330078 ] } },
{ "type": "Feature", "properties": { "city": "beijing", "candidate_source": "place_village_hamlet_locality", "id": "6263660753", "osm_type": "node", "place": "village", "landuse": "None", "residential": "None", "name": "None" }, "geometry": { "type": "Point", "coordinates": [ 116.122779846191406, 39.800941467285156 ] } },
{ "type": "Feature", "properties": { "city": "beijing", "candidate_source": "place_village_hamlet_locality", "id": "9249575191", "osm_type": "node", "place": "locality", "landuse": "None", "residential": "None", "name": "None" }, "geometry": { "type": "Point", "coordinates": [ 116.104225158691406, 39.802780151367188 ] } },
{ "type": "Feature", "properties": { "city": "beijing", "candidate_source": "place_village_hamlet_locality", "id": "6263660754", "osm_type": "node", "place": "village", "landuse": "None", "residential": "None", "name": "None" }, "geometry": { "type": "Point", "coordinates": [ 116.092857360839844, 39.804969787597656 ] } },
{ "type": "Feature", "properties": { "city": "beijing", "candidate_source": "place_village_hamlet_locality", "id": "9249575190", "osm_type": "node", "place": "locality", "landuse": "None", "residential": "None", "name": "None" }, "geometry": { "type": "Point", "coordinates": [ 116.087631225585938, 39.806774139404297 ] } },
{ "type": "Feature", "properties": { "city": "beijing", "candidate_source": "place_village_hamlet_locality", "id": "6263660755", "osm_type": "node", "place": "hamlet", "landuse": "None", "residential": "None", "name": "None" }, "geometry": { "type": "Point", "coordinates": [ 116.126960754394531, 39.807258605957031 ] } },
{ "type": "Feature", "properties": { "city": "beijing", "candidate_source": "place_village_hamlet_locality", "id": "6263660748", "osm_type": "node", "place": "village", "landuse": "None", "residential": "None", "name": "None" }, "geometry": { "type": "Point", "coordinates": [ 116.189254760742188, 39.801567077636719 ] } },
{ "type": "Feature", "properties": { "city": "beijing", "candidate_source": "place_village_hamlet_locality", "id": "6263660749", "osm_type": "node", "place": "village", "landuse": "None", "residential": "None", "name": "None" }, "geometry": { "type": "Point", "coordinates": [ 116.202957153320312, 39.836181640625 ] } },
{ "type": "Feature", "properties": { "city": "beijing", "candidate_source": "place_village_hamlet_locality", "id": "6263660741", "osm_type": "node", "place": "village", "landuse": "None", "residential": "None", "name": "None" }, "geometry": { "type": "Point", "coordinates": [ 116.189590454101562, 39.851409912109375 ] } },
{ "type": "Feature", "properties": { "city": "beijing", "candidate_source": "place_village_hamlet_locality", "id": "9340815372", "osm_type": "node", "place": "locality", "landuse": "None", "residential": "None", "name": "None" }, "geometry": { "type": "Point", "coordinates": [ 116.173957824707031, 39.853675842285156 ] } },
{ "type": "Feature", "properties": { "city": "beijing", "candidate_source": "place_village_hamlet_locality", "id": "9340815371", "osm_type": "node", "place": "hamlet", "landuse": "None", "residential": "None", "name": "None" }, "geometry": { "type": "Point", "coordinates": [ 116.183815002441406, 39.854183197021484 ] } },
{ "type": "Feature", "properties": { "city": "beijing", "candidate_source": "place_village_hamlet_locality", "id": "8455985218", "osm_type": "node", "place": "hamlet", "landuse": "None", "residential": "None", "name": "None" }, "geometry": { "type": "Point", "coordinates": [ 116.075553894042969, 39.839859008789062 ] } },
{ "type": "Feature", "properties": { "city": "beijing", "candidate_source": "place_village_hamlet_locality", "id": "9249575198", "osm_type": "node", "place": "hamlet", "landuse": "None", "residential": "None", "name": "None" }, "geometry": { "type": "Point", "coordinates": [ 116.086898803710938, 39.843185424804688 ] } },
{ "type": "Feature", "properties": { "city": "beijing", "candidate_source": "place_village_hamlet_locality", "id": "8890001888", "osm_type": "node", "place": "locality", "landuse": "None", "residential": "None", "name": "None" }, "geometry": { "type": "Point", "coordinates": [ 116.060829162597656, 39.847263336181641 ] } },
{ "type": "Feature", "properties": { "city": "beijing", "candidate_source": "place_village_hamlet_locality", "id": "9249575175", "osm_type": "node", "place": "hamlet", "landuse": "None", "residential": "None", "name": "None" }, "geometry": { "type": "Point", "coordinates": [ 116.126914978027344, 39.811988830566406 ] } },
{ "type": "Feature", "properties": { "city": "beijing", "candidate_source": "place_village_hamlet_locality", "id": "9249575192", "osm_type": "node", "place": "locality", "landuse": "None", "residential": "None", "name": "None" }, "geometry": { "type": "Point", "coordinates": [ 116.097694396972656, 39.812435150146484 ] } },
{ "type": "Feature", "properties": { "city": "beijing", "candidate_source": "place_village_hamlet_locality", "id": "9249575193", "osm_type": "node", "place": "locality", "landuse": "None", "residential": "None", "name": "None" }, "geometry": { "type": "Point", "coordinates": [ 116.106735229492188, 39.818878173828125 ] } },
{ "type": "Feature", "properties": { "city": "beijing", "candidate_source": "place_village_hamlet_locality", "id": "9249575194", "osm_type": "node", "place": "hamlet", "landuse": "None", "residential": "None", "name": "None" }, "geometry": { "type": "Point", "coordinates": [ 116.120964050292969, 39.821239471435547 ] } },
{ "type": "Feature", "properties": { "city": "beijing", "candidate_source": "place_village_hamlet_locality", "id": "9352874677", "osm_type": "node", "place": "hamlet", "landuse": "None", "residential": "None", "name": "None" }, "geometry": { "type": "Point", "coordinates": [ 116.091133117675781, 39.823459625244141 ] } },
{ "type": "Feature", "properties": { "city": "beijing", "candidate_source": "place_village_hamlet_locality", "id": "6263660752", "osm_type": "node", "place": "village", "landuse": "None", "residential": "None", "name": "None" }, "geometry": { "type": "Point", "coordinates": [ 116.115936279296875, 39.830818176269531 ] } },
{ "type": "Feature", "properties": { "city": "beijing", "candidate_source": "place_village_hamlet_locality", "id": "9249575197", "osm_type": "node", "place": "hamlet", "landuse": "None", "residential": "None", "name": "None" }, "geometry": { "type": "Point", "coordinates": [ 116.089019775390625, 39.836727142333984 ] } },
{ "type": "Feature", "properties": { "city": "beijing", "candidate_source": "place_village_hamlet_locality", "id": "9249575196", "osm_type": "node", "place": "hamlet", "landuse": "None", "residential": "None", "name": "None" }, "geometry": { "type": "Point", "coordinates": [ 116.099418640136719, 39.838367462158203 ] } },
{ "type": "Feature", "properties": { "city": "beijing", "candidate_source": "place_village_hamlet_locality", "id": "6263660751", "osm_type": "node", "place": "village", "landuse": "None", "residential": "None", "name": "None" }, "geometry": { "type": "Point", "coordinates": [ 116.091697692871094, 39.839092254638672 ] } },
{ "type": "Feature", "properties": { "city": "beijing", "candidate_source": "place_village_hamlet_locality", "id": "6263660744", "osm_type": "node", "place": "village", "landuse": "None", "residential": "None", "name": "None" }, "geometry": { "type": "Point", "coordinates": [ 116.114646911621094, 39.848342895507812 ] } },
{ "type": "Feature", "properties": { "city": "beijing", "candidate_source": "place_village_hamlet_locality", "id": "9249575170", "osm_type": "node", "place": "locality", "landuse": "None", "residential": "None", "name": "None" }, "geometry": { "type": "Point", "coordinates": [ 116.142669677734375, 39.801239013671875 ] } },
{ "type": "Feature", "properties": { "city": "beijing", "candidate_source": "place_village_hamlet_locality", "id": "6263660758", "osm_type": "node", "place": "village", "landuse": "None", "residential": "None", "name": "None" }, "geometry": { "type": "Point", "coordinates": [ 116.167152404785156, 39.805072784423828 ] } },
{ "type": "Feature", "properties": { "city": "beijing", "candidate_source": "place_village_hamlet_locality", "id": "9249575174", "osm_type": "node", "place": "hamlet", "landuse": "None", "residential": "None", "name": "None" }, "geometry": { "type": "Point", "coordinates": [ 116.139320373535156, 39.809101104736328 ] } },
{ "type": "Feature", "properties": { "city": "beijing", "candidate_source": "place_village_hamlet_locality", "id": "6263660747", "osm_type": "node", "place": "village", "landuse": "None", "residential": "None", "name": "None" }, "geometry": { "type": "Point", "coordinates": [ 116.167091369628906, 39.818378448486328 ] } },
{ "type": "Feature", "properties": { "city": "beijing", "candidate_source": "place_village_hamlet_locality", "id": "9249575195", "osm_type": "node", "place": "hamlet", "landuse": "None", "residential": "None", "name": "None" }, "geometry": { "type": "Point", "coordinates": [ 116.128746032714844, 39.825927734375 ] } },
{ "type": "Feature", "properties": { "city": "beijing", "candidate_source": "place_village_hamlet_locality", "id": "9249575199", "osm_type": "node", "place": "locality", "landuse": "None", "residential": "None", "name": "None" }, "geometry": { "type": "Point", "coordinates": [ 116.143379211425781, 39.829483032226562 ] } },
{ "type": "Feature", "properties": { "city": "beijing", "candidate_source": "place_village_hamlet_locality", "id": "6263660745", "osm_type": "node", "place": "village", "landuse": "None", "residential": "None", "name": "None" }, "geometry": { "type": "Point", "coordinates": [ 116.150596618652344, 39.830970764160156 ] } },
{ "type": "Feature", "properties": { "city": "beijing", "candidate_source": "place_village_hamlet_locality", "id": "9318656983", "osm_type": "node", "place": "hamlet", "landuse": "None", "residential": "None", "name": "None" }, "geometry": { "type": "Point", "coordinates": [ 116.16064453125, 39.83551025390625 ] } },
{ "type": "Feature", "properties": { "city": "beijing", "candidate_source": "place_village_hamlet_locality", "id": "6263660746", "osm_type": "node", "place": "village", "landuse": "None", "residential": "None", "name": "None" }, "geometry": { "type": "Point", "coordinates": [ 116.167869567871094, 39.840473175048828 ] } },
{ "type": "Feature", "properties": { "city": "beijing", "candidate_source": "place_village_hamlet_locality", "id": "6263660743", "osm_type": "node", "place": "village", "landuse": "None", "residential": "None", "name": "None" }, "geometry": { "type": "Point", "coordinates": [ 116.149185180664062, 39.860496520996094 ] } },
{ "type": "Feature", "properties": { "city": "beijing", "candidate_source": "place_village_hamlet_locality", "id": "12301963886", "osm_type": "node", "place": "locality", "landuse": "None", "residential": "None", "name": "None" }, "geometry": { "type": "Point", "coordinates": [ 116.154067993164062, 39.861198425292969 ] } },
{ "type": "Feature", "properties": { "city": "beijing", "candidate_source": "place_village_hamlet_locality", "id": "9340815385", "osm_type": "node", "place": "locality", "landuse": "None", "residential": "None", "name": "None" }, "geometry": { "type": "Point", "coordinates": [ 116.156150817871094, 39.865932464599609 ] } },
{ "type": "Feature", "properties": { "city": "beijing", "candidate_source": "place_village_hamlet_locality", "id": "9340815377", "osm_type": "node", "place": "locality", "landuse": "None", "residential": "None", "name": "None" }, "geometry": { "type": "Point", "coordinates": [ 116.160186767578125, 39.870296478271484 ] } },
{ "type": "Feature", "properties": { "city": "beijing", "candidate_source": "place_village_hamlet_locality", "id": "6263660742", "osm_type": "node", "place": "village", "landuse": "None", "residential": "None", "name": "None" }, "geometry": { "type": "Point", "coordinates": [ 116.164390563964844, 39.870952606201172 ] } },
{ "type": "Feature", "properties": { "city": "beijing", "candidate_source": "place_village_hamlet_locality", "id": "9340815375", "osm_type": "node", "place": "locality", "landuse": "None", "residential": "None", "name": "None" }, "geometry": { "type": "Point", "coordinates": [ 116.165657043457031, 39.872962951660156 ] } },
{ "type": "Feature", "properties": { "city": "beijing", "candidate_source": "place_village_hamlet_locality", "id": "9340815376", "osm_type": "node", "place": "locality", "landuse": "None", "residential": "None", "name": "None" }, "geometry": { "type": "Point", "coordinates": [ 116.1580810546875, 39.873943328857422 ] } },
{ "type": "Feature", "properties": { "city": "beijing", "candidate_source": "place_village_hamlet_locality", "id": "8753383896", "osm_type": "node", "place": "village", "landuse": "None", "residential": "None", "name": "None" }, "geometry": { "type": "Point", "coordinates": [ 116.361351013183594, 39.771633148193359 ] } },
{ "type": "Feature", "properties": { "city": "beijing", "candidate_source": "place_village_hamlet_locality", "id": "8752418605", "osm_type": "node", "place": "village", "landuse": "None", "residential": "None", "name": "None" }, "geometry": { "type": "Point", "coordinates": [ 116.336860656738281, 39.772758483886719 ] } },
{ "type": "Feature", "properties": { "city": "beijing", "candidate_source": "place_village_hamlet_locality", "id": "8753383897", "osm_type": "node", "place": "village", "landuse": "None", "residential": "None", "name": "None" }, "geometry": { "type": "Point", "coordinates": [ 116.369575500488281, 39.775753021240234 ] } },
{ "type": "Feature", "properties": { "city": "beijing", "candidate_source": "place_village_hamlet_locality", "id": "8752418604", "osm_type": "node", "place": "locality", "landuse": "None", "residential": "None", "name": "None" }, "geometry": { "type": "Point", "coordinates": [ 116.312950134277344, 39.778511047363281 ] } },
{ "type": "Feature", "properties": { "city": "beijing", "candidate_source": "place_village_hamlet_locality", "id": "8753383895", "osm_type": "node", "place": "village", "landuse": "None", "residential": "None", "name": "None" }, "geometry": { "type": "Point", "coordinates": [ 116.330612182617188, 39.784553527832031 ] } },
{ "type": "Feature", "properties": { "city": "beijing", "candidate_source": "place_village_hamlet_locality", "id": "8753383893", "osm_type": "node", "place": "village", "landuse": "None", "residential": "None", "name": "None" }, "geometry": { "type": "Point", "coordinates": [ 116.336868286132812, 39.789779663085938 ] } },
{ "type": "Feature", "properties": { "city": "beijing", "candidate_source": "place_village_hamlet_locality", "id": "8753383894", "osm_type": "node", "place": "village", "landuse": "None", "residential": "None", "name": "None" }, "geometry": { "type": "Point", "coordinates": [ 116.34722900390625, 39.790443420410156 ] } },
{ "type": "Feature", "properties": { "city": "beijing", "candidate_source": "place_village_hamlet_locality", "id": "6263660738", "osm_type": "node", "place": "village", "landuse": "None", "residential": "None", "name": "None" }, "geometry": { "type": "Point", "coordinates": [ 116.373298645019531, 39.793308258056641 ] } },
{ "type": "Feature", "properties": { "city": "beijing", "candidate_source": "residential_rural", "id": "1025536641", "osm_type": "way", "place": "None", "landuse": "residential", "residential": "rural", "name": "None" }, "geometry": { "type": "Polygon", "coordinates": [ [ [ 116.369590759277344, 39.799816131591797 ], [ 116.369743347167969, 39.799819946289062 ], [ 116.369712829589844, 39.800216674804688 ], [ 116.369476318359375, 39.800205230712891 ], [ 116.369461059570312, 39.800380706787109 ], [ 116.370223999023438, 39.8004150390625 ], [ 116.370208740234375, 39.800609588623047 ], [ 116.37103271484375, 39.800643920898438 ], [ 116.371109008789062, 39.799610137939453 ], [ 116.370735168457031, 39.799594879150391 ], [ 116.370758056640625, 39.799201965332031 ], [ 116.369636535644531, 39.799152374267578 ], [ 116.369590759277344, 39.799816131591797 ] ] ] } },
{ "type": "Feature", "properties": { "city": "beijing", "candidate_source": "place_village_hamlet_locality", "id": "8753383892", "osm_type": "node", "place": "village", "landuse": "None", "residential": "None", "name": "None" }, "geometry": { "type": "Point", "coordinates": [ 116.329071044921875, 39.800228118896484 ] } },
{ "type": "Feature", "properties": { "city": "beijing", "candidate_source": "place_village_hamlet_locality", "id": "8753383881", "osm_type": "node", "place": "locality", "landuse": "None", "residential": "None", "name": "None" }, "geometry": { "type": "Point", "coordinates": [ 116.432609558105469, 39.799049377441406 ] } },
{ "type": "Feature", "properties": { "city": "beijing", "candidate_source": "place_village_hamlet_locality", "id": "8753383884", "osm_type": "node", "place": "locality", "landuse": "None", "residential": "None", "name": "None" }, "geometry": { "type": "Point", "coordinates": [ 116.434120178222656, 39.799945831298828 ] } },
{ "type": "Feature", "properties": { "city": "beijing", "candidate_source": "place_village_hamlet_locality", "id": "8753383883", "osm_type": "node", "place": "locality", "landuse": "None", "residential": "None", "name": "None" }, "geometry": { "type": "Point", "coordinates": [ 116.428253173828125, 39.800651550292969 ] } },
{ "type": "Feature", "properties": { "city": "beijing", "candidate_source": "place_village_hamlet_locality", "id": "4375129440", "osm_type": "node", "place": "locality", "landuse": "None", "residential": "None", "name": "None" }, "geometry": { "type": "Point", "coordinates": [ 116.411392211914062, 39.804126739501953 ] } },
{ "type": "Feature", "properties": { "city": "beijing", "candidate_source": "place_village_hamlet_locality", "id": "8753383879", "osm_type": "node", "place": "village", "landuse": "None", "residential": "None", "name": "None" }, "geometry": { "type": "Point", "coordinates": [ 116.42877197265625, 39.806385040283203 ] } },
{ "type": "Feature", "properties": { "city": "beijing", "candidate_source": "place_village_hamlet_locality", "id": "8753383880", "osm_type": "node", "place": "locality", "landuse": "None", "residential": "None", "name": "None" }, "geometry": { "type": "Point", "coordinates": [ 116.418258666992188, 39.810401916503906 ] } },
{ "type": "Feature", "properties": { "city": "beijing", "candidate_source": "place_village_hamlet_locality", "id": "8753383878", "osm_type": "node", "place": "locality", "landuse": "None", "residential": "None", "name": "None" }, "geometry": { "type": "Point", "coordinates": [ 116.42791748046875, 39.822643280029297 ] } },
{ "type": "Feature", "properties": { "city": "beijing", "candidate_source": "place_village_hamlet_locality", "id": "8753383877", "osm_type": "node", "place": "village", "landuse": "None", "residential": "None", "name": "None" }, "geometry": { "type": "Point", "coordinates": [ 116.425430297851562, 39.823459625244141 ] } },
{ "type": "Feature", "properties": { "city": "beijing", "candidate_source": "place_village_hamlet_locality", "id": "8753383876", "osm_type": "node", "place": "village", "landuse": "None", "residential": "None", "name": "None" }, "geometry": { "type": "Point", "coordinates": [ 116.42376708984375, 39.826374053955078 ] } },
{ "type": "Feature", "properties": { "city": "beijing", "candidate_source": "place_village_hamlet_locality", "id": "12054216538", "osm_type": "node", "place": "hamlet", "landuse": "None", "residential": "None", "name": "None" }, "geometry": { "type": "Point", "coordinates": [ 116.376731872558594, 39.826866149902344 ] } },
{ "type": "Feature", "properties": { "city": "beijing", "candidate_source": "place_village_hamlet_locality", "id": "726624573", "osm_type": "node", "place": "village", "landuse": "None", "residential": "None", "name": "None" }, "geometry": { "type": "Point", "coordinates": [ 116.300422668457031, 39.810707092285156 ] } },
{ "type": "Feature", "properties": { "city": "beijing", "candidate_source": "place_village_hamlet_locality", "id": "6263660739", "osm_type": "node", "place": "village", "landuse": "None", "residential": "None", "name": "None" }, "geometry": { "type": "Point", "coordinates": [ 116.365066528320312, 39.817417144775391 ] } },
{ "type": "Feature", "properties": { "city": "beijing", "candidate_source": "place_village_hamlet_locality", "id": "6263660716", "osm_type": "node", "place": "village", "landuse": "None", "residential": "None", "name": "None" }, "geometry": { "type": "Point", "coordinates": [ 116.364280700683594, 39.839836120605469 ] } },
{ "type": "Feature", "properties": { "city": "beijing", "candidate_source": "place_village_hamlet_locality", "id": "12974278401", "osm_type": "node", "place": "locality", "landuse": "None", "residential": "None", "name": "None" }, "geometry": { "type": "Point", "coordinates": [ 116.299613952636719, 39.843727111816406 ] } },
{ "type": "Feature", "properties": { "city": "beijing", "candidate_source": "place_village_hamlet_locality", "id": "12974278403", "osm_type": "node", "place": "locality", "landuse": "None", "residential": "None", "name": "None" }, "geometry": { "type": "Point", "coordinates": [ 116.297950744628906, 39.848892211914062 ] } },
{ "type": "Feature", "properties": { "city": "beijing", "candidate_source": "place_village_hamlet_locality", "id": "6263660700", "osm_type": "node", "place": "village", "landuse": "None", "residential": "None", "name": "None" }, "geometry": { "type": "Point", "coordinates": [ 116.337745666503906, 39.854347229003906 ] } },
{ "type": "Feature", "properties": { "city": "beijing", "candidate_source": "place_village_hamlet_locality", "id": "6263660715", "osm_type": "node", "place": "village", "landuse": "None", "residential": "None", "name": "None" }, "geometry": { "type": "Point", "coordinates": [ 116.345039367675781, 39.858020782470703 ] } },
{ "type": "Feature", "properties": { "city": "beijing", "candidate_source": "place_village_hamlet_locality", "id": "6263660702", "osm_type": "node", "place": "village", "landuse": "None", "residential": "None", "name": "None" }, "geometry": { "type": "Point", "coordinates": [ 116.298187255859375, 39.858112335205078 ] } },
{ "type": "Feature", "properties": { "city": "beijing", "candidate_source": "place_village_hamlet_locality", "id": "6263660696", "osm_type": "node", "place": "village", "landuse": "None", "residential": "None", "name": "None" }, "geometry": { "type": "Point", "coordinates": [ 116.341094970703125, 39.860652923583984 ] } },
{ "type": "Feature", "properties": { "city": "beijing", "candidate_source": "place_village_hamlet_locality", "id": "6263660697", "osm_type": "node", "place": "village", "landuse": "None", "residential": "None", "name": "None" }, "geometry": { "type": "Point", "coordinates": [ 116.31011962890625, 39.861751556396484 ] } },
{ "type": "Feature", "properties": { "city": "beijing", "candidate_source": "place_village_hamlet_locality", "id": "6263660329", "osm_type": "node", "place": "village", "landuse": "None", "residential": "None", "name": "None" }, "geometry": { "type": "Point", "coordinates": [ 116.26177978515625, 39.816707611083984 ] } },
{ "type": "Feature", "properties": { "city": "beijing", "candidate_source": "place_village_hamlet_locality", "id": "12974278402", "osm_type": "node", "place": "locality", "landuse": "None", "residential": "None", "name": "None" }, "geometry": { "type": "Point", "coordinates": [ 116.2916259765625, 39.843326568603516 ] } },
{ "type": "Feature", "properties": { "city": "beijing", "candidate_source": "place_village_hamlet_locality", "id": "6263660711", "osm_type": "node", "place": "village", "landuse": "None", "residential": "None", "name": "None" }, "geometry": { "type": "Point", "coordinates": [ 116.2269287109375, 39.847427368164062 ] } },
{ "type": "Feature", "properties": { "city": "beijing", "candidate_source": "place_village_hamlet_locality", "id": "6263660712", "osm_type": "node", "place": "village", "landuse": "None", "residential": "None", "name": "None" }, "geometry": { "type": "Point", "coordinates": [ 116.232406616210938, 39.862049102783203 ] } },
{ "type": "Feature", "properties": { "city": "beijing", "candidate_source": "place_village_hamlet_locality", "id": "6263660710", "osm_type": "node", "place": "village", "landuse": "None", "residential": "None", "name": "None" }, "geometry": { "type": "Point", "coordinates": [ 116.257095336914062, 39.868270874023438 ] } },
{ "type": "Feature", "properties": { "city": "beijing", "candidate_source": "place_village_hamlet_locality", "id": "6263660701", "osm_type": "node", "place": "village", "landuse": "None", "residential": "None", "name": "None" }, "geometry": { "type": "Point", "coordinates": [ 116.291397094726562, 39.869178771972656 ] } },
{ "type": "Feature", "properties": { "city": "beijing", "candidate_source": "place_village_hamlet_locality", "id": "6263660703", "osm_type": "node", "place": "village", "landuse": "None", "residential": "None", "name": "None" }, "geometry": { "type": "Point", "coordinates": [ 116.267219543457031, 39.873291015625 ] } },
{ "type": "Feature", "properties": { "city": "beijing", "candidate_source": "place_village_hamlet_locality", "id": "6263660707", "osm_type": "node", "place": "village", "landuse": "None", "residential": "None", "name": "None" }, "geometry": { "type": "Point", "coordinates": [ 116.252105712890625, 39.873939514160156 ] } },
{ "type": "Feature", "properties": { "city": "beijing", "candidate_source": "place_village_hamlet_locality", "id": "6263660698", "osm_type": "node", "place": "village", "landuse": "None", "residential": "None", "name": "None" }, "geometry": { "type": "Point", "coordinates": [ 116.284767150878906, 39.87603759765625 ] } },
{ "type": "Feature", "properties": { "city": "beijing", "candidate_source": "place_village_hamlet_locality", "id": "6263660699", "osm_type": "node", "place": "village", "landuse": "None", "residential": "None", "name": "None" }, "geometry": { "type": "Point", "coordinates": [ 116.2955322265625, 39.878952026367188 ] } },
{ "type": "Feature", "properties": { "city": "beijing", "candidate_source": "place_village_hamlet_locality", "id": "9340815369", "osm_type": "node", "place": "locality", "landuse": "None", "residential": "None", "name": "None" }, "geometry": { "type": "Point", "coordinates": [ 116.199775695800781, 39.859340667724609 ] } },
{ "type": "Feature", "properties": { "city": "beijing", "candidate_source": "place_village_hamlet_locality", "id": "9340815370", "osm_type": "node", "place": "locality", "landuse": "None", "residential": "None", "name": "None" }, "geometry": { "type": "Point", "coordinates": [ 116.192230224609375, 39.860569000244141 ] } },
{ "type": "Feature", "properties": { "city": "beijing", "candidate_source": "place_village_hamlet_locality", "id": "9340815373", "osm_type": "node", "place": "locality", "landuse": "None", "residential": "None", "name": "None" }, "geometry": { "type": "Point", "coordinates": [ 116.182106018066406, 39.869483947753906 ] } },
{ "type": "Feature", "properties": { "city": "beijing", "candidate_source": "place_village_hamlet_locality", "id": "9340815374", "osm_type": "node", "place": "locality", "landuse": "None", "residential": "None", "name": "None" }, "geometry": { "type": "Point", "coordinates": [ 116.174240112304688, 39.872695922851562 ] } },
{ "type": "Feature", "properties": { "city": "beijing", "candidate_source": "place_village_hamlet_locality", "id": "6263660709", "osm_type": "node", "place": "village", "landuse": "None", "residential": "None", "name": "None" }, "geometry": { "type": "Point", "coordinates": [ 116.21826171875, 39.873703002929688 ] } },
{ "type": "Feature", "properties": { "city": "beijing", "candidate_source": "place_village_hamlet_locality", "id": "726640421", "osm_type": "node", "place": "village", "landuse": "None", "residential": "None", "name": "None" }, "geometry": { "type": "Point", "coordinates": [ 116.216346740722656, 39.926494598388672 ] } },
{ "type": "Feature", "properties": { "city": "beijing", "candidate_source": "place_village_hamlet_locality", "id": "6401967240", "osm_type": "node", "place": "village", "landuse": "None", "residential": "None", "name": "None" }, "geometry": { "type": "Point", "coordinates": [ 116.218162536621094, 39.931083679199219 ] } },
{ "type": "Feature", "properties": { "city": "beijing", "candidate_source": "place_village_hamlet_locality", "id": "13760414482", "osm_type": "node", "place": "village", "landuse": "None", "residential": "None", "name": "None" }, "geometry": { "type": "Point", "coordinates": [ 116.181800842285156, 39.945682525634766 ] } },
{ "type": "Feature", "properties": { "city": "beijing", "candidate_source": "place_village_hamlet_locality", "id": "13760414428", "osm_type": "node", "place": "village", "landuse": "None", "residential": "None", "name": "None" }, "geometry": { "type": "Point", "coordinates": [ 116.179000854492188, 39.954216003417969 ] } },
{ "type": "Feature", "properties": { "city": "beijing", "candidate_source": "place_village_hamlet_locality", "id": "13760414429", "osm_type": "node", "place": "village", "landuse": "None", "residential": "None", "name": "None" }, "geometry": { "type": "Point", "coordinates": [ 116.177558898925781, 39.954288482666016 ] } },
{ "type": "Feature", "properties": { "city": "beijing", "candidate_source": "place_village_hamlet_locality", "id": "6263660704", "osm_type": "node", "place": "village", "landuse": "None", "residential": "None", "name": "None" }, "geometry": { "type": "Point", "coordinates": [ 116.278091430664062, 39.883533477783203 ] } },
{ "type": "Feature", "properties": { "city": "beijing", "candidate_source": "place_village_hamlet_locality", "id": "6263660705", "osm_type": "node", "place": "village", "landuse": "None", "residential": "None", "name": "None" }, "geometry": { "type": "Point", "coordinates": [ 116.2581787109375, 39.887046813964844 ] } },
{ "type": "Feature", "properties": { "city": "beijing", "candidate_source": "place_village_hamlet_locality", "id": "6263660708", "osm_type": "node", "place": "village", "landuse": "None", "residential": "None", "name": "None" }, "geometry": { "type": "Point", "coordinates": [ 116.238601684570312, 39.888858795166016 ] } },
{ "type": "Feature", "properties": { "city": "beijing", "candidate_source": "place_village_hamlet_locality", "id": "727184845", "osm_type": "node", "place": "village", "landuse": "None", "residential": "None", "name": "None" }, "geometry": { "type": "Point", "coordinates": [ 116.239593505859375, 39.9300537109375 ] } },
{ "type": "Feature", "properties": { "city": "beijing", "candidate_source": "place_village_hamlet_locality", "id": "9107441239", "osm_type": "node", "place": "hamlet", "landuse": "None", "residential": "None", "name": "None" }, "geometry": { "type": "Point", "coordinates": [ 116.260017395019531, 39.932945251464844 ] } },
{ "type": "Feature", "properties": { "city": "beijing", "candidate_source": "place_village_hamlet_locality", "id": "1808593204", "osm_type": "node", "place": "locality", "landuse": "None", "residential": "None", "name": "None" }, "geometry": { "type": "Point", "coordinates": [ 116.23724365234375, 39.946056365966797 ] } },
{ "type": "Feature", "properties": { "city": "beijing", "candidate_source": "place_village_hamlet_locality", "id": "727229629", "osm_type": "node", "place": "locality", "landuse": "None", "residential": "None", "name": "None" }, "geometry": { "type": "Point", "coordinates": [ 116.249893188476562, 39.946914672851562 ] } },
{ "type": "Feature", "properties": { "city": "beijing", "candidate_source": "place_village_hamlet_locality", "id": "331227886", "osm_type": "way", "place": "village", "landuse": "None", "residential": "None", "name": "None" }, "geometry": { "type": "Polygon", "coordinates": [ [ [ 116.279197692871094, 39.947723388671875 ], [ 116.279258728027344, 39.947032928466797 ], [ 116.278755187988281, 39.946979522705078 ], [ 116.27862548828125, 39.947673797607422 ], [ 116.279197692871094, 39.947723388671875 ] ] ] } },
{ "type": "Feature", "properties": { "city": "beijing", "candidate_source": "place_village_hamlet_locality", "id": "3382809490", "osm_type": "node", "place": "village", "landuse": "None", "residential": "None", "name": "None" }, "geometry": { "type": "Point", "coordinates": [ 116.278953552246094, 39.947540283203125 ] } },
{ "type": "Feature", "properties": { "city": "beijing", "candidate_source": "place_village_hamlet_locality", "id": "727225382", "osm_type": "node", "place": "locality", "landuse": "None", "residential": "None", "name": "None" }, "geometry": { "type": "Point", "coordinates": [ 116.227813720703125, 39.948051452636719 ] } },
{ "type": "Feature", "properties": { "city": "beijing", "candidate_source": "place_village_hamlet_locality", "id": "6408355688", "osm_type": "node", "place": "locality", "landuse": "None", "residential": "None", "name": "None" }, "geometry": { "type": "Point", "coordinates": [ 116.348503112792969, 39.868793487548828 ] } },
{ "type": "Feature", "properties": { "city": "beijing", "candidate_source": "place_village_hamlet_locality", "id": "684071467", "osm_type": "way", "place": "locality", "landuse": "None", "residential": "None", "name": "None" }, "geometry": { "type": "Polygon", "coordinates": [ [ [ 116.349609375, 39.868980407714844 ], [ 116.349693298339844, 39.868896484375 ], [ 116.349678039550781, 39.868854522705078 ], [ 116.349571228027344, 39.868850708007812 ], [ 116.3494873046875, 39.868843078613281 ], [ 116.349411010742188, 39.868854522705078 ], [ 116.34930419921875, 39.868843078613281 ], [ 116.349266052246094, 39.868885040283203 ], [ 116.349266052246094, 39.868949890136719 ], [ 116.349357604980469, 39.868988037109375 ], [ 116.349456787109375, 39.868999481201172 ], [ 116.349609375, 39.868980407714844 ] ] ] } },
{ "type": "Feature", "properties": { "city": "beijing", "candidate_source": "place_village_hamlet_locality", "id": "6263660695", "osm_type": "node", "place": "village", "landuse": "None", "residential": "None", "name": "None" }, "geometry": { "type": "Point", "coordinates": [ 116.322586059570312, 39.870410919189453 ] } },
{ "type": "Feature", "properties": { "city": "beijing", "candidate_source": "place_village_hamlet_locality", "id": "6263660687", "osm_type": "node", "place": "village", "landuse": "None", "residential": "None", "name": "None" }, "geometry": { "type": "Point", "coordinates": [ 116.307945251464844, 39.880886077880859 ] } },
{ "type": "Feature", "properties": { "city": "beijing", "candidate_source": "place_village_hamlet_locality", "id": "3379212805", "osm_type": "node", "place": "locality", "landuse": "None", "residential": "None", "name": "None" }, "geometry": { "type": "Point", "coordinates": [ 116.373703002929688, 39.931770324707031 ] } },
{ "type": "Feature", "properties": { "city": "beijing", "candidate_source": "place_village_hamlet_locality", "id": "1409739803", "osm_type": "way", "place": "locality", "landuse": "None", "residential": "None", "name": "None" }, "geometry": { "type": "Polygon", "coordinates": [ [ [ 116.348915100097656, 39.990478515625 ], [ 116.348915100097656, 39.990432739257812 ], [ 116.348861694335938, 39.990432739257812 ], [ 116.348854064941406, 39.990478515625 ], [ 116.348915100097656, 39.990478515625 ] ] ] } },
{ "type": "Feature", "properties": { "city": "beijing", "candidate_source": "place_village_hamlet_locality", "id": "13352445069", "osm_type": "node", "place": "locality", "landuse": "None", "residential": "None", "name": "None" }, "geometry": { "type": "Point", "coordinates": [ 116.363327026367188, 40.013763427734375 ] } },
{ "type": "Feature", "properties": { "city": "beijing", "candidate_source": "place_village_hamlet_locality", "id": "6402625817", "osm_type": "node", "place": "village", "landuse": "None", "residential": "None", "name": "None" }, "geometry": { "type": "Point", "coordinates": [ 116.29608154296875, 40.042106628417969 ] } },
{ "type": "Feature", "properties": { "city": "beijing", "candidate_source": "place_village_hamlet_locality", "id": "6401967100", "osm_type": "node", "place": "locality", "landuse": "None", "residential": "None", "name": "None" }, "geometry": { "type": "Point", "coordinates": [ 116.340766906738281, 40.046745300292969 ] } },
{ "type": "Feature", "properties": { "city": "beijing", "candidate_source": "place_village_hamlet_locality", "id": "727218732", "osm_type": "node", "place": "locality", "landuse": "None", "residential": "None", "name": "None" }, "geometry": { "type": "Point", "coordinates": [ 116.204879760742188, 39.9547119140625 ] } },
{ "type": "Feature", "properties": { "city": "beijing", "candidate_source": "place_village_hamlet_locality", "id": "727216294", "osm_type": "node", "place": "locality", "landuse": "None", "residential": "None", "name": "None" }, "geometry": { "type": "Point", "coordinates": [ 116.208229064941406, 39.961238861083984 ] } },
{ "type": "Feature", "properties": { "city": "beijing", "candidate_source": "place_village_hamlet_locality", "id": "727214588", "osm_type": "node", "place": "village", "landuse": "None", "residential": "None", "name": "None" }, "geometry": { "type": "Point", "coordinates": [ 116.199897766113281, 39.974285125732422 ] } },
{ "type": "Feature", "properties": { "city": "beijing", "candidate_source": "place_village_hamlet_locality", "id": "6401967246", "osm_type": "node", "place": "village", "landuse": "None", "residential": "None", "name": "None" }, "geometry": { "type": "Point", "coordinates": [ 116.213645935058594, 39.981052398681641 ] } },
{ "type": "Feature", "properties": { "city": "beijing", "candidate_source": "place_village_hamlet_locality", "id": "727212582", "osm_type": "node", "place": "village", "landuse": "None", "residential": "None", "name": "None" }, "geometry": { "type": "Point", "coordinates": [ 116.201271057128906, 39.98455810546875 ] } },
{ "type": "Feature", "properties": { "city": "beijing", "candidate_source": "residential_rural", "id": "1062579972", "osm_type": "way", "place": "None", "landuse": "residential", "residential": "rural", "name": "None" }, "geometry": { "type": "Polygon", "coordinates": [ [ [ 116.199226379394531, 39.988418579101562 ], [ 116.198799133300781, 39.988998413085938 ], [ 116.199264526367188, 39.989151000976562 ], [ 116.199882507324219, 39.989311218261719 ], [ 116.200187683105469, 39.989337921142578 ], [ 116.20068359375, 39.9892578125 ], [ 116.201034545898438, 39.989250183105469 ], [ 116.201171875, 39.989204406738281 ], [ 116.201400756835938, 39.989021301269531 ], [ 116.20166015625, 39.988815307617188 ], [ 116.201828002929688, 39.988742828369141 ], [ 116.202400207519531, 39.988605499267578 ], [ 116.20263671875, 39.988624572753906 ], [ 116.202568054199219, 39.988410949707031 ], [ 116.202255249023438, 39.988193511962891 ], [ 116.202110290527344, 39.988029479980469 ], [ 116.202003479003906, 39.987918853759766 ], [ 116.201927185058594, 39.987781524658203 ], [ 116.201850891113281, 39.987663269042969 ], [ 116.201683044433594, 39.987560272216797 ], [ 116.2015380859375, 39.987472534179688 ], [ 116.201316833496094, 39.987377166748047 ], [ 116.201377868652344, 39.987266540527344 ], [ 116.201156616210938, 39.987174987792969 ], [ 116.200363159179688, 39.986919403076172 ], [ 116.200141906738281, 39.986843109130859 ], [ 116.200050354003906, 39.98699951171875 ], [ 116.201202392578125, 39.987369537353516 ], [ 116.201080322265625, 39.987590789794922 ], [ 116.200935363769531, 39.987621307373047 ], [ 116.199913024902344, 39.987354278564453 ], [ 116.199844360351562, 39.987403869628906 ], [ 116.199226379394531, 39.988418579101562 ] ] ] } },
{ "type": "Feature", "properties": { "city": "beijing", "candidate_source": "place_village_hamlet_locality", "id": "727209959", "osm_type": "node", "place": "village", "landuse": "None", "residential": "None", "name": "None" }, "geometry": { "type": "Point", "coordinates": [ 116.2005615234375, 39.988307952880859 ] } },
{ "type": "Feature", "properties": { "city": "beijing", "candidate_source": "place_village_hamlet_locality", "id": "727194209", "osm_type": "node", "place": "locality", "landuse": "None", "residential": "None", "name": "None" }, "geometry": { "type": "Point", "coordinates": [ 116.222625732421875, 39.990627288818359 ] } },
{ "type": "Feature", "properties": { "city": "beijing", "candidate_source": "residential_rural", "id": "1062579519", "osm_type": "way", "place": "None", "landuse": "residential", "residential": "rural", "name": "None" }, "geometry": { "type": "Polygon", "coordinates": [ [ [ 116.203010559082031, 39.991512298583984 ], [ 116.201225280761719, 39.991901397705078 ], [ 116.201240539550781, 39.992008209228516 ], [ 116.2012939453125, 39.99237060546875 ], [ 116.201614379882812, 39.992332458496094 ], [ 116.201629638671875, 39.99261474609375 ], [ 116.201629638671875, 39.992671966552734 ], [ 116.202354431152344, 39.992542266845703 ], [ 116.203369140625, 39.992576599121094 ], [ 116.203460693359375, 39.992458343505859 ], [ 116.20379638671875, 39.991493225097656 ], [ 116.203720092773438, 39.991439819335938 ], [ 116.203010559082031, 39.991512298583984 ] ] ] } },
{ "type": "Feature", "properties": { "city": "beijing", "candidate_source": "place_village_hamlet_locality", "id": "6401967247", "osm_type": "node", "place": "village", "landuse": "None", "residential": "None", "name": "None" }, "geometry": { "type": "Point", "coordinates": [ 116.221855163574219, 39.992618560791016 ] } },
{ "type": "Feature", "properties": { "city": "beijing", "candidate_source": "place_village_hamlet_locality", "id": "727226809", "osm_type": "node", "place": "locality", "landuse": "None", "residential": "None", "name": "None" }, "geometry": { "type": "Point", "coordinates": [ 116.238716125488281, 39.94964599609375 ] } },
{ "type": "Feature", "properties": { "city": "beijing", "candidate_source": "place_village_hamlet_locality", "id": "6401967245", "osm_type": "node", "place": "village", "landuse": "None", "residential": "None", "name": "None" }, "geometry": { "type": "Point", "coordinates": [ 116.253471374511719, 39.972888946533203 ] } },
{ "type": "Feature", "properties": { "city": "beijing", "candidate_source": "place_village_hamlet_locality", "id": "6401965663", "osm_type": "node", "place": "village", "landuse": "None", "residential": "None", "name": "None" }, "geometry": { "type": "Point", "coordinates": [ 116.285354614257812, 39.982097625732422 ] } },
{ "type": "Feature", "properties": { "city": "beijing", "candidate_source": "place_village_hamlet_locality", "id": "727131254", "osm_type": "node", "place": "village", "landuse": "None", "residential": "None", "name": "None" }, "geometry": { "type": "Point", "coordinates": [ 116.248542785644531, 39.984443664550781 ] } },
{ "type": "Feature", "properties": { "city": "beijing", "candidate_source": "place_village_hamlet_locality", "id": "6401965662", "osm_type": "node", "place": "village", "landuse": "None", "residential": "None", "name": "None" }, "geometry": { "type": "Point", "coordinates": [ 116.257736206054688, 39.999008178710938 ] } },
{ "type": "Feature", "properties": { "city": "beijing", "candidate_source": "place_village_hamlet_locality", "id": "13373331291", "osm_type": "node", "place": "hamlet", "landuse": "None", "residential": "None", "name": "None" }, "geometry": { "type": "Point", "coordinates": [ 116.248588562011719, 40.040950775146484 ] } },
{ "type": "Feature", "properties": { "city": "beijing", "candidate_source": "place_village_hamlet_locality", "id": "12823710941", "osm_type": "node", "place": "locality", "landuse": "None", "residential": "None", "name": "None" }, "geometry": { "type": "Point", "coordinates": [ 116.230010986328125, 40.046562194824219 ] } },
{ "type": "Feature", "properties": { "city": "beijing", "candidate_source": "place_village_hamlet_locality", "id": "6402626316", "osm_type": "node", "place": "village", "landuse": "None", "residential": "None", "name": "None" }, "geometry": { "type": "Point", "coordinates": [ 116.227638244628906, 40.111061096191406 ] } },
{ "type": "Feature", "properties": { "city": "beijing", "candidate_source": "place_village_hamlet_locality", "id": "727205126", "osm_type": "node", "place": "hamlet", "landuse": "None", "residential": "None", "name": "None" }, "geometry": { "type": "Point", "coordinates": [ 116.202110290527344, 39.994277954101562 ] } },
{ "type": "Feature", "properties": { "city": "beijing", "candidate_source": "place_village_hamlet_locality", "id": "13774631739", "osm_type": "node", "place": "village", "landuse": "None", "residential": "None", "name": "None" }, "geometry": { "type": "Point", "coordinates": [ 116.217903137207031, 39.995368957519531 ] } },
{ "type": "Feature", "properties": { "city": "beijing", "candidate_source": "place_village_hamlet_locality", "id": "624184740", "osm_type": "node", "place": "hamlet", "landuse": "None", "residential": "None", "name": "None" }, "geometry": { "type": "Point", "coordinates": [ 116.179122924804688, 39.996353149414062 ] } },
{ "type": "Feature", "properties": { "city": "beijing", "candidate_source": "place_village_hamlet_locality", "id": "9239469722", "osm_type": "node", "place": "hamlet", "landuse": "None", "residential": "None", "name": "None" }, "geometry": { "type": "Point", "coordinates": [ 116.189376831054688, 39.996932983398438 ] } },
{ "type": "Feature", "properties": { "city": "beijing", "candidate_source": "place_village_hamlet_locality", "id": "13774421257", "osm_type": "node", "place": "village", "landuse": "None", "residential": "None", "name": "None" }, "geometry": { "type": "Point", "coordinates": [ 116.216026306152344, 39.996990203857422 ] } },
{ "type": "Feature", "properties": { "city": "beijing", "candidate_source": "place_village_hamlet_locality", "id": "286238435", "osm_type": "node", "place": "locality", "landuse": "None", "residential": "None", "name": "None" }, "geometry": { "type": "Point", "coordinates": [ 116.197494506835938, 40.017814636230469 ] } },
{ "type": "Feature", "properties": { "city": "beijing", "candidate_source": "place_village_hamlet_locality", "id": "13303152866", "osm_type": "node", "place": "hamlet", "landuse": "None", "residential": "None", "name": "None" }, "geometry": { "type": "Point", "coordinates": [ 116.215187072753906, 40.022613525390625 ] } },
{ "type": "Feature", "properties": { "city": "beijing", "candidate_source": "place_village_hamlet_locality", "id": "13303134942", "osm_type": "node", "place": "hamlet", "landuse": "None", "residential": "None", "name": "None" }, "geometry": { "type": "Point", "coordinates": [ 116.201301574707031, 40.034236907958984 ] } },
{ "type": "Feature", "properties": { "city": "beijing", "candidate_source": "place_village_hamlet_locality", "id": "6402626064", "osm_type": "node", "place": "village", "landuse": "None", "residential": "None", "name": "None" }, "geometry": { "type": "Point", "coordinates": [ 116.178176879882812, 40.07342529296875 ] } },
{ "type": "Feature", "properties": { "city": "beijing", "candidate_source": "place_village_hamlet_locality", "id": "6402626065", "osm_type": "node", "place": "village", "landuse": "None", "residential": "None", "name": "None" }, "geometry": { "type": "Point", "coordinates": [ 116.178054809570312, 40.082942962646484 ] } },
{ "type": "Feature", "properties": { "city": "beijing", "candidate_source": "place_village_hamlet_locality", "id": "9867950692", "osm_type": "node", "place": "locality", "landuse": "None", "residential": "None", "name": "None" }, "geometry": { "type": "Point", "coordinates": [ 116.093254089355469, 39.856399536132812 ] } },
{ "type": "Feature", "properties": { "city": "beijing", "candidate_source": "place_village_hamlet_locality", "id": "13323211998", "osm_type": "node", "place": "locality", "landuse": "None", "residential": "None", "name": "None" }, "geometry": { "type": "Point", "coordinates": [ 116.127525329589844, 39.948284149169922 ] } },
{ "type": "Feature", "properties": { "city": "beijing", "candidate_source": "place_village_hamlet_locality", "id": "9913922149", "osm_type": "node", "place": "hamlet", "landuse": "None", "residential": "None", "name": "None" }, "geometry": { "type": "Point", "coordinates": [ 116.171730041503906, 39.928573608398438 ] } },
{ "type": "Feature", "properties": { "city": "beijing", "candidate_source": "place_village_hamlet_locality", "id": "281153735", "osm_type": "node", "place": "locality", "landuse": "None", "residential": "None", "name": "None" }, "geometry": { "type": "Point", "coordinates": [ 116.15679931640625, 39.949924468994141 ] } },
{ "type": "Feature", "properties": { "city": "beijing", "candidate_source": "place_village_hamlet_locality", "id": "3317985361", "osm_type": "node", "place": "hamlet", "landuse": "None", "residential": "None", "name": "None" }, "geometry": { "type": "Point", "coordinates": [ 116.139198303222656, 39.960399627685547 ] } },
{ "type": "Feature", "properties": { "city": "beijing", "candidate_source": "place_village_hamlet_locality", "id": "277139464", "osm_type": "node", "place": "hamlet", "landuse": "None", "residential": "None", "name": "None" }, "geometry": { "type": "Point", "coordinates": [ 116.137420654296875, 39.964687347412109 ] } },
{ "type": "Feature", "properties": { "city": "beijing", "candidate_source": "place_village_hamlet_locality", "id": "13371888450", "osm_type": "node", "place": "hamlet", "landuse": "None", "residential": "None", "name": "None" }, "geometry": { "type": "Point", "coordinates": [ 116.161613464355469, 39.964862823486328 ] } },
{ "type": "Feature", "properties": { "city": "beijing", "candidate_source": "place_village_hamlet_locality", "id": "9913872863", "osm_type": "node", "place": "hamlet", "landuse": "None", "residential": "None", "name": "None" }, "geometry": { "type": "Point", "coordinates": [ 116.135986328125, 39.965843200683594 ] } },
{ "type": "Feature", "properties": { "city": "beijing", "candidate_source": "place_village_hamlet_locality", "id": "13371882573", "osm_type": "node", "place": "hamlet", "landuse": "None", "residential": "None", "name": "None" }, "geometry": { "type": "Point", "coordinates": [ 116.166259765625, 39.969669342041016 ] } },
{ "type": "Feature", "properties": { "city": "beijing", "candidate_source": "place_village_hamlet_locality", "id": "283336460", "osm_type": "node", "place": "locality", "landuse": "None", "residential": "None", "name": "None" }, "geometry": { "type": "Point", "coordinates": [ 116.171951293945312, 39.970184326171875 ] } },
{ "type": "Feature", "properties": { "city": "beijing", "candidate_source": "place_village_hamlet_locality", "id": "9913873007", "osm_type": "node", "place": "hamlet", "landuse": "None", "residential": "None", "name": "None" }, "geometry": { "type": "Point", "coordinates": [ 116.127174377441406, 39.956295013427734 ] } },
{ "type": "Feature", "properties": { "city": "beijing", "candidate_source": "place_village_hamlet_locality", "id": "9913873066", "osm_type": "node", "place": "hamlet", "landuse": "None", "residential": "None", "name": "None" }, "geometry": { "type": "Point", "coordinates": [ 116.123062133789062, 39.957271575927734 ] } },
{ "type": "Feature", "properties": { "city": "beijing", "candidate_source": "place_village_hamlet_locality", "id": "9913873065", "osm_type": "node", "place": "hamlet", "landuse": "None", "residential": "None", "name": "None" }, "geometry": { "type": "Point", "coordinates": [ 116.126762390136719, 39.963836669921875 ] } },
{ "type": "Feature", "properties": { "city": "beijing", "candidate_source": "place_village_hamlet_locality", "id": "3317985395", "osm_type": "node", "place": "village", "landuse": "None", "residential": "None", "name": "None" }, "geometry": { "type": "Point", "coordinates": [ 116.120704650878906, 39.972129821777344 ] } },
{ "type": "Feature", "properties": { "city": "beijing", "candidate_source": "place_village_hamlet_locality", "id": "13371877785", "osm_type": "node", "place": "hamlet", "landuse": "None", "residential": "None", "name": "None" }, "geometry": { "type": "Point", "coordinates": [ 116.158950805664062, 39.970577239990234 ] } },
{ "type": "Feature", "properties": { "city": "beijing", "candidate_source": "place_village_hamlet_locality", "id": "285009423", "osm_type": "node", "place": "hamlet", "landuse": "None", "residential": "None", "name": "None" }, "geometry": { "type": "Point", "coordinates": [ 116.168701171875, 39.971012115478516 ] } },
{ "type": "Feature", "properties": { "city": "beijing", "candidate_source": "place_village_hamlet_locality", "id": "13371856370", "osm_type": "node", "place": "hamlet", "landuse": "None", "residential": "None", "name": "None" }, "geometry": { "type": "Point", "coordinates": [ 116.153739929199219, 39.971382141113281 ] } },
{ "type": "Feature", "properties": { "city": "beijing", "candidate_source": "place_village_hamlet_locality", "id": "3317985364", "osm_type": "node", "place": "hamlet", "landuse": "None", "residential": "None", "name": "None" }, "geometry": { "type": "Point", "coordinates": [ 116.145347595214844, 39.977733612060547 ] } },
{ "type": "Feature", "properties": { "city": "beijing", "candidate_source": "place_village_hamlet_locality", "id": "13008736101", "osm_type": "node", "place": "locality", "landuse": "None", "residential": "None", "name": "None" }, "geometry": { "type": "Point", "coordinates": [ 116.076927185058594, 40.035259246826172 ] } },
{ "type": "Feature", "properties": { "city": "beijing", "candidate_source": "place_village_hamlet_locality", "id": "9796850418", "osm_type": "node", "place": "locality", "landuse": "None", "residential": "None", "name": "None" }, "geometry": { "type": "Point", "coordinates": [ 116.084365844726562, 40.040489196777344 ] } },
{ "type": "Feature", "properties": { "city": "beijing", "candidate_source": "place_village_hamlet_locality", "id": "9796850417", "osm_type": "node", "place": "locality", "landuse": "None", "residential": "None", "name": "None" }, "geometry": { "type": "Point", "coordinates": [ 116.085319519042969, 40.048587799072266 ] } },
{ "type": "Feature", "properties": { "city": "beijing", "candidate_source": "place_village_hamlet_locality", "id": "10235564649", "osm_type": "node", "place": "locality", "landuse": "None", "residential": "None", "name": "None" }, "geometry": { "type": "Point", "coordinates": [ 116.073173522949219, 40.054538726806641 ] } },
{ "type": "Feature", "properties": { "city": "beijing", "candidate_source": "place_village_hamlet_locality", "id": "8479221575", "osm_type": "node", "place": "hamlet", "landuse": "None", "residential": "None", "name": "None" }, "geometry": { "type": "Point", "coordinates": [ 116.102684020996094, 40.03790283203125 ] } },
{ "type": "Feature", "properties": { "city": "beijing", "candidate_source": "place_village_hamlet_locality", "id": "9796850419", "osm_type": "node", "place": "locality", "landuse": "None", "residential": "None", "name": "None" }, "geometry": { "type": "Point", "coordinates": [ 116.087608337402344, 40.040115356445312 ] } },
{ "type": "Feature", "properties": { "city": "beijing", "candidate_source": "place_village_hamlet_locality", "id": "13008736102", "osm_type": "node", "place": "locality", "landuse": "None", "residential": "None", "name": "None" }, "geometry": { "type": "Point", "coordinates": [ 116.088417053222656, 40.054012298583984 ] } },
{ "type": "Feature", "properties": { "city": "beijing", "candidate_source": "place_village_hamlet_locality", "id": "7644995943", "osm_type": "node", "place": "locality", "landuse": "None", "residential": "None", "name": "None" }, "geometry": { "type": "Point", "coordinates": [ 116.546073913574219, 39.8306884765625 ] } },
{ "type": "Feature", "properties": { "city": "beijing", "candidate_source": "place_village_hamlet_locality", "id": "701843098", "osm_type": "node", "place": "village", "landuse": "None", "residential": "None", "name": "None" }, "geometry": { "type": "Point", "coordinates": [ 116.502510070800781, 39.836719512939453 ] } },
{ "type": "Feature", "properties": { "city": "beijing", "candidate_source": "place_village_hamlet_locality", "id": "5851112494", "osm_type": "node", "place": "locality", "landuse": "None", "residential": "None", "name": "None" }, "geometry": { "type": "Point", "coordinates": [ 116.544876098632812, 39.839748382568359 ] } },
{ "type": "Feature", "properties": { "city": "beijing", "candidate_source": "place_village_hamlet_locality", "id": "701843177", "osm_type": "node", "place": "hamlet", "landuse": "None", "residential": "None", "name": "None" }, "geometry": { "type": "Point", "coordinates": [ 116.518707275390625, 39.84149169921875 ] } },
{ "type": "Feature", "properties": { "city": "beijing", "candidate_source": "place_village_hamlet_locality", "id": "701843551", "osm_type": "node", "place": "village", "landuse": "None", "residential": "None", "name": "None" }, "geometry": { "type": "Point", "coordinates": [ 116.523895263671875, 39.842975616455078 ] } },
{ "type": "Feature", "properties": { "city": "beijing", "candidate_source": "place_village_hamlet_locality", "id": "701846488", "osm_type": "node", "place": "hamlet", "landuse": "None", "residential": "None", "name": "None" }, "geometry": { "type": "Point", "coordinates": [ 116.522758483886719, 39.845726013183594 ] } },
{ "type": "Feature", "properties": { "city": "beijing", "candidate_source": "place_village_hamlet_locality", "id": "701845223", "osm_type": "node", "place": "hamlet", "landuse": "None", "residential": "None", "name": "None" }, "geometry": { "type": "Point", "coordinates": [ 116.516624450683594, 39.845870971679688 ] } },
{ "type": "Feature", "properties": { "city": "beijing", "candidate_source": "place_village_hamlet_locality", "id": "701845301", "osm_type": "node", "place": "hamlet", "landuse": "None", "residential": "None", "name": "None" }, "geometry": { "type": "Point", "coordinates": [ 116.513038635253906, 39.848045349121094 ] } },
{ "type": "Feature", "properties": { "city": "beijing", "candidate_source": "place_village_hamlet_locality", "id": "701812433", "osm_type": "node", "place": "locality", "landuse": "None", "residential": "None", "name": "None" }, "geometry": { "type": "Point", "coordinates": [ 116.545799255371094, 39.852935791015625 ] } },
{ "type": "Feature", "properties": { "city": "beijing", "candidate_source": "place_village_hamlet_locality", "id": "701809422", "osm_type": "node", "place": "locality", "landuse": "None", "residential": "None", "name": "None" }, "geometry": { "type": "Point", "coordinates": [ 116.512336730957031, 39.859882354736328 ] } },
{ "type": "Feature", "properties": { "city": "beijing", "candidate_source": "place_village_hamlet_locality", "id": "6263660721", "osm_type": "node", "place": "village", "landuse": "None", "residential": "None", "name": "None" }, "geometry": { "type": "Point", "coordinates": [ 116.398170471191406, 39.830223083496094 ] } },
{ "type": "Feature", "properties": { "city": "beijing", "candidate_source": "place_village_hamlet_locality", "id": "5851112388", "osm_type": "node", "place": "village", "landuse": "None", "residential": "None", "name": "None" }, "geometry": { "type": "Point", "coordinates": [ 116.4344482421875, 39.834053039550781 ] } },
{ "type": "Feature", "properties": { "city": "beijing", "candidate_source": "place_village_hamlet_locality", "id": "9954100552", "osm_type": "node", "place": "village", "landuse": "None", "residential": "None", "name": "None" }, "geometry": { "type": "Point", "coordinates": [ 116.409126281738281, 39.842189788818359 ] } },
{ "type": "Feature", "properties": { "city": "beijing", "candidate_source": "place_village_hamlet_locality", "id": "6263660720", "osm_type": "node", "place": "village", "landuse": "None", "residential": "None", "name": "None" }, "geometry": { "type": "Point", "coordinates": [ 116.415931701660156, 39.842605590820312 ] } },
{ "type": "Feature", "properties": { "city": "beijing", "candidate_source": "place_village_hamlet_locality", "id": "6263660719", "osm_type": "node", "place": "village", "landuse": "None", "residential": "None", "name": "None" }, "geometry": { "type": "Point", "coordinates": [ 116.40484619140625, 39.846614837646484 ] } },
{ "type": "Feature", "properties": { "city": "beijing", "candidate_source": "place_village_hamlet_locality", "id": "9954100551", "osm_type": "node", "place": "village", "landuse": "None", "residential": "None", "name": "None" }, "geometry": { "type": "Point", "coordinates": [ 116.396293640136719, 39.847095489501953 ] } },
{ "type": "Feature", "properties": { "city": "beijing", "candidate_source": "place_village_hamlet_locality", "id": "6263660722", "osm_type": "node", "place": "village", "landuse": "None", "residential": "None", "name": "None" }, "geometry": { "type": "Point", "coordinates": [ 116.422554016113281, 39.849323272705078 ] } },
{ "type": "Feature", "properties": { "city": "beijing", "candidate_source": "place_village_hamlet_locality", "id": "6263660717", "osm_type": "node", "place": "village", "landuse": "None", "residential": "None", "name": "None" }, "geometry": { "type": "Point", "coordinates": [ 116.401283264160156, 39.853019714355469 ] } },
{ "type": "Feature", "properties": { "city": "beijing", "candidate_source": "place_village_hamlet_locality", "id": "13860987243", "osm_type": "node", "place": "hamlet", "landuse": "None", "residential": "None", "name": "None" }, "geometry": { "type": "Point", "coordinates": [ 116.399429321289062, 39.897476196289062 ] } },
{ "type": "Feature", "properties": { "city": "beijing", "candidate_source": "place_village_hamlet_locality", "id": "5210848752", "osm_type": "node", "place": "locality", "landuse": "None", "residential": "None", "name": "None" }, "geometry": { "type": "Point", "coordinates": [ 116.401138305664062, 39.903144836425781 ] } },
{ "type": "Feature", "properties": { "city": "beijing", "candidate_source": "residential_rural", "id": "1005483318", "osm_type": "way", "place": "None", "landuse": "residential", "residential": "rural", "name": "None" }, "geometry": { "type": "Polygon", "coordinates": [ [ [ 116.522064208984375, 39.860897064208984 ], [ 116.520889282226562, 39.859474182128906 ], [ 116.519943237304688, 39.859954833984375 ], [ 116.521102905273438, 39.861351013183594 ], [ 116.522064208984375, 39.860897064208984 ] ] ] } },
{ "type": "Feature", "properties": { "city": "beijing", "candidate_source": "place_village_hamlet_locality", "id": "701809429", "osm_type": "node", "place": "hamlet", "landuse": "None", "residential": "None", "name": "None" }, "geometry": { "type": "Point", "coordinates": [ 116.525558471679688, 39.861862182617188 ] } },
{ "type": "Feature", "properties": { "city": "beijing", "candidate_source": "place_village_hamlet_locality", "id": "5851112509", "osm_type": "node", "place": "village", "landuse": "None", "residential": "None", "name": "None" }, "geometry": { "type": "Point", "coordinates": [ 116.531196594238281, 39.863662719726562 ] } },
{ "type": "Feature", "properties": { "city": "beijing", "candidate_source": "place_village_hamlet_locality", "id": "701809424", "osm_type": "node", "place": "hamlet", "landuse": "None", "residential": "None", "name": "None" }, "geometry": { "type": "Point", "coordinates": [ 116.517410278320312, 39.864662170410156 ] } },
{ "type": "Feature", "properties": { "city": "beijing", "candidate_source": "place_village_hamlet_locality", "id": "528904762", "osm_type": "node", "place": "hamlet", "landuse": "None", "residential": "None", "name": "None" }, "geometry": { "type": "Point", "coordinates": [ 116.512626647949219, 39.864776611328125 ] } },
{ "type": "Feature", "properties": { "city": "beijing", "candidate_source": "place_village_hamlet_locality", "id": "5851112506", "osm_type": "node", "place": "village", "landuse": "None", "residential": "None", "name": "None" }, "geometry": { "type": "Point", "coordinates": [ 116.526321411132812, 39.872653961181641 ] } },
{ "type": "Feature", "properties": { "city": "beijing", "candidate_source": "place_village_hamlet_locality", "id": "8995684406", "osm_type": "node", "place": "locality", "landuse": "None", "residential": "None", "name": "None" }, "geometry": { "type": "Point", "coordinates": [ 116.509315490722656, 39.880970001220703 ] } },
{ "type": "Feature", "properties": { "city": "beijing", "candidate_source": "place_village_hamlet_locality", "id": "5851112507", "osm_type": "node", "place": "village", "landuse": "None", "residential": "None", "name": "None" }, "geometry": { "type": "Point", "coordinates": [ 116.536857604980469, 39.881397247314453 ] } },
{ "type": "Feature", "properties": { "city": "beijing", "candidate_source": "place_village_hamlet_locality", "id": "5851111679", "osm_type": "node", "place": "village", "landuse": "None", "residential": "None", "name": "None" }, "geometry": { "type": "Point", "coordinates": [ 116.513641357421875, 39.894989013671875 ] } },
{ "type": "Feature", "properties": { "city": "beijing", "candidate_source": "place_village_hamlet_locality", "id": "5851111678", "osm_type": "node", "place": "village", "landuse": "None", "residential": "None", "name": "None" }, "geometry": { "type": "Point", "coordinates": [ 116.521278381347656, 39.898326873779297 ] } },
{ "type": "Feature", "properties": { "city": "beijing", "candidate_source": "place_village_hamlet_locality", "id": "5851112501", "osm_type": "node", "place": "locality", "landuse": "None", "residential": "None", "name": "None" }, "geometry": { "type": "Point", "coordinates": [ 116.571220397949219, 39.873786926269531 ] } },
{ "type": "Feature", "properties": { "city": "beijing", "candidate_source": "place_village_hamlet_locality", "id": "5851112508", "osm_type": "node", "place": "village", "landuse": "None", "residential": "None", "name": "None" }, "geometry": { "type": "Point", "coordinates": [ 116.551422119140625, 39.874851226806641 ] } },
{ "type": "Feature", "properties": { "city": "beijing", "candidate_source": "place_village_hamlet_locality", "id": "5851112502", "osm_type": "node", "place": "village", "landuse": "None", "residential": "None", "name": "None" }, "geometry": { "type": "Point", "coordinates": [ 116.571296691894531, 39.880043029785156 ] } },
{ "type": "Feature", "properties": { "city": "beijing", "candidate_source": "place_village_hamlet_locality", "id": "5851112499", "osm_type": "node", "place": "locality", "landuse": "None", "residential": "None", "name": "None" }, "geometry": { "type": "Point", "coordinates": [ 116.562889099121094, 39.880580902099609 ] } },
{ "type": "Feature", "properties": { "city": "beijing", "candidate_source": "place_village_hamlet_locality", "id": "727258223", "osm_type": "node", "place": "village", "landuse": "None", "residential": "None", "name": "None" }, "geometry": { "type": "Point", "coordinates": [ 116.590705871582031, 39.881694793701172 ] } },
{ "type": "Feature", "properties": { "city": "beijing", "candidate_source": "place_village_hamlet_locality", "id": "5851112500", "osm_type": "node", "place": "locality", "landuse": "None", "residential": "None", "name": "None" }, "geometry": { "type": "Point", "coordinates": [ 116.563224792480469, 39.883071899414062 ] } },
{ "type": "Feature", "properties": { "city": "beijing", "candidate_source": "place_village_hamlet_locality", "id": "5851112480", "osm_type": "node", "place": "village", "landuse": "None", "residential": "None", "name": "None" }, "geometry": { "type": "Point", "coordinates": [ 116.550567626953125, 39.888881683349609 ] } },
{ "type": "Feature", "properties": { "city": "beijing", "candidate_source": "place_village_hamlet_locality", "id": "5851112431", "osm_type": "node", "place": "village", "landuse": "None", "residential": "None", "name": "None" }, "geometry": { "type": "Point", "coordinates": [ 116.580284118652344, 39.893619537353516 ] } },
{ "type": "Feature", "properties": { "city": "beijing", "candidate_source": "place_village_hamlet_locality", "id": "5851112425", "osm_type": "node", "place": "village", "landuse": "None", "residential": "None", "name": "None" }, "geometry": { "type": "Point", "coordinates": [ 116.556236267089844, 39.897323608398438 ] } },
{ "type": "Feature", "properties": { "city": "beijing", "candidate_source": "place_village_hamlet_locality", "id": "5851112423", "osm_type": "node", "place": "village", "landuse": "None", "residential": "None", "name": "None" }, "geometry": { "type": "Point", "coordinates": [ 116.558685302734375, 39.900562286376953 ] } },
{ "type": "Feature", "properties": { "city": "beijing", "candidate_source": "place_village_hamlet_locality", "id": "6263660737", "osm_type": "node", "place": "village", "landuse": "None", "residential": "None", "name": "None" }, "geometry": { "type": "Point", "coordinates": [ 116.447769165039062, 39.855133056640625 ] } },
{ "type": "Feature", "properties": { "city": "beijing", "candidate_source": "place_village_hamlet_locality", "id": "5851112391", "osm_type": "node", "place": "village", "landuse": "None", "residential": "None", "name": "None" }, "geometry": { "type": "Point", "coordinates": [ 116.452728271484375, 39.8597412109375 ] } },
{ "type": "Feature", "properties": { "city": "beijing", "candidate_source": "place_village_hamlet_locality", "id": "8600993987", "osm_type": "node", "place": "hamlet", "landuse": "None", "residential": "None", "name": "None" }, "geometry": { "type": "Point", "coordinates": [ 116.44561767578125, 39.865447998046875 ] } },
{ "type": "Feature", "properties": { "city": "beijing", "candidate_source": "place_village_hamlet_locality", "id": "5851111673", "osm_type": "node", "place": "village", "landuse": "None", "residential": "None", "name": "None" }, "geometry": { "type": "Point", "coordinates": [ 116.491661071777344, 39.87359619140625 ] } },
{ "type": "Feature", "properties": { "city": "beijing", "candidate_source": "place_village_hamlet_locality", "id": "1807587033", "osm_type": "node", "place": "hamlet", "landuse": "None", "residential": "None", "name": "None" }, "geometry": { "type": "Point", "coordinates": [ 116.480987548828125, 39.902332305908203 ] } },
{ "type": "Feature", "properties": { "city": "beijing", "candidate_source": "place_village_hamlet_locality", "id": "5851112402", "osm_type": "node", "place": "village", "landuse": "None", "residential": "None", "name": "None" }, "geometry": { "type": "Point", "coordinates": [ 116.480438232421875, 39.926902770996094 ] } },
{ "type": "Feature", "properties": { "city": "beijing", "candidate_source": "place_village_hamlet_locality", "id": "5851112458", "osm_type": "node", "place": "village", "landuse": "None", "residential": "None", "name": "None" }, "geometry": { "type": "Point", "coordinates": [ 116.497444152832031, 40.007728576660156 ] } },
{ "type": "Feature", "properties": { "city": "beijing", "candidate_source": "place_village_hamlet_locality", "id": "5851112456", "osm_type": "node", "place": "village", "landuse": "None", "residential": "None", "name": "None" }, "geometry": { "type": "Point", "coordinates": [ 116.499343872070312, 40.014572143554688 ] } },
{ "type": "Feature", "properties": { "city": "beijing", "candidate_source": "place_village_hamlet_locality", "id": "5851112457", "osm_type": "node", "place": "locality", "landuse": "None", "residential": "None", "name": "None" }, "geometry": { "type": "Point", "coordinates": [ 116.485626220703125, 40.016620635986328 ] } },
{ "type": "Feature", "properties": { "city": "beijing", "candidate_source": "place_village_hamlet_locality", "id": "5851112406", "osm_type": "node", "place": "village", "landuse": "None", "residential": "None", "name": "None" }, "geometry": { "type": "Point", "coordinates": [ 116.450874328613281, 40.026233673095703 ] } },
{ "type": "Feature", "properties": { "city": "beijing", "candidate_source": "place_village_hamlet_locality", "id": "2480495393", "osm_type": "node", "place": "hamlet", "landuse": "None", "residential": "None", "name": "None" }, "geometry": { "type": "Point", "coordinates": [ 116.504531860351562, 39.908149719238281 ] } },
{ "type": "Feature", "properties": { "city": "beijing", "candidate_source": "place_village_hamlet_locality", "id": "5851111676", "osm_type": "node", "place": "village", "landuse": "None", "residential": "None", "name": "None" }, "geometry": { "type": "Point", "coordinates": [ 116.532638549804688, 39.912525177001953 ] } },
{ "type": "Feature", "properties": { "city": "beijing", "candidate_source": "place_village_hamlet_locality", "id": "5851112396", "osm_type": "node", "place": "village", "landuse": "None", "residential": "None", "name": "None" }, "geometry": { "type": "Point", "coordinates": [ 116.511886596679688, 39.936454772949219 ] } },
{ "type": "Feature", "properties": { "city": "beijing", "candidate_source": "place_village_hamlet_locality", "id": "2512429164", "osm_type": "node", "place": "village", "landuse": "None", "residential": "None", "name": "None" }, "geometry": { "type": "Point", "coordinates": [ 116.529762268066406, 39.938888549804688 ] } },
{ "type": "Feature", "properties": { "city": "beijing", "candidate_source": "place_village_hamlet_locality", "id": "5851112461", "osm_type": "node", "place": "locality", "landuse": "None", "residential": "None", "name": "None" }, "geometry": { "type": "Point", "coordinates": [ 116.535690307617188, 39.954307556152344 ] } },
{ "type": "Feature", "properties": { "city": "beijing", "candidate_source": "place_village_hamlet_locality", "id": "9113897653", "osm_type": "node", "place": "village", "landuse": "None", "residential": "None", "name": "None" }, "geometry": { "type": "Point", "coordinates": [ 116.527687072753906, 39.963966369628906 ] } },
{ "type": "Feature", "properties": { "city": "beijing", "candidate_source": "place_village_hamlet_locality", "id": "5005774923", "osm_type": "node", "place": "village", "landuse": "None", "residential": "None", "name": "None" }, "geometry": { "type": "Point", "coordinates": [ 116.499977111816406, 39.997093200683594 ] } },
{ "type": "Feature", "properties": { "city": "beijing", "candidate_source": "place_village_hamlet_locality", "id": "726589047", "osm_type": "node", "place": "village", "landuse": "None", "residential": "None", "name": "None" }, "geometry": { "type": "Point", "coordinates": [ 116.530479431152344, 40.006004333496094 ] } },
{ "type": "Feature", "properties": { "city": "beijing", "candidate_source": "place_village_hamlet_locality", "id": "726588276", "osm_type": "node", "place": "village", "landuse": "None", "residential": "None", "name": "None" }, "geometry": { "type": "Point", "coordinates": [ 116.512290954589844, 40.010951995849609 ] } },
{ "type": "Feature", "properties": { "city": "beijing", "candidate_source": "place_village_hamlet_locality", "id": "5851112459", "osm_type": "node", "place": "locality", "landuse": "None", "residential": "None", "name": "None" }, "geometry": { "type": "Point", "coordinates": [ 116.52130126953125, 40.012653350830078 ] } },
{ "type": "Feature", "properties": { "city": "beijing", "candidate_source": "place_village_hamlet_locality", "id": "1860097341", "osm_type": "node", "place": "locality", "landuse": "None", "residential": "None", "name": "None" }, "geometry": { "type": "Point", "coordinates": [ 116.553993225097656, 39.937526702880859 ] } },
{ "type": "Feature", "properties": { "city": "beijing", "candidate_source": "place_village_hamlet_locality", "id": "727266660", "osm_type": "node", "place": "locality", "landuse": "None", "residential": "None", "name": "None" }, "geometry": { "type": "Point", "coordinates": [ 116.584419250488281, 39.940959930419922 ] } },
{ "type": "Feature", "properties": { "city": "beijing", "candidate_source": "place_village_hamlet_locality", "id": "5851112465", "osm_type": "node", "place": "locality", "landuse": "None", "residential": "None", "name": "None" }, "geometry": { "type": "Point", "coordinates": [ 116.553794860839844, 39.954410552978516 ] } },
{ "type": "Feature", "properties": { "city": "beijing", "candidate_source": "place_village_hamlet_locality", "id": "727265757", "osm_type": "node", "place": "locality", "landuse": "None", "residential": "None", "name": "None" }, "geometry": { "type": "Point", "coordinates": [ 116.5810546875, 39.957233428955078 ] } },
{ "type": "Feature", "properties": { "city": "beijing", "candidate_source": "place_village_hamlet_locality", "id": "726591746", "osm_type": "node", "place": "village", "landuse": "None", "residential": "None", "name": "None" }, "geometry": { "type": "Point", "coordinates": [ 116.566658020019531, 39.968204498291016 ] } },
{ "type": "Feature", "properties": { "city": "beijing", "candidate_source": "place_village_hamlet_locality", "id": "726592924", "osm_type": "node", "place": "hamlet", "landuse": "None", "residential": "None", "name": "None" }, "geometry": { "type": "Point", "coordinates": [ 116.588996887207031, 39.973625183105469 ] } },
{ "type": "Feature", "properties": { "city": "beijing", "candidate_source": "place_village_hamlet_locality", "id": "5851112438", "osm_type": "node", "place": "village", "landuse": "None", "residential": "None", "name": "None" }, "geometry": { "type": "Point", "coordinates": [ 116.590911865234375, 39.986164093017578 ] } },
{ "type": "Feature", "properties": { "city": "beijing", "candidate_source": "place_village_hamlet_locality", "id": "5851112435", "osm_type": "node", "place": "village", "landuse": "None", "residential": "None", "name": "None" }, "geometry": { "type": "Point", "coordinates": [ 116.563102722167969, 39.987018585205078 ] } },
{ "type": "Feature", "properties": { "city": "beijing", "candidate_source": "place_village_hamlet_locality", "id": "5851112432", "osm_type": "node", "place": "village", "landuse": "None", "residential": "None", "name": "None" }, "geometry": { "type": "Point", "coordinates": [ 116.581558227539062, 39.997024536132812 ] } },
{ "type": "Feature", "properties": { "city": "beijing", "candidate_source": "place_village_hamlet_locality", "id": "726589508", "osm_type": "node", "place": "village", "landuse": "None", "residential": "None", "name": "None" }, "geometry": { "type": "Point", "coordinates": [ 116.552009582519531, 40.003303527832031 ] } },
{ "type": "Feature", "properties": { "city": "beijing", "candidate_source": "place_village_hamlet_locality", "id": "5851112434", "osm_type": "node", "place": "village", "landuse": "None", "residential": "None", "name": "None" }, "geometry": { "type": "Point", "coordinates": [ 116.566856384277344, 40.005882263183594 ] } },
{ "type": "Feature", "properties": { "city": "beijing", "candidate_source": "place_village_hamlet_locality", "id": "726589784", "osm_type": "node", "place": "village", "landuse": "None", "residential": "None", "name": "None" }, "geometry": { "type": "Point", "coordinates": [ 116.563323974609375, 40.010555267333984 ] } },
{ "type": "Feature", "properties": { "city": "beijing", "candidate_source": "place_village_hamlet_locality", "id": "5851112450", "osm_type": "node", "place": "village", "landuse": "None", "residential": "None", "name": "None" }, "geometry": { "type": "Point", "coordinates": [ 116.551856994628906, 40.023838043212891 ] } },
{ "type": "Feature", "properties": { "city": "beijing", "candidate_source": "place_village_hamlet_locality", "id": "6409614635", "osm_type": "node", "place": "locality", "landuse": "None", "residential": "None", "name": "None" }, "geometry": { "type": "Point", "coordinates": [ 116.583724975585938, 40.042102813720703 ] } },
{ "type": "Feature", "properties": { "city": "beijing", "candidate_source": "place_village_hamlet_locality", "id": "6409614640", "osm_type": "node", "place": "village", "landuse": "None", "residential": "None", "name": "None" }, "geometry": { "type": "Point", "coordinates": [ 116.570030212402344, 40.069221496582031 ] } },
{ "type": "Feature", "properties": { "city": "beijing", "candidate_source": "place_village_hamlet_locality", "id": "6409614639", "osm_type": "node", "place": "hamlet", "landuse": "None", "residential": "None", "name": "None" }, "geometry": { "type": "Point", "coordinates": [ 116.566574096679688, 40.079666137695312 ] } },
{ "type": "Feature", "properties": { "city": "beijing", "candidate_source": "place_village_hamlet_locality", "id": "6409614638", "osm_type": "node", "place": "hamlet", "landuse": "None", "residential": "None", "name": "None" }, "geometry": { "type": "Point", "coordinates": [ 116.564208984375, 40.090068817138672 ] } },
{ "type": "Feature", "properties": { "city": "beijing", "candidate_source": "place_village_hamlet_locality", "id": "6409614827", "osm_type": "node", "place": "locality", "landuse": "None", "residential": "None", "name": "None" }, "geometry": { "type": "Point", "coordinates": [ 116.582534790039062, 40.090850830078125 ] } },
{ "type": "Feature", "properties": { "city": "beijing", "candidate_source": "place_village_hamlet_locality", "id": "6409614636", "osm_type": "node", "place": "village", "landuse": "None", "residential": "None", "name": "None" }, "geometry": { "type": "Point", "coordinates": [ 116.552803039550781, 40.095916748046875 ] } },
{ "type": "Feature", "properties": { "city": "beijing", "candidate_source": "place_village_hamlet_locality", "id": "6409614631", "osm_type": "node", "place": "hamlet", "landuse": "None", "residential": "None", "name": "None" }, "geometry": { "type": "Point", "coordinates": [ 116.5611572265625, 40.101886749267578 ] } },
{ "type": "Feature", "properties": { "city": "beijing", "candidate_source": "place_village_hamlet_locality", "id": "5851112452", "osm_type": "node", "place": "locality", "landuse": "None", "residential": "None", "name": "None" }, "geometry": { "type": "Point", "coordinates": [ 116.468284606933594, 40.026691436767578 ] } },
{ "type": "Feature", "properties": { "city": "beijing", "candidate_source": "place_village_hamlet_locality", "id": "700049475", "osm_type": "node", "place": "village", "landuse": "None", "residential": "None", "name": "None" }, "geometry": { "type": "Point", "coordinates": [ 116.469413757324219, 40.039653778076172 ] } },
{ "type": "Feature", "properties": { "city": "beijing", "candidate_source": "place_village_hamlet_locality", "id": "5851112453", "osm_type": "node", "place": "village", "landuse": "None", "residential": "None", "name": "None" }, "geometry": { "type": "Point", "coordinates": [ 116.491714477539062, 40.041130065917969 ] } },
{ "type": "Feature", "properties": { "city": "beijing", "candidate_source": "place_village_hamlet_locality", "id": "5851112448", "osm_type": "node", "place": "locality", "landuse": "None", "residential": "None", "name": "None" }, "geometry": { "type": "Point", "coordinates": [ 116.4471435546875, 40.046859741210938 ] } },
{ "type": "Feature", "properties": { "city": "beijing", "candidate_source": "place_village_hamlet_locality", "id": "5851112445", "osm_type": "node", "place": "locality", "landuse": "None", "residential": "None", "name": "None" }, "geometry": { "type": "Point", "coordinates": [ 116.491874694824219, 40.061439514160156 ] } },
{ "type": "Feature", "properties": { "city": "beijing", "candidate_source": "place_village_hamlet_locality", "id": "6409614843", "osm_type": "node", "place": "locality", "landuse": "None", "residential": "None", "name": "None" }, "geometry": { "type": "Point", "coordinates": [ 116.498329162597656, 40.090087890625 ] } },
{ "type": "Feature", "properties": { "city": "beijing", "candidate_source": "place_village_hamlet_locality", "id": "6409614626", "osm_type": "node", "place": "village", "landuse": "None", "residential": "None", "name": "None" }, "geometry": { "type": "Point", "coordinates": [ 116.489494323730469, 40.094211578369141 ] } },
{ "type": "Feature", "properties": { "city": "beijing", "candidate_source": "place_village_hamlet_locality", "id": "700725973", "osm_type": "node", "place": "village", "landuse": "None", "residential": "None", "name": "None" }, "geometry": { "type": "Point", "coordinates": [ 116.5352783203125, 40.033946990966797 ] } },
{ "type": "Feature", "properties": { "city": "beijing", "candidate_source": "place_village_hamlet_locality", "id": "5851112454", "osm_type": "node", "place": "village", "landuse": "None", "residential": "None", "name": "None" }, "geometry": { "type": "Point", "coordinates": [ 116.501213073730469, 40.038364410400391 ] } },
{ "type": "Feature", "properties": { "city": "beijing", "candidate_source": "place_village_hamlet_locality", "id": "5851112440", "osm_type": "node", "place": "locality", "landuse": "None", "residential": "None", "name": "None" }, "geometry": { "type": "Point", "coordinates": [ 116.526390075683594, 40.042312622070312 ] } },
{ "type": "Feature", "properties": { "city": "beijing", "candidate_source": "place_village_hamlet_locality", "id": "5851112443", "osm_type": "node", "place": "locality", "landuse": "None", "residential": "None", "name": "None" }, "geometry": { "type": "Point", "coordinates": [ 116.516456604003906, 40.046024322509766 ] } },
{ "type": "Feature", "properties": { "city": "beijing", "candidate_source": "place_village_hamlet_locality", "id": "5851112442", "osm_type": "node", "place": "locality", "landuse": "None", "residential": "None", "name": "None" }, "geometry": { "type": "Point", "coordinates": [ 116.517097473144531, 40.049587249755859 ] } },
{ "type": "Feature", "properties": { "city": "beijing", "candidate_source": "place_village_hamlet_locality", "id": "5851112441", "osm_type": "node", "place": "locality", "landuse": "None", "residential": "None", "name": "None" }, "geometry": { "type": "Point", "coordinates": [ 116.526496887207031, 40.051525115966797 ] } },
{ "type": "Feature", "properties": { "city": "beijing", "candidate_source": "place_village_hamlet_locality", "id": "6409614837", "osm_type": "node", "place": "locality", "landuse": "None", "residential": "None", "name": "None" }, "geometry": { "type": "Point", "coordinates": [ 116.525062561035156, 40.076087951660156 ] } },
{ "type": "Feature", "properties": { "city": "beijing", "candidate_source": "place_village_hamlet_locality", "id": "6409614838", "osm_type": "node", "place": "locality", "landuse": "None", "residential": "None", "name": "None" }, "geometry": { "type": "Point", "coordinates": [ 116.519844055175781, 40.086627960205078 ] } },
{ "type": "Feature", "properties": { "city": "beijing", "candidate_source": "place_village_hamlet_locality", "id": "6409614839", "osm_type": "node", "place": "village", "landuse": "None", "residential": "None", "name": "None" }, "geometry": { "type": "Point", "coordinates": [ 116.51031494140625, 40.089958190917969 ] } },
{ "type": "Feature", "properties": { "city": "beijing", "candidate_source": "place_village_hamlet_locality", "id": "478546676", "osm_type": "way", "place": "hamlet", "landuse": "None", "residential": "None", "name": "None" }, "geometry": { "type": "Polygon", "coordinates": [ [ [ 116.523529052734375, 40.094902038574219 ], [ 116.523643493652344, 40.094913482666016 ], [ 116.524909973144531, 40.092960357666016 ], [ 116.523231506347656, 40.092647552490234 ], [ 116.522720336914062, 40.094734191894531 ], [ 116.523529052734375, 40.094902038574219 ] ] ] } },
{ "type": "Feature", "properties": { "city": "beijing", "candidate_source": "place_village_hamlet_locality", "id": "13305744712", "osm_type": "node", "place": "locality", "landuse": "None", "residential": "None", "name": "None" }, "geometry": { "type": "Point", "coordinates": [ 116.38250732421875, 40.015403747558594 ] } },
{ "type": "Feature", "properties": { "city": "beijing", "candidate_source": "place_village_hamlet_locality", "id": "13305744731", "osm_type": "node", "place": "locality", "landuse": "None", "residential": "None", "name": "None" }, "geometry": { "type": "Point", "coordinates": [ 116.392784118652344, 40.016204833984375 ] } },
{ "type": "Feature", "properties": { "city": "beijing", "candidate_source": "place_village_hamlet_locality", "id": "13305744789", "osm_type": "node", "place": "locality", "landuse": "None", "residential": "None", "name": "None" }, "geometry": { "type": "Point", "coordinates": [ 116.385971069335938, 40.017597198486328 ] } },
{ "type": "Feature", "properties": { "city": "beijing", "candidate_source": "place_village_hamlet_locality", "id": "9626392988", "osm_type": "node", "place": "locality", "landuse": "None", "residential": "None", "name": "None" }, "geometry": { "type": "Point", "coordinates": [ 116.413475036621094, 40.023540496826172 ] } },
{ "type": "Feature", "properties": { "city": "beijing", "candidate_source": "place_village_hamlet_locality", "id": "13296370920", "osm_type": "node", "place": "hamlet", "landuse": "None", "residential": "None", "name": "None" }, "geometry": { "type": "Point", "coordinates": [ 116.383232116699219, 40.031646728515625 ] } },
{ "type": "Feature", "properties": { "city": "beijing", "candidate_source": "place_village_hamlet_locality", "id": "6402626307", "osm_type": "node", "place": "village", "landuse": "None", "residential": "None", "name": "None" }, "geometry": { "type": "Point", "coordinates": [ 116.199699401855469, 40.089687347412109 ] } },
{ "type": "Feature", "properties": { "city": "beijing", "candidate_source": "place_village_hamlet_locality", "id": "6402626313", "osm_type": "node", "place": "village", "landuse": "None", "residential": "None", "name": "None" }, "geometry": { "type": "Point", "coordinates": [ 116.189949035644531, 40.096260070800781 ] } },
{ "type": "Feature", "properties": { "city": "beijing", "candidate_source": "place_village_hamlet_locality", "id": "6402626318", "osm_type": "node", "place": "village", "landuse": "None", "residential": "None", "name": "None" }, "geometry": { "type": "Point", "coordinates": [ 116.174598693847656, 40.100364685058594 ] } },
{ "type": "Feature", "properties": { "city": "beijing", "candidate_source": "place_village_hamlet_locality", "id": "6402626315", "osm_type": "node", "place": "village", "landuse": "None", "residential": "None", "name": "None" }, "geometry": { "type": "Point", "coordinates": [ 116.223487854003906, 40.102489471435547 ] } },
{ "type": "Feature", "properties": { "city": "beijing", "candidate_source": "place_village_hamlet_locality", "id": "6402626310", "osm_type": "node", "place": "village", "landuse": "None", "residential": "None", "name": "None" }, "geometry": { "type": "Point", "coordinates": [ 116.199913024902344, 40.105785369873047 ] } },
{ "type": "Feature", "properties": { "city": "beijing", "candidate_source": "place_village_hamlet_locality", "id": "6402626314", "osm_type": "node", "place": "village", "landuse": "None", "residential": "None", "name": "None" }, "geometry": { "type": "Point", "coordinates": [ 116.216194152832031, 40.109710693359375 ] } },
{ "type": "Feature", "properties": { "city": "beijing", "candidate_source": "residential_rural", "id": "26238335643", "osm_type": "relation", "place": "None", "landuse": "residential", "residential": "rural", "name": "None" }, "geometry": { "type": "MultiPolygon", "coordinates": [ [ [ [ 116.201469421386719, 40.110469818115234 ], [ 116.201522827148438, 40.110359191894531 ], [ 116.201080322265625, 40.110298156738281 ], [ 116.200851440429688, 40.110271453857422 ], [ 116.201469421386719, 40.110469818115234 ] ] ], [ [ [ 116.198760986328125, 40.112197875976562 ], [ 116.200645446777344, 40.112201690673828 ], [ 116.198692321777344, 40.112155914306641 ], [ 116.198760986328125, 40.112197875976562 ] ] ], [ [ [ 116.198600769042969, 40.112148284912109 ], [ 116.198432922363281, 40.112148284912109 ], [ 116.198692321777344, 40.112155914306641 ], [ 116.198600769042969, 40.112148284912109 ] ] ], [ [ [ 116.196182250976562, 40.112213134765625 ], [ 116.198318481445312, 40.112197875976562 ], [ 116.198371887207031, 40.112148284912109 ], [ 116.196182250976562, 40.112213134765625 ] ] ], [ [ [ 116.197192504882807, 40.110461181640623 ], [ 116.197067260742188, 40.110450744628906 ], [ 116.196197509765625, 40.110450744628906 ], [ 116.197192504882807, 40.110461181640623 ] ] ], [ [ [ 116.197319030761719, 40.110431671142578 ], [ 116.197349548339844, 40.110343933105469 ], [ 116.197502136230469, 40.10986328125 ], [ 116.197540283203125, 40.1097412109375 ], [ 116.197288513183594, 40.110462188720703 ], [ 116.197319030761719, 40.110431671142578 ] ] ] ] } },
{ "type": "Feature", "properties": { "city": "beijing", "candidate_source": "place_village_hamlet_locality", "id": "6402626319", "osm_type": "node", "place": "village", "landuse": "None", "residential": "None", "name": "None" }, "geometry": { "type": "Point", "coordinates": [ 116.182090759277344, 40.112796783447266 ] } },
{ "type": "Feature", "properties": { "city": "beijing", "candidate_source": "place_village_hamlet_locality", "id": "1851959214", "osm_type": "node", "place": "village", "landuse": "None", "residential": "None", "name": "None" }, "geometry": { "type": "Point", "coordinates": [ 116.213874816894531, 40.117313385009766 ] } },
{ "type": "Feature", "properties": { "city": "beijing", "candidate_source": "place_village_hamlet_locality", "id": "6402626317", "osm_type": "node", "place": "village", "landuse": "None", "residential": "None", "name": "None" }, "geometry": { "type": "Point", "coordinates": [ 116.219650268554688, 40.117565155029297 ] } },
{ "type": "Feature", "properties": { "city": "beijing", "candidate_source": "place_village_hamlet_locality", "id": "1851959179", "osm_type": "node", "place": "village", "landuse": "None", "residential": "None", "name": "None" }, "geometry": { "type": "Point", "coordinates": [ 116.201850891113281, 40.118034362792969 ] } },
{ "type": "Feature", "properties": { "city": "beijing", "candidate_source": "place_village_hamlet_locality", "id": "1851959222", "osm_type": "node", "place": "village", "landuse": "None", "residential": "None", "name": "None" }, "geometry": { "type": "Point", "coordinates": [ 116.190818786621094, 40.122108459472656 ] } },
{ "type": "Feature", "properties": { "city": "beijing", "candidate_source": "place_village_hamlet_locality", "id": "1851959202", "osm_type": "node", "place": "village", "landuse": "None", "residential": "None", "name": "None" }, "geometry": { "type": "Point", "coordinates": [ 116.178565979003906, 40.12548828125 ] } },
{ "type": "Feature", "properties": { "city": "beijing", "candidate_source": "place_village_hamlet_locality", "id": "1851959211", "osm_type": "node", "place": "village", "landuse": "None", "residential": "None", "name": "None" }, "geometry": { "type": "Point", "coordinates": [ 116.21636962890625, 40.134567260742188 ] } },
{ "type": "Feature", "properties": { "city": "beijing", "candidate_source": "place_village_hamlet_locality", "id": "6402626311", "osm_type": "node", "place": "village", "landuse": "None", "residential": "None", "name": "None" }, "geometry": { "type": "Point", "coordinates": [ 116.198509216308594, 40.136386871337891 ] } },
{ "type": "Feature", "properties": { "city": "beijing", "candidate_source": "place_village_hamlet_locality", "id": "2284943512", "osm_type": "node", "place": "village", "landuse": "None", "residential": "None", "name": "None" }, "geometry": { "type": "Point", "coordinates": [ 116.195755004882812, 40.146884918212891 ] } },
{ "type": "Feature", "properties": { "city": "beijing", "candidate_source": "place_village_hamlet_locality", "id": "2284943486", "osm_type": "node", "place": "village", "landuse": "None", "residential": "None", "name": "None" }, "geometry": { "type": "Point", "coordinates": [ 116.188735961914062, 40.150634765625 ] } },
{ "type": "Feature", "properties": { "city": "beijing", "candidate_source": "place_village_hamlet_locality", "id": "13042550962", "osm_type": "node", "place": "locality", "landuse": "None", "residential": "None", "name": "None" }, "geometry": { "type": "Point", "coordinates": [ 116.17034912109375, 40.026023864746094 ] } },
{ "type": "Feature", "properties": { "city": "beijing", "candidate_source": "place_village_hamlet_locality", "id": "996824919", "osm_type": "way", "place": "locality", "landuse": "None", "residential": "None", "name": "None" }, "geometry": { "type": "Polygon", "coordinates": [ [ [ 116.159835815429688, 40.031414031982422 ], [ 116.159774780273438, 40.031383514404297 ], [ 116.158592224121094, 40.033748626708984 ], [ 116.157646179199219, 40.034915924072266 ], [ 116.158493041992188, 40.035148620605469 ], [ 116.158622741699219, 40.035182952880859 ], [ 116.159004211425781, 40.035285949707031 ], [ 116.159400939941406, 40.034355163574219 ], [ 116.160514831542969, 40.031761169433594 ], [ 116.159835815429688, 40.031414031982422 ] ] ] } },
{ "type": "Feature", "properties": { "city": "beijing", "candidate_source": "place_village_hamlet_locality", "id": "13032226676", "osm_type": "node", "place": "locality", "landuse": "None", "residential": "None", "name": "None" }, "geometry": { "type": "Point", "coordinates": [ 116.159278869628906, 40.033546447753906 ] } },
{ "type": "Feature", "properties": { "city": "beijing", "candidate_source": "place_village_hamlet_locality", "id": "13032226675", "osm_type": "node", "place": "locality", "landuse": "None", "residential": "None", "name": "None" }, "geometry": { "type": "Point", "coordinates": [ 116.146980285644531, 40.036537170410156 ] } },
{ "type": "Feature", "properties": { "city": "beijing", "candidate_source": "place_village_hamlet_locality", "id": "13032226674", "osm_type": "node", "place": "locality", "landuse": "None", "residential": "None", "name": "None" }, "geometry": { "type": "Point", "coordinates": [ 116.146194458007812, 40.040958404541016 ] } },
{ "type": "Feature", "properties": { "city": "beijing", "candidate_source": "place_village_hamlet_locality", "id": "13032226554", "osm_type": "node", "place": "hamlet", "landuse": "None", "residential": "None", "name": "None" }, "geometry": { "type": "Point", "coordinates": [ 116.158737182617188, 40.043613433837891 ] } },
{ "type": "Feature", "properties": { "city": "beijing", "candidate_source": "place_village_hamlet_locality", "id": "6402626066", "osm_type": "node", "place": "village", "landuse": "None", "residential": "None", "name": "None" }, "geometry": { "type": "Point", "coordinates": [ 116.168220520019531, 40.075691223144531 ] } },
{ "type": "Feature", "properties": { "city": "beijing", "candidate_source": "place_village_hamlet_locality", "id": "1849499849", "osm_type": "node", "place": "village", "landuse": "None", "residential": "None", "name": "None" }, "geometry": { "type": "Point", "coordinates": [ 116.137222290039062, 40.081161499023438 ] } },
{ "type": "Feature", "properties": { "city": "beijing", "candidate_source": "place_village_hamlet_locality", "id": "10235564650", "osm_type": "node", "place": "locality", "landuse": "None", "residential": "None", "name": "None" }, "geometry": { "type": "Point", "coordinates": [ 116.078468322753906, 40.054588317871094 ] } },
{ "type": "Feature", "properties": { "city": "beijing", "candidate_source": "place_village_hamlet_locality", "id": "10564223185", "osm_type": "node", "place": "locality", "landuse": "None", "residential": "None", "name": "None" }, "geometry": { "type": "Point", "coordinates": [ 116.072341918945312, 40.060752868652344 ] } },
{ "type": "Feature", "properties": { "city": "beijing", "candidate_source": "place_village_hamlet_locality", "id": "5676032634", "osm_type": "node", "place": "locality", "landuse": "None", "residential": "None", "name": "None" }, "geometry": { "type": "Point", "coordinates": [ 116.075752258300781, 40.073619842529297 ] } },
{ "type": "Feature", "properties": { "city": "beijing", "candidate_source": "place_village_hamlet_locality", "id": "10204005244", "osm_type": "node", "place": "locality", "landuse": "None", "residential": "None", "name": "None" }, "geometry": { "type": "Point", "coordinates": [ 116.076087951660156, 40.075641632080078 ] } },
{ "type": "Feature", "properties": { "city": "beijing", "candidate_source": "place_village_hamlet_locality", "id": "10235564200", "osm_type": "node", "place": "locality", "landuse": "None", "residential": "None", "name": "None" }, "geometry": { "type": "Point", "coordinates": [ 116.061332702636719, 40.0819091796875 ] } },
{ "type": "Feature", "properties": { "city": "beijing", "candidate_source": "place_village_hamlet_locality", "id": "10204005014", "osm_type": "node", "place": "locality", "landuse": "None", "residential": "None", "name": "None" }, "geometry": { "type": "Point", "coordinates": [ 116.0654296875, 40.082546234130859 ] } },
{ "type": "Feature", "properties": { "city": "beijing", "candidate_source": "place_village_hamlet_locality", "id": "10235564746", "osm_type": "node", "place": "locality", "landuse": "None", "residential": "None", "name": "None" }, "geometry": { "type": "Point", "coordinates": [ 116.072013854980469, 40.082992553710938 ] } },
{ "type": "Feature", "properties": { "city": "beijing", "candidate_source": "place_village_hamlet_locality", "id": "10235564738", "osm_type": "node", "place": "locality", "landuse": "None", "residential": "None", "name": "None" }, "geometry": { "type": "Point", "coordinates": [ 116.050834655761719, 40.083339691162109 ] } },
{ "type": "Feature", "properties": { "city": "beijing", "candidate_source": "place_village_hamlet_locality", "id": "10235564648", "osm_type": "node", "place": "locality", "landuse": "None", "residential": "None", "name": "None" }, "geometry": { "type": "Point", "coordinates": [ 116.062835693359375, 40.083339691162109 ] } },
{ "type": "Feature", "properties": { "city": "beijing", "candidate_source": "place_village_hamlet_locality", "id": "11692836569", "osm_type": "node", "place": "locality", "landuse": "None", "residential": "None", "name": "None" }, "geometry": { "type": "Point", "coordinates": [ 116.06683349609375, 40.083930969238281 ] } },
{ "type": "Feature", "properties": { "city": "beijing", "candidate_source": "residential_rural", "id": "1519447230", "osm_type": "way", "place": "None", "landuse": "residential", "residential": "rural", "name": "None" }, "geometry": { "type": "Polygon", "coordinates": [ [ [ 116.104568481445312, 40.065101623535156 ], [ 116.104629516601562, 40.064617156982422 ], [ 116.103904724121094, 40.064567565917969 ], [ 116.103843688964844, 40.065052032470703 ], [ 116.104568481445312, 40.065101623535156 ] ] ] } },
{ "type": "Feature", "properties": { "city": "beijing", "candidate_source": "residential_rural", "id": "1519189842", "osm_type": "way", "place": "None", "landuse": "residential", "residential": "rural", "name": "None" }, "geometry": { "type": "Polygon", "coordinates": [ [ [ 116.106193542480469, 40.065048217773438 ], [ 116.106239318847656, 40.064670562744141 ], [ 116.105880737304688, 40.064643859863281 ], [ 116.105827331542969, 40.065021514892578 ], [ 116.106193542480469, 40.065048217773438 ] ] ] } },
{ "type": "Feature", "properties": { "city": "beijing", "candidate_source": "residential_rural", "id": "1519447229", "osm_type": "way", "place": "None", "landuse": "residential", "residential": "rural", "name": "None" }, "geometry": { "type": "Polygon", "coordinates": [ [ [ 116.105415344238281, 40.065074920654297 ], [ 116.10546875, 40.064670562744141 ], [ 116.104698181152344, 40.064617156982422 ], [ 116.104652404785156, 40.065021514892578 ], [ 116.105415344238281, 40.065074920654297 ] ] ] } },
{ "type": "Feature", "properties": { "city": "beijing", "candidate_source": "residential_rural", "id": "1519189843", "osm_type": "way", "place": "None", "landuse": "residential", "residential": "rural", "name": "None" }, "geometry": { "type": "Polygon", "coordinates": [ [ [ 116.106651306152344, 40.065078735351562 ], [ 116.106666564941406, 40.064956665039062 ], [ 116.106300354003906, 40.064933776855469 ], [ 116.106285095214844, 40.065052032470703 ], [ 116.106651306152344, 40.065078735351562 ] ] ] } },
{ "type": "Feature", "properties": { "city": "beijing", "candidate_source": "place_village_hamlet_locality", "id": "10564223147", "osm_type": "node", "place": "locality", "landuse": "None", "residential": "None", "name": "None" }, "geometry": { "type": "Point", "coordinates": [ 116.091636657714844, 40.067607879638672 ] } },
{ "type": "Feature", "properties": { "city": "beijing", "candidate_source": "place_village_hamlet_locality", "id": "12985184495", "osm_type": "node", "place": "hamlet", "landuse": "None", "residential": "None", "name": "None" }, "geometry": { "type": "Point", "coordinates": [ 116.1085205078125, 40.074138641357422 ] } },
{ "type": "Feature", "properties": { "city": "beijing", "candidate_source": "place_village_hamlet_locality", "id": "6402626071", "osm_type": "node", "place": "village", "landuse": "None", "residential": "None", "name": "None" }, "geometry": { "type": "Point", "coordinates": [ 116.11395263671875, 40.074710845947266 ] } },
{ "type": "Feature", "properties": { "city": "beijing", "candidate_source": "place_village_hamlet_locality", "id": "6402626073", "osm_type": "node", "place": "village", "landuse": "None", "residential": "None", "name": "None" }, "geometry": { "type": "Point", "coordinates": [ 116.089279174804688, 40.081394195556641 ] } },
{ "type": "Feature", "properties": { "city": "beijing", "candidate_source": "place_village_hamlet_locality", "id": "6402626072", "osm_type": "node", "place": "village", "landuse": "None", "residential": "None", "name": "None" }, "geometry": { "type": "Point", "coordinates": [ 116.115585327148438, 40.083099365234375 ] } },
{ "type": "Feature", "properties": { "city": "beijing", "candidate_source": "place_village_hamlet_locality", "id": "6402626076", "osm_type": "node", "place": "village", "landuse": "None", "residential": "None", "name": "None" }, "geometry": { "type": "Point", "coordinates": [ 116.111129760742188, 40.099109649658203 ] } },
{ "type": "Feature", "properties": { "city": "beijing", "candidate_source": "place_village_hamlet_locality", "id": "1851959182", "osm_type": "node", "place": "village", "landuse": "None", "residential": "None", "name": "None" }, "geometry": { "type": "Point", "coordinates": [ 116.171142578125, 40.123111724853516 ] } },
{ "type": "Feature", "properties": { "city": "beijing", "candidate_source": "place_village_hamlet_locality", "id": "6402626320", "osm_type": "node", "place": "village", "landuse": "None", "residential": "None", "name": "None" }, "geometry": { "type": "Point", "coordinates": [ 116.163887023925781, 40.139682769775391 ] } },
{ "type": "Feature", "properties": { "city": "beijing", "candidate_source": "place_village_hamlet_locality", "id": "11692836600", "osm_type": "node", "place": "locality", "landuse": "None", "residential": "None", "name": "None" }, "geometry": { "type": "Point", "coordinates": [ 116.067665100097656, 40.08831787109375 ] } },
{ "type": "Feature", "properties": { "city": "beijing", "candidate_source": "place_village_hamlet_locality", "id": "1973270437", "osm_type": "node", "place": "village", "landuse": "None", "residential": "None", "name": "None" }, "geometry": { "type": "Point", "coordinates": [ 116.08447265625, 40.093608856201172 ] } },
{ "type": "Feature", "properties": { "city": "beijing", "candidate_source": "place_village_hamlet_locality", "id": "9314307926", "osm_type": "node", "place": "locality", "landuse": "None", "residential": "None", "name": "None" }, "geometry": { "type": "Point", "coordinates": [ 116.07525634765625, 40.108306884765625 ] } },
{ "type": "Feature", "properties": { "city": "beijing", "candidate_source": "place_village_hamlet_locality", "id": "9266108125", "osm_type": "node", "place": "locality", "landuse": "None", "residential": "None", "name": "None" }, "geometry": { "type": "Point", "coordinates": [ 116.085342407226562, 40.114212036132812 ] } },
{ "type": "Feature", "properties": { "city": "beijing", "candidate_source": "place_village_hamlet_locality", "id": "6402626075", "osm_type": "node", "place": "village", "landuse": "None", "residential": "None", "name": "None" }, "geometry": { "type": "Point", "coordinates": [ 116.112342834472656, 40.107345581054688 ] } },
{ "type": "Feature", "properties": { "city": "beijing", "candidate_source": "place_village_hamlet_locality", "id": "6402626074", "osm_type": "node", "place": "village", "landuse": "None", "residential": "None", "name": "None" }, "geometry": { "type": "Point", "coordinates": [ 116.111297607421875, 40.110279083251953 ] } },
{ "type": "Feature", "properties": { "city": "beijing", "candidate_source": "place_village_hamlet_locality", "id": "6409614845", "osm_type": "node", "place": "locality", "landuse": "None", "residential": "None", "name": "None" }, "geometry": { "type": "Point", "coordinates": [ 116.545211791992188, 40.096328735351562 ] } },
{ "type": "Feature", "properties": { "city": "beijing", "candidate_source": "place_village_hamlet_locality", "id": "6409614637", "osm_type": "node", "place": "village", "landuse": "None", "residential": "None", "name": "None" }, "geometry": { "type": "Point", "coordinates": [ 116.537834167480469, 40.097042083740234 ] } },
{ "type": "Feature", "properties": { "city": "beijing", "candidate_source": "place_village_hamlet_locality", "id": "6409614627", "osm_type": "node", "place": "village", "landuse": "None", "residential": "None", "name": "None" }, "geometry": { "type": "Point", "coordinates": [ 116.505157470703125, 40.099342346191406 ] } },
{ "type": "Feature", "properties": { "city": "beijing", "candidate_source": "place_village_hamlet_locality", "id": "6409614840", "osm_type": "node", "place": "locality", "landuse": "None", "residential": "None", "name": "None" }, "geometry": { "type": "Point", "coordinates": [ 116.541427612304688, 40.100570678710938 ] } },
{ "type": "Feature", "properties": { "city": "beijing", "candidate_source": "place_village_hamlet_locality", "id": "6409614844", "osm_type": "node", "place": "locality", "landuse": "None", "residential": "None", "name": "None" }, "geometry": { "type": "Point", "coordinates": [ 116.530036926269531, 40.100898742675781 ] } },
{ "type": "Feature", "properties": { "city": "beijing", "candidate_source": "place_village_hamlet_locality", "id": "6409614629", "osm_type": "node", "place": "village", "landuse": "None", "residential": "None", "name": "None" }, "geometry": { "type": "Point", "coordinates": [ 116.539848327636719, 40.106876373291016 ] } },
{ "type": "Feature", "properties": { "city": "beijing", "candidate_source": "place_village_hamlet_locality", "id": "6409614628", "osm_type": "node", "place": "village", "landuse": "None", "residential": "None", "name": "None" }, "geometry": { "type": "Point", "coordinates": [ 116.519157409667969, 40.121845245361328 ] } },
{ "type": "Feature", "properties": { "city": "beijing", "candidate_source": "place_village_hamlet_locality", "id": "6409614634", "osm_type": "node", "place": "village", "landuse": "None", "residential": "None", "name": "None" }, "geometry": { "type": "Point", "coordinates": [ 116.519599914550781, 40.124889373779297 ] } },
{ "type": "Feature", "properties": { "city": "beijing", "candidate_source": "place_village_hamlet_locality", "id": "6409614884", "osm_type": "node", "place": "village", "landuse": "None", "residential": "None", "name": "None" }, "geometry": { "type": "Point", "coordinates": [ 116.547370910644531, 40.13287353515625 ] } },
{ "type": "Feature", "properties": { "city": "beijing", "candidate_source": "place_village_hamlet_locality", "id": "6409615091", "osm_type": "node", "place": "village", "landuse": "None", "residential": "None", "name": "None" }, "geometry": { "type": "Point", "coordinates": [ 116.529273986816406, 40.136421203613281 ] } },
{ "type": "Feature", "properties": { "city": "beijing", "candidate_source": "place_village_hamlet_locality", "id": "6409614881", "osm_type": "node", "place": "locality", "landuse": "None", "residential": "None", "name": "None" }, "geometry": { "type": "Point", "coordinates": [ 116.492645263671875, 40.128555297851562 ] } },
{ "type": "Feature", "properties": { "city": "beijing", "candidate_source": "place_village_hamlet_locality", "id": "6409614877", "osm_type": "node", "place": "village", "landuse": "None", "residential": "None", "name": "None" }, "geometry": { "type": "Point", "coordinates": [ 116.4915771484375, 40.140029907226562 ] } },
{ "type": "Feature", "properties": { "city": "beijing", "candidate_source": "place_village_hamlet_locality", "id": "6409614880", "osm_type": "node", "place": "village", "landuse": "None", "residential": "None", "name": "None" }, "geometry": { "type": "Point", "coordinates": [ 116.48486328125, 40.144184112548828 ] } },
{ "type": "Feature", "properties": { "city": "beijing", "candidate_source": "place_village_hamlet_locality", "id": "6409614878", "osm_type": "node", "place": "village", "landuse": "None", "residential": "None", "name": "None" }, "geometry": { "type": "Point", "coordinates": [ 116.494430541992188, 40.145828247070312 ] } },
{ "type": "Feature", "properties": { "city": "beijing", "candidate_source": "place_village_hamlet_locality", "id": "6409614879", "osm_type": "node", "place": "village", "landuse": "None", "residential": "None", "name": "None" }, "geometry": { "type": "Point", "coordinates": [ 116.491470336914062, 40.150455474853516 ] } },
{ "type": "Feature", "properties": { "city": "beijing", "candidate_source": "place_village_hamlet_locality", "id": "6409615092", "osm_type": "node", "place": "village", "landuse": "None", "residential": "None", "name": "None" }, "geometry": { "type": "Point", "coordinates": [ 116.514923095703125, 40.140701293945312 ] } },
{ "type": "Feature", "properties": { "city": "beijing", "candidate_source": "place_village_hamlet_locality", "id": "6409615089", "osm_type": "node", "place": "village", "landuse": "None", "residential": "None", "name": "None" }, "geometry": { "type": "Point", "coordinates": [ 116.528129577636719, 40.150806427001953 ] } },
{ "type": "Feature", "properties": { "city": "beijing", "candidate_source": "place_village_hamlet_locality", "id": "6409615090", "osm_type": "node", "place": "village", "landuse": "None", "residential": "None", "name": "None" }, "geometry": { "type": "Point", "coordinates": [ 116.518043518066406, 40.152519226074219 ] } },
{ "type": "Feature", "properties": { "city": "beijing", "candidate_source": "place_village_hamlet_locality", "id": "6409615088", "osm_type": "node", "place": "village", "landuse": "None", "residential": "None", "name": "None" }, "geometry": { "type": "Point", "coordinates": [ 116.526054382324219, 40.157035827636719 ] } },
{ "type": "Feature", "properties": { "city": "beijing", "candidate_source": "place_village_hamlet_locality", "id": "6409615085", "osm_type": "node", "place": "village", "landuse": "None", "residential": "None", "name": "None" }, "geometry": { "type": "Point", "coordinates": [ 116.548133850097656, 40.161491394042969 ] } },
{ "type": "Feature", "properties": { "city": "beijing", "candidate_source": "place_village_hamlet_locality", "id": "6409615086", "osm_type": "node", "place": "village", "landuse": "None", "residential": "None", "name": "None" }, "geometry": { "type": "Point", "coordinates": [ 116.531074523925781, 40.164005279541016 ] } },
{ "type": "Feature", "properties": { "city": "beijing", "candidate_source": "place_village_hamlet_locality", "id": "6409614873", "osm_type": "node", "place": "village", "landuse": "None", "residential": "None", "name": "None" }, "geometry": { "type": "Point", "coordinates": [ 116.502105712890625, 40.171772003173828 ] } },
{ "type": "Feature", "properties": { "city": "beijing", "candidate_source": "place_village_hamlet_locality", "id": "6409615087", "osm_type": "node", "place": "village", "landuse": "None", "residential": "None", "name": "None" }, "geometry": { "type": "Point", "coordinates": [ 116.546218872070312, 40.172084808349609 ] } },
{ "type": "Feature", "properties": { "city": "beijing", "candidate_source": "place_village_hamlet_locality", "id": "6409614874", "osm_type": "node", "place": "village", "landuse": "None", "residential": "None", "name": "None" }, "geometry": { "type": "Point", "coordinates": [ 116.500442504882812, 40.174598693847656 ] } },
{ "type": "Feature", "properties": { "city": "beijing", "candidate_source": "place_village_hamlet_locality", "id": "6410843742", "osm_type": "node", "place": "village", "landuse": "None", "residential": "None", "name": "None" }, "geometry": { "type": "Point", "coordinates": [ 116.501434326171875, 40.194576263427734 ] } },
{ "type": "Feature", "properties": { "city": "beijing", "candidate_source": "place_village_hamlet_locality", "id": "6409614872", "osm_type": "node", "place": "village", "landuse": "None", "residential": "None", "name": "None" }, "geometry": { "type": "Point", "coordinates": [ 116.494117736816406, 40.169425964355469 ] } },
{ "type": "Feature", "properties": { "city": "beijing", "candidate_source": "place_village_hamlet_locality", "id": "6409614871", "osm_type": "node", "place": "village", "landuse": "None", "residential": "None", "name": "None" }, "geometry": { "type": "Point", "coordinates": [ 116.490562438964844, 40.170654296875 ] } },
{ "type": "Feature", "properties": { "city": "beijing", "candidate_source": "place_village_hamlet_locality", "id": "6409614876", "osm_type": "node", "place": "village", "landuse": "None", "residential": "None", "name": "None" }, "geometry": { "type": "Point", "coordinates": [ 116.496513366699219, 40.174201965332031 ] } },
{ "type": "Feature", "properties": { "city": "beijing", "candidate_source": "place_village_hamlet_locality", "id": "6409614870", "osm_type": "node", "place": "village", "landuse": "None", "residential": "None", "name": "None" }, "geometry": { "type": "Point", "coordinates": [ 116.485748291015625, 40.174339294433594 ] } },
{ "type": "Feature", "properties": { "city": "beijing", "candidate_source": "place_village_hamlet_locality", "id": "6409614875", "osm_type": "node", "place": "village", "landuse": "None", "residential": "None", "name": "None" }, "geometry": { "type": "Point", "coordinates": [ 116.498222351074219, 40.175113677978516 ] } },
{ "type": "Feature", "properties": { "city": "beijing", "candidate_source": "place_village_hamlet_locality", "id": "6409614869", "osm_type": "node", "place": "village", "landuse": "None", "residential": "None", "name": "None" }, "geometry": { "type": "Point", "coordinates": [ 116.495651245117188, 40.181026458740234 ] } },
{ "type": "Feature", "properties": { "city": "beijing", "candidate_source": "place_village_hamlet_locality", "id": "6410843743", "osm_type": "node", "place": "village", "landuse": "None", "residential": "None", "name": "None" }, "geometry": { "type": "Point", "coordinates": [ 116.478134155273438, 40.202022552490234 ] } },
{ "type": "Feature", "properties": { "city": "beijing", "candidate_source": "place_village_hamlet_locality", "id": "6410843744", "osm_type": "node", "place": "village", "landuse": "None", "residential": "None", "name": "None" }, "geometry": { "type": "Point", "coordinates": [ 116.481117248535156, 40.207813262939453 ] } },
{ "type": "Feature", "properties": { "city": "beijing", "candidate_source": "place_village_hamlet_locality", "id": "6410843745", "osm_type": "node", "place": "village", "landuse": "None", "residential": "None", "name": "None" }, "geometry": { "type": "Point", "coordinates": [ 116.479080200195312, 40.211002349853516 ] } },
{ "type": "Feature", "properties": { "city": "beijing", "candidate_source": "place_village_hamlet_locality", "id": "6410843746", "osm_type": "node", "place": "village", "landuse": "None", "residential": "None", "name": "None" }, "geometry": { "type": "Point", "coordinates": [ 116.487213134765625, 40.214767456054688 ] } },
{ "type": "Feature", "properties": { "city": "beijing", "candidate_source": "place_village_hamlet_locality", "id": "6410843741", "osm_type": "node", "place": "village", "landuse": "None", "residential": "None", "name": "None" }, "geometry": { "type": "Point", "coordinates": [ 116.513076782226562, 40.195446014404297 ] } },
{ "type": "Feature", "properties": { "city": "beijing", "candidate_source": "place_village_hamlet_locality", "id": "6410843740", "osm_type": "node", "place": "village", "landuse": "None", "residential": "None", "name": "None" }, "geometry": { "type": "Point", "coordinates": [ 116.543418884277344, 40.196365356445312 ] } },
{ "type": "Feature", "properties": { "city": "beijing", "candidate_source": "place_village_hamlet_locality", "id": "6410843737", "osm_type": "node", "place": "village", "landuse": "None", "residential": "None", "name": "None" }, "geometry": { "type": "Point", "coordinates": [ 116.517105102539062, 40.214298248291016 ] } },
{ "type": "Feature", "properties": { "city": "beijing", "candidate_source": "place_village_hamlet_locality", "id": "6410843738", "osm_type": "node", "place": "village", "landuse": "None", "residential": "None", "name": "None" }, "geometry": { "type": "Point", "coordinates": [ 116.538482666015625, 40.226909637451172 ] } },
{ "type": "Feature", "properties": { "city": "beijing", "candidate_source": "place_village_hamlet_locality", "id": "6410843739", "osm_type": "node", "place": "village", "landuse": "None", "residential": "None", "name": "None" }, "geometry": { "type": "Point", "coordinates": [ 116.540626525878906, 40.230388641357422 ] } },
{ "type": "Feature", "properties": { "city": "beijing", "candidate_source": "place_village_hamlet_locality", "id": "6410843720", "osm_type": "node", "place": "village", "landuse": "None", "residential": "None", "name": "None" }, "geometry": { "type": "Point", "coordinates": [ 116.499588012695312, 40.235950469970703 ] } },
{ "type": "Feature", "properties": { "city": "beijing", "candidate_source": "place_village_hamlet_locality", "id": "6410843750", "osm_type": "node", "place": "village", "landuse": "None", "residential": "None", "name": "None" }, "geometry": { "type": "Point", "coordinates": [ 116.515716552734375, 40.236198425292969 ] } },
{ "type": "Feature", "properties": { "city": "beijing", "candidate_source": "place_village_hamlet_locality", "id": "6410843751", "osm_type": "node", "place": "village", "landuse": "None", "residential": "None", "name": "None" }, "geometry": { "type": "Point", "coordinates": [ 116.546302795410156, 40.242206573486328 ] } },
{ "type": "Feature", "properties": { "city": "beijing", "candidate_source": "place_village_hamlet_locality", "id": "6410843721", "osm_type": "node", "place": "locality", "landuse": "None", "residential": "None", "name": "None" }, "geometry": { "type": "Point", "coordinates": [ 116.534919738769531, 40.243759155273438 ] } },
{ "type": "Feature", "properties": { "city": "beijing", "candidate_source": "place_village_hamlet_locality", "id": "6410843718", "osm_type": "node", "place": "village", "landuse": "None", "residential": "None", "name": "None" }, "geometry": { "type": "Point", "coordinates": [ 116.525077819824219, 40.246631622314453 ] } },
{ "type": "Feature", "properties": { "city": "beijing", "candidate_source": "place_village_hamlet_locality", "id": "6410843747", "osm_type": "node", "place": "village", "landuse": "None", "residential": "None", "name": "None" }, "geometry": { "type": "Point", "coordinates": [ 116.485122680664062, 40.238418579101562 ] } },
{ "type": "Feature", "properties": { "city": "beijing", "candidate_source": "place_village_hamlet_locality", "id": "6410843748", "osm_type": "node", "place": "village", "landuse": "None", "residential": "None", "name": "None" }, "geometry": { "type": "Point", "coordinates": [ 116.490043640136719, 40.243297576904297 ] } },
{ "type": "Feature", "properties": { "city": "beijing", "candidate_source": "place_village_hamlet_locality", "id": "6410843755", "osm_type": "node", "place": "village", "landuse": "None", "residential": "None", "name": "None" }, "geometry": { "type": "Point", "coordinates": [ 116.583038330078125, 40.249980926513672 ] } },
{ "type": "Feature", "properties": { "city": "beijing", "candidate_source": "place_village_hamlet_locality", "id": "6410843754", "osm_type": "node", "place": "village", "landuse": "None", "residential": "None", "name": "None" }, "geometry": { "type": "Point", "coordinates": [ 116.561798095703125, 40.251110076904297 ] } },
{ "type": "Feature", "properties": { "city": "beijing", "candidate_source": "place_village_hamlet_locality", "id": "6410843756", "osm_type": "node", "place": "village", "landuse": "None", "residential": "None", "name": "None" }, "geometry": { "type": "Point", "coordinates": [ 116.590095520019531, 40.2569580078125 ] } },
{ "type": "Feature", "properties": { "city": "beijing", "candidate_source": "place_village_hamlet_locality", "id": "6410843722", "osm_type": "node", "place": "village", "landuse": "None", "residential": "None", "name": "None" }, "geometry": { "type": "Point", "coordinates": [ 116.576393127441406, 40.257720947265625 ] } },
{ "type": "Feature", "properties": { "city": "beijing", "candidate_source": "place_village_hamlet_locality", "id": "6410843757", "osm_type": "node", "place": "village", "landuse": "None", "residential": "None", "name": "None" }, "geometry": { "type": "Point", "coordinates": [ 116.579185485839844, 40.263385772705078 ] } },
{ "type": "Feature", "properties": { "city": "beijing", "candidate_source": "place_village_hamlet_locality", "id": "6410843752", "osm_type": "node", "place": "village", "landuse": "None", "residential": "None", "name": "None" }, "geometry": { "type": "Point", "coordinates": [ 116.55206298828125, 40.271530151367188 ] } },
{ "type": "Feature", "properties": { "city": "beijing", "candidate_source": "place_village_hamlet_locality", "id": "6410843749", "osm_type": "node", "place": "village", "landuse": "None", "residential": "None", "name": "None" }, "geometry": { "type": "Point", "coordinates": [ 116.50115966796875, 40.248195648193359 ] } },
{ "type": "Feature", "properties": { "city": "beijing", "candidate_source": "place_village_hamlet_locality", "id": "6410843719", "osm_type": "node", "place": "village", "landuse": "None", "residential": "None", "name": "None" }, "geometry": { "type": "Point", "coordinates": [ 116.546897888183594, 40.260276794433594 ] } },
{ "type": "Feature", "properties": { "city": "beijing", "candidate_source": "place_village_hamlet_locality", "id": "6410843753", "osm_type": "node", "place": "village", "landuse": "None", "residential": "None", "name": "None" }, "geometry": { "type": "Point", "coordinates": [ 116.5396728515625, 40.271732330322266 ] } },
{ "type": "Feature", "properties": { "city": "beijing", "candidate_source": "place_village_hamlet_locality", "id": "7631768424", "osm_type": "node", "place": "locality", "landuse": "None", "residential": "None", "name": "None" }, "geometry": { "type": "Point", "coordinates": [ 116.653602600097656, 39.868804931640625 ] } },
{ "type": "Feature", "properties": { "city": "beijing", "candidate_source": "place_village_hamlet_locality", "id": "7631768422", "osm_type": "node", "place": "locality", "landuse": "None", "residential": "None", "name": "None" }, "geometry": { "type": "Point", "coordinates": [ 116.642936706542969, 39.870567321777344 ] } },
{ "type": "Feature", "properties": { "city": "beijing", "candidate_source": "place_village_hamlet_locality", "id": "7631768418", "osm_type": "node", "place": "locality", "landuse": "None", "residential": "None", "name": "None" }, "geometry": { "type": "Point", "coordinates": [ 116.665153503417969, 39.871456146240234 ] } },
{ "type": "Feature", "properties": { "city": "beijing", "candidate_source": "place_village_hamlet_locality", "id": "7631768419", "osm_type": "node", "place": "locality", "landuse": "None", "residential": "None", "name": "None" }, "geometry": { "type": "Point", "coordinates": [ 116.649429321289062, 39.874961853027344 ] } },
{ "type": "Feature", "properties": { "city": "beijing", "candidate_source": "place_village_hamlet_locality", "id": "7631768437", "osm_type": "node", "place": "locality", "landuse": "None", "residential": "None", "name": "None" }, "geometry": { "type": "Point", "coordinates": [ 116.64605712890625, 39.876995086669922 ] } },
{ "type": "Feature", "properties": { "city": "beijing", "candidate_source": "place_village_hamlet_locality", "id": "7631768431", "osm_type": "node", "place": "locality", "landuse": "None", "residential": "None", "name": "None" }, "geometry": { "type": "Point", "coordinates": [ 116.673683166503906, 39.879772186279297 ] } },
{ "type": "Feature", "properties": { "city": "beijing", "candidate_source": "place_village_hamlet_locality", "id": "7631768417", "osm_type": "node", "place": "locality", "landuse": "None", "residential": "None", "name": "None" }, "geometry": { "type": "Point", "coordinates": [ 116.671180725097656, 39.881256103515625 ] } },
{ "type": "Feature", "properties": { "city": "beijing", "candidate_source": "place_village_hamlet_locality", "id": "7631768427", "osm_type": "node", "place": "locality", "landuse": "None", "residential": "None", "name": "None" }, "geometry": { "type": "Point", "coordinates": [ 116.653823852539062, 39.88140869140625 ] } },
{ "type": "Feature", "properties": { "city": "beijing", "candidate_source": "place_village_hamlet_locality", "id": "7631768429", "osm_type": "node", "place": "locality", "landuse": "None", "residential": "None", "name": "None" }, "geometry": { "type": "Point", "coordinates": [ 116.640243530273438, 39.881420135498047 ] } },
{ "type": "Feature", "properties": { "city": "beijing", "candidate_source": "place_village_hamlet_locality", "id": "7631768433", "osm_type": "node", "place": "locality", "landuse": "None", "residential": "None", "name": "None" }, "geometry": { "type": "Point", "coordinates": [ 116.642280578613281, 39.884307861328125 ] } },
{ "type": "Feature", "properties": { "city": "beijing", "candidate_source": "place_village_hamlet_locality", "id": "7632794972", "osm_type": "node", "place": "locality", "landuse": "None", "residential": "None", "name": "None" }, "geometry": { "type": "Point", "coordinates": [ 116.709068298339844, 39.866912841796875 ] } },
{ "type": "Feature", "properties": { "city": "beijing", "candidate_source": "place_village_hamlet_locality", "id": "7631768425", "osm_type": "node", "place": "locality", "landuse": "None", "residential": "None", "name": "None" }, "geometry": { "type": "Point", "coordinates": [ 116.69287109375, 39.870780944824219 ] } },
{ "type": "Feature", "properties": { "city": "beijing", "candidate_source": "place_village_hamlet_locality", "id": "7631768430", "osm_type": "node", "place": "locality", "landuse": "None", "residential": "None", "name": "None" }, "geometry": { "type": "Point", "coordinates": [ 116.682731628417969, 39.873931884765625 ] } },
{ "type": "Feature", "properties": { "city": "beijing", "candidate_source": "place_village_hamlet_locality", "id": "7631768432", "osm_type": "node", "place": "locality", "landuse": "None", "residential": "None", "name": "None" }, "geometry": { "type": "Point", "coordinates": [ 116.681663513183594, 39.875907897949219 ] } },
{ "type": "Feature", "properties": { "city": "beijing", "candidate_source": "place_village_hamlet_locality", "id": "7631768403", "osm_type": "node", "place": "village", "landuse": "None", "residential": "None", "name": "None" }, "geometry": { "type": "Point", "coordinates": [ 116.6856689453125, 39.880264282226562 ] } },
{ "type": "Feature", "properties": { "city": "beijing", "candidate_source": "place_village_hamlet_locality", "id": "7631768402", "osm_type": "node", "place": "village", "landuse": "None", "residential": "None", "name": "None" }, "geometry": { "type": "Point", "coordinates": [ 116.682258605957031, 39.892494201660156 ] } },
{ "type": "Feature", "properties": { "city": "beijing", "candidate_source": "place_village_hamlet_locality", "id": "11977319257", "osm_type": "node", "place": "locality", "landuse": "None", "residential": "None", "name": "None" }, "geometry": { "type": "Point", "coordinates": [ 116.712188720703125, 39.900741577148438 ] } },
{ "type": "Feature", "properties": { "city": "beijing", "candidate_source": "place_village_hamlet_locality", "id": "7648201709", "osm_type": "node", "place": "locality", "landuse": "None", "residential": "None", "name": "None" }, "geometry": { "type": "Point", "coordinates": [ 116.697441101074219, 39.901927947998047 ] } },
{ "type": "Feature", "properties": { "city": "beijing", "candidate_source": "place_village_hamlet_locality", "id": "7631768401", "osm_type": "node", "place": "village", "landuse": "None", "residential": "None", "name": "None" }, "geometry": { "type": "Point", "coordinates": [ 116.675933837890625, 39.903675079345703 ] } },
{ "type": "Feature", "properties": { "city": "beijing", "candidate_source": "place_village_hamlet_locality", "id": "7648201711", "osm_type": "node", "place": "locality", "landuse": "None", "residential": "None", "name": "None" }, "geometry": { "type": "Point", "coordinates": [ 116.707748413085938, 39.906143188476562 ] } },
{ "type": "Feature", "properties": { "city": "beijing", "candidate_source": "place_village_hamlet_locality", "id": "5851112477", "osm_type": "node", "place": "village", "landuse": "None", "residential": "None", "name": "None" }, "geometry": { "type": "Point", "coordinates": [ 116.608924865722656, 39.877426147460938 ] } },
{ "type": "Feature", "properties": { "city": "beijing", "candidate_source": "place_village_hamlet_locality", "id": "7631768434", "osm_type": "node", "place": "locality", "landuse": "None", "residential": "None", "name": "None" }, "geometry": { "type": "Point", "coordinates": [ 116.62835693359375, 39.889667510986328 ] } },
{ "type": "Feature", "properties": { "city": "beijing", "candidate_source": "place_village_hamlet_locality", "id": "727250981", "osm_type": "node", "place": "locality", "landuse": "None", "residential": "None", "name": "None" }, "geometry": { "type": "Point", "coordinates": [ 116.604118347167969, 39.890480041503906 ] } },
{ "type": "Feature", "properties": { "city": "beijing", "candidate_source": "place_village_hamlet_locality", "id": "7631768398", "osm_type": "node", "place": "village", "landuse": "None", "residential": "None", "name": "None" }, "geometry": { "type": "Point", "coordinates": [ 116.618820190429688, 39.893280029296875 ] } },
{ "type": "Feature", "properties": { "city": "beijing", "candidate_source": "place_village_hamlet_locality", "id": "5851112429", "osm_type": "node", "place": "village", "landuse": "None", "residential": "None", "name": "None" }, "geometry": { "type": "Point", "coordinates": [ 116.602577209472656, 39.901844024658203 ] } },
{ "type": "Feature", "properties": { "city": "beijing", "candidate_source": "place_village_hamlet_locality", "id": "5851112428", "osm_type": "node", "place": "hamlet", "landuse": "None", "residential": "None", "name": "None" }, "geometry": { "type": "Point", "coordinates": [ 116.613006591796875, 39.903411865234375 ] } },
{ "type": "Feature", "properties": { "city": "beijing", "candidate_source": "place_village_hamlet_locality", "id": "727249044", "osm_type": "node", "place": "village", "landuse": "None", "residential": "None", "name": "None" }, "geometry": { "type": "Point", "coordinates": [ 116.597412109375, 39.906253814697266 ] } },
{ "type": "Feature", "properties": { "city": "beijing", "candidate_source": "place_village_hamlet_locality", "id": "5851112427", "osm_type": "node", "place": "hamlet", "landuse": "None", "residential": "None", "name": "None" }, "geometry": { "type": "Point", "coordinates": [ 116.603233337402344, 39.9112548828125 ] } },
{ "type": "Feature", "properties": { "city": "beijing", "candidate_source": "place_village_hamlet_locality", "id": "7631768396", "osm_type": "node", "place": "village", "landuse": "None", "residential": "None", "name": "None" }, "geometry": { "type": "Point", "coordinates": [ 116.625595092773438, 39.914051055908203 ] } },
{ "type": "Feature", "properties": { "city": "beijing", "candidate_source": "place_village_hamlet_locality", "id": "7631762281", "osm_type": "node", "place": "village", "landuse": "None", "residential": "None", "name": "None" }, "geometry": { "type": "Point", "coordinates": [ 116.621192932128906, 39.925815582275391 ] } },
{ "type": "Feature", "properties": { "city": "beijing", "candidate_source": "place_village_hamlet_locality", "id": "7631768416", "osm_type": "node", "place": "locality", "landuse": "None", "residential": "None", "name": "None" }, "geometry": { "type": "Point", "coordinates": [ 116.669967651367188, 39.886890411376953 ] } },
{ "type": "Feature", "properties": { "city": "beijing", "candidate_source": "place_village_hamlet_locality", "id": "7631768438", "osm_type": "node", "place": "locality", "landuse": "None", "residential": "None", "name": "None" }, "geometry": { "type": "Point", "coordinates": [ 116.662101745605469, 39.887561798095703 ] } },
{ "type": "Feature", "properties": { "city": "beijing", "candidate_source": "place_village_hamlet_locality", "id": "7631768436", "osm_type": "node", "place": "locality", "landuse": "None", "residential": "None", "name": "None" }, "geometry": { "type": "Point", "coordinates": [ 116.6448974609375, 39.888633728027344 ] } },
{ "type": "Feature", "properties": { "city": "beijing", "candidate_source": "place_village_hamlet_locality", "id": "7631768435", "osm_type": "node", "place": "locality", "landuse": "None", "residential": "None", "name": "None" }, "geometry": { "type": "Point", "coordinates": [ 116.641769409179688, 39.8887939453125 ] } },
{ "type": "Feature", "properties": { "city": "beijing", "candidate_source": "place_village_hamlet_locality", "id": "7631768400", "osm_type": "node", "place": "village", "landuse": "None", "residential": "None", "name": "None" }, "geometry": { "type": "Point", "coordinates": [ 116.668998718261719, 39.889766693115234 ] } },
{ "type": "Feature", "properties": { "city": "beijing", "candidate_source": "place_village_hamlet_locality", "id": "7631768399", "osm_type": "node", "place": "village", "landuse": "None", "residential": "None", "name": "None" }, "geometry": { "type": "Point", "coordinates": [ 116.645652770996094, 39.89202880859375 ] } },
{ "type": "Feature", "properties": { "city": "beijing", "candidate_source": "place_village_hamlet_locality", "id": "7631768404", "osm_type": "node", "place": "village", "landuse": "None", "residential": "None", "name": "None" }, "geometry": { "type": "Point", "coordinates": [ 116.641242980957031, 39.910915374755859 ] } },
{ "type": "Feature", "properties": { "city": "beijing", "candidate_source": "place_village_hamlet_locality", "id": "7631762222", "osm_type": "node", "place": "village", "landuse": "None", "residential": "None", "name": "None" }, "geometry": { "type": "Point", "coordinates": [ 116.644554138183594, 39.91339111328125 ] } },
{ "type": "Feature", "properties": { "city": "beijing", "candidate_source": "place_village_hamlet_locality", "id": "7631768397", "osm_type": "node", "place": "village", "landuse": "None", "residential": "None", "name": "None" }, "geometry": { "type": "Point", "coordinates": [ 116.639228820800781, 39.928493499755859 ] } },
{ "type": "Feature", "properties": { "city": "beijing", "candidate_source": "place_village_hamlet_locality", "id": "7631762227", "osm_type": "node", "place": "village", "landuse": "None", "residential": "None", "name": "None" }, "geometry": { "type": "Point", "coordinates": [ 116.662574768066406, 39.935016632080078 ] } },
{ "type": "Feature", "properties": { "city": "beijing", "candidate_source": "place_village_hamlet_locality", "id": "5851112421", "osm_type": "node", "place": "village", "landuse": "None", "residential": "None", "name": "None" }, "geometry": { "type": "Point", "coordinates": [ 116.571456909179688, 39.900623321533203 ] } },
{ "type": "Feature", "properties": { "city": "beijing", "candidate_source": "place_village_hamlet_locality", "id": "5851112424", "osm_type": "node", "place": "village", "landuse": "None", "residential": "None", "name": "None" }, "geometry": { "type": "Point", "coordinates": [ 116.552108764648438, 39.901123046875 ] } },
{ "type": "Feature", "properties": { "city": "beijing", "candidate_source": "place_village_hamlet_locality", "id": "727249420", "osm_type": "node", "place": "village", "landuse": "None", "residential": "None", "name": "None" }, "geometry": { "type": "Point", "coordinates": [ 116.579818725585938, 39.901191711425781 ] } },
{ "type": "Feature", "properties": { "city": "beijing", "candidate_source": "place_village_hamlet_locality", "id": "5851111677", "osm_type": "node", "place": "village", "landuse": "None", "residential": "None", "name": "None" }, "geometry": { "type": "Point", "coordinates": [ 116.550361633300781, 39.901477813720703 ] } },
{ "type": "Feature", "properties": { "city": "beijing", "candidate_source": "place_village_hamlet_locality", "id": "2503060965", "osm_type": "node", "place": "village", "landuse": "None", "residential": "None", "name": "None" }, "geometry": { "type": "Point", "coordinates": [ 116.59234619140625, 39.904582977294922 ] } },
{ "type": "Feature", "properties": { "city": "beijing", "candidate_source": "place_village_hamlet_locality", "id": "727246483", "osm_type": "node", "place": "village", "landuse": "None", "residential": "None", "name": "None" }, "geometry": { "type": "Point", "coordinates": [ 116.595169067382812, 39.909492492675781 ] } },
{ "type": "Feature", "properties": { "city": "beijing", "candidate_source": "place_village_hamlet_locality", "id": "5851112430", "osm_type": "node", "place": "village", "landuse": "None", "residential": "None", "name": "None" }, "geometry": { "type": "Point", "coordinates": [ 116.581802368164062, 39.910221099853516 ] } },
{ "type": "Feature", "properties": { "city": "beijing", "candidate_source": "place_village_hamlet_locality", "id": "727236657", "osm_type": "node", "place": "village", "landuse": "None", "residential": "None", "name": "None" }, "geometry": { "type": "Point", "coordinates": [ 116.550575256347656, 39.915718078613281 ] } },
{ "type": "Feature", "properties": { "city": "beijing", "candidate_source": "place_village_hamlet_locality", "id": "727243311", "osm_type": "node", "place": "village", "landuse": "None", "residential": "None", "name": "None" }, "geometry": { "type": "Point", "coordinates": [ 116.568679809570312, 39.91888427734375 ] } },
{ "type": "Feature", "properties": { "city": "beijing", "candidate_source": "place_village_hamlet_locality", "id": "5851112397", "osm_type": "node", "place": "locality", "landuse": "None", "residential": "None", "name": "None" }, "geometry": { "type": "Point", "coordinates": [ 116.562538146972656, 39.925994873046875 ] } },
{ "type": "Feature", "properties": { "city": "beijing", "candidate_source": "place_village_hamlet_locality", "id": "11886687102", "osm_type": "node", "place": "village", "landuse": "None", "residential": "None", "name": "None" }, "geometry": { "type": "Point", "coordinates": [ 116.721527099609375, 39.911270141601562 ] } },
{ "type": "Feature", "properties": { "city": "beijing", "candidate_source": "place_village_hamlet_locality", "id": "7648201707", "osm_type": "node", "place": "locality", "landuse": "None", "residential": "None", "name": "None" }, "geometry": { "type": "Point", "coordinates": [ 116.699562072753906, 39.913318634033203 ] } },
{ "type": "Feature", "properties": { "city": "beijing", "candidate_source": "place_village_hamlet_locality", "id": "7648201708", "osm_type": "node", "place": "village", "landuse": "None", "residential": "None", "name": "None" }, "geometry": { "type": "Point", "coordinates": [ 116.705421447753906, 39.915988922119141 ] } },
{ "type": "Feature", "properties": { "city": "beijing", "candidate_source": "place_village_hamlet_locality", "id": "7648201790", "osm_type": "node", "place": "locality", "landuse": "None", "residential": "None", "name": "None" }, "geometry": { "type": "Point", "coordinates": [ 116.710945129394531, 39.923912048339844 ] } },
{ "type": "Feature", "properties": { "city": "beijing", "candidate_source": "place_village_hamlet_locality", "id": "7631762278", "osm_type": "node", "place": "village", "landuse": "None", "residential": "None", "name": "None" }, "geometry": { "type": "Point", "coordinates": [ 116.679534912109375, 39.9263916015625 ] } },
{ "type": "Feature", "properties": { "city": "beijing", "candidate_source": "place_village_hamlet_locality", "id": "7648201789", "osm_type": "node", "place": "locality", "landuse": "None", "residential": "None", "name": "None" }, "geometry": { "type": "Point", "coordinates": [ 116.707374572753906, 39.926567077636719 ] } },
{ "type": "Feature", "properties": { "city": "beijing", "candidate_source": "place_village_hamlet_locality", "id": "7648201788", "osm_type": "node", "place": "locality", "landuse": "None", "residential": "None", "name": "None" }, "geometry": { "type": "Point", "coordinates": [ 116.696968078613281, 39.926788330078125 ] } },
{ "type": "Feature", "properties": { "city": "beijing", "candidate_source": "place_village_hamlet_locality", "id": "7631762280", "osm_type": "node", "place": "village", "landuse": "None", "residential": "None", "name": "None" }, "geometry": { "type": "Point", "coordinates": [ 116.676284790039062, 39.926891326904297 ] } },
{ "type": "Feature", "properties": { "city": "beijing", "candidate_source": "place_village_hamlet_locality", "id": "7631762279", "osm_type": "node", "place": "village", "landuse": "None", "residential": "None", "name": "None" }, "geometry": { "type": "Point", "coordinates": [ 116.67681884765625, 39.928554534912109 ] } },
{ "type": "Feature", "properties": { "city": "beijing", "candidate_source": "place_village_hamlet_locality", "id": "7631906986", "osm_type": "node", "place": "village", "landuse": "None", "residential": "None", "name": "None" }, "geometry": { "type": "Point", "coordinates": [ 116.715736389160156, 39.934970855712891 ] } },
{ "type": "Feature", "properties": { "city": "beijing", "candidate_source": "place_village_hamlet_locality", "id": "7631762224", "osm_type": "node", "place": "village", "landuse": "None", "residential": "None", "name": "None" }, "geometry": { "type": "Point", "coordinates": [ 116.656867980957031, 39.936840057373047 ] } },
{ "type": "Feature", "properties": { "city": "beijing", "candidate_source": "place_village_hamlet_locality", "id": "7631762225", "osm_type": "node", "place": "village", "landuse": "None", "residential": "None", "name": "None" }, "geometry": { "type": "Point", "coordinates": [ 116.67083740234375, 39.940284729003906 ] } },
{ "type": "Feature", "properties": { "city": "beijing", "candidate_source": "place_village_hamlet_locality", "id": "7631762223", "osm_type": "node", "place": "village", "landuse": "None", "residential": "None", "name": "None" }, "geometry": { "type": "Point", "coordinates": [ 116.649322509765625, 39.942859649658203 ] } },
{ "type": "Feature", "properties": { "city": "beijing", "candidate_source": "place_village_hamlet_locality", "id": "7631762226", "osm_type": "node", "place": "village", "landuse": "None", "residential": "None", "name": "None" }, "geometry": { "type": "Point", "coordinates": [ 116.675498962402344, 39.943122863769531 ] } },
{ "type": "Feature", "properties": { "city": "beijing", "candidate_source": "place_village_hamlet_locality", "id": "726596193", "osm_type": "node", "place": "village", "landuse": "None", "residential": "None", "name": "None" }, "geometry": { "type": "Point", "coordinates": [ 116.6549072265625, 39.963996887207031 ] } },
{ "type": "Feature", "properties": { "city": "beijing", "candidate_source": "place_village_hamlet_locality", "id": "726596744", "osm_type": "node", "place": "village", "landuse": "None", "residential": "None", "name": "None" }, "geometry": { "type": "Point", "coordinates": [ 116.649009704589844, 39.980014801025391 ] } },
{ "type": "Feature", "properties": { "city": "beijing", "candidate_source": "place_village_hamlet_locality", "id": "7631907011", "osm_type": "node", "place": "village", "landuse": "None", "residential": "None", "name": "None" }, "geometry": { "type": "Point", "coordinates": [ 116.672935485839844, 39.987873077392578 ] } },
{ "type": "Feature", "properties": { "city": "beijing", "candidate_source": "place_village_hamlet_locality", "id": "726600975", "osm_type": "node", "place": "village", "landuse": "None", "residential": "None", "name": "None" }, "geometry": { "type": "Point", "coordinates": [ 116.675926208496094, 39.996818542480469 ] } },
{ "type": "Feature", "properties": { "city": "beijing", "candidate_source": "place_village_hamlet_locality", "id": "7631907006", "osm_type": "node", "place": "village", "landuse": "None", "residential": "None", "name": "None" }, "geometry": { "type": "Point", "coordinates": [ 116.653045654296875, 40.000957489013672 ] } },
{ "type": "Feature", "properties": { "city": "beijing", "candidate_source": "place_village_hamlet_locality", "id": "726601034", "osm_type": "node", "place": "village", "landuse": "None", "residential": "None", "name": "None" }, "geometry": { "type": "Point", "coordinates": [ 116.6741943359375, 40.003200531005859 ] } },
{ "type": "Feature", "properties": { "city": "beijing", "candidate_source": "place_village_hamlet_locality", "id": "7631768439", "osm_type": "node", "place": "village", "landuse": "None", "residential": "None", "name": "None" }, "geometry": { "type": "Point", "coordinates": [ 116.723159790039062, 39.946830749511719 ] } },
{ "type": "Feature", "properties": { "city": "beijing", "candidate_source": "place_village_hamlet_locality", "id": "7631906984", "osm_type": "node", "place": "village", "landuse": "None", "residential": "None", "name": "None" }, "geometry": { "type": "Point", "coordinates": [ 116.715728759765625, 39.947231292724609 ] } },
{ "type": "Feature", "properties": { "city": "beijing", "candidate_source": "place_village_hamlet_locality", "id": "7631906985", "osm_type": "node", "place": "village", "landuse": "None", "residential": "None", "name": "None" }, "geometry": { "type": "Point", "coordinates": [ 116.690849304199219, 39.950366973876953 ] } },
{ "type": "Feature", "properties": { "city": "beijing", "candidate_source": "place_village_hamlet_locality", "id": "726604375", "osm_type": "node", "place": "village", "landuse": "None", "residential": "None", "name": "None" }, "geometry": { "type": "Point", "coordinates": [ 116.684127807617188, 39.969043731689453 ] } },
{ "type": "Feature", "properties": { "city": "beijing", "candidate_source": "place_village_hamlet_locality", "id": "7631907012", "osm_type": "node", "place": "village", "landuse": "None", "residential": "None", "name": "None" }, "geometry": { "type": "Point", "coordinates": [ 116.684913635253906, 39.975242614746094 ] } },
{ "type": "Feature", "properties": { "city": "beijing", "candidate_source": "place_village_hamlet_locality", "id": "726602652", "osm_type": "node", "place": "village", "landuse": "None", "residential": "None", "name": "None" }, "geometry": { "type": "Point", "coordinates": [ 116.700439453125, 39.984981536865234 ] } },
{ "type": "Feature", "properties": { "city": "beijing", "candidate_source": "place_village_hamlet_locality", "id": "7631907003", "osm_type": "node", "place": "village", "landuse": "None", "residential": "None", "name": "None" }, "geometry": { "type": "Point", "coordinates": [ 116.691268920898438, 39.985984802246094 ] } },
{ "type": "Feature", "properties": { "city": "beijing", "candidate_source": "place_village_hamlet_locality", "id": "726600896", "osm_type": "node", "place": "village", "landuse": "None", "residential": "None", "name": "None" }, "geometry": { "type": "Point", "coordinates": [ 116.679313659667969, 39.9888916015625 ] } },
{ "type": "Feature", "properties": { "city": "beijing", "candidate_source": "place_village_hamlet_locality", "id": "7631907010", "osm_type": "node", "place": "village", "landuse": "None", "residential": "None", "name": "None" }, "geometry": { "type": "Point", "coordinates": [ 116.695304870605469, 39.999492645263672 ] } },
{ "type": "Feature", "properties": { "city": "beijing", "candidate_source": "place_village_hamlet_locality", "id": "7631907007", "osm_type": "node", "place": "village", "landuse": "None", "residential": "None", "name": "None" }, "geometry": { "type": "Point", "coordinates": [ 116.681732177734375, 40.001506805419922 ] } },
{ "type": "Feature", "properties": { "city": "beijing", "candidate_source": "place_village_hamlet_locality", "id": "727266009", "osm_type": "node", "place": "village", "landuse": "None", "residential": "None", "name": "None" }, "geometry": { "type": "Point", "coordinates": [ 116.599708557128906, 39.952804565429688 ] } },
{ "type": "Feature", "properties": { "city": "beijing", "candidate_source": "place_village_hamlet_locality", "id": "5851112437", "osm_type": "node", "place": "village", "landuse": "None", "residential": "None", "name": "None" }, "geometry": { "type": "Point", "coordinates": [ 116.624412536621094, 39.960475921630859 ] } },
{ "type": "Feature", "properties": { "city": "beijing", "candidate_source": "place_village_hamlet_locality", "id": "726593914", "osm_type": "node", "place": "village", "landuse": "None", "residential": "None", "name": "None" }, "geometry": { "type": "Point", "coordinates": [ 116.62860107421875, 39.960857391357422 ] } },
{ "type": "Feature", "properties": { "city": "beijing", "candidate_source": "place_village_hamlet_locality", "id": "726594214", "osm_type": "node", "place": "village", "landuse": "None", "residential": "None", "name": "None" }, "geometry": { "type": "Point", "coordinates": [ 116.626243591308594, 39.972171783447266 ] } },
{ "type": "Feature", "properties": { "city": "beijing", "candidate_source": "place_village_hamlet_locality", "id": "726590150", "osm_type": "node", "place": "village", "landuse": "None", "residential": "None", "name": "None" }, "geometry": { "type": "Point", "coordinates": [ 116.629371643066406, 39.987258911132812 ] } },
{ "type": "Feature", "properties": { "city": "beijing", "candidate_source": "place_village_hamlet_locality", "id": "726590084", "osm_type": "node", "place": "village", "landuse": "None", "residential": "None", "name": "None" }, "geometry": { "type": "Point", "coordinates": [ 116.602622985839844, 39.997650146484375 ] } },
{ "type": "Feature", "properties": { "city": "beijing", "candidate_source": "place_village_hamlet_locality", "id": "7631907004", "osm_type": "node", "place": "village", "landuse": "None", "residential": "None", "name": "None" }, "geometry": { "type": "Point", "coordinates": [ 116.622779846191406, 40.017822265625 ] } },
{ "type": "Feature", "properties": { "city": "beijing", "candidate_source": "place_village_hamlet_locality", "id": "726597242", "osm_type": "node", "place": "village", "landuse": "None", "residential": "None", "name": "None" }, "geometry": { "type": "Point", "coordinates": [ 116.607933044433594, 40.022129058837891 ] } },
{ "type": "Feature", "properties": { "city": "beijing", "candidate_source": "place_village_hamlet_locality", "id": "726597438", "osm_type": "node", "place": "village", "landuse": "None", "residential": "None", "name": "None" }, "geometry": { "type": "Point", "coordinates": [ 116.624412536621094, 40.032703399658203 ] } },
{ "type": "Feature", "properties": { "city": "beijing", "candidate_source": "place_village_hamlet_locality", "id": "6409614841", "osm_type": "node", "place": "locality", "landuse": "None", "residential": "None", "name": "None" }, "geometry": { "type": "Point", "coordinates": [ 116.603935241699219, 40.039783477783203 ] } },
{ "type": "Feature", "properties": { "city": "beijing", "candidate_source": "place_village_hamlet_locality", "id": "7631907005", "osm_type": "node", "place": "village", "landuse": "None", "residential": "None", "name": "None" }, "geometry": { "type": "Point", "coordinates": [ 116.655075073242188, 40.007354736328125 ] } },
{ "type": "Feature", "properties": { "city": "beijing", "candidate_source": "place_village_hamlet_locality", "id": "726597033", "osm_type": "node", "place": "village", "landuse": "None", "residential": "None", "name": "None" }, "geometry": { "type": "Point", "coordinates": [ 116.641311645507812, 40.012786865234375 ] } },
{ "type": "Feature", "properties": { "city": "beijing", "candidate_source": "place_village_hamlet_locality", "id": "6410843006", "osm_type": "node", "place": "village", "landuse": "None", "residential": "None", "name": "None" }, "geometry": { "type": "Point", "coordinates": [ 116.67022705078125, 40.018054962158203 ] } },
{ "type": "Feature", "properties": { "city": "beijing", "candidate_source": "place_village_hamlet_locality", "id": "6410843005", "osm_type": "node", "place": "village", "landuse": "None", "residential": "None", "name": "None" }, "geometry": { "type": "Point", "coordinates": [ 116.667503356933594, 40.025920867919922 ] } },
{ "type": "Feature", "properties": { "city": "beijing", "candidate_source": "place_village_hamlet_locality", "id": "726598839", "osm_type": "node", "place": "village", "landuse": "None", "residential": "None", "name": "None" }, "geometry": { "type": "Point", "coordinates": [ 116.661781311035156, 40.041702270507812 ] } },
{ "type": "Feature", "properties": { "city": "beijing", "candidate_source": "place_village_hamlet_locality", "id": "6410843010", "osm_type": "node", "place": "locality", "landuse": "None", "residential": "None", "name": "None" }, "geometry": { "type": "Point", "coordinates": [ 116.646697998046875, 40.052547454833984 ] } },
{ "type": "Feature", "properties": { "city": "beijing", "candidate_source": "place_village_hamlet_locality", "id": "6410843011", "osm_type": "node", "place": "village", "landuse": "None", "residential": "None", "name": "None" }, "geometry": { "type": "Point", "coordinates": [ 116.635307312011719, 40.057197570800781 ] } },
{ "type": "Feature", "properties": { "city": "beijing", "candidate_source": "place_village_hamlet_locality", "id": "6410843009", "osm_type": "node", "place": "village", "landuse": "None", "residential": "None", "name": "None" }, "geometry": { "type": "Point", "coordinates": [ 116.649116516113281, 40.060539245605469 ] } },
{ "type": "Feature", "properties": { "city": "beijing", "candidate_source": "place_village_hamlet_locality", "id": "6410843008", "osm_type": "node", "place": "village", "landuse": "None", "residential": "None", "name": "None" }, "geometry": { "type": "Point", "coordinates": [ 116.65997314453125, 40.062747955322266 ] } },
{ "type": "Feature", "properties": { "city": "beijing", "candidate_source": "place_village_hamlet_locality", "id": "6409614619", "osm_type": "node", "place": "village", "landuse": "None", "residential": "None", "name": "None" }, "geometry": { "type": "Point", "coordinates": [ 116.663742065429688, 40.074798583984375 ] } },
{ "type": "Feature", "properties": { "city": "beijing", "candidate_source": "place_village_hamlet_locality", "id": "7631906990", "osm_type": "node", "place": "village", "landuse": "None", "residential": "None", "name": "None" }, "geometry": { "type": "Point", "coordinates": [ 116.728340148925781, 39.928768157958984 ] } },
{ "type": "Feature", "properties": { "city": "beijing", "candidate_source": "place_village_hamlet_locality", "id": "7631906989", "osm_type": "node", "place": "village", "landuse": "None", "residential": "None", "name": "None" }, "geometry": { "type": "Point", "coordinates": [ 116.731781005859375, 39.934921264648438 ] } },
{ "type": "Feature", "properties": { "city": "beijing", "candidate_source": "place_village_hamlet_locality", "id": "7631906988", "osm_type": "node", "place": "village", "landuse": "None", "residential": "None", "name": "None" }, "geometry": { "type": "Point", "coordinates": [ 116.72821044921875, 39.936927795410156 ] } },
{ "type": "Feature", "properties": { "city": "beijing", "candidate_source": "place_village_hamlet_locality", "id": "7631906987", "osm_type": "node", "place": "village", "landuse": "None", "residential": "None", "name": "None" }, "geometry": { "type": "Point", "coordinates": [ 116.728141784667969, 39.940071105957031 ] } },
{ "type": "Feature", "properties": { "city": "beijing", "candidate_source": "place_village_hamlet_locality", "id": "7631768455", "osm_type": "node", "place": "village", "landuse": "None", "residential": "None", "name": "None" }, "geometry": { "type": "Point", "coordinates": [ 116.764396667480469, 39.941310882568359 ] } },
{ "type": "Feature", "properties": { "city": "beijing", "candidate_source": "place_village_hamlet_locality", "id": "7631768456", "osm_type": "node", "place": "village", "landuse": "None", "residential": "None", "name": "None" }, "geometry": { "type": "Point", "coordinates": [ 116.743186950683594, 39.947231292724609 ] } },
{ "type": "Feature", "properties": { "city": "beijing", "candidate_source": "place_village_hamlet_locality", "id": "7631906983", "osm_type": "node", "place": "village", "landuse": "None", "residential": "None", "name": "None" }, "geometry": { "type": "Point", "coordinates": [ 116.726646423339844, 39.956638336181641 ] } },
{ "type": "Feature", "properties": { "city": "beijing", "candidate_source": "place_village_hamlet_locality", "id": "7631899610", "osm_type": "node", "place": "village", "landuse": "None", "residential": "None", "name": "None" }, "geometry": { "type": "Point", "coordinates": [ 116.730918884277344, 39.959423065185547 ] } },
{ "type": "Feature", "properties": { "city": "beijing", "candidate_source": "place_village_hamlet_locality", "id": "7631768457", "osm_type": "node", "place": "village", "landuse": "None", "residential": "None", "name": "None" }, "geometry": { "type": "Point", "coordinates": [ 116.736351013183594, 39.959941864013672 ] } },
{ "type": "Feature", "properties": { "city": "beijing", "candidate_source": "place_village_hamlet_locality", "id": "7631768454", "osm_type": "node", "place": "village", "landuse": "None", "residential": "None", "name": "None" }, "geometry": { "type": "Point", "coordinates": [ 116.748641967773438, 39.968803405761719 ] } },
{ "type": "Feature", "properties": { "city": "beijing", "candidate_source": "place_village_hamlet_locality", "id": "7631768453", "osm_type": "node", "place": "village", "landuse": "None", "residential": "None", "name": "None" }, "geometry": { "type": "Point", "coordinates": [ 116.742630004882812, 39.968852996826172 ] } },
{ "type": "Feature", "properties": { "city": "beijing", "candidate_source": "place_village_hamlet_locality", "id": "7631907001", "osm_type": "node", "place": "village", "landuse": "None", "residential": "None", "name": "None" }, "geometry": { "type": "Point", "coordinates": [ 116.750747680664062, 39.987964630126953 ] } },
{ "type": "Feature", "properties": { "city": "beijing", "candidate_source": "place_village_hamlet_locality", "id": "7631907002", "osm_type": "node", "place": "village", "landuse": "None", "residential": "None", "name": "None" }, "geometry": { "type": "Point", "coordinates": [ 116.761192321777344, 39.993518829345703 ] } },
{ "type": "Feature", "properties": { "city": "beijing", "candidate_source": "place_village_hamlet_locality", "id": "7631768452", "osm_type": "node", "place": "village", "landuse": "None", "residential": "None", "name": "None" }, "geometry": { "type": "Point", "coordinates": [ 116.742683410644531, 39.995658874511719 ] } },
{ "type": "Feature", "properties": { "city": "beijing", "candidate_source": "place_village_hamlet_locality", "id": "7631768440", "osm_type": "node", "place": "village", "landuse": "None", "residential": "None", "name": "None" }, "geometry": { "type": "Point", "coordinates": [ 116.756881713867188, 39.997356414794922 ] } },
{ "type": "Feature", "properties": { "city": "beijing", "candidate_source": "place_village_hamlet_locality", "id": "7631906998", "osm_type": "node", "place": "village", "landuse": "None", "residential": "None", "name": "None" }, "geometry": { "type": "Point", "coordinates": [ 116.748603820800781, 39.998703002929688 ] } },
{ "type": "Feature", "properties": { "city": "beijing", "candidate_source": "place_village_hamlet_locality", "id": "7631906999", "osm_type": "node", "place": "village", "landuse": "None", "residential": "None", "name": "None" }, "geometry": { "type": "Point", "coordinates": [ 116.749168395996094, 40.003627777099609 ] } },
{ "type": "Feature", "properties": { "city": "beijing", "candidate_source": "place_village_hamlet_locality", "id": "7631907000", "osm_type": "node", "place": "village", "landuse": "None", "residential": "None", "name": "None" }, "geometry": { "type": "Point", "coordinates": [ 116.758193969726562, 40.007659912109375 ] } },
{ "type": "Feature", "properties": { "city": "beijing", "candidate_source": "place_village_hamlet_locality", "id": "7631907009", "osm_type": "node", "place": "village", "landuse": "None", "residential": "None", "name": "None" }, "geometry": { "type": "Point", "coordinates": [ 116.72601318359375, 40.013797760009766 ] } },
{ "type": "Feature", "properties": { "city": "beijing", "candidate_source": "place_village_hamlet_locality", "id": "6410843031", "osm_type": "node", "place": "village", "landuse": "None", "residential": "None", "name": "None" }, "geometry": { "type": "Point", "coordinates": [ 116.748115539550781, 40.020980834960938 ] } },
{ "type": "Feature", "properties": { "city": "beijing", "candidate_source": "place_village_hamlet_locality", "id": "7631907008", "osm_type": "node", "place": "village", "landuse": "None", "residential": "None", "name": "None" }, "geometry": { "type": "Point", "coordinates": [ 116.692787170410156, 40.005428314208984 ] } },
{ "type": "Feature", "properties": { "city": "beijing", "candidate_source": "place_village_hamlet_locality", "id": "6410843007", "osm_type": "node", "place": "village", "landuse": "None", "residential": "None", "name": "None" }, "geometry": { "type": "Point", "coordinates": [ 116.68597412109375, 40.018054962158203 ] } },
{ "type": "Feature", "properties": { "city": "beijing", "candidate_source": "place_village_hamlet_locality", "id": "6410843025", "osm_type": "node", "place": "village", "landuse": "None", "residential": "None", "name": "None" }, "geometry": { "type": "Point", "coordinates": [ 116.716964721679688, 40.022686004638672 ] } },
{ "type": "Feature", "properties": { "city": "beijing", "candidate_source": "place_village_hamlet_locality", "id": "6410843024", "osm_type": "node", "place": "village", "landuse": "None", "residential": "None", "name": "None" }, "geometry": { "type": "Point", "coordinates": [ 116.721961975097656, 40.025100708007812 ] } },
{ "type": "Feature", "properties": { "city": "beijing", "candidate_source": "place_village_hamlet_locality", "id": "6410843018", "osm_type": "node", "place": "village", "landuse": "None", "residential": "None", "name": "None" }, "geometry": { "type": "Point", "coordinates": [ 116.70208740234375, 40.02880859375 ] } },
{ "type": "Feature", "properties": { "city": "beijing", "candidate_source": "place_village_hamlet_locality", "id": "6410843023", "osm_type": "node", "place": "village", "landuse": "None", "residential": "None", "name": "None" }, "geometry": { "type": "Point", "coordinates": [ 116.718795776367188, 40.028865814208984 ] } },
{ "type": "Feature", "properties": { "city": "beijing", "candidate_source": "place_village_hamlet_locality", "id": "6410843014", "osm_type": "node", "place": "village", "landuse": "None", "residential": "None", "name": "None" }, "geometry": { "type": "Point", "coordinates": [ 116.687957763671875, 40.033290863037109 ] } },
{ "type": "Feature", "properties": { "city": "beijing", "candidate_source": "place_village_hamlet_locality", "id": "6410843022", "osm_type": "node", "place": "village", "landuse": "None", "residential": "None", "name": "None" }, "geometry": { "type": "Point", "coordinates": [ 116.722724914550781, 40.039577484130859 ] } },
{ "type": "Feature", "properties": { "city": "beijing", "candidate_source": "place_village_hamlet_locality", "id": "6410843017", "osm_type": "node", "place": "village", "landuse": "None", "residential": "None", "name": "None" }, "geometry": { "type": "Point", "coordinates": [ 116.705863952636719, 40.039962768554688 ] } },
{ "type": "Feature", "properties": { "city": "beijing", "candidate_source": "place_village_hamlet_locality", "id": "6410843013", "osm_type": "node", "place": "village", "landuse": "None", "residential": "None", "name": "None" }, "geometry": { "type": "Point", "coordinates": [ 116.685127258300781, 40.04473876953125 ] } },
{ "type": "Feature", "properties": { "city": "beijing", "candidate_source": "place_village_hamlet_locality", "id": "6410843078", "osm_type": "node", "place": "village", "landuse": "None", "residential": "None", "name": "None" }, "geometry": { "type": "Point", "coordinates": [ 116.823112487792969, 40.059242248535156 ] } },
{ "type": "Feature", "properties": { "city": "beijing", "candidate_source": "place_village_hamlet_locality", "id": "6410843592", "osm_type": "node", "place": "village", "landuse": "None", "residential": "None", "name": "None" }, "geometry": { "type": "Point", "coordinates": [ 116.7969970703125, 40.032649993896484 ] } },
{ "type": "Feature", "properties": { "city": "beijing", "candidate_source": "place_village_hamlet_locality", "id": "6410843590", "osm_type": "node", "place": "village", "landuse": "None", "residential": "None", "name": "None" }, "geometry": { "type": "Point", "coordinates": [ 116.801673889160156, 40.034854888916016 ] } },
{ "type": "Feature", "properties": { "city": "beijing", "candidate_source": "place_village_hamlet_locality", "id": "6410843591", "osm_type": "node", "place": "village", "landuse": "None", "residential": "None", "name": "None" }, "geometry": { "type": "Point", "coordinates": [ 116.798866271972656, 40.036094665527344 ] } },
{ "type": "Feature", "properties": { "city": "beijing", "candidate_source": "place_village_hamlet_locality", "id": "6410843047", "osm_type": "node", "place": "village", "landuse": "None", "residential": "None", "name": "None" }, "geometry": { "type": "Point", "coordinates": [ 116.772666931152344, 40.036430358886719 ] } },
{ "type": "Feature", "properties": { "city": "beijing", "candidate_source": "place_village_hamlet_locality", "id": "6410843589", "osm_type": "node", "place": "village", "landuse": "None", "residential": "None", "name": "None" }, "geometry": { "type": "Point", "coordinates": [ 116.800704956054688, 40.040931701660156 ] } },
{ "type": "Feature", "properties": { "city": "beijing", "candidate_source": "place_village_hamlet_locality", "id": "6410843046", "osm_type": "node", "place": "village", "landuse": "None", "residential": "None", "name": "None" }, "geometry": { "type": "Point", "coordinates": [ 116.767295837402344, 40.045372009277344 ] } },
{ "type": "Feature", "properties": { "city": "beijing", "candidate_source": "place_village_hamlet_locality", "id": "6410843588", "osm_type": "node", "place": "village", "landuse": "None", "residential": "None", "name": "None" }, "geometry": { "type": "Point", "coordinates": [ 116.801124572753906, 40.046440124511719 ] } },
{ "type": "Feature", "properties": { "city": "beijing", "candidate_source": "place_village_hamlet_locality", "id": "6410843587", "osm_type": "node", "place": "village", "landuse": "None", "residential": "None", "name": "None" }, "geometry": { "type": "Point", "coordinates": [ 116.802635192871094, 40.055084228515625 ] } },
{ "type": "Feature", "properties": { "city": "beijing", "candidate_source": "place_village_hamlet_locality", "id": "6410843586", "osm_type": "node", "place": "village", "landuse": "None", "residential": "None", "name": "None" }, "geometry": { "type": "Point", "coordinates": [ 116.797966003417969, 40.059600830078125 ] } },
{ "type": "Feature", "properties": { "city": "beijing", "candidate_source": "place_village_hamlet_locality", "id": "6410843044", "osm_type": "node", "place": "village", "landuse": "None", "residential": "None", "name": "None" }, "geometry": { "type": "Point", "coordinates": [ 116.766914367675781, 40.062442779541016 ] } },
{ "type": "Feature", "properties": { "city": "beijing", "candidate_source": "place_village_hamlet_locality", "id": "6410843030", "osm_type": "node", "place": "village", "landuse": "None", "residential": "None", "name": "None" }, "geometry": { "type": "Point", "coordinates": [ 116.74853515625, 40.030467987060547 ] } },
{ "type": "Feature", "properties": { "city": "beijing", "candidate_source": "place_village_hamlet_locality", "id": "6410843029", "osm_type": "node", "place": "village", "landuse": "None", "residential": "None", "name": "None" }, "geometry": { "type": "Point", "coordinates": [ 116.761375427246094, 40.033699035644531 ] } },
{ "type": "Feature", "properties": { "city": "beijing", "candidate_source": "place_village_hamlet_locality", "id": "6410843028", "osm_type": "node", "place": "village", "landuse": "None", "residential": "None", "name": "None" }, "geometry": { "type": "Point", "coordinates": [ 116.747337341308594, 40.037513732910156 ] } },
{ "type": "Feature", "properties": { "city": "beijing", "candidate_source": "place_village_hamlet_locality", "id": "6410843032", "osm_type": "node", "place": "village", "landuse": "None", "residential": "None", "name": "None" }, "geometry": { "type": "Point", "coordinates": [ 116.733184814453125, 40.038341522216797 ] } },
{ "type": "Feature", "properties": { "city": "beijing", "candidate_source": "place_village_hamlet_locality", "id": "6410843021", "osm_type": "node", "place": "village", "landuse": "None", "residential": "None", "name": "None" }, "geometry": { "type": "Point", "coordinates": [ 116.728187561035156, 40.042961120605469 ] } },
{ "type": "Feature", "properties": { "city": "beijing", "candidate_source": "place_village_hamlet_locality", "id": "6410843027", "osm_type": "node", "place": "village", "landuse": "None", "residential": "None", "name": "None" }, "geometry": { "type": "Point", "coordinates": [ 116.743728637695312, 40.045875549316406 ] } },
{ "type": "Feature", "properties": { "city": "beijing", "candidate_source": "place_village_hamlet_locality", "id": "6410843026", "osm_type": "node", "place": "village", "landuse": "None", "residential": "None", "name": "None" }, "geometry": { "type": "Point", "coordinates": [ 116.741912841796875, 40.05841064453125 ] } },
{ "type": "Feature", "properties": { "city": "beijing", "candidate_source": "place_village_hamlet_locality", "id": "6410843045", "osm_type": "node", "place": "village", "landuse": "None", "residential": "None", "name": "None" }, "geometry": { "type": "Point", "coordinates": [ 116.763671875, 40.058509826660156 ] } },
{ "type": "Feature", "properties": { "city": "beijing", "candidate_source": "place_village_hamlet_locality", "id": "6410843043", "osm_type": "node", "place": "village", "landuse": "None", "residential": "None", "name": "None" }, "geometry": { "type": "Point", "coordinates": [ 116.761314392089844, 40.072315216064453 ] } },
{ "type": "Feature", "properties": { "city": "beijing", "candidate_source": "place_village_hamlet_locality", "id": "6410843042", "osm_type": "node", "place": "village", "landuse": "None", "residential": "None", "name": "None" }, "geometry": { "type": "Point", "coordinates": [ 116.754730224609375, 40.073688507080078 ] } },
{ "type": "Feature", "properties": { "city": "beijing", "candidate_source": "place_village_hamlet_locality", "id": "6410843612", "osm_type": "node", "place": "village", "landuse": "None", "residential": "None", "name": "None" }, "geometry": { "type": "Point", "coordinates": [ 116.915611267089844, 40.052150726318359 ] } },
{ "type": "Feature", "properties": { "city": "beijing", "candidate_source": "place_village_hamlet_locality", "id": "6410843609", "osm_type": "node", "place": "village", "landuse": "None", "residential": "None", "name": "None" }, "geometry": { "type": "Point", "coordinates": [ 116.933891296386719, 40.052761077880859 ] } },
{ "type": "Feature", "properties": { "city": "beijing", "candidate_source": "place_village_hamlet_locality", "id": "6410843611", "osm_type": "node", "place": "village", "landuse": "None", "residential": "None", "name": "None" }, "geometry": { "type": "Point", "coordinates": [ 116.949386596679688, 40.053691864013672 ] } },
{ "type": "Feature", "properties": { "city": "beijing", "candidate_source": "place_village_hamlet_locality", "id": "6410843610", "osm_type": "node", "place": "village", "landuse": "None", "residential": "None", "name": "None" }, "geometry": { "type": "Point", "coordinates": [ 116.942413330078125, 40.054523468017578 ] } },
{ "type": "Feature", "properties": { "city": "beijing", "candidate_source": "place_village_hamlet_locality", "id": "6410843608", "osm_type": "node", "place": "village", "landuse": "None", "residential": "None", "name": "None" }, "geometry": { "type": "Point", "coordinates": [ 116.931716918945312, 40.055908203125 ] } },
{ "type": "Feature", "properties": { "city": "beijing", "candidate_source": "place_village_hamlet_locality", "id": "6410843613", "osm_type": "node", "place": "village", "landuse": "None", "residential": "None", "name": "None" }, "geometry": { "type": "Point", "coordinates": [ 116.906379699707031, 40.058052062988281 ] } },
{ "type": "Feature", "properties": { "city": "beijing", "candidate_source": "place_village_hamlet_locality", "id": "6410843614", "osm_type": "node", "place": "village", "landuse": "None", "residential": "None", "name": "None" }, "geometry": { "type": "Point", "coordinates": [ 116.908531188964844, 40.065910339355469 ] } },
{ "type": "Feature", "properties": { "city": "beijing", "candidate_source": "place_village_hamlet_locality", "id": "6410843616", "osm_type": "node", "place": "village", "landuse": "None", "residential": "None", "name": "None" }, "geometry": { "type": "Point", "coordinates": [ 116.913101196289062, 40.066123962402344 ] } },
{ "type": "Feature", "properties": { "city": "beijing", "candidate_source": "place_village_hamlet_locality", "id": "6410843615", "osm_type": "node", "place": "village", "landuse": "None", "residential": "None", "name": "None" }, "geometry": { "type": "Point", "coordinates": [ 116.906517028808594, 40.070220947265625 ] } },
{ "type": "Feature", "properties": { "city": "beijing", "candidate_source": "place_village_hamlet_locality", "id": "6410843607", "osm_type": "node", "place": "village", "landuse": "None", "residential": "None", "name": "None" }, "geometry": { "type": "Point", "coordinates": [ 116.933364868164062, 40.071533203125 ] } },
{ "type": "Feature", "properties": { "city": "beijing", "candidate_source": "place_village_hamlet_locality", "id": "6410843606", "osm_type": "node", "place": "village", "landuse": "None", "residential": "None", "name": "None" }, "geometry": { "type": "Point", "coordinates": [ 116.94171142578125, 40.076564788818359 ] } },
{ "type": "Feature", "properties": { "city": "beijing", "candidate_source": "place_village_hamlet_locality", "id": "6410843594", "osm_type": "node", "place": "village", "landuse": "None", "residential": "None", "name": "None" }, "geometry": { "type": "Point", "coordinates": [ 116.919883728027344, 40.083908081054688 ] } },
{ "type": "Feature", "properties": { "city": "beijing", "candidate_source": "place_village_hamlet_locality", "id": "6410843600", "osm_type": "node", "place": "village", "landuse": "None", "residential": "None", "name": "None" }, "geometry": { "type": "Point", "coordinates": [ 116.937210083007812, 40.086757659912109 ] } },
{ "type": "Feature", "properties": { "city": "beijing", "candidate_source": "place_village_hamlet_locality", "id": "6410843632", "osm_type": "node", "place": "village", "landuse": "None", "residential": "None", "name": "None" }, "geometry": { "type": "Point", "coordinates": [ 116.869026184082031, 40.046333312988281 ] } },
{ "type": "Feature", "properties": { "city": "beijing", "candidate_source": "place_village_hamlet_locality", "id": "6410843631", "osm_type": "node", "place": "village", "landuse": "None", "residential": "None", "name": "None" }, "geometry": { "type": "Point", "coordinates": [ 116.897796630859375, 40.053733825683594 ] } },
{ "type": "Feature", "properties": { "city": "beijing", "candidate_source": "place_village_hamlet_locality", "id": "6410843630", "osm_type": "node", "place": "village", "landuse": "None", "residential": "None", "name": "None" }, "geometry": { "type": "Point", "coordinates": [ 116.882102966308594, 40.055164337158203 ] } },
{ "type": "Feature", "properties": { "city": "beijing", "candidate_source": "place_village_hamlet_locality", "id": "6410843629", "osm_type": "node", "place": "village", "landuse": "None", "residential": "None", "name": "None" }, "geometry": { "type": "Point", "coordinates": [ 116.885536193847656, 40.067756652832031 ] } },
{ "type": "Feature", "properties": { "city": "beijing", "candidate_source": "place_village_hamlet_locality", "id": "6410843618", "osm_type": "node", "place": "village", "landuse": "None", "residential": "None", "name": "None" }, "geometry": { "type": "Point", "coordinates": [ 116.8748779296875, 40.084354400634766 ] } },
{ "type": "Feature", "properties": { "city": "beijing", "candidate_source": "place_village_hamlet_locality", "id": "6410843617", "osm_type": "node", "place": "village", "landuse": "None", "residential": "None", "name": "None" }, "geometry": { "type": "Point", "coordinates": [ 116.885055541992188, 40.084865570068359 ] } },
{ "type": "Feature", "properties": { "city": "beijing", "candidate_source": "place_village_hamlet_locality", "id": "6410843622", "osm_type": "node", "place": "village", "landuse": "None", "residential": "None", "name": "None" }, "geometry": { "type": "Point", "coordinates": [ 116.878799438476562, 40.096912384033203 ] } },
{ "type": "Feature", "properties": { "city": "beijing", "candidate_source": "place_village_hamlet_locality", "id": "6410843619", "osm_type": "node", "place": "village", "landuse": "None", "residential": "None", "name": "None" }, "geometry": { "type": "Point", "coordinates": [ 116.868438720703125, 40.096992492675781 ] } },
{ "type": "Feature", "properties": { "city": "beijing", "candidate_source": "place_village_hamlet_locality", "id": "6410843620", "osm_type": "node", "place": "village", "landuse": "None", "residential": "None", "name": "None" }, "geometry": { "type": "Point", "coordinates": [ 116.865547180175781, 40.102573394775391 ] } },
{ "type": "Feature", "properties": { "city": "beijing", "candidate_source": "place_village_hamlet_locality", "id": "6410843604", "osm_type": "node", "place": "village", "landuse": "None", "residential": "None", "name": "None" }, "geometry": { "type": "Point", "coordinates": [ 116.962181091308594, 40.066421508789062 ] } },
{ "type": "Feature", "properties": { "city": "beijing", "candidate_source": "place_village_hamlet_locality", "id": "6410843603", "osm_type": "node", "place": "village", "landuse": "None", "residential": "None", "name": "None" }, "geometry": { "type": "Point", "coordinates": [ 116.969535827636719, 40.074806213378906 ] } },
{ "type": "Feature", "properties": { "city": "beijing", "candidate_source": "place_village_hamlet_locality", "id": "6410843605", "osm_type": "node", "place": "village", "landuse": "None", "residential": "None", "name": "None" }, "geometry": { "type": "Point", "coordinates": [ 116.950210571289062, 40.074901580810547 ] } },
{ "type": "Feature", "properties": { "city": "beijing", "candidate_source": "place_village_hamlet_locality", "id": "6410843602", "osm_type": "node", "place": "village", "landuse": "None", "residential": "None", "name": "None" }, "geometry": { "type": "Point", "coordinates": [ 116.962913513183594, 40.088878631591797 ] } },
{ "type": "Feature", "properties": { "city": "beijing", "candidate_source": "place_village_hamlet_locality", "id": "6410843601", "osm_type": "node", "place": "village", "landuse": "None", "residential": "None", "name": "None" }, "geometry": { "type": "Point", "coordinates": [ 116.958587646484375, 40.096656799316406 ] } },
{ "type": "Feature", "properties": { "city": "beijing", "candidate_source": "place_village_hamlet_locality", "id": "6410843656", "osm_type": "node", "place": "village", "landuse": "None", "residential": "None", "name": "None" }, "geometry": { "type": "Point", "coordinates": [ 116.956321716308594, 40.108272552490234 ] } },
{ "type": "Feature", "properties": { "city": "beijing", "candidate_source": "place_village_hamlet_locality", "id": "6410843599", "osm_type": "node", "place": "village", "landuse": "None", "residential": "None", "name": "None" }, "geometry": { "type": "Point", "coordinates": [ 116.932693481445312, 40.093769073486328 ] } },
{ "type": "Feature", "properties": { "city": "beijing", "candidate_source": "place_village_hamlet_locality", "id": "6410843598", "osm_type": "node", "place": "village", "landuse": "None", "residential": "None", "name": "None" }, "geometry": { "type": "Point", "coordinates": [ 116.925086975097656, 40.094112396240234 ] } },
{ "type": "Feature", "properties": { "city": "beijing", "candidate_source": "place_village_hamlet_locality", "id": "6410843597", "osm_type": "node", "place": "village", "landuse": "None", "residential": "None", "name": "None" }, "geometry": { "type": "Point", "coordinates": [ 116.924491882324219, 40.098175048828125 ] } },
{ "type": "Feature", "properties": { "city": "beijing", "candidate_source": "place_village_hamlet_locality", "id": "6410843596", "osm_type": "node", "place": "village", "landuse": "None", "residential": "None", "name": "None" }, "geometry": { "type": "Point", "coordinates": [ 116.920822143554688, 40.100288391113281 ] } },
{ "type": "Feature", "properties": { "city": "beijing", "candidate_source": "place_village_hamlet_locality", "id": "6410843658", "osm_type": "node", "place": "village", "landuse": "None", "residential": "None", "name": "None" }, "geometry": { "type": "Point", "coordinates": [ 116.945686340332031, 40.107864379882812 ] } },
{ "type": "Feature", "properties": { "city": "beijing", "candidate_source": "place_village_hamlet_locality", "id": "6410843595", "osm_type": "node", "place": "village", "landuse": "None", "residential": "None", "name": "None" }, "geometry": { "type": "Point", "coordinates": [ 116.922798156738281, 40.110420227050781 ] } },
{ "type": "Feature", "properties": { "city": "beijing", "candidate_source": "place_village_hamlet_locality", "id": "6410843638", "osm_type": "node", "place": "village", "landuse": "None", "residential": "None", "name": "None" }, "geometry": { "type": "Point", "coordinates": [ 116.930084228515625, 40.114212036132812 ] } },
{ "type": "Feature", "properties": { "city": "beijing", "candidate_source": "place_village_hamlet_locality", "id": "6410843657", "osm_type": "node", "place": "village", "landuse": "None", "residential": "None", "name": "None" }, "geometry": { "type": "Point", "coordinates": [ 116.941383361816406, 40.116024017333984 ] } },
{ "type": "Feature", "properties": { "city": "beijing", "candidate_source": "place_village_hamlet_locality", "id": "6410843659", "osm_type": "node", "place": "village", "landuse": "None", "residential": "None", "name": "None" }, "geometry": { "type": "Point", "coordinates": [ 116.923881530761719, 40.121604919433594 ] } },
{ "type": "Feature", "properties": { "city": "beijing", "candidate_source": "place_village_hamlet_locality", "id": "6410843662", "osm_type": "node", "place": "village", "landuse": "None", "residential": "None", "name": "None" }, "geometry": { "type": "Point", "coordinates": [ 116.946327209472656, 40.126930236816406 ] } },
{ "type": "Feature", "properties": { "city": "beijing", "candidate_source": "place_village_hamlet_locality", "id": "6410843621", "osm_type": "node", "place": "village", "landuse": "None", "residential": "None", "name": "None" }, "geometry": { "type": "Point", "coordinates": [ 116.88623046875, 40.1031494140625 ] } },
{ "type": "Feature", "properties": { "city": "beijing", "candidate_source": "place_village_hamlet_locality", "id": "6410843623", "osm_type": "node", "place": "village", "landuse": "None", "residential": "None", "name": "None" }, "geometry": { "type": "Point", "coordinates": [ 116.905105590820312, 40.103691101074219 ] } },
{ "type": "Feature", "properties": { "city": "beijing", "candidate_source": "place_village_hamlet_locality", "id": "6410843624", "osm_type": "node", "place": "village", "landuse": "None", "residential": "None", "name": "None" }, "geometry": { "type": "Point", "coordinates": [ 116.900672912597656, 40.106121063232422 ] } },
{ "type": "Feature", "properties": { "city": "beijing", "candidate_source": "place_village_hamlet_locality", "id": "6410843627", "osm_type": "node", "place": "village", "landuse": "None", "residential": "None", "name": "None" }, "geometry": { "type": "Point", "coordinates": [ 116.892868041992188, 40.114383697509766 ] } },
{ "type": "Feature", "properties": { "city": "beijing", "candidate_source": "place_village_hamlet_locality", "id": "6410843628", "osm_type": "node", "place": "village", "landuse": "None", "residential": "None", "name": "None" }, "geometry": { "type": "Point", "coordinates": [ 116.880775451660156, 40.118133544921875 ] } },
{ "type": "Feature", "properties": { "city": "beijing", "candidate_source": "place_village_hamlet_locality", "id": "6410843625", "osm_type": "node", "place": "village", "landuse": "None", "residential": "None", "name": "None" }, "geometry": { "type": "Point", "coordinates": [ 116.896499633789062, 40.119907379150391 ] } },
{ "type": "Feature", "properties": { "city": "beijing", "candidate_source": "place_village_hamlet_locality", "id": "6410843626", "osm_type": "node", "place": "village", "landuse": "None", "residential": "None", "name": "None" }, "geometry": { "type": "Point", "coordinates": [ 116.898651123046875, 40.126068115234375 ] } },
{ "type": "Feature", "properties": { "city": "beijing", "candidate_source": "place_village_hamlet_locality", "id": "6409614791", "osm_type": "node", "place": "village", "landuse": "None", "residential": "None", "name": "None" }, "geometry": { "type": "Point", "coordinates": [ 116.864341735839844, 40.136188507080078 ] } },
{ "type": "Feature", "properties": { "city": "beijing", "candidate_source": "place_village_hamlet_locality", "id": "6409614790", "osm_type": "node", "place": "village", "landuse": "None", "residential": "None", "name": "None" }, "geometry": { "type": "Point", "coordinates": [ 116.870658874511719, 40.1392822265625 ] } },
{ "type": "Feature", "properties": { "city": "beijing", "candidate_source": "place_village_hamlet_locality", "id": "6410843639", "osm_type": "node", "place": "village", "landuse": "None", "residential": "None", "name": "None" }, "geometry": { "type": "Point", "coordinates": [ 116.904014587402344, 40.139396667480469 ] } },
{ "type": "Feature", "properties": { "city": "beijing", "candidate_source": "place_village_hamlet_locality", "id": "6410843650", "osm_type": "node", "place": "village", "landuse": "None", "residential": "None", "name": "None" }, "geometry": { "type": "Point", "coordinates": [ 116.910430908203125, 40.132217407226562 ] } },
{ "type": "Feature", "properties": { "city": "beijing", "candidate_source": "place_village_hamlet_locality", "id": "6410843635", "osm_type": "node", "place": "village", "landuse": "None", "residential": "None", "name": "None" }, "geometry": { "type": "Point", "coordinates": [ 116.94512939453125, 40.144493103027344 ] } },
{ "type": "Feature", "properties": { "city": "beijing", "candidate_source": "place_village_hamlet_locality", "id": "6410843636", "osm_type": "node", "place": "village", "landuse": "None", "residential": "None", "name": "None" }, "geometry": { "type": "Point", "coordinates": [ 116.915626525878906, 40.147464752197266 ] } },
{ "type": "Feature", "properties": { "city": "beijing", "candidate_source": "place_village_hamlet_locality", "id": "6410843651", "osm_type": "node", "place": "village", "landuse": "None", "residential": "None", "name": "None" }, "geometry": { "type": "Point", "coordinates": [ 116.942611694335938, 40.152153015136719 ] } },
{ "type": "Feature", "properties": { "city": "beijing", "candidate_source": "place_village_hamlet_locality", "id": "6410843652", "osm_type": "node", "place": "village", "landuse": "None", "residential": "None", "name": "None" }, "geometry": { "type": "Point", "coordinates": [ 116.944236755371094, 40.158050537109375 ] } },
{ "type": "Feature", "properties": { "city": "beijing", "candidate_source": "place_village_hamlet_locality", "id": "6410843644", "osm_type": "node", "place": "village", "landuse": "None", "residential": "None", "name": "None" }, "geometry": { "type": "Point", "coordinates": [ 116.927421569824219, 40.160552978515625 ] } },
{ "type": "Feature", "properties": { "city": "beijing", "candidate_source": "place_village_hamlet_locality", "id": "6410843654", "osm_type": "node", "place": "village", "landuse": "None", "residential": "None", "name": "None" }, "geometry": { "type": "Point", "coordinates": [ 116.914283752441406, 40.161594390869141 ] } },
{ "type": "Feature", "properties": { "city": "beijing", "candidate_source": "place_village_hamlet_locality", "id": "6410843648", "osm_type": "node", "place": "village", "landuse": "None", "residential": "None", "name": "None" }, "geometry": { "type": "Point", "coordinates": [ 116.927093505859375, 40.163806915283203 ] } },
{ "type": "Feature", "properties": { "city": "beijing", "candidate_source": "place_village_hamlet_locality", "id": "6410843647", "osm_type": "node", "place": "village", "landuse": "None", "residential": "None", "name": "None" }, "geometry": { "type": "Point", "coordinates": [ 116.914886474609375, 40.165843963623047 ] } },
{ "type": "Feature", "properties": { "city": "beijing", "candidate_source": "place_village_hamlet_locality", "id": "6410843649", "osm_type": "node", "place": "village", "landuse": "None", "residential": "None", "name": "None" }, "geometry": { "type": "Point", "coordinates": [ 116.918701171875, 40.166194915771484 ] } },
{ "type": "Feature", "properties": { "city": "beijing", "candidate_source": "place_village_hamlet_locality", "id": "6410843634", "osm_type": "node", "place": "village", "landuse": "None", "residential": "None", "name": "None" }, "geometry": { "type": "Point", "coordinates": [ 116.950225830078125, 40.118385314941406 ] } },
{ "type": "Feature", "properties": { "city": "beijing", "candidate_source": "place_village_hamlet_locality", "id": "6410843661", "osm_type": "node", "place": "village", "landuse": "None", "residential": "None", "name": "None" }, "geometry": { "type": "Point", "coordinates": [ 116.952278137207031, 40.147445678710938 ] } },
{ "type": "Feature", "properties": { "city": "beijing", "candidate_source": "place_village_hamlet_locality", "id": "6410843660", "osm_type": "node", "place": "village", "landuse": "None", "residential": "None", "name": "None" }, "geometry": { "type": "Point", "coordinates": [ 116.950111389160156, 40.155025482177734 ] } },
{ "type": "Feature", "properties": { "city": "beijing", "candidate_source": "place_village_hamlet_locality", "id": "6409614792", "osm_type": "node", "place": "village", "landuse": "None", "residential": "None", "name": "None" }, "geometry": { "type": "Point", "coordinates": [ 116.892318725585938, 40.141696929931641 ] } },
{ "type": "Feature", "properties": { "city": "beijing", "candidate_source": "place_village_hamlet_locality", "id": "6409614789", "osm_type": "node", "place": "village", "landuse": "None", "residential": "None", "name": "None" }, "geometry": { "type": "Point", "coordinates": [ 116.865211486816406, 40.148178100585938 ] } },
{ "type": "Feature", "properties": { "city": "beijing", "candidate_source": "place_village_hamlet_locality", "id": "6409614788", "osm_type": "node", "place": "village", "landuse": "None", "residential": "None", "name": "None" }, "geometry": { "type": "Point", "coordinates": [ 116.876930236816406, 40.148670196533203 ] } },
{ "type": "Feature", "properties": { "city": "beijing", "candidate_source": "place_village_hamlet_locality", "id": "6410843637", "osm_type": "node", "place": "village", "landuse": "None", "residential": "None", "name": "None" }, "geometry": { "type": "Point", "coordinates": [ 116.90338134765625, 40.154422760009766 ] } },
{ "type": "Feature", "properties": { "city": "beijing", "candidate_source": "place_village_hamlet_locality", "id": "6409614786", "osm_type": "node", "place": "village", "landuse": "None", "residential": "None", "name": "None" }, "geometry": { "type": "Point", "coordinates": [ 116.885490417480469, 40.154518127441406 ] } },
{ "type": "Feature", "properties": { "city": "beijing", "candidate_source": "place_village_hamlet_locality", "id": "6409614785", "osm_type": "node", "place": "village", "landuse": "None", "residential": "None", "name": "None" }, "geometry": { "type": "Point", "coordinates": [ 116.873817443847656, 40.156429290771484 ] } },
{ "type": "Feature", "properties": { "city": "beijing", "candidate_source": "place_village_hamlet_locality", "id": "6410843653", "osm_type": "node", "place": "village", "landuse": "None", "residential": "None", "name": "None" }, "geometry": { "type": "Point", "coordinates": [ 116.902000427246094, 40.159797668457031 ] } },
{ "type": "Feature", "properties": { "city": "beijing", "candidate_source": "place_village_hamlet_locality", "id": "6409614787", "osm_type": "node", "place": "village", "landuse": "None", "residential": "None", "name": "None" }, "geometry": { "type": "Point", "coordinates": [ 116.887001037597656, 40.1636962890625 ] } },
{ "type": "Feature", "properties": { "city": "beijing", "candidate_source": "place_village_hamlet_locality", "id": "6410843640", "osm_type": "node", "place": "village", "landuse": "None", "residential": "None", "name": "None" }, "geometry": { "type": "Point", "coordinates": [ 116.892059326171875, 40.173618316650391 ] } },
{ "type": "Feature", "properties": { "city": "beijing", "candidate_source": "place_village_hamlet_locality", "id": "6410843641", "osm_type": "node", "place": "village", "landuse": "None", "residential": "None", "name": "None" }, "geometry": { "type": "Point", "coordinates": [ 116.901039123535156, 40.176017761230469 ] } },
{ "type": "Feature", "properties": { "city": "beijing", "candidate_source": "place_village_hamlet_locality", "id": "6410843079", "osm_type": "node", "place": "village", "landuse": "None", "residential": "None", "name": "None" }, "geometry": { "type": "Point", "coordinates": [ 116.858612060546875, 40.064018249511719 ] } },
{ "type": "Feature", "properties": { "city": "beijing", "candidate_source": "place_village_hamlet_locality", "id": "6410843080", "osm_type": "node", "place": "village", "landuse": "None", "residential": "None", "name": "None" }, "geometry": { "type": "Point", "coordinates": [ 116.836524963378906, 40.072216033935547 ] } },
{ "type": "Feature", "properties": { "city": "beijing", "candidate_source": "place_village_hamlet_locality", "id": "6410843081", "osm_type": "node", "place": "village", "landuse": "None", "residential": "None", "name": "None" }, "geometry": { "type": "Point", "coordinates": [ 116.829925537109375, 40.075752258300781 ] } },
{ "type": "Feature", "properties": { "city": "beijing", "candidate_source": "place_village_hamlet_locality", "id": "6410843082", "osm_type": "node", "place": "village", "landuse": "None", "residential": "None", "name": "None" }, "geometry": { "type": "Point", "coordinates": [ 116.821586608886719, 40.078681945800781 ] } },
{ "type": "Feature", "properties": { "city": "beijing", "candidate_source": "place_village_hamlet_locality", "id": "6409614675", "osm_type": "node", "place": "village", "landuse": "None", "residential": "None", "name": "None" }, "geometry": { "type": "Point", "coordinates": [ 116.850326538085938, 40.08526611328125 ] } },
{ "type": "Feature", "properties": { "city": "beijing", "candidate_source": "place_village_hamlet_locality", "id": "6409614676", "osm_type": "node", "place": "village", "landuse": "None", "residential": "None", "name": "None" }, "geometry": { "type": "Point", "coordinates": [ 116.853179931640625, 40.088909149169922 ] } },
{ "type": "Feature", "properties": { "city": "beijing", "candidate_source": "place_village_hamlet_locality", "id": "6409614674", "osm_type": "node", "place": "village", "landuse": "None", "residential": "None", "name": "None" }, "geometry": { "type": "Point", "coordinates": [ 116.847358703613281, 40.090095520019531 ] } },
{ "type": "Feature", "properties": { "city": "beijing", "candidate_source": "place_village_hamlet_locality", "id": "6409614673", "osm_type": "node", "place": "village", "landuse": "None", "residential": "None", "name": "None" }, "geometry": { "type": "Point", "coordinates": [ 116.839042663574219, 40.090339660644531 ] } },
{ "type": "Feature", "properties": { "city": "beijing", "candidate_source": "place_village_hamlet_locality", "id": "6409614672", "osm_type": "node", "place": "village", "landuse": "None", "residential": "None", "name": "None" }, "geometry": { "type": "Point", "coordinates": [ 116.828178405761719, 40.094936370849609 ] } },
{ "type": "Feature", "properties": { "city": "beijing", "candidate_source": "place_village_hamlet_locality", "id": "6409614670", "osm_type": "node", "place": "village", "landuse": "None", "residential": "None", "name": "None" }, "geometry": { "type": "Point", "coordinates": [ 116.823677062988281, 40.104450225830078 ] } },
{ "type": "Feature", "properties": { "city": "beijing", "candidate_source": "place_village_hamlet_locality", "id": "6410843020", "osm_type": "node", "place": "village", "landuse": "None", "residential": "None", "name": "None" }, "geometry": { "type": "Point", "coordinates": [ 116.713218688964844, 40.046108245849609 ] } },
{ "type": "Feature", "properties": { "city": "beijing", "candidate_source": "place_village_hamlet_locality", "id": "6410843019", "osm_type": "node", "place": "village", "landuse": "None", "residential": "None", "name": "None" }, "geometry": { "type": "Point", "coordinates": [ 116.723037719726562, 40.048374176025391 ] } },
{ "type": "Feature", "properties": { "city": "beijing", "candidate_source": "place_village_hamlet_locality", "id": "726599766", "osm_type": "node", "place": "village", "landuse": "None", "residential": "None", "name": "None" }, "geometry": { "type": "Point", "coordinates": [ 116.699897766113281, 40.054725646972656 ] } },
{ "type": "Feature", "properties": { "city": "beijing", "candidate_source": "place_village_hamlet_locality", "id": "6410843015", "osm_type": "node", "place": "village", "landuse": "None", "residential": "None", "name": "None" }, "geometry": { "type": "Point", "coordinates": [ 116.717231750488281, 40.061267852783203 ] } },
{ "type": "Feature", "properties": { "city": "beijing", "candidate_source": "place_village_hamlet_locality", "id": "6410843016", "osm_type": "node", "place": "village", "landuse": "None", "residential": "None", "name": "None" }, "geometry": { "type": "Point", "coordinates": [ 116.70758056640625, 40.073684692382812 ] } },
{ "type": "Feature", "properties": { "city": "beijing", "candidate_source": "place_village_hamlet_locality", "id": "6409614615", "osm_type": "node", "place": "village", "landuse": "None", "residential": "None", "name": "None" }, "geometry": { "type": "Point", "coordinates": [ 116.694740295410156, 40.100914001464844 ] } },
{ "type": "Feature", "properties": { "city": "beijing", "candidate_source": "place_village_hamlet_locality", "id": "6410843069", "osm_type": "node", "place": "village", "landuse": "None", "residential": "None", "name": "None" }, "geometry": { "type": "Point", "coordinates": [ 116.720672607421875, 40.128509521484375 ] } },
{ "type": "Feature", "properties": { "city": "beijing", "candidate_source": "place_village_hamlet_locality", "id": "6410843067", "osm_type": "node", "place": "village", "landuse": "None", "residential": "None", "name": "None" }, "geometry": { "type": "Point", "coordinates": [ 116.698219299316406, 40.129966735839844 ] } },
{ "type": "Feature", "properties": { "city": "beijing", "candidate_source": "place_village_hamlet_locality", "id": "6410843068", "osm_type": "node", "place": "village", "landuse": "None", "residential": "None", "name": "None" }, "geometry": { "type": "Point", "coordinates": [ 116.698432922363281, 40.136447906494141 ] } },
{ "type": "Feature", "properties": { "city": "beijing", "candidate_source": "place_village_hamlet_locality", "id": "6410843070", "osm_type": "node", "place": "village", "landuse": "None", "residential": "None", "name": "None" }, "geometry": { "type": "Point", "coordinates": [ 116.722358703613281, 40.138782501220703 ] } },
{ "type": "Feature", "properties": { "city": "beijing", "candidate_source": "place_village_hamlet_locality", "id": "6410843585", "osm_type": "node", "place": "village", "landuse": "None", "residential": "None", "name": "None" }, "geometry": { "type": "Point", "coordinates": [ 116.789108276367188, 40.065803527832031 ] } },
{ "type": "Feature", "properties": { "city": "beijing", "candidate_source": "place_village_hamlet_locality", "id": "6410843084", "osm_type": "node", "place": "village", "landuse": "None", "residential": "None", "name": "None" }, "geometry": { "type": "Point", "coordinates": [ 116.803298950195312, 40.070186614990234 ] } },
{ "type": "Feature", "properties": { "city": "beijing", "candidate_source": "place_village_hamlet_locality", "id": "6410843048", "osm_type": "node", "place": "village", "landuse": "None", "residential": "None", "name": "None" }, "geometry": { "type": "Point", "coordinates": [ 116.78619384765625, 40.084274291992188 ] } },
{ "type": "Feature", "properties": { "city": "beijing", "candidate_source": "place_village_hamlet_locality", "id": "6410843083", "osm_type": "node", "place": "village", "landuse": "None", "residential": "None", "name": "None" }, "geometry": { "type": "Point", "coordinates": [ 116.810554504394531, 40.087985992431641 ] } },
{ "type": "Feature", "properties": { "city": "beijing", "candidate_source": "place_village_hamlet_locality", "id": "6410843049", "osm_type": "node", "place": "village", "landuse": "None", "residential": "None", "name": "None" }, "geometry": { "type": "Point", "coordinates": [ 116.779701232910156, 40.095233917236328 ] } },
{ "type": "Feature", "properties": { "city": "beijing", "candidate_source": "place_village_hamlet_locality", "id": "6409614671", "osm_type": "node", "place": "village", "landuse": "None", "residential": "None", "name": "None" }, "geometry": { "type": "Point", "coordinates": [ 116.797348022460938, 40.1075439453125 ] } },
{ "type": "Feature", "properties": { "city": "beijing", "candidate_source": "place_village_hamlet_locality", "id": "6410843064", "osm_type": "node", "place": "village", "landuse": "None", "residential": "None", "name": "None" }, "geometry": { "type": "Point", "coordinates": [ 116.766792297363281, 40.129280090332031 ] } },
{ "type": "Feature", "properties": { "city": "beijing", "candidate_source": "place_village_hamlet_locality", "id": "6410843063", "osm_type": "node", "place": "village", "landuse": "None", "residential": "None", "name": "None" }, "geometry": { "type": "Point", "coordinates": [ 116.770645141601562, 40.13079833984375 ] } },
{ "type": "Feature", "properties": { "city": "beijing", "candidate_source": "place_village_hamlet_locality", "id": "6410843065", "osm_type": "node", "place": "village", "landuse": "None", "residential": "None", "name": "None" }, "geometry": { "type": "Point", "coordinates": [ 116.777885437011719, 40.131095886230469 ] } },
{ "type": "Feature", "properties": { "city": "beijing", "candidate_source": "place_village_hamlet_locality", "id": "6409614667", "osm_type": "node", "place": "village", "landuse": "None", "residential": "None", "name": "None" }, "geometry": { "type": "Point", "coordinates": [ 116.790306091308594, 40.132179260253906 ] } },
{ "type": "Feature", "properties": { "city": "beijing", "candidate_source": "place_village_hamlet_locality", "id": "6410843041", "osm_type": "node", "place": "village", "landuse": "None", "residential": "None", "name": "None" }, "geometry": { "type": "Point", "coordinates": [ 116.75042724609375, 40.079795837402344 ] } },
{ "type": "Feature", "properties": { "city": "beijing", "candidate_source": "place_village_hamlet_locality", "id": "6410843040", "osm_type": "node", "place": "hamlet", "landuse": "None", "residential": "None", "name": "None" }, "geometry": { "type": "Point", "coordinates": [ 116.747772216796875, 40.092212677001953 ] } },
{ "type": "Feature", "properties": { "city": "beijing", "candidate_source": "place_village_hamlet_locality", "id": "6410843039", "osm_type": "node", "place": "village", "landuse": "None", "residential": "None", "name": "None" }, "geometry": { "type": "Point", "coordinates": [ 116.75640869140625, 40.102573394775391 ] } },
{ "type": "Feature", "properties": { "city": "beijing", "candidate_source": "place_village_hamlet_locality", "id": "6410843038", "osm_type": "node", "place": "village", "landuse": "None", "residential": "None", "name": "None" }, "geometry": { "type": "Point", "coordinates": [ 116.751197814941406, 40.108791351318359 ] } },
{ "type": "Feature", "properties": { "city": "beijing", "candidate_source": "place_village_hamlet_locality", "id": "6410843037", "osm_type": "node", "place": "village", "landuse": "None", "residential": "None", "name": "None" }, "geometry": { "type": "Point", "coordinates": [ 116.749946594238281, 40.111770629882812 ] } },
{ "type": "Feature", "properties": { "city": "beijing", "candidate_source": "place_village_hamlet_locality", "id": "6410843036", "osm_type": "node", "place": "village", "landuse": "None", "residential": "None", "name": "None" }, "geometry": { "type": "Point", "coordinates": [ 116.747291564941406, 40.116504669189453 ] } },
{ "type": "Feature", "properties": { "city": "beijing", "candidate_source": "place_village_hamlet_locality", "id": "6410843035", "osm_type": "node", "place": "village", "landuse": "None", "residential": "None", "name": "None" }, "geometry": { "type": "Point", "coordinates": [ 116.751518249511719, 40.118808746337891 ] } },
{ "type": "Feature", "properties": { "city": "beijing", "candidate_source": "place_village_hamlet_locality", "id": "6410843066", "osm_type": "node", "place": "village", "landuse": "None", "residential": "None", "name": "None" }, "geometry": { "type": "Point", "coordinates": [ 116.729377746582031, 40.119270324707031 ] } },
{ "type": "Feature", "properties": { "city": "beijing", "candidate_source": "place_village_hamlet_locality", "id": "6410843034", "osm_type": "node", "place": "village", "landuse": "None", "residential": "None", "name": "None" }, "geometry": { "type": "Point", "coordinates": [ 116.757659912109375, 40.122894287109375 ] } },
{ "type": "Feature", "properties": { "city": "beijing", "candidate_source": "place_village_hamlet_locality", "id": "6410843051", "osm_type": "node", "place": "village", "landuse": "None", "residential": "None", "name": "None" }, "geometry": { "type": "Point", "coordinates": [ 116.736915588378906, 40.129734039306641 ] } },
{ "type": "Feature", "properties": { "city": "beijing", "candidate_source": "place_village_hamlet_locality", "id": "6409614669", "osm_type": "node", "place": "village", "landuse": "None", "residential": "None", "name": "None" }, "geometry": { "type": "Point", "coordinates": [ 116.817085266113281, 40.108650207519531 ] } },
{ "type": "Feature", "properties": { "city": "beijing", "candidate_source": "place_village_hamlet_locality", "id": "6409614677", "osm_type": "node", "place": "village", "landuse": "None", "residential": "None", "name": "None" }, "geometry": { "type": "Point", "coordinates": [ 116.855369567871094, 40.117942810058594 ] } },
{ "type": "Feature", "properties": { "city": "beijing", "candidate_source": "place_village_hamlet_locality", "id": "6409614678", "osm_type": "node", "place": "village", "landuse": "None", "residential": "None", "name": "None" }, "geometry": { "type": "Point", "coordinates": [ 116.857269287109375, 40.123214721679688 ] } },
{ "type": "Feature", "properties": { "city": "beijing", "candidate_source": "place_village_hamlet_locality", "id": "6409614668", "osm_type": "node", "place": "village", "landuse": "None", "residential": "None", "name": "None" }, "geometry": { "type": "Point", "coordinates": [ 116.821571350097656, 40.123619079589844 ] } },
{ "type": "Feature", "properties": { "city": "beijing", "candidate_source": "place_village_hamlet_locality", "id": "6409614645", "osm_type": "node", "place": "village", "landuse": "None", "residential": "None", "name": "None" }, "geometry": { "type": "Point", "coordinates": [ 116.821060180664062, 40.135410308837891 ] } },
{ "type": "Feature", "properties": { "city": "beijing", "candidate_source": "place_village_hamlet_locality", "id": "6409614646", "osm_type": "node", "place": "village", "landuse": "None", "residential": "None", "name": "None" }, "geometry": { "type": "Point", "coordinates": [ 116.8516845703125, 40.145072937011719 ] } },
{ "type": "Feature", "properties": { "city": "beijing", "candidate_source": "place_village_hamlet_locality", "id": "6409614644", "osm_type": "node", "place": "locality", "landuse": "None", "residential": "None", "name": "None" }, "geometry": { "type": "Point", "coordinates": [ 116.8154296875, 40.149662017822266 ] } },
{ "type": "Feature", "properties": { "city": "beijing", "candidate_source": "place_village_hamlet_locality", "id": "6409614647", "osm_type": "node", "place": "village", "landuse": "None", "residential": "None", "name": "None" }, "geometry": { "type": "Point", "coordinates": [ 116.850151062011719, 40.149696350097656 ] } },
{ "type": "Feature", "properties": { "city": "beijing", "candidate_source": "place_village_hamlet_locality", "id": "6409614643", "osm_type": "node", "place": "locality", "landuse": "None", "residential": "None", "name": "None" }, "geometry": { "type": "Point", "coordinates": [ 116.817489624023438, 40.150562286376953 ] } },
{ "type": "Feature", "properties": { "city": "beijing", "candidate_source": "place_village_hamlet_locality", "id": "6409614642", "osm_type": "node", "place": "village", "landuse": "None", "residential": "None", "name": "None" }, "geometry": { "type": "Point", "coordinates": [ 116.826675415039062, 40.154964447021484 ] } },
{ "type": "Feature", "properties": { "city": "beijing", "candidate_source": "place_village_hamlet_locality", "id": "6410843052", "osm_type": "node", "place": "village", "landuse": "None", "residential": "None", "name": "None" }, "geometry": { "type": "Point", "coordinates": [ 116.743988037109375, 40.132595062255859 ] } },
{ "type": "Feature", "properties": { "city": "beijing", "candidate_source": "place_village_hamlet_locality", "id": "6410843053", "osm_type": "node", "place": "village", "landuse": "None", "residential": "None", "name": "None" }, "geometry": { "type": "Point", "coordinates": [ 116.738845825195312, 40.1341552734375 ] } },
{ "type": "Feature", "properties": { "city": "beijing", "candidate_source": "place_village_hamlet_locality", "id": "6410843054", "osm_type": "node", "place": "village", "landuse": "None", "residential": "None", "name": "None" }, "geometry": { "type": "Point", "coordinates": [ 116.754119873046875, 40.144123077392578 ] } },
{ "type": "Feature", "properties": { "city": "beijing", "candidate_source": "place_village_hamlet_locality", "id": "6410843055", "osm_type": "node", "place": "village", "landuse": "None", "residential": "None", "name": "None" }, "geometry": { "type": "Point", "coordinates": [ 116.749977111816406, 40.151679992675781 ] } },
{ "type": "Feature", "properties": { "city": "beijing", "candidate_source": "place_village_hamlet_locality", "id": "6410843071", "osm_type": "node", "place": "village", "landuse": "None", "residential": "None", "name": "None" }, "geometry": { "type": "Point", "coordinates": [ 116.724967956542969, 40.155277252197266 ] } },
{ "type": "Feature", "properties": { "city": "beijing", "candidate_source": "place_village_hamlet_locality", "id": "6410843056", "osm_type": "node", "place": "village", "landuse": "None", "residential": "None", "name": "None" }, "geometry": { "type": "Point", "coordinates": [ 116.741950988769531, 40.156772613525391 ] } },
{ "type": "Feature", "properties": { "city": "beijing", "candidate_source": "place_village_hamlet_locality", "id": "6410843061", "osm_type": "node", "place": "village", "landuse": "None", "residential": "None", "name": "None" }, "geometry": { "type": "Point", "coordinates": [ 116.763038635253906, 40.162967681884766 ] } },
{ "type": "Feature", "properties": { "city": "beijing", "candidate_source": "place_village_hamlet_locality", "id": "6410843057", "osm_type": "node", "place": "village", "landuse": "None", "residential": "None", "name": "None" }, "geometry": { "type": "Point", "coordinates": [ 116.750007629394531, 40.166584014892578 ] } },
{ "type": "Feature", "properties": { "city": "beijing", "candidate_source": "place_village_hamlet_locality", "id": "6410843059", "osm_type": "node", "place": "village", "landuse": "None", "residential": "None", "name": "None" }, "geometry": { "type": "Point", "coordinates": [ 116.744148254394531, 40.168720245361328 ] } },
{ "type": "Feature", "properties": { "city": "beijing", "candidate_source": "place_village_hamlet_locality", "id": "6410843074", "osm_type": "node", "place": "village", "landuse": "None", "residential": "None", "name": "None" }, "geometry": { "type": "Point", "coordinates": [ 116.730155944824219, 40.170654296875 ] } },
{ "type": "Feature", "properties": { "city": "beijing", "candidate_source": "place_village_hamlet_locality", "id": "6410843062", "osm_type": "node", "place": "village", "landuse": "None", "residential": "None", "name": "None" }, "geometry": { "type": "Point", "coordinates": [ 116.768058776855469, 40.139926910400391 ] } },
{ "type": "Feature", "properties": { "city": "beijing", "candidate_source": "place_village_hamlet_locality", "id": "6409614666", "osm_type": "node", "place": "village", "landuse": "None", "residential": "None", "name": "None" }, "geometry": { "type": "Point", "coordinates": [ 116.786323547363281, 40.142246246337891 ] } },
{ "type": "Feature", "properties": { "city": "beijing", "candidate_source": "place_village_hamlet_locality", "id": "6409614665", "osm_type": "node", "place": "village", "landuse": "None", "residential": "None", "name": "None" }, "geometry": { "type": "Point", "coordinates": [ 116.793418884277344, 40.148563385009766 ] } },
{ "type": "Feature", "properties": { "city": "beijing", "candidate_source": "place_village_hamlet_locality", "id": "6409614664", "osm_type": "node", "place": "village", "landuse": "None", "residential": "None", "name": "None" }, "geometry": { "type": "Point", "coordinates": [ 116.806076049804688, 40.150161743164062 ] } },
{ "type": "Feature", "properties": { "city": "beijing", "candidate_source": "place_village_hamlet_locality", "id": "6410843060", "osm_type": "node", "place": "village", "landuse": "None", "residential": "None", "name": "None" }, "geometry": { "type": "Point", "coordinates": [ 116.776359558105469, 40.158535003662109 ] } },
{ "type": "Feature", "properties": { "city": "beijing", "candidate_source": "place_village_hamlet_locality", "id": "6409614652", "osm_type": "node", "place": "village", "landuse": "None", "residential": "None", "name": "None" }, "geometry": { "type": "Point", "coordinates": [ 116.802879333496094, 40.164718627929688 ] } },
{ "type": "Feature", "properties": { "city": "beijing", "candidate_source": "place_village_hamlet_locality", "id": "6409614653", "osm_type": "node", "place": "village", "landuse": "None", "residential": "None", "name": "None" }, "geometry": { "type": "Point", "coordinates": [ 116.789474487304688, 40.173183441162109 ] } },
{ "type": "Feature", "properties": { "city": "beijing", "candidate_source": "place_village_hamlet_locality", "id": "6409614651", "osm_type": "node", "place": "village", "landuse": "None", "residential": "None", "name": "None" }, "geometry": { "type": "Point", "coordinates": [ 116.812080383300781, 40.175697326660156 ] } },
{ "type": "Feature", "properties": { "city": "beijing", "candidate_source": "place_village_hamlet_locality", "id": "6410843695", "osm_type": "node", "place": "village", "landuse": "None", "residential": "None", "name": "None" }, "geometry": { "type": "Point", "coordinates": [ 116.807342529296875, 40.192157745361328 ] } },
{ "type": "Feature", "properties": { "city": "beijing", "candidate_source": "place_village_hamlet_locality", "id": "6410843707", "osm_type": "node", "place": "village", "landuse": "None", "residential": "None", "name": "None" }, "geometry": { "type": "Point", "coordinates": [ 116.768333435058594, 40.196510314941406 ] } },
{ "type": "Feature", "properties": { "city": "beijing", "candidate_source": "place_village_hamlet_locality", "id": "6409614684", "osm_type": "node", "place": "village", "landuse": "None", "residential": "None", "name": "None" }, "geometry": { "type": "Point", "coordinates": [ 116.8560791015625, 40.157859802246094 ] } },
{ "type": "Feature", "properties": { "city": "beijing", "candidate_source": "place_village_hamlet_locality", "id": "6409614648", "osm_type": "node", "place": "village", "landuse": "None", "residential": "None", "name": "None" }, "geometry": { "type": "Point", "coordinates": [ 116.825935363769531, 40.159072875976562 ] } },
{ "type": "Feature", "properties": { "city": "beijing", "candidate_source": "place_village_hamlet_locality", "id": "6409614649", "osm_type": "node", "place": "village", "landuse": "None", "residential": "None", "name": "None" }, "geometry": { "type": "Point", "coordinates": [ 116.819480895996094, 40.160957336425781 ] } },
{ "type": "Feature", "properties": { "city": "beijing", "candidate_source": "place_village_hamlet_locality", "id": "6409614650", "osm_type": "node", "place": "village", "landuse": "None", "residential": "None", "name": "None" }, "geometry": { "type": "Point", "coordinates": [ 116.823699951171875, 40.16351318359375 ] } },
{ "type": "Feature", "properties": { "city": "beijing", "candidate_source": "place_village_hamlet_locality", "id": "6409614683", "osm_type": "node", "place": "village", "landuse": "None", "residential": "None", "name": "None" }, "geometry": { "type": "Point", "coordinates": [ 116.856040954589844, 40.167884826660156 ] } },
{ "type": "Feature", "properties": { "city": "beijing", "candidate_source": "place_village_hamlet_locality", "id": "6409614681", "osm_type": "node", "place": "village", "landuse": "None", "residential": "None", "name": "None" }, "geometry": { "type": "Point", "coordinates": [ 116.832244873046875, 40.177619934082031 ] } },
{ "type": "Feature", "properties": { "city": "beijing", "candidate_source": "place_village_hamlet_locality", "id": "6409614682", "osm_type": "node", "place": "village", "landuse": "None", "residential": "None", "name": "None" }, "geometry": { "type": "Point", "coordinates": [ 116.851211547851562, 40.179233551025391 ] } },
{ "type": "Feature", "properties": { "city": "beijing", "candidate_source": "place_village_hamlet_locality", "id": "6409614680", "osm_type": "node", "place": "village", "landuse": "None", "residential": "None", "name": "None" }, "geometry": { "type": "Point", "coordinates": [ 116.840400695800781, 40.184902191162109 ] } },
{ "type": "Feature", "properties": { "city": "beijing", "candidate_source": "place_village_hamlet_locality", "id": "6409614679", "osm_type": "node", "place": "village", "landuse": "None", "residential": "None", "name": "None" }, "geometry": { "type": "Point", "coordinates": [ 116.856895446777344, 40.187313079833984 ] } },
{ "type": "Feature", "properties": { "city": "beijing", "candidate_source": "place_village_hamlet_locality", "id": "6410843694", "osm_type": "node", "place": "village", "landuse": "None", "residential": "None", "name": "None" }, "geometry": { "type": "Point", "coordinates": [ 116.824546813964844, 40.188652038574219 ] } },
{ "type": "Feature", "properties": { "city": "beijing", "candidate_source": "place_village_hamlet_locality", "id": "6410843075", "osm_type": "node", "place": "village", "landuse": "None", "residential": "None", "name": "None" }, "geometry": { "type": "Point", "coordinates": [ 116.703819274902344, 40.157920837402344 ] } },
{ "type": "Feature", "properties": { "city": "beijing", "candidate_source": "place_village_hamlet_locality", "id": "6410843072", "osm_type": "node", "place": "village", "landuse": "None", "residential": "None", "name": "None" }, "geometry": { "type": "Point", "coordinates": [ 116.721748352050781, 40.16107177734375 ] } },
{ "type": "Feature", "properties": { "city": "beijing", "candidate_source": "place_village_hamlet_locality", "id": "6410843073", "osm_type": "node", "place": "village", "landuse": "None", "residential": "None", "name": "None" }, "geometry": { "type": "Point", "coordinates": [ 116.717559814453125, 40.166767120361328 ] } },
{ "type": "Feature", "properties": { "city": "beijing", "candidate_source": "place_village_hamlet_locality", "id": "6410843076", "osm_type": "node", "place": "village", "landuse": "None", "residential": "None", "name": "None" }, "geometry": { "type": "Point", "coordinates": [ 116.707855224609375, 40.169742584228516 ] } },
{ "type": "Feature", "properties": { "city": "beijing", "candidate_source": "place_village_hamlet_locality", "id": "6410843716", "osm_type": "node", "place": "village", "landuse": "None", "residential": "None", "name": "None" }, "geometry": { "type": "Point", "coordinates": [ 116.7071533203125, 40.177234649658203 ] } },
{ "type": "Feature", "properties": { "city": "beijing", "candidate_source": "place_village_hamlet_locality", "id": "6410843713", "osm_type": "node", "place": "village", "landuse": "None", "residential": "None", "name": "None" }, "geometry": { "type": "Point", "coordinates": [ 116.707748413085938, 40.188014984130859 ] } },
{ "type": "Feature", "properties": { "city": "beijing", "candidate_source": "place_village_hamlet_locality", "id": "6410843714", "osm_type": "node", "place": "village", "landuse": "None", "residential": "None", "name": "None" }, "geometry": { "type": "Point", "coordinates": [ 116.703697204589844, 40.192939758300781 ] } },
{ "type": "Feature", "properties": { "city": "beijing", "candidate_source": "place_village_hamlet_locality", "id": "6410843700", "osm_type": "node", "place": "village", "landuse": "None", "residential": "None", "name": "None" }, "geometry": { "type": "Point", "coordinates": [ 116.718894958496094, 40.195808410644531 ] } },
{ "type": "Feature", "properties": { "city": "beijing", "candidate_source": "place_village_hamlet_locality", "id": "6410843701", "osm_type": "node", "place": "village", "landuse": "None", "residential": "None", "name": "None" }, "geometry": { "type": "Point", "coordinates": [ 116.695655822753906, 40.211475372314453 ] } },
{ "type": "Feature", "properties": { "city": "beijing", "candidate_source": "place_village_hamlet_locality", "id": "6410843705", "osm_type": "node", "place": "village", "landuse": "None", "residential": "None", "name": "None" }, "geometry": { "type": "Point", "coordinates": [ 116.696792602539062, 40.220485687255859 ] } },
{ "type": "Feature", "properties": { "city": "beijing", "candidate_source": "place_village_hamlet_locality", "id": "6410843058", "osm_type": "node", "place": "village", "landuse": "None", "residential": "None", "name": "None" }, "geometry": { "type": "Point", "coordinates": [ 116.751083374023438, 40.176475524902344 ] } },
{ "type": "Feature", "properties": { "city": "beijing", "candidate_source": "place_village_hamlet_locality", "id": "6410843710", "osm_type": "node", "place": "village", "landuse": "None", "residential": "None", "name": "None" }, "geometry": { "type": "Point", "coordinates": [ 116.726600646972656, 40.181835174560547 ] } },
{ "type": "Feature", "properties": { "city": "beijing", "candidate_source": "place_village_hamlet_locality", "id": "6410843711", "osm_type": "node", "place": "village", "landuse": "None", "residential": "None", "name": "None" }, "geometry": { "type": "Point", "coordinates": [ 116.73162841796875, 40.188755035400391 ] } },
{ "type": "Feature", "properties": { "city": "beijing", "candidate_source": "place_village_hamlet_locality", "id": "6410843715", "osm_type": "node", "place": "village", "landuse": "None", "residential": "None", "name": "None" }, "geometry": { "type": "Point", "coordinates": [ 116.744903564453125, 40.192607879638672 ] } },
{ "type": "Feature", "properties": { "city": "beijing", "candidate_source": "place_village_hamlet_locality", "id": "6410843708", "osm_type": "node", "place": "village", "landuse": "None", "residential": "None", "name": "None" }, "geometry": { "type": "Point", "coordinates": [ 116.753227233886719, 40.192996978759766 ] } },
{ "type": "Feature", "properties": { "city": "beijing", "candidate_source": "place_village_hamlet_locality", "id": "6410843712", "osm_type": "node", "place": "village", "landuse": "None", "residential": "None", "name": "None" }, "geometry": { "type": "Point", "coordinates": [ 116.739433288574219, 40.208396911621094 ] } },
{ "type": "Feature", "properties": { "city": "beijing", "candidate_source": "place_village_hamlet_locality", "id": "6410843677", "osm_type": "node", "place": "village", "landuse": "None", "residential": "None", "name": "None" }, "geometry": { "type": "Point", "coordinates": [ 116.752532958984375, 40.217575073242188 ] } },
{ "type": "Feature", "properties": { "city": "beijing", "candidate_source": "place_village_hamlet_locality", "id": "6410843709", "osm_type": "node", "place": "village", "landuse": "None", "residential": "None", "name": "None" }, "geometry": { "type": "Point", "coordinates": [ 116.74237060546875, 40.219108581542969 ] } },
{ "type": "Feature", "properties": { "city": "beijing", "candidate_source": "place_village_hamlet_locality", "id": "6410843703", "osm_type": "node", "place": "village", "landuse": "None", "residential": "None", "name": "None" }, "geometry": { "type": "Point", "coordinates": [ 116.726318359375, 40.225189208984375 ] } },
{ "type": "Feature", "properties": { "city": "beijing", "candidate_source": "place_village_hamlet_locality", "id": "6410843679", "osm_type": "node", "place": "village", "landuse": "None", "residential": "None", "name": "None" }, "geometry": { "type": "Point", "coordinates": [ 116.748771667480469, 40.233081817626953 ] } },
{ "type": "Feature", "properties": { "city": "beijing", "candidate_source": "place_village_hamlet_locality", "id": "6410843012", "osm_type": "node", "place": "village", "landuse": "None", "residential": "None", "name": "None" }, "geometry": { "type": "Point", "coordinates": [ 116.629173278808594, 40.071262359619141 ] } },
{ "type": "Feature", "properties": { "city": "beijing", "candidate_source": "place_village_hamlet_locality", "id": "6409614617", "osm_type": "node", "place": "village", "landuse": "None", "residential": "None", "name": "None" }, "geometry": { "type": "Point", "coordinates": [ 116.621620178222656, 40.096366882324219 ] } },
{ "type": "Feature", "properties": { "city": "beijing", "candidate_source": "place_village_hamlet_locality", "id": "6409614614", "osm_type": "node", "place": "village", "landuse": "None", "residential": "None", "name": "None" }, "geometry": { "type": "Point", "coordinates": [ 116.616142272949219, 40.106132507324219 ] } },
{ "type": "Feature", "properties": { "city": "beijing", "candidate_source": "place_village_hamlet_locality", "id": "6409614826", "osm_type": "node", "place": "locality", "landuse": "None", "residential": "None", "name": "None" }, "geometry": { "type": "Point", "coordinates": [ 116.605339050292969, 40.108985900878906 ] } },
{ "type": "Feature", "properties": { "city": "beijing", "candidate_source": "place_village_hamlet_locality", "id": "9700854842", "osm_type": "node", "place": "locality", "landuse": "None", "residential": "None", "name": "None" }, "geometry": { "type": "Point", "coordinates": [ 116.631385803222656, 40.112812042236328 ] } },
{ "type": "Feature", "properties": { "city": "beijing", "candidate_source": "place_village_hamlet_locality", "id": "6409614864", "osm_type": "node", "place": "village", "landuse": "None", "residential": "None", "name": "None" }, "geometry": { "type": "Point", "coordinates": [ 116.612907409667969, 40.113010406494141 ] } },
{ "type": "Feature", "properties": { "city": "beijing", "candidate_source": "place_village_hamlet_locality", "id": "6409614863", "osm_type": "node", "place": "village", "landuse": "None", "residential": "None", "name": "None" }, "geometry": { "type": "Point", "coordinates": [ 116.614517211914062, 40.117847442626953 ] } },
{ "type": "Feature", "properties": { "city": "beijing", "candidate_source": "place_village_hamlet_locality", "id": "6409614862", "osm_type": "node", "place": "village", "landuse": "None", "residential": "None", "name": "None" }, "geometry": { "type": "Point", "coordinates": [ 116.612655639648438, 40.123592376708984 ] } },
{ "type": "Feature", "properties": { "city": "beijing", "candidate_source": "place_village_hamlet_locality", "id": "6409614822", "osm_type": "node", "place": "locality", "landuse": "None", "residential": "None", "name": "None" }, "geometry": { "type": "Point", "coordinates": [ 116.603240966796875, 40.124431610107422 ] } },
{ "type": "Feature", "properties": { "city": "beijing", "candidate_source": "place_village_hamlet_locality", "id": "6409614861", "osm_type": "node", "place": "village", "landuse": "None", "residential": "None", "name": "None" }, "geometry": { "type": "Point", "coordinates": [ 116.618972778320312, 40.127281188964844 ] } },
{ "type": "Feature", "properties": { "city": "beijing", "candidate_source": "place_village_hamlet_locality", "id": "6409614618", "osm_type": "node", "place": "village", "landuse": "None", "residential": "None", "name": "None" }, "geometry": { "type": "Point", "coordinates": [ 116.647666931152344, 40.080165863037109 ] } },
{ "type": "Feature", "properties": { "city": "beijing", "candidate_source": "place_village_hamlet_locality", "id": "6409614623", "osm_type": "node", "place": "village", "landuse": "None", "residential": "None", "name": "None" }, "geometry": { "type": "Point", "coordinates": [ 116.674034118652344, 40.086818695068359 ] } },
{ "type": "Feature", "properties": { "city": "beijing", "candidate_source": "place_village_hamlet_locality", "id": "6409614620", "osm_type": "node", "place": "locality", "landuse": "None", "residential": "None", "name": "None" }, "geometry": { "type": "Point", "coordinates": [ 116.654434204101562, 40.088058471679688 ] } },
{ "type": "Feature", "properties": { "city": "beijing", "candidate_source": "place_village_hamlet_locality", "id": "6409614621", "osm_type": "node", "place": "village", "landuse": "None", "residential": "None", "name": "None" }, "geometry": { "type": "Point", "coordinates": [ 116.660377502441406, 40.103042602539062 ] } },
{ "type": "Feature", "properties": { "city": "beijing", "candidate_source": "place_village_hamlet_locality", "id": "6409614616", "osm_type": "node", "place": "locality", "landuse": "None", "residential": "None", "name": "None" }, "geometry": { "type": "Point", "coordinates": [ 116.672454833984375, 40.108047485351562 ] } },
{ "type": "Feature", "properties": { "city": "beijing", "candidate_source": "place_village_hamlet_locality", "id": "9691667859", "osm_type": "node", "place": "locality", "landuse": "None", "residential": "None", "name": "None" }, "geometry": { "type": "Point", "coordinates": [ 116.646385192871094, 40.113578796386719 ] } },
{ "type": "Feature", "properties": { "city": "beijing", "candidate_source": "place_village_hamlet_locality", "id": "6409614866", "osm_type": "node", "place": "locality", "landuse": "None", "residential": "None", "name": "None" }, "geometry": { "type": "Point", "coordinates": [ 116.669044494628906, 40.116786956787109 ] } },
{ "type": "Feature", "properties": { "city": "beijing", "candidate_source": "place_village_hamlet_locality", "id": "9691667860", "osm_type": "node", "place": "locality", "landuse": "None", "residential": "None", "name": "None" }, "geometry": { "type": "Point", "coordinates": [ 116.664894104003906, 40.127696990966797 ] } },
{ "type": "Feature", "properties": { "city": "beijing", "candidate_source": "place_village_hamlet_locality", "id": "9695127522", "osm_type": "node", "place": "locality", "landuse": "None", "residential": "None", "name": "None" }, "geometry": { "type": "Point", "coordinates": [ 116.646110534667969, 40.130985260009766 ] } },
{ "type": "Feature", "properties": { "city": "beijing", "candidate_source": "place_village_hamlet_locality", "id": "9691675834", "osm_type": "node", "place": "locality", "landuse": "None", "residential": "None", "name": "None" }, "geometry": { "type": "Point", "coordinates": [ 116.648200988769531, 40.133460998535156 ] } },
{ "type": "Feature", "properties": { "city": "beijing", "candidate_source": "place_village_hamlet_locality", "id": "6409614825", "osm_type": "node", "place": "locality", "landuse": "None", "residential": "None", "name": "None" }, "geometry": { "type": "Point", "coordinates": [ 116.594345092773438, 40.106014251708984 ] } },
{ "type": "Feature", "properties": { "city": "beijing", "candidate_source": "place_village_hamlet_locality", "id": "6409614630", "osm_type": "node", "place": "locality", "landuse": "None", "residential": "None", "name": "None" }, "geometry": { "type": "Point", "coordinates": [ 116.550765991210938, 40.106166839599609 ] } },
{ "type": "Feature", "properties": { "city": "beijing", "candidate_source": "place_village_hamlet_locality", "id": "6409614633", "osm_type": "node", "place": "locality", "landuse": "None", "residential": "None", "name": "None" }, "geometry": { "type": "Point", "coordinates": [ 116.576423645019531, 40.111133575439453 ] } },
{ "type": "Feature", "properties": { "city": "beijing", "candidate_source": "place_village_hamlet_locality", "id": "6409614632", "osm_type": "node", "place": "locality", "landuse": "None", "residential": "None", "name": "None" }, "geometry": { "type": "Point", "coordinates": [ 116.568214416503906, 40.118324279785156 ] } },
{ "type": "Feature", "properties": { "city": "beijing", "candidate_source": "place_village_hamlet_locality", "id": "6409614823", "osm_type": "node", "place": "locality", "landuse": "None", "residential": "None", "name": "None" }, "geometry": { "type": "Point", "coordinates": [ 116.596427917480469, 40.122882843017578 ] } },
{ "type": "Feature", "properties": { "city": "beijing", "candidate_source": "place_village_hamlet_locality", "id": "6409614821", "osm_type": "node", "place": "village", "landuse": "None", "residential": "None", "name": "None" }, "geometry": { "type": "Point", "coordinates": [ 116.596023559570312, 40.133838653564453 ] } },
{ "type": "Feature", "properties": { "city": "beijing", "candidate_source": "place_village_hamlet_locality", "id": "6409614883", "osm_type": "node", "place": "village", "landuse": "None", "residential": "None", "name": "None" }, "geometry": { "type": "Point", "coordinates": [ 116.562171936035156, 40.135276794433594 ] } },
{ "type": "Feature", "properties": { "city": "beijing", "candidate_source": "place_village_hamlet_locality", "id": "6409614818", "osm_type": "node", "place": "village", "landuse": "None", "residential": "None", "name": "None" }, "geometry": { "type": "Point", "coordinates": [ 116.588981628417969, 40.144977569580078 ] } },
{ "type": "Feature", "properties": { "city": "beijing", "candidate_source": "place_village_hamlet_locality", "id": "6409615093", "osm_type": "node", "place": "village", "landuse": "None", "residential": "None", "name": "None" }, "geometry": { "type": "Point", "coordinates": [ 116.563774108886719, 40.149364471435547 ] } },
{ "type": "Feature", "properties": { "city": "beijing", "candidate_source": "place_village_hamlet_locality", "id": "6409614882", "osm_type": "node", "place": "village", "landuse": "None", "residential": "None", "name": "None" }, "geometry": { "type": "Point", "coordinates": [ 116.552345275878906, 40.149749755859375 ] } },
{ "type": "Feature", "properties": { "city": "beijing", "candidate_source": "place_village_hamlet_locality", "id": "6409614828", "osm_type": "node", "place": "village", "landuse": "None", "residential": "None", "name": "None" }, "geometry": { "type": "Point", "coordinates": [ 116.602790832519531, 40.129100799560547 ] } },
{ "type": "Feature", "properties": { "city": "beijing", "candidate_source": "place_village_hamlet_locality", "id": "9691993415", "osm_type": "node", "place": "locality", "landuse": "None", "residential": "None", "name": "None" }, "geometry": { "type": "Point", "coordinates": [ 116.626380920410156, 40.130218505859375 ] } },
{ "type": "Feature", "properties": { "city": "beijing", "candidate_source": "place_village_hamlet_locality", "id": "6409614820", "osm_type": "node", "place": "village", "landuse": "None", "residential": "None", "name": "None" }, "geometry": { "type": "Point", "coordinates": [ 116.601776123046875, 40.131671905517578 ] } },
{ "type": "Feature", "properties": { "city": "beijing", "candidate_source": "place_village_hamlet_locality", "id": "6409614819", "osm_type": "node", "place": "village", "landuse": "None", "residential": "None", "name": "None" }, "geometry": { "type": "Point", "coordinates": [ 116.605690002441406, 40.136714935302734 ] } },
{ "type": "Feature", "properties": { "city": "beijing", "candidate_source": "place_village_hamlet_locality", "id": "9677320748", "osm_type": "node", "place": "locality", "landuse": "None", "residential": "None", "name": "None" }, "geometry": { "type": "Point", "coordinates": [ 116.633499145507812, 40.136802673339844 ] } },
{ "type": "Feature", "properties": { "city": "beijing", "candidate_source": "place_village_hamlet_locality", "id": "6409614824", "osm_type": "node", "place": "village", "landuse": "None", "residential": "None", "name": "None" }, "geometry": { "type": "Point", "coordinates": [ 116.61053466796875, 40.137069702148438 ] } },
{ "type": "Feature", "properties": { "city": "beijing", "candidate_source": "place_village_hamlet_locality", "id": "6409614867", "osm_type": "node", "place": "locality", "landuse": "None", "residential": "None", "name": "None" }, "geometry": { "type": "Point", "coordinates": [ 116.624198913574219, 40.137401580810547 ] } },
{ "type": "Feature", "properties": { "city": "beijing", "candidate_source": "place_village_hamlet_locality", "id": "6409614611", "osm_type": "node", "place": "village", "landuse": "None", "residential": "None", "name": "None" }, "geometry": { "type": "Point", "coordinates": [ 116.629730224609375, 40.139614105224609 ] } },
{ "type": "Feature", "properties": { "city": "beijing", "candidate_source": "place_village_hamlet_locality", "id": "6409614813", "osm_type": "node", "place": "village", "landuse": "None", "residential": "None", "name": "None" }, "geometry": { "type": "Point", "coordinates": [ 116.614700317382812, 40.139839172363281 ] } },
{ "type": "Feature", "properties": { "city": "beijing", "candidate_source": "place_village_hamlet_locality", "id": "6409614814", "osm_type": "node", "place": "village", "landuse": "None", "residential": "None", "name": "None" }, "geometry": { "type": "Point", "coordinates": [ 116.61285400390625, 40.144172668457031 ] } },
{ "type": "Feature", "properties": { "city": "beijing", "candidate_source": "place_village_hamlet_locality", "id": "9689661740", "osm_type": "node", "place": "village", "landuse": "None", "residential": "None", "name": "None" }, "geometry": { "type": "Point", "coordinates": [ 116.643020629882812, 40.135021209716797 ] } },
{ "type": "Feature", "properties": { "city": "beijing", "candidate_source": "place_village_hamlet_locality", "id": "9687416281", "osm_type": "node", "place": "locality", "landuse": "None", "residential": "None", "name": "None" }, "geometry": { "type": "Point", "coordinates": [ 116.637939453125, 40.136215209960938 ] } },
{ "type": "Feature", "properties": { "city": "beijing", "candidate_source": "place_village_hamlet_locality", "id": "9645942948", "osm_type": "node", "place": "village", "landuse": "None", "residential": "None", "name": "None" }, "geometry": { "type": "Point", "coordinates": [ 116.642837524414062, 40.138378143310547 ] } },
{ "type": "Feature", "properties": { "city": "beijing", "candidate_source": "place_village_hamlet_locality", "id": "6409614612", "osm_type": "node", "place": "locality", "landuse": "None", "residential": "None", "name": "None" }, "geometry": { "type": "Point", "coordinates": [ 116.651214599609375, 40.140823364257812 ] } },
{ "type": "Feature", "properties": { "city": "beijing", "candidate_source": "place_village_hamlet_locality", "id": "6409614622", "osm_type": "node", "place": "locality", "landuse": "None", "residential": "None", "name": "None" }, "geometry": { "type": "Point", "coordinates": [ 116.649971008300781, 40.142311096191406 ] } },
{ "type": "Feature", "properties": { "city": "beijing", "candidate_source": "place_village_hamlet_locality", "id": "9691675833", "osm_type": "node", "place": "locality", "landuse": "None", "residential": "None", "name": "None" }, "geometry": { "type": "Point", "coordinates": [ 116.6505126953125, 40.143157958984375 ] } },
{ "type": "Feature", "properties": { "city": "beijing", "candidate_source": "place_village_hamlet_locality", "id": "6409614859", "osm_type": "node", "place": "village", "landuse": "None", "residential": "None", "name": "None" }, "geometry": { "type": "Point", "coordinates": [ 116.637451171875, 40.144191741943359 ] } },
{ "type": "Feature", "properties": { "city": "beijing", "candidate_source": "place_village_hamlet_locality", "id": "6409614848", "osm_type": "node", "place": "village", "landuse": "None", "residential": "None", "name": "None" }, "geometry": { "type": "Point", "coordinates": [ 116.641944885253906, 40.147411346435547 ] } },
{ "type": "Feature", "properties": { "city": "beijing", "candidate_source": "place_village_hamlet_locality", "id": "6409614849", "osm_type": "node", "place": "village", "landuse": "None", "residential": "None", "name": "None" }, "geometry": { "type": "Point", "coordinates": [ 116.635101318359375, 40.157814025878906 ] } },
{ "type": "Feature", "properties": { "city": "beijing", "candidate_source": "place_village_hamlet_locality", "id": "6409614851", "osm_type": "node", "place": "locality", "landuse": "None", "residential": "None", "name": "None" }, "geometry": { "type": "Point", "coordinates": [ 116.646430969238281, 40.157920837402344 ] } },
{ "type": "Feature", "properties": { "city": "beijing", "candidate_source": "place_village_hamlet_locality", "id": "6409614817", "osm_type": "node", "place": "village", "landuse": "None", "residential": "None", "name": "None" }, "geometry": { "type": "Point", "coordinates": [ 116.601669311523438, 40.14581298828125 ] } },
{ "type": "Feature", "properties": { "city": "beijing", "candidate_source": "place_village_hamlet_locality", "id": "6409614815", "osm_type": "node", "place": "village", "landuse": "None", "residential": "None", "name": "None" }, "geometry": { "type": "Point", "coordinates": [ 116.613433837890625, 40.148502349853516 ] } },
{ "type": "Feature", "properties": { "city": "beijing", "candidate_source": "place_village_hamlet_locality", "id": "6409614816", "osm_type": "node", "place": "village", "landuse": "None", "residential": "None", "name": "None" }, "geometry": { "type": "Point", "coordinates": [ 116.611488342285156, 40.149208068847656 ] } },
{ "type": "Feature", "properties": { "city": "beijing", "candidate_source": "place_village_hamlet_locality", "id": "6409614832", "osm_type": "node", "place": "village", "landuse": "None", "residential": "None", "name": "None" }, "geometry": { "type": "Point", "coordinates": [ 116.60723876953125, 40.154304504394531 ] } },
{ "type": "Feature", "properties": { "city": "beijing", "candidate_source": "place_village_hamlet_locality", "id": "6409614860", "osm_type": "node", "place": "village", "landuse": "None", "residential": "None", "name": "None" }, "geometry": { "type": "Point", "coordinates": [ 116.624954223632812, 40.158260345458984 ] } },
{ "type": "Feature", "properties": { "city": "beijing", "candidate_source": "place_village_hamlet_locality", "id": "6409614854", "osm_type": "node", "place": "village", "landuse": "None", "residential": "None", "name": "None" }, "geometry": { "type": "Point", "coordinates": [ 116.632820129394531, 40.162162780761719 ] } },
{ "type": "Feature", "properties": { "city": "beijing", "candidate_source": "place_village_hamlet_locality", "id": "6409614831", "osm_type": "node", "place": "village", "landuse": "None", "residential": "None", "name": "None" }, "geometry": { "type": "Point", "coordinates": [ 116.606452941894531, 40.164257049560547 ] } },
{ "type": "Feature", "properties": { "city": "beijing", "candidate_source": "place_village_hamlet_locality", "id": "6409614855", "osm_type": "node", "place": "village", "landuse": "None", "residential": "None", "name": "None" }, "geometry": { "type": "Point", "coordinates": [ 116.628211975097656, 40.165130615234375 ] } },
{ "type": "Feature", "properties": { "city": "beijing", "candidate_source": "place_village_hamlet_locality", "id": "6409614836", "osm_type": "node", "place": "village", "landuse": "None", "residential": "None", "name": "None" }, "geometry": { "type": "Point", "coordinates": [ 116.611244201660156, 40.173812866210938 ] } },
{ "type": "Feature", "properties": { "city": "beijing", "candidate_source": "place_village_hamlet_locality", "id": "6409614856", "osm_type": "node", "place": "village", "landuse": "None", "residential": "None", "name": "None" }, "geometry": { "type": "Point", "coordinates": [ 116.63018798828125, 40.173915863037109 ] } },
{ "type": "Feature", "properties": { "city": "beijing", "candidate_source": "place_village_hamlet_locality", "id": "6409614850", "osm_type": "node", "place": "locality", "landuse": "None", "residential": "None", "name": "None" }, "geometry": { "type": "Point", "coordinates": [ 116.640785217285156, 40.164257049560547 ] } },
{ "type": "Feature", "properties": { "city": "beijing", "candidate_source": "place_village_hamlet_locality", "id": "6409614846", "osm_type": "node", "place": "village", "landuse": "None", "residential": "None", "name": "None" }, "geometry": { "type": "Point", "coordinates": [ 116.653396606445312, 40.176486968994141 ] } },
{ "type": "Feature", "properties": { "city": "beijing", "candidate_source": "place_village_hamlet_locality", "id": "2562835719", "osm_type": "node", "place": "locality", "landuse": "None", "residential": "None", "name": "None" }, "geometry": { "type": "Point", "coordinates": [ 116.646797180175781, 40.178356170654297 ] } },
{ "type": "Feature", "properties": { "city": "beijing", "candidate_source": "place_village_hamlet_locality", "id": "6409614852", "osm_type": "node", "place": "locality", "landuse": "None", "residential": "None", "name": "None" }, "geometry": { "type": "Point", "coordinates": [ 116.667068481445312, 40.181667327880859 ] } },
{ "type": "Feature", "properties": { "city": "beijing", "candidate_source": "place_village_hamlet_locality", "id": "6409614857", "osm_type": "node", "place": "village", "landuse": "None", "residential": "None", "name": "None" }, "geometry": { "type": "Point", "coordinates": [ 116.636726379394531, 40.182022094726562 ] } },
{ "type": "Feature", "properties": { "city": "beijing", "candidate_source": "place_village_hamlet_locality", "id": "6409614847", "osm_type": "node", "place": "locality", "landuse": "None", "residential": "None", "name": "None" }, "geometry": { "type": "Point", "coordinates": [ 116.657379150390625, 40.189201354980469 ] } },
{ "type": "Feature", "properties": { "city": "beijing", "candidate_source": "place_village_hamlet_locality", "id": "6409614803", "osm_type": "node", "place": "village", "landuse": "None", "residential": "None", "name": "None" }, "geometry": { "type": "Point", "coordinates": [ 116.637947082519531, 40.191463470458984 ] } },
{ "type": "Feature", "properties": { "city": "beijing", "candidate_source": "place_village_hamlet_locality", "id": "6409614806", "osm_type": "node", "place": "locality", "landuse": "None", "residential": "None", "name": "None" }, "geometry": { "type": "Point", "coordinates": [ 116.652992248535156, 40.208980560302734 ] } },
{ "type": "Feature", "properties": { "city": "beijing", "candidate_source": "place_village_hamlet_locality", "id": "6409614805", "osm_type": "node", "place": "locality", "landuse": "None", "residential": "None", "name": "None" }, "geometry": { "type": "Point", "coordinates": [ 116.664932250976562, 40.209873199462891 ] } },
{ "type": "Feature", "properties": { "city": "beijing", "candidate_source": "place_village_hamlet_locality", "id": "6409614811", "osm_type": "node", "place": "village", "landuse": "None", "residential": "None", "name": "None" }, "geometry": { "type": "Point", "coordinates": [ 116.657791137695312, 40.211460113525391 ] } },
{ "type": "Feature", "properties": { "city": "beijing", "candidate_source": "place_village_hamlet_locality", "id": "6409614835", "osm_type": "node", "place": "village", "landuse": "None", "residential": "None", "name": "None" }, "geometry": { "type": "Point", "coordinates": [ 116.608604431152344, 40.178489685058594 ] } },
{ "type": "Feature", "properties": { "city": "beijing", "candidate_source": "place_village_hamlet_locality", "id": "6409614834", "osm_type": "node", "place": "village", "landuse": "None", "residential": "None", "name": "None" }, "geometry": { "type": "Point", "coordinates": [ 116.606430053710938, 40.185821533203125 ] } },
{ "type": "Feature", "properties": { "city": "beijing", "candidate_source": "place_village_hamlet_locality", "id": "6409614858", "osm_type": "node", "place": "village", "landuse": "None", "residential": "None", "name": "None" }, "geometry": { "type": "Point", "coordinates": [ 116.631706237792969, 40.188026428222656 ] } },
{ "type": "Feature", "properties": { "city": "beijing", "candidate_source": "place_village_hamlet_locality", "id": "6409614833", "osm_type": "node", "place": "village", "landuse": "None", "residential": "None", "name": "None" }, "geometry": { "type": "Point", "coordinates": [ 116.6083984375, 40.189998626708984 ] } },
{ "type": "Feature", "properties": { "city": "beijing", "candidate_source": "place_village_hamlet_locality", "id": "6409614802", "osm_type": "node", "place": "village", "landuse": "None", "residential": "None", "name": "None" }, "geometry": { "type": "Point", "coordinates": [ 116.629112243652344, 40.193813323974609 ] } },
{ "type": "Feature", "properties": { "city": "beijing", "candidate_source": "place_village_hamlet_locality", "id": "1080037541", "osm_type": "way", "place": "village", "landuse": "None", "residential": "None", "name": "None" }, "geometry": { "type": "Polygon", "coordinates": [ [ [ 116.606285095214844, 40.197399139404297 ], [ 116.608711242675781, 40.197704315185547 ], [ 116.610137939453125, 40.197498321533203 ], [ 116.609771728515625, 40.196239471435547 ], [ 116.609893798828125, 40.196018218994141 ], [ 116.609771728515625, 40.195339202880859 ], [ 116.609397888183594, 40.193656921386719 ], [ 116.609054565429688, 40.191513061523438 ], [ 116.604873657226562, 40.191669464111328 ], [ 116.604866027832031, 40.192512512207031 ], [ 116.605445861816406, 40.192550659179688 ], [ 116.605064392089844, 40.195034027099609 ], [ 116.604026794433594, 40.195152282714844 ], [ 116.603034973144531, 40.195178985595703 ], [ 116.602981567382812, 40.196453094482422 ], [ 116.603988647460938, 40.196578979492188 ], [ 116.603950500488281, 40.197139739990234 ], [ 116.606285095214844, 40.197399139404297 ] ] ] } },
{ "type": "Feature", "properties": { "city": "beijing", "candidate_source": "place_village_hamlet_locality", "id": "6409614801", "osm_type": "node", "place": "village", "landuse": "None", "residential": "None", "name": "None" }, "geometry": { "type": "Point", "coordinates": [ 116.629295349121094, 40.197799682617188 ] } },
{ "type": "Feature", "properties": { "city": "beijing", "candidate_source": "place_village_hamlet_locality", "id": "6410843729", "osm_type": "node", "place": "village", "landuse": "None", "residential": "None", "name": "None" }, "geometry": { "type": "Point", "coordinates": [ 116.607521057128906, 40.198009490966797 ] } },
{ "type": "Feature", "properties": { "city": "beijing", "candidate_source": "place_village_hamlet_locality", "id": "6409614800", "osm_type": "node", "place": "village", "landuse": "None", "residential": "None", "name": "None" }, "geometry": { "type": "Point", "coordinates": [ 116.631111145019531, 40.201751708984375 ] } },
{ "type": "Feature", "properties": { "city": "beijing", "candidate_source": "place_village_hamlet_locality", "id": "6410843730", "osm_type": "node", "place": "village", "landuse": "None", "residential": "None", "name": "None" }, "geometry": { "type": "Point", "coordinates": [ 116.610984802246094, 40.203006744384766 ] } },
{ "type": "Feature", "properties": { "city": "beijing", "candidate_source": "place_village_hamlet_locality", "id": "6409614830", "osm_type": "node", "place": "village", "landuse": "None", "residential": "None", "name": "None" }, "geometry": { "type": "Point", "coordinates": [ 116.596214294433594, 40.167083740234375 ] } },
{ "type": "Feature", "properties": { "city": "beijing", "candidate_source": "place_village_hamlet_locality", "id": "6410843723", "osm_type": "node", "place": "village", "landuse": "None", "residential": "None", "name": "None" }, "geometry": { "type": "Point", "coordinates": [ 116.550933837890625, 40.186904907226562 ] } },
{ "type": "Feature", "properties": { "city": "beijing", "candidate_source": "place_village_hamlet_locality", "id": "6410843727", "osm_type": "node", "place": "village", "landuse": "None", "residential": "None", "name": "None" }, "geometry": { "type": "Point", "coordinates": [ 116.584671020507812, 40.197494506835938 ] } },
{ "type": "Feature", "properties": { "city": "beijing", "candidate_source": "place_village_hamlet_locality", "id": "6410843724", "osm_type": "node", "place": "village", "landuse": "None", "residential": "None", "name": "None" }, "geometry": { "type": "Point", "coordinates": [ 116.561759948730469, 40.20892333984375 ] } },
{ "type": "Feature", "properties": { "city": "beijing", "candidate_source": "place_village_hamlet_locality", "id": "6410843725", "osm_type": "node", "place": "village", "landuse": "None", "residential": "None", "name": "None" }, "geometry": { "type": "Point", "coordinates": [ 116.557693481445312, 40.218193054199219 ] } },
{ "type": "Feature", "properties": { "city": "beijing", "candidate_source": "place_village_hamlet_locality", "id": "6410843732", "osm_type": "node", "place": "village", "landuse": "None", "residential": "None", "name": "None" }, "geometry": { "type": "Point", "coordinates": [ 116.585029602050781, 40.219753265380859 ] } },
{ "type": "Feature", "properties": { "city": "beijing", "candidate_source": "place_village_hamlet_locality", "id": "6410843726", "osm_type": "node", "place": "village", "landuse": "None", "residential": "None", "name": "None" }, "geometry": { "type": "Point", "coordinates": [ 116.560173034667969, 40.224021911621094 ] } },
{ "type": "Feature", "properties": { "city": "beijing", "candidate_source": "place_village_hamlet_locality", "id": "6410843734", "osm_type": "node", "place": "village", "landuse": "None", "residential": "None", "name": "None" }, "geometry": { "type": "Point", "coordinates": [ 116.579032897949219, 40.231975555419922 ] } },
{ "type": "Feature", "properties": { "city": "beijing", "candidate_source": "place_village_hamlet_locality", "id": "6410843733", "osm_type": "node", "place": "village", "landuse": "None", "residential": "None", "name": "None" }, "geometry": { "type": "Point", "coordinates": [ 116.59454345703125, 40.232139587402344 ] } },
{ "type": "Feature", "properties": { "city": "beijing", "candidate_source": "place_village_hamlet_locality", "id": "6410843736", "osm_type": "node", "place": "village", "landuse": "None", "residential": "None", "name": "None" }, "geometry": { "type": "Point", "coordinates": [ 116.594856262207031, 40.24713134765625 ] } },
{ "type": "Feature", "properties": { "city": "beijing", "candidate_source": "place_village_hamlet_locality", "id": "6409614810", "osm_type": "node", "place": "village", "landuse": "None", "residential": "None", "name": "None" }, "geometry": { "type": "Point", "coordinates": [ 116.649612426757812, 40.215980529785156 ] } },
{ "type": "Feature", "properties": { "city": "beijing", "candidate_source": "place_village_hamlet_locality", "id": "6409614808", "osm_type": "node", "place": "village", "landuse": "None", "residential": "None", "name": "None" }, "geometry": { "type": "Point", "coordinates": [ 116.659111022949219, 40.218631744384766 ] } },
{ "type": "Feature", "properties": { "city": "beijing", "candidate_source": "place_village_hamlet_locality", "id": "6409614809", "osm_type": "node", "place": "village", "landuse": "None", "residential": "None", "name": "None" }, "geometry": { "type": "Point", "coordinates": [ 116.653419494628906, 40.223060607910156 ] } },
{ "type": "Feature", "properties": { "city": "beijing", "candidate_source": "place_village_hamlet_locality", "id": "6409614807", "osm_type": "node", "place": "village", "landuse": "None", "residential": "None", "name": "None" }, "geometry": { "type": "Point", "coordinates": [ 116.668235778808594, 40.224723815917969 ] } },
{ "type": "Feature", "properties": { "city": "beijing", "candidate_source": "place_village_hamlet_locality", "id": "6409614796", "osm_type": "node", "place": "village", "landuse": "None", "residential": "None", "name": "None" }, "geometry": { "type": "Point", "coordinates": [ 116.639907836914062, 40.231819152832031 ] } },
{ "type": "Feature", "properties": { "city": "beijing", "candidate_source": "place_village_hamlet_locality", "id": "6409614795", "osm_type": "node", "place": "village", "landuse": "None", "residential": "None", "name": "None" }, "geometry": { "type": "Point", "coordinates": [ 116.644920349121094, 40.233650207519531 ] } },
{ "type": "Feature", "properties": { "city": "beijing", "candidate_source": "place_village_hamlet_locality", "id": "6409614794", "osm_type": "node", "place": "village", "landuse": "None", "residential": "None", "name": "None" }, "geometry": { "type": "Point", "coordinates": [ 116.637702941894531, 40.234668731689453 ] } },
{ "type": "Feature", "properties": { "city": "beijing", "candidate_source": "place_village_hamlet_locality", "id": "4940261397", "osm_type": "node", "place": "village", "landuse": "None", "residential": "None", "name": "None" }, "geometry": { "type": "Point", "coordinates": [ 116.648124694824219, 40.247024536132812 ] } },
{ "type": "Feature", "properties": { "city": "beijing", "candidate_source": "place_village_hamlet_locality", "id": "6410843693", "osm_type": "node", "place": "village", "landuse": "None", "residential": "None", "name": "None" }, "geometry": { "type": "Point", "coordinates": [ 116.814735412597656, 40.197986602783203 ] } },
{ "type": "Feature", "properties": { "city": "beijing", "candidate_source": "place_village_hamlet_locality", "id": "6410843696", "osm_type": "node", "place": "village", "landuse": "None", "residential": "None", "name": "None" }, "geometry": { "type": "Point", "coordinates": [ 116.792381286621094, 40.204776763916016 ] } },
{ "type": "Feature", "properties": { "city": "beijing", "candidate_source": "place_village_hamlet_locality", "id": "6410843698", "osm_type": "node", "place": "village", "landuse": "None", "residential": "None", "name": "None" }, "geometry": { "type": "Point", "coordinates": [ 116.805702209472656, 40.207248687744141 ] } },
{ "type": "Feature", "properties": { "city": "beijing", "candidate_source": "place_village_hamlet_locality", "id": "6410843697", "osm_type": "node", "place": "village", "landuse": "None", "residential": "None", "name": "None" }, "geometry": { "type": "Point", "coordinates": [ 116.812904357910156, 40.207759857177734 ] } },
{ "type": "Feature", "properties": { "city": "beijing", "candidate_source": "place_village_hamlet_locality", "id": "6410843699", "osm_type": "node", "place": "village", "landuse": "None", "residential": "None", "name": "None" }, "geometry": { "type": "Point", "coordinates": [ 116.804862976074219, 40.219905853271484 ] } },
{ "type": "Feature", "properties": { "city": "beijing", "candidate_source": "place_village_hamlet_locality", "id": "6410843676", "osm_type": "node", "place": "village", "landuse": "None", "residential": "None", "name": "None" }, "geometry": { "type": "Point", "coordinates": [ 116.777389526367188, 40.226325988769531 ] } },
{ "type": "Feature", "properties": { "city": "beijing", "candidate_source": "place_village_hamlet_locality", "id": "6410843686", "osm_type": "node", "place": "village", "landuse": "None", "residential": "None", "name": "None" }, "geometry": { "type": "Point", "coordinates": [ 116.808319091796875, 40.238201141357422 ] } },
{ "type": "Feature", "properties": { "city": "beijing", "candidate_source": "place_village_hamlet_locality", "id": "6410843675", "osm_type": "node", "place": "village", "landuse": "None", "residential": "None", "name": "None" }, "geometry": { "type": "Point", "coordinates": [ 116.78125, 40.238639831542969 ] } },
{ "type": "Feature", "properties": { "city": "beijing", "candidate_source": "place_village_hamlet_locality", "id": "6410843674", "osm_type": "node", "place": "village", "landuse": "None", "residential": "None", "name": "None" }, "geometry": { "type": "Point", "coordinates": [ 116.77703857421875, 40.247440338134766 ] } },
{ "type": "Feature", "properties": { "city": "beijing", "candidate_source": "place_village_hamlet_locality", "id": "6410843680", "osm_type": "node", "place": "village", "landuse": "None", "residential": "None", "name": "None" }, "geometry": { "type": "Point", "coordinates": [ 116.773506164550781, 40.252178192138672 ] } },
{ "type": "Feature", "properties": { "city": "beijing", "candidate_source": "place_village_hamlet_locality", "id": "6410843678", "osm_type": "node", "place": "village", "landuse": "None", "residential": "None", "name": "None" }, "geometry": { "type": "Point", "coordinates": [ 116.760063171386719, 40.233741760253906 ] } },
{ "type": "Feature", "properties": { "city": "beijing", "candidate_source": "place_village_hamlet_locality", "id": "6410843689", "osm_type": "node", "place": "village", "landuse": "None", "residential": "None", "name": "None" }, "geometry": { "type": "Point", "coordinates": [ 116.729156494140625, 40.247020721435547 ] } },
{ "type": "Feature", "properties": { "city": "beijing", "candidate_source": "place_village_hamlet_locality", "id": "6410843688", "osm_type": "node", "place": "village", "landuse": "None", "residential": "None", "name": "None" }, "geometry": { "type": "Point", "coordinates": [ 116.73626708984375, 40.258064270019531 ] } },
{ "type": "Feature", "properties": { "city": "beijing", "candidate_source": "place_village_hamlet_locality", "id": "6410843687", "osm_type": "node", "place": "village", "landuse": "None", "residential": "None", "name": "None" }, "geometry": { "type": "Point", "coordinates": [ 116.734062194824219, 40.26300048828125 ] } },
{ "type": "Feature", "properties": { "city": "beijing", "candidate_source": "place_village_hamlet_locality", "id": "6410843691", "osm_type": "node", "place": "village", "landuse": "None", "residential": "None", "name": "None" }, "geometry": { "type": "Point", "coordinates": [ 116.749649047851562, 40.263099670410156 ] } },
{ "type": "Feature", "properties": { "city": "beijing", "candidate_source": "place_village_hamlet_locality", "id": "6410843684", "osm_type": "node", "place": "village", "landuse": "None", "residential": "None", "name": "None" }, "geometry": { "type": "Point", "coordinates": [ 116.820037841796875, 40.275745391845703 ] } },
{ "type": "Feature", "properties": { "city": "beijing", "candidate_source": "place_village_hamlet_locality", "id": "6410843682", "osm_type": "node", "place": "village", "landuse": "None", "residential": "None", "name": "None" }, "geometry": { "type": "Point", "coordinates": [ 116.792854309082031, 40.262176513671875 ] } },
{ "type": "Feature", "properties": { "city": "beijing", "candidate_source": "place_village_hamlet_locality", "id": "6410843681", "osm_type": "node", "place": "village", "landuse": "None", "residential": "None", "name": "None" }, "geometry": { "type": "Point", "coordinates": [ 116.779151916503906, 40.264030456542969 ] } },
{ "type": "Feature", "properties": { "city": "beijing", "candidate_source": "place_village_hamlet_locality", "id": "6410843683", "osm_type": "node", "place": "village", "landuse": "None", "residential": "None", "name": "None" }, "geometry": { "type": "Point", "coordinates": [ 116.792251586914062, 40.279758453369141 ] } },
{ "type": "Feature", "properties": { "city": "beijing", "candidate_source": "place_village_hamlet_locality", "id": "6409614799", "osm_type": "node", "place": "village", "landuse": "None", "residential": "None", "name": "None" }, "geometry": { "type": "Point", "coordinates": [ 116.629150390625, 40.209247589111328 ] } },
{ "type": "Feature", "properties": { "city": "beijing", "candidate_source": "place_village_hamlet_locality", "id": "6410843731", "osm_type": "node", "place": "village", "landuse": "None", "residential": "None", "name": "None" }, "geometry": { "type": "Point", "coordinates": [ 116.613945007324219, 40.211483001708984 ] } },
{ "type": "Feature", "properties": { "city": "beijing", "candidate_source": "place_village_hamlet_locality", "id": "6409614798", "osm_type": "node", "place": "village", "landuse": "None", "residential": "None", "name": "None" }, "geometry": { "type": "Point", "coordinates": [ 116.625694274902344, 40.218944549560547 ] } },
{ "type": "Feature", "properties": { "city": "beijing", "candidate_source": "place_village_hamlet_locality", "id": "6409614797", "osm_type": "node", "place": "village", "landuse": "None", "residential": "None", "name": "None" }, "geometry": { "type": "Point", "coordinates": [ 116.624847412109375, 40.225685119628906 ] } },
{ "type": "Feature", "properties": { "city": "beijing", "candidate_source": "place_village_hamlet_locality", "id": "6410843735", "osm_type": "node", "place": "village", "landuse": "None", "residential": "None", "name": "None" }, "geometry": { "type": "Point", "coordinates": [ 116.599960327148438, 40.239425659179688 ] } },
{ "type": "Feature", "properties": { "city": "beijing", "candidate_source": "place_village_hamlet_locality", "id": "4940261396", "osm_type": "node", "place": "village", "landuse": "None", "residential": "None", "name": "None" }, "geometry": { "type": "Point", "coordinates": [ 116.631202697753906, 40.245128631591797 ] } },
{ "type": "Feature", "properties": { "city": "beijing", "candidate_source": "place_village_hamlet_locality", "id": "6410843702", "osm_type": "node", "place": "village", "landuse": "None", "residential": "None", "name": "None" }, "geometry": { "type": "Point", "coordinates": [ 116.718635559082031, 40.22137451171875 ] } },
{ "type": "Feature", "properties": { "city": "beijing", "candidate_source": "place_village_hamlet_locality", "id": "6410843704", "osm_type": "node", "place": "village", "landuse": "None", "residential": "None", "name": "None" }, "geometry": { "type": "Point", "coordinates": [ 116.7003173828125, 40.233936309814453 ] } },
{ "type": "Feature", "properties": { "city": "beijing", "candidate_source": "place_village_hamlet_locality", "id": "6410843706", "osm_type": "node", "place": "village", "landuse": "None", "residential": "None", "name": "None" }, "geometry": { "type": "Point", "coordinates": [ 116.715179443359375, 40.237247467041016 ] } },
{ "type": "Feature", "properties": { "city": "beijing", "candidate_source": "place_village_hamlet_locality", "id": "6410843690", "osm_type": "node", "place": "village", "landuse": "None", "residential": "None", "name": "None" }, "geometry": { "type": "Point", "coordinates": [ 116.717475891113281, 40.248741149902344 ] } },
{ "type": "Feature", "properties": { "city": "beijing", "candidate_source": "place_village_hamlet_locality", "id": "6410843642", "osm_type": "node", "place": "village", "landuse": "None", "residential": "None", "name": "None" }, "geometry": { "type": "Point", "coordinates": [ 116.922348022460938, 40.173618316650391 ] } },
{ "type": "Feature", "properties": { "city": "beijing", "candidate_source": "place_village_hamlet_locality", "id": "6410843643", "osm_type": "node", "place": "village", "landuse": "None", "residential": "None", "name": "None" }, "geometry": { "type": "Point", "coordinates": [ 116.9210205078125, 40.176132202148438 ] } },
{ "type": "Feature", "properties": { "city": "beijing", "candidate_source": "place_village_hamlet_locality", "id": "6410843645", "osm_type": "node", "place": "village", "landuse": "None", "residential": "None", "name": "None" }, "geometry": { "type": "Point", "coordinates": [ 116.881454467773438, 40.179298400878906 ] } },
{ "type": "Feature", "properties": { "city": "beijing", "candidate_source": "place_village_hamlet_locality", "id": "6410843655", "osm_type": "node", "place": "village", "landuse": "None", "residential": "None", "name": "None" }, "geometry": { "type": "Point", "coordinates": [ 116.877166748046875, 40.183784484863281 ] } },
{ "type": "Feature", "properties": { "city": "beijing", "candidate_source": "place_village_hamlet_locality", "id": "6410843646", "osm_type": "node", "place": "village", "landuse": "None", "residential": "None", "name": "None" }, "geometry": { "type": "Point", "coordinates": [ 116.878761291503906, 40.189868927001953 ] } },
{ "type": "Feature", "properties": { "city": "beijing", "candidate_source": "place_village_hamlet_locality", "id": "6410843673", "osm_type": "node", "place": "village", "landuse": "None", "residential": "None", "name": "None" }, "geometry": { "type": "Point", "coordinates": [ 116.868995666503906, 40.194629669189453 ] } },
{ "type": "Feature", "properties": { "city": "beijing", "candidate_source": "place_village_hamlet_locality", "id": "6410843672", "osm_type": "node", "place": "village", "landuse": "None", "residential": "None", "name": "None" }, "geometry": { "type": "Point", "coordinates": [ 116.900054931640625, 40.202102661132812 ] } },
{ "type": "Feature", "properties": { "city": "beijing", "candidate_source": "place_village_hamlet_locality", "id": "6410843671", "osm_type": "node", "place": "village", "landuse": "None", "residential": "None", "name": "None" }, "geometry": { "type": "Point", "coordinates": [ 116.880439758300781, 40.202934265136719 ] } },
{ "type": "Feature", "properties": { "city": "beijing", "candidate_source": "place_village_hamlet_locality", "id": "6410843668", "osm_type": "node", "place": "village", "landuse": "None", "residential": "None", "name": "None" }, "geometry": { "type": "Point", "coordinates": [ 116.871856689453125, 40.220844268798828 ] } },
{ "type": "Feature", "properties": { "city": "beijing", "candidate_source": "place_village_hamlet_locality", "id": "6410843667", "osm_type": "node", "place": "village", "landuse": "None", "residential": "None", "name": "None" }, "geometry": { "type": "Point", "coordinates": [ 116.866081237792969, 40.232879638671875 ] } },
{ "type": "Feature", "properties": { "city": "beijing", "candidate_source": "place_village_hamlet_locality", "id": "6410843670", "osm_type": "node", "place": "village", "landuse": "None", "residential": "None", "name": "None" }, "geometry": { "type": "Point", "coordinates": [ 116.857261657714844, 40.201881408691406 ] } },
{ "type": "Feature", "properties": { "city": "beijing", "candidate_source": "place_village_hamlet_locality", "id": "6410843692", "osm_type": "node", "place": "village", "landuse": "None", "residential": "None", "name": "None" }, "geometry": { "type": "Point", "coordinates": [ 116.829704284667969, 40.206409454345703 ] } },
{ "type": "Feature", "properties": { "city": "beijing", "candidate_source": "place_village_hamlet_locality", "id": "6410843669", "osm_type": "node", "place": "village", "landuse": "None", "residential": "None", "name": "None" }, "geometry": { "type": "Point", "coordinates": [ 116.843315124511719, 40.208206176757812 ] } },
{ "type": "Feature", "properties": { "city": "beijing", "candidate_source": "place_village_hamlet_locality", "id": "6410843666", "osm_type": "node", "place": "village", "landuse": "None", "residential": "None", "name": "None" }, "geometry": { "type": "Point", "coordinates": [ 116.837821960449219, 40.220798492431641 ] } },
{ "type": "Feature", "properties": { "city": "beijing", "candidate_source": "place_village_hamlet_locality", "id": "6410843663", "osm_type": "node", "place": "village", "landuse": "None", "residential": "None", "name": "None" }, "geometry": { "type": "Point", "coordinates": [ 116.863876342773438, 40.225608825683594 ] } },
{ "type": "Feature", "properties": { "city": "beijing", "candidate_source": "place_village_hamlet_locality", "id": "6410843665", "osm_type": "node", "place": "village", "landuse": "None", "residential": "None", "name": "None" }, "geometry": { "type": "Point", "coordinates": [ 116.844612121582031, 40.231155395507812 ] } },
{ "type": "Feature", "properties": { "city": "beijing", "candidate_source": "place_village_hamlet_locality", "id": "4857148101", "osm_type": "node", "place": "village", "landuse": "None", "residential": "None", "name": "None" }, "geometry": { "type": "Point", "coordinates": [ 116.853569030761719, 40.245346069335938 ] } },
{ "type": "Feature", "properties": { "city": "beijing", "candidate_source": "place_village_hamlet_locality", "id": "4857148093", "osm_type": "node", "place": "village", "landuse": "None", "residential": "None", "name": "None" }, "geometry": { "type": "Point", "coordinates": [ 116.831588745117188, 40.249366760253906 ] } },
{ "type": "Feature", "properties": { "city": "beijing", "candidate_source": "place_village_hamlet_locality", "id": "6410843664", "osm_type": "node", "place": "village", "landuse": "None", "residential": "None", "name": "None" }, "geometry": { "type": "Point", "coordinates": [ 116.841056823730469, 40.250320434570312 ] } },
{ "type": "Feature", "properties": { "city": "beijing", "candidate_source": "place_village_hamlet_locality", "id": "6410843685", "osm_type": "node", "place": "village", "landuse": "None", "residential": "None", "name": "None" }, "geometry": { "type": "Point", "coordinates": [ 116.818496704101562, 40.254642486572266 ] } }
]
}
