{
"type": "FeatureCollection",
"name": "dongguan_candidates",
"crs": { "type": "name", "properties": { "name": "urn:ogc:def:crs:OGC:1.3:CRS84" } },
"features": [
{ "type": "Feature", "properties": { "city": "dongguan", "candidate_source": "place_village_hamlet_locality", "id": "11422515353", "osm_type": "node", "place": "hamlet", "landuse": "None", "residential": "None", "name": "None" }, "geometry": { "type": "Point", "coordinates": [ 114.106788635253906, 22.738719940185547 ] } },
{ "type": "Feature", "properties": { "city": "dongguan", "candidate_source": "place_village_hamlet_locality", "id": "11422543266", "osm_type": "node", "place": "hamlet", "landuse": "None", "residential": "None", "name": "None" }, "geometry": { "type": "Point", "coordinates": [ 114.111946105957031, 22.739395141601562 ] } },
{ "type": "Feature", "properties": { "city": "dongguan", "candidate_source": "place_village_hamlet_locality", "id": "11422519651", "osm_type": "node", "place": "village", "landuse": "None", "residential": "None", "name": "None" }, "geometry": { "type": "Point", "coordinates": [ 114.112892150878906, 22.741594314575195 ] } },
{ "type": "Feature", "properties": { "city": "dongguan", "candidate_source": "place_village_hamlet_locality", "id": "11422541595", "osm_type": "node", "place": "hamlet", "landuse": "None", "residential": "None", "name": "None" }, "geometry": { "type": "Point", "coordinates": [ 114.105545043945312, 22.74510383605957 ] } },
{ "type": "Feature", "properties": { "city": "dongguan", "candidate_source": "place_village_hamlet_locality", "id": "11422528687", "osm_type": "node", "place": "hamlet", "landuse": "None", "residential": "None", "name": "None" }, "geometry": { "type": "Point", "coordinates": [ 114.10406494140625, 22.748708724975586 ] } },
{ "type": "Feature", "properties": { "city": "dongguan", "candidate_source": "place_village_hamlet_locality", "id": "11422541592", "osm_type": "node", "place": "locality", "landuse": "None", "residential": "None", "name": "None" }, "geometry": { "type": "Point", "coordinates": [ 114.091407775878906, 22.750192642211914 ] } },
{ "type": "Feature", "properties": { "city": "dongguan", "candidate_source": "place_village_hamlet_locality", "id": "11428818078", "osm_type": "node", "place": "village", "landuse": "None", "residential": "None", "name": "None" }, "geometry": { "type": "Point", "coordinates": [ 114.198318481445312, 22.721319198608398 ] } },
{ "type": "Feature", "properties": { "city": "dongguan", "candidate_source": "place_village_hamlet_locality", "id": "9404083229", "osm_type": "node", "place": "hamlet", "landuse": "None", "residential": "None", "name": "None" }, "geometry": { "type": "Point", "coordinates": [ 114.185592651367188, 22.723155975341797 ] } },
{ "type": "Feature", "properties": { "city": "dongguan", "candidate_source": "place_village_hamlet_locality", "id": "9404083225", "osm_type": "node", "place": "hamlet", "landuse": "None", "residential": "None", "name": "None" }, "geometry": { "type": "Point", "coordinates": [ 114.179977416992188, 22.727743148803711 ] } },
{ "type": "Feature", "properties": { "city": "dongguan", "candidate_source": "place_village_hamlet_locality", "id": "9404083226", "osm_type": "node", "place": "hamlet", "landuse": "None", "residential": "None", "name": "None" }, "geometry": { "type": "Point", "coordinates": [ 114.181907653808594, 22.728265762329102 ] } },
{ "type": "Feature", "properties": { "city": "dongguan", "candidate_source": "place_village_hamlet_locality", "id": "2065811699", "osm_type": "node", "place": "village", "landuse": "None", "residential": "None", "name": "None" }, "geometry": { "type": "Point", "coordinates": [ 114.185935974121094, 22.728328704833984 ] } },
{ "type": "Feature", "properties": { "city": "dongguan", "candidate_source": "place_village_hamlet_locality", "id": "2987281108", "osm_type": "node", "place": "village", "landuse": "None", "residential": "None", "name": "None" }, "geometry": { "type": "Point", "coordinates": [ 114.165702819824219, 22.702117919921875 ] } },
{ "type": "Feature", "properties": { "city": "dongguan", "candidate_source": "place_village_hamlet_locality", "id": "2065839873", "osm_type": "node", "place": "village", "landuse": "None", "residential": "None", "name": "None" }, "geometry": { "type": "Point", "coordinates": [ 114.162109375, 22.703290939331055 ] } },
{ "type": "Feature", "properties": { "city": "dongguan", "candidate_source": "place_village_hamlet_locality", "id": "11422493853", "osm_type": "node", "place": "hamlet", "landuse": "None", "residential": "None", "name": "None" }, "geometry": { "type": "Point", "coordinates": [ 114.156463623046875, 22.711524963378906 ] } },
{ "type": "Feature", "properties": { "city": "dongguan", "candidate_source": "place_village_hamlet_locality", "id": "12342781326", "osm_type": "node", "place": "hamlet", "landuse": "None", "residential": "None", "name": "None" }, "geometry": { "type": "Point", "coordinates": [ 114.167320251464844, 22.714521408081055 ] } },
{ "type": "Feature", "properties": { "city": "dongguan", "candidate_source": "place_village_hamlet_locality", "id": "9406369306", "osm_type": "node", "place": "village", "landuse": "None", "residential": "None", "name": "None" }, "geometry": { "type": "Point", "coordinates": [ 114.176666259765625, 22.722793579101562 ] } },
{ "type": "Feature", "properties": { "city": "dongguan", "candidate_source": "place_village_hamlet_locality", "id": "2065848230", "osm_type": "node", "place": "village", "landuse": "None", "residential": "None", "name": "None" }, "geometry": { "type": "Point", "coordinates": [ 114.167442321777344, 22.727970123291016 ] } },
{ "type": "Feature", "properties": { "city": "dongguan", "candidate_source": "place_village_hamlet_locality", "id": "11422542507", "osm_type": "node", "place": "village", "landuse": "None", "residential": "None", "name": "None" }, "geometry": { "type": "Point", "coordinates": [ 114.159965515136719, 22.730802536010742 ] } },
{ "type": "Feature", "properties": { "city": "dongguan", "candidate_source": "place_village_hamlet_locality", "id": "2065823203", "osm_type": "node", "place": "village", "landuse": "None", "residential": "None", "name": "None" }, "geometry": { "type": "Point", "coordinates": [ 114.126876831054688, 22.731019973754883 ] } },
{ "type": "Feature", "properties": { "city": "dongguan", "candidate_source": "place_village_hamlet_locality", "id": "11422511113", "osm_type": "node", "place": "hamlet", "landuse": "None", "residential": "None", "name": "None" }, "geometry": { "type": "Point", "coordinates": [ 114.12615966796875, 22.732431411743164 ] } },
{ "type": "Feature", "properties": { "city": "dongguan", "candidate_source": "place_village_hamlet_locality", "id": "2065801170", "osm_type": "node", "place": "village", "landuse": "None", "residential": "None", "name": "None" }, "geometry": { "type": "Point", "coordinates": [ 114.128929138183594, 22.735366821289062 ] } },
{ "type": "Feature", "properties": { "city": "dongguan", "candidate_source": "place_village_hamlet_locality", "id": "2065798059", "osm_type": "node", "place": "village", "landuse": "None", "residential": "None", "name": "None" }, "geometry": { "type": "Point", "coordinates": [ 114.162841796875, 22.736289978027344 ] } },
{ "type": "Feature", "properties": { "city": "dongguan", "candidate_source": "place_village_hamlet_locality", "id": "2065805941", "osm_type": "node", "place": "village", "landuse": "None", "residential": "None", "name": "None" }, "geometry": { "type": "Point", "coordinates": [ 114.160362243652344, 22.737070083618164 ] } },
{ "type": "Feature", "properties": { "city": "dongguan", "candidate_source": "place_village_hamlet_locality", "id": "2065797603", "osm_type": "node", "place": "village", "landuse": "None", "residential": "None", "name": "None" }, "geometry": { "type": "Point", "coordinates": [ 114.133880615234375, 22.751789093017578 ] } },
{ "type": "Feature", "properties": { "city": "dongguan", "candidate_source": "place_village_hamlet_locality", "id": "2065892555", "osm_type": "node", "place": "village", "landuse": "None", "residential": "None", "name": "None" }, "geometry": { "type": "Point", "coordinates": [ 114.158073425292969, 22.752460479736328 ] } },
{ "type": "Feature", "properties": { "city": "dongguan", "candidate_source": "place_village_hamlet_locality", "id": "1382222960", "osm_type": "way", "place": "locality", "landuse": "None", "residential": "None", "name": "None" }, "geometry": { "type": "Polygon", "coordinates": [ [ [ 114.158096313476562, 22.752082824707031 ], [ 114.15802001953125, 22.751989364624023 ], [ 114.15789794921875, 22.751991271972656 ], [ 114.157905578613281, 22.752540588378906 ], [ 114.158035278320312, 22.752952575683594 ], [ 114.158599853515625, 22.752601623535156 ], [ 114.158599853515625, 22.752500534057617 ], [ 114.158531188964844, 22.752422332763672 ], [ 114.158470153808594, 22.752344131469727 ], [ 114.158187866210938, 22.75201416015625 ], [ 114.158096313476562, 22.752082824707031 ] ] ] } },
{ "type": "Feature", "properties": { "city": "dongguan", "candidate_source": "place_village_hamlet_locality", "id": "2065866646", "osm_type": "node", "place": "village", "landuse": "None", "residential": "None", "name": "None" }, "geometry": { "type": "Point", "coordinates": [ 114.134559631347656, 22.758779525756836 ] } },
{ "type": "Feature", "properties": { "city": "dongguan", "candidate_source": "place_village_hamlet_locality", "id": "11422515959", "osm_type": "node", "place": "village", "landuse": "None", "residential": "None", "name": "None" }, "geometry": { "type": "Point", "coordinates": [ 114.12274169921875, 22.762027740478516 ] } },
{ "type": "Feature", "properties": { "city": "dongguan", "candidate_source": "place_village_hamlet_locality", "id": "9404083224", "osm_type": "node", "place": "hamlet", "landuse": "None", "residential": "None", "name": "None" }, "geometry": { "type": "Point", "coordinates": [ 114.178001403808594, 22.728555679321289 ] } },
{ "type": "Feature", "properties": { "city": "dongguan", "candidate_source": "place_village_hamlet_locality", "id": "9404083227", "osm_type": "node", "place": "hamlet", "landuse": "None", "residential": "None", "name": "None" }, "geometry": { "type": "Point", "coordinates": [ 114.182853698730469, 22.729402542114258 ] } },
{ "type": "Feature", "properties": { "city": "dongguan", "candidate_source": "place_village_hamlet_locality", "id": "9406369305", "osm_type": "node", "place": "hamlet", "landuse": "None", "residential": "None", "name": "None" }, "geometry": { "type": "Point", "coordinates": [ 114.180534362792969, 22.729757308959961 ] } },
{ "type": "Feature", "properties": { "city": "dongguan", "candidate_source": "place_village_hamlet_locality", "id": "9404083228", "osm_type": "node", "place": "hamlet", "landuse": "None", "residential": "None", "name": "None" }, "geometry": { "type": "Point", "coordinates": [ 114.186286926269531, 22.730541229248047 ] } },
{ "type": "Feature", "properties": { "city": "dongguan", "candidate_source": "place_village_hamlet_locality", "id": "9404083230", "osm_type": "node", "place": "hamlet", "landuse": "None", "residential": "None", "name": "None" }, "geometry": { "type": "Point", "coordinates": [ 114.1932373046875, 22.73504638671875 ] } },
{ "type": "Feature", "properties": { "city": "dongguan", "candidate_source": "place_village_hamlet_locality", "id": "11568866842", "osm_type": "node", "place": "locality", "landuse": "None", "residential": "None", "name": "None" }, "geometry": { "type": "Point", "coordinates": [ 114.196784973144531, 22.753702163696289 ] } },
{ "type": "Feature", "properties": { "city": "dongguan", "candidate_source": "place_village_hamlet_locality", "id": "13042368828", "osm_type": "node", "place": "hamlet", "landuse": "None", "residential": "None", "name": "None" }, "geometry": { "type": "Point", "coordinates": [ 114.191513061523438, 22.764179229736328 ] } },
{ "type": "Feature", "properties": { "city": "dongguan", "candidate_source": "place_village_hamlet_locality", "id": "2065823317", "osm_type": "node", "place": "hamlet", "landuse": "None", "residential": "None", "name": "None" }, "geometry": { "type": "Point", "coordinates": [ 114.197731018066406, 22.800840377807617 ] } },
{ "type": "Feature", "properties": { "city": "dongguan", "candidate_source": "place_village_hamlet_locality", "id": "2065829391", "osm_type": "node", "place": "village", "landuse": "None", "residential": "None", "name": "None" }, "geometry": { "type": "Point", "coordinates": [ 114.112846374511719, 22.762170791625977 ] } },
{ "type": "Feature", "properties": { "city": "dongguan", "candidate_source": "place_village_hamlet_locality", "id": "11422460121", "osm_type": "node", "place": "hamlet", "landuse": "None", "residential": "None", "name": "None" }, "geometry": { "type": "Point", "coordinates": [ 114.105567932128906, 22.764616012573242 ] } },
{ "type": "Feature", "properties": { "city": "dongguan", "candidate_source": "place_village_hamlet_locality", "id": "11468891849", "osm_type": "node", "place": "village", "landuse": "None", "residential": "None", "name": "None" }, "geometry": { "type": "Point", "coordinates": [ 114.08282470703125, 22.765390396118164 ] } },
{ "type": "Feature", "properties": { "city": "dongguan", "candidate_source": "place_village_hamlet_locality", "id": "2065857718", "osm_type": "node", "place": "village", "landuse": "None", "residential": "None", "name": "None" }, "geometry": { "type": "Point", "coordinates": [ 114.092041015625, 22.767829895019531 ] } },
{ "type": "Feature", "properties": { "city": "dongguan", "candidate_source": "place_village_hamlet_locality", "id": "11422501323", "osm_type": "node", "place": "hamlet", "landuse": "None", "residential": "None", "name": "None" }, "geometry": { "type": "Point", "coordinates": [ 114.113136291503906, 22.769561767578125 ] } },
{ "type": "Feature", "properties": { "city": "dongguan", "candidate_source": "place_village_hamlet_locality", "id": "2065863543", "osm_type": "node", "place": "village", "landuse": "None", "residential": "None", "name": "None" }, "geometry": { "type": "Point", "coordinates": [ 114.101860046386719, 22.76984977722168 ] } },
{ "type": "Feature", "properties": { "city": "dongguan", "candidate_source": "place_village_hamlet_locality", "id": "2065851469", "osm_type": "node", "place": "village", "landuse": "None", "residential": "None", "name": "None" }, "geometry": { "type": "Point", "coordinates": [ 114.092170715332031, 22.776889801025391 ] } },
{ "type": "Feature", "properties": { "city": "dongguan", "candidate_source": "place_village_hamlet_locality", "id": "11862644447", "osm_type": "node", "place": "hamlet", "landuse": "None", "residential": "None", "name": "None" }, "geometry": { "type": "Point", "coordinates": [ 114.107460021972656, 22.777242660522461 ] } },
{ "type": "Feature", "properties": { "city": "dongguan", "candidate_source": "place_village_hamlet_locality", "id": "11862644448", "osm_type": "node", "place": "hamlet", "landuse": "None", "residential": "None", "name": "None" }, "geometry": { "type": "Point", "coordinates": [ 114.111122131347656, 22.777376174926758 ] } },
{ "type": "Feature", "properties": { "city": "dongguan", "candidate_source": "place_village_hamlet_locality", "id": "11853856905", "osm_type": "node", "place": "village", "landuse": "None", "residential": "None", "name": "None" }, "geometry": { "type": "Point", "coordinates": [ 114.112922668457031, 22.778041839599609 ] } },
{ "type": "Feature", "properties": { "city": "dongguan", "candidate_source": "place_village_hamlet_locality", "id": "11422515960", "osm_type": "node", "place": "village", "landuse": "None", "residential": "None", "name": "None" }, "geometry": { "type": "Point", "coordinates": [ 114.126922607421875, 22.766965866088867 ] } },
{ "type": "Feature", "properties": { "city": "dongguan", "candidate_source": "place_village_hamlet_locality", "id": "2065803404", "osm_type": "node", "place": "village", "landuse": "None", "residential": "None", "name": "None" }, "geometry": { "type": "Point", "coordinates": [ 114.118202209472656, 22.772451400756836 ] } },
{ "type": "Feature", "properties": { "city": "dongguan", "candidate_source": "place_village_hamlet_locality", "id": "11422520536", "osm_type": "node", "place": "village", "landuse": "None", "residential": "None", "name": "None" }, "geometry": { "type": "Point", "coordinates": [ 114.143440246582031, 22.791975021362305 ] } },
{ "type": "Feature", "properties": { "city": "dongguan", "candidate_source": "place_village_hamlet_locality", "id": "11422532275", "osm_type": "node", "place": "hamlet", "landuse": "None", "residential": "None", "name": "None" }, "geometry": { "type": "Point", "coordinates": [ 114.1470947265625, 22.796211242675781 ] } },
{ "type": "Feature", "properties": { "city": "dongguan", "candidate_source": "place_village_hamlet_locality", "id": "2065879320", "osm_type": "node", "place": "village", "landuse": "None", "residential": "None", "name": "None" }, "geometry": { "type": "Point", "coordinates": [ 114.137969970703125, 22.802072525024414 ] } },
{ "type": "Feature", "properties": { "city": "dongguan", "candidate_source": "place_village_hamlet_locality", "id": "11422541392", "osm_type": "node", "place": "village", "landuse": "None", "residential": "None", "name": "None" }, "geometry": { "type": "Point", "coordinates": [ 114.167327880859375, 22.802440643310547 ] } },
{ "type": "Feature", "properties": { "city": "dongguan", "candidate_source": "place_village_hamlet_locality", "id": "2065893713", "osm_type": "node", "place": "village", "landuse": "None", "residential": "None", "name": "None" }, "geometry": { "type": "Point", "coordinates": [ 114.134613037109375, 22.803499221801758 ] } },
{ "type": "Feature", "properties": { "city": "dongguan", "candidate_source": "place_village_hamlet_locality", "id": "11422541274", "osm_type": "node", "place": "village", "landuse": "None", "residential": "None", "name": "None" }, "geometry": { "type": "Point", "coordinates": [ 114.151130676269531, 22.811067581176758 ] } },
{ "type": "Feature", "properties": { "city": "dongguan", "candidate_source": "place_village_hamlet_locality", "id": "2065879353", "osm_type": "node", "place": "village", "landuse": "None", "residential": "None", "name": "None" }, "geometry": { "type": "Point", "coordinates": [ 114.167594909667969, 22.817111968994141 ] } },
{ "type": "Feature", "properties": { "city": "dongguan", "candidate_source": "place_village_hamlet_locality", "id": "11422488643", "osm_type": "node", "place": "village", "landuse": "None", "residential": "None", "name": "None" }, "geometry": { "type": "Point", "coordinates": [ 114.149765014648438, 22.81879997253418 ] } },
{ "type": "Feature", "properties": { "city": "dongguan", "candidate_source": "place_village_hamlet_locality", "id": "11853856906", "osm_type": "node", "place": "hamlet", "landuse": "None", "residential": "None", "name": "None" }, "geometry": { "type": "Point", "coordinates": [ 114.114028930664062, 22.784465789794922 ] } },
{ "type": "Feature", "properties": { "city": "dongguan", "candidate_source": "place_village_hamlet_locality", "id": "2065885766", "osm_type": "node", "place": "village", "landuse": "None", "residential": "None", "name": "None" }, "geometry": { "type": "Point", "coordinates": [ 114.100654602050781, 22.796424865722656 ] } },
{ "type": "Feature", "properties": { "city": "dongguan", "candidate_source": "place_village_hamlet_locality", "id": "2065821832", "osm_type": "node", "place": "village", "landuse": "None", "residential": "None", "name": "None" }, "geometry": { "type": "Point", "coordinates": [ 114.093711853027344, 22.798559188842773 ] } },
{ "type": "Feature", "properties": { "city": "dongguan", "candidate_source": "place_village_hamlet_locality", "id": "2065879226", "osm_type": "node", "place": "village", "landuse": "None", "residential": "None", "name": "None" }, "geometry": { "type": "Point", "coordinates": [ 114.084220886230469, 22.798990249633789 ] } },
{ "type": "Feature", "properties": { "city": "dongguan", "candidate_source": "place_village_hamlet_locality", "id": "11422519554", "osm_type": "node", "place": "hamlet", "landuse": "None", "residential": "None", "name": "None" }, "geometry": { "type": "Point", "coordinates": [ 114.108467102050781, 22.810153961181641 ] } },
{ "type": "Feature", "properties": { "city": "dongguan", "candidate_source": "place_village_hamlet_locality", "id": "11422520537", "osm_type": "node", "place": "hamlet", "landuse": "None", "residential": "None", "name": "None" }, "geometry": { "type": "Point", "coordinates": [ 114.10137939453125, 22.813230514526367 ] } },
{ "type": "Feature", "properties": { "city": "dongguan", "candidate_source": "place_village_hamlet_locality", "id": "11422498120", "osm_type": "node", "place": "hamlet", "landuse": "None", "residential": "None", "name": "None" }, "geometry": { "type": "Point", "coordinates": [ 114.106658935546875, 22.813360214233398 ] } },
{ "type": "Feature", "properties": { "city": "dongguan", "candidate_source": "place_village_hamlet_locality", "id": "2065876392", "osm_type": "node", "place": "village", "landuse": "None", "residential": "None", "name": "None" }, "geometry": { "type": "Point", "coordinates": [ 114.099571228027344, 22.829046249389648 ] } },
{ "type": "Feature", "properties": { "city": "dongguan", "candidate_source": "place_village_hamlet_locality", "id": "2065836858", "osm_type": "node", "place": "village", "landuse": "None", "residential": "None", "name": "None" }, "geometry": { "type": "Point", "coordinates": [ 114.089775085449219, 22.840486526489258 ] } },
{ "type": "Feature", "properties": { "city": "dongguan", "candidate_source": "place_village_hamlet_locality", "id": "9427538018", "osm_type": "node", "place": "hamlet", "landuse": "None", "residential": "None", "name": "None" }, "geometry": { "type": "Point", "coordinates": [ 114.112503051757812, 22.872707366943359 ] } },
{ "type": "Feature", "properties": { "city": "dongguan", "candidate_source": "place_village_hamlet_locality", "id": "2065806252", "osm_type": "node", "place": "village", "landuse": "None", "residential": "None", "name": "None" }, "geometry": { "type": "Point", "coordinates": [ 114.187835693359375, 22.824192047119141 ] } },
{ "type": "Feature", "properties": { "city": "dongguan", "candidate_source": "place_village_hamlet_locality", "id": "2065800603", "osm_type": "node", "place": "village", "landuse": "None", "residential": "None", "name": "None" }, "geometry": { "type": "Point", "coordinates": [ 114.208839416503906, 22.824630737304688 ] } },
{ "type": "Feature", "properties": { "city": "dongguan", "candidate_source": "place_village_hamlet_locality", "id": "2065882989", "osm_type": "node", "place": "hamlet", "landuse": "None", "residential": "None", "name": "None" }, "geometry": { "type": "Point", "coordinates": [ 114.204139709472656, 22.828466415405273 ] } },
{ "type": "Feature", "properties": { "city": "dongguan", "candidate_source": "residential_rural", "id": "1509500367", "osm_type": "way", "place": "None", "landuse": "residential", "residential": "rural", "name": "None" }, "geometry": { "type": "Polygon", "coordinates": [ [ [ 114.186309814453125, 22.829837799072266 ], [ 114.186180114746094, 22.82988166809082 ], [ 114.185409545898438, 22.827863693237305 ], [ 114.183906555175781, 22.828350067138672 ], [ 114.185050964355469, 22.831357955932617 ], [ 114.186767578125, 22.83104133605957 ], [ 114.186309814453125, 22.829837799072266 ] ] ] } },
{ "type": "Feature", "properties": { "city": "dongguan", "candidate_source": "place_village_hamlet_locality", "id": "2065883942", "osm_type": "node", "place": "village", "landuse": "None", "residential": "None", "name": "None" }, "geometry": { "type": "Point", "coordinates": [ 114.189781188964844, 22.834737777709961 ] } },
{ "type": "Feature", "properties": { "city": "dongguan", "candidate_source": "place_village_hamlet_locality", "id": "2065883878", "osm_type": "node", "place": "village", "landuse": "None", "residential": "None", "name": "None" }, "geometry": { "type": "Point", "coordinates": [ 114.2099609375, 22.85869026184082 ] } },
{ "type": "Feature", "properties": { "city": "dongguan", "candidate_source": "place_village_hamlet_locality", "id": "2065846711", "osm_type": "node", "place": "village", "landuse": "None", "residential": "None", "name": "None" }, "geometry": { "type": "Point", "coordinates": [ 114.062850952148438, 22.772300720214844 ] } },
{ "type": "Feature", "properties": { "city": "dongguan", "candidate_source": "place_village_hamlet_locality", "id": "11422519553", "osm_type": "node", "place": "hamlet", "landuse": "None", "residential": "None", "name": "None" }, "geometry": { "type": "Point", "coordinates": [ 114.063514709472656, 22.78312873840332 ] } },
{ "type": "Feature", "properties": { "city": "dongguan", "candidate_source": "place_village_hamlet_locality", "id": "2065806531", "osm_type": "node", "place": "village", "landuse": "None", "residential": "None", "name": "None" }, "geometry": { "type": "Point", "coordinates": [ 114.031700134277344, 22.783720016479492 ] } },
{ "type": "Feature", "properties": { "city": "dongguan", "candidate_source": "place_village_hamlet_locality", "id": "13783982491", "osm_type": "node", "place": "village", "landuse": "None", "residential": "None", "name": "None" }, "geometry": { "type": "Point", "coordinates": [ 114.029930114746094, 22.7838134765625 ] } },
{ "type": "Feature", "properties": { "city": "dongguan", "candidate_source": "place_village_hamlet_locality", "id": "11422511114", "osm_type": "node", "place": "hamlet", "landuse": "None", "residential": "None", "name": "None" }, "geometry": { "type": "Point", "coordinates": [ 114.065452575683594, 22.792383193969727 ] } },
{ "type": "Feature", "properties": { "city": "dongguan", "candidate_source": "place_village_hamlet_locality", "id": "2065853162", "osm_type": "node", "place": "village", "landuse": "None", "residential": "None", "name": "None" }, "geometry": { "type": "Point", "coordinates": [ 114.0648193359375, 22.798990249633789 ] } },
{ "type": "Feature", "properties": { "city": "dongguan", "candidate_source": "place_village_hamlet_locality", "id": "11422501462", "osm_type": "node", "place": "locality", "landuse": "None", "residential": "None", "name": "None" }, "geometry": { "type": "Point", "coordinates": [ 114.012802124023438, 22.825555801391602 ] } },
{ "type": "Feature", "properties": { "city": "dongguan", "candidate_source": "place_village_hamlet_locality", "id": "12316739117", "osm_type": "node", "place": "locality", "landuse": "None", "residential": "None", "name": "None" }, "geometry": { "type": "Point", "coordinates": [ 114.019416809082031, 22.835914611816406 ] } },
{ "type": "Feature", "properties": { "city": "dongguan", "candidate_source": "place_village_hamlet_locality", "id": "12316739119", "osm_type": "node", "place": "locality", "landuse": "None", "residential": "None", "name": "None" }, "geometry": { "type": "Point", "coordinates": [ 114.02032470703125, 22.840005874633789 ] } },
{ "type": "Feature", "properties": { "city": "dongguan", "candidate_source": "place_village_hamlet_locality", "id": "2065885842", "osm_type": "node", "place": "village", "landuse": "None", "residential": "None", "name": "None" }, "geometry": { "type": "Point", "coordinates": [ 114.004180908203125, 22.841180801391602 ] } },
{ "type": "Feature", "properties": { "city": "dongguan", "candidate_source": "place_village_hamlet_locality", "id": "12316739123", "osm_type": "node", "place": "locality", "landuse": "None", "residential": "None", "name": "None" }, "geometry": { "type": "Point", "coordinates": [ 114.014892578125, 22.855197906494141 ] } },
{ "type": "Feature", "properties": { "city": "dongguan", "candidate_source": "place_village_hamlet_locality", "id": "12316739114", "osm_type": "node", "place": "locality", "landuse": "None", "residential": "None", "name": "None" }, "geometry": { "type": "Point", "coordinates": [ 114.013778686523438, 22.865474700927734 ] } },
{ "type": "Feature", "properties": { "city": "dongguan", "candidate_source": "place_village_hamlet_locality", "id": "12774375395", "osm_type": "node", "place": "hamlet", "landuse": "None", "residential": "None", "name": "None" }, "geometry": { "type": "Point", "coordinates": [ 113.9893798828125, 22.871274948120117 ] } },
{ "type": "Feature", "properties": { "city": "dongguan", "candidate_source": "place_village_hamlet_locality", "id": "12776634099", "osm_type": "node", "place": "hamlet", "landuse": "None", "residential": "None", "name": "None" }, "geometry": { "type": "Point", "coordinates": [ 113.988677978515625, 22.877422332763672 ] } },
{ "type": "Feature", "properties": { "city": "dongguan", "candidate_source": "place_village_hamlet_locality", "id": "2065804977", "osm_type": "node", "place": "village", "landuse": "None", "residential": "None", "name": "None" }, "geometry": { "type": "Point", "coordinates": [ 114.070793151855469, 22.80470085144043 ] } },
{ "type": "Feature", "properties": { "city": "dongguan", "candidate_source": "place_village_hamlet_locality", "id": "2065895082", "osm_type": "node", "place": "village", "landuse": "None", "residential": "None", "name": "None" }, "geometry": { "type": "Point", "coordinates": [ 114.028388977050781, 22.806629180908203 ] } },
{ "type": "Feature", "properties": { "city": "dongguan", "candidate_source": "place_village_hamlet_locality", "id": "2065832246", "osm_type": "node", "place": "village", "landuse": "None", "residential": "None", "name": "None" }, "geometry": { "type": "Point", "coordinates": [ 114.060798645019531, 22.835443496704102 ] } },
{ "type": "Feature", "properties": { "city": "dongguan", "candidate_source": "place_village_hamlet_locality", "id": "2065865913", "osm_type": "node", "place": "locality", "landuse": "None", "residential": "None", "name": "None" }, "geometry": { "type": "Point", "coordinates": [ 114.065170288085938, 22.845979690551758 ] } },
{ "type": "Feature", "properties": { "city": "dongguan", "candidate_source": "place_village_hamlet_locality", "id": "2065858643", "osm_type": "node", "place": "hamlet", "landuse": "None", "residential": "None", "name": "None" }, "geometry": { "type": "Point", "coordinates": [ 114.065292358398438, 22.856409072875977 ] } },
{ "type": "Feature", "properties": { "city": "dongguan", "candidate_source": "place_village_hamlet_locality", "id": "12316739101", "osm_type": "node", "place": "locality", "landuse": "None", "residential": "None", "name": "None" }, "geometry": { "type": "Point", "coordinates": [ 114.047866821289062, 22.875583648681641 ] } },
{ "type": "Feature", "properties": { "city": "dongguan", "candidate_source": "place_village_hamlet_locality", "id": "12382489872", "osm_type": "node", "place": "hamlet", "landuse": "None", "residential": "None", "name": "None" }, "geometry": { "type": "Point", "coordinates": [ 114.074897766113281, 22.897008895874023 ] } },
{ "type": "Feature", "properties": { "city": "dongguan", "candidate_source": "place_village_hamlet_locality", "id": "2065840721", "osm_type": "node", "place": "hamlet", "landuse": "None", "residential": "None", "name": "None" }, "geometry": { "type": "Point", "coordinates": [ 114.074539184570312, 22.898500442504883 ] } },
{ "type": "Feature", "properties": { "city": "dongguan", "candidate_source": "place_village_hamlet_locality", "id": "2065800627", "osm_type": "node", "place": "hamlet", "landuse": "None", "residential": "None", "name": "None" }, "geometry": { "type": "Point", "coordinates": [ 114.062271118164062, 22.899272918701172 ] } },
{ "type": "Feature", "properties": { "city": "dongguan", "candidate_source": "place_village_hamlet_locality", "id": "12503943343", "osm_type": "node", "place": "hamlet", "landuse": "None", "residential": "None", "name": "None" }, "geometry": { "type": "Point", "coordinates": [ 114.059257507324219, 22.901466369628906 ] } },
{ "type": "Feature", "properties": { "city": "dongguan", "candidate_source": "place_village_hamlet_locality", "id": "2065832558", "osm_type": "node", "place": "village", "landuse": "None", "residential": "None", "name": "None" }, "geometry": { "type": "Point", "coordinates": [ 113.968498229980469, 22.833026885986328 ] } },
{ "type": "Feature", "properties": { "city": "dongguan", "candidate_source": "place_village_hamlet_locality", "id": "11422527237", "osm_type": "node", "place": "village", "landuse": "None", "residential": "None", "name": "None" }, "geometry": { "type": "Point", "coordinates": [ 113.980766296386719, 22.837514877319336 ] } },
{ "type": "Feature", "properties": { "city": "dongguan", "candidate_source": "place_village_hamlet_locality", "id": "2065858190", "osm_type": "node", "place": "village", "landuse": "None", "residential": "None", "name": "None" }, "geometry": { "type": "Point", "coordinates": [ 113.96942138671875, 22.842639923095703 ] } },
{ "type": "Feature", "properties": { "city": "dongguan", "candidate_source": "place_village_hamlet_locality", "id": "12774384991", "osm_type": "node", "place": "hamlet", "landuse": "None", "residential": "None", "name": "None" }, "geometry": { "type": "Point", "coordinates": [ 113.973052978515625, 22.876285552978516 ] } },
{ "type": "Feature", "properties": { "city": "dongguan", "candidate_source": "place_village_hamlet_locality", "id": "2065818421", "osm_type": "node", "place": "locality", "landuse": "None", "residential": "None", "name": "None" }, "geometry": { "type": "Point", "coordinates": [ 113.986541748046875, 22.879539489746094 ] } },
{ "type": "Feature", "properties": { "city": "dongguan", "candidate_source": "place_village_hamlet_locality", "id": "2065831899", "osm_type": "node", "place": "village", "landuse": "None", "residential": "None", "name": "None" }, "geometry": { "type": "Point", "coordinates": [ 113.950721740722656, 22.903749465942383 ] } },
{ "type": "Feature", "properties": { "city": "dongguan", "candidate_source": "place_village_hamlet_locality", "id": "2065801477", "osm_type": "node", "place": "village", "landuse": "None", "residential": "None", "name": "None" }, "geometry": { "type": "Point", "coordinates": [ 113.985260009765625, 22.906839370727539 ] } },
{ "type": "Feature", "properties": { "city": "dongguan", "candidate_source": "place_village_hamlet_locality", "id": "2065861322", "osm_type": "node", "place": "village", "landuse": "None", "residential": "None", "name": "None" }, "geometry": { "type": "Point", "coordinates": [ 113.972770690917969, 22.921430587768555 ] } },
{ "type": "Feature", "properties": { "city": "dongguan", "candidate_source": "place_village_hamlet_locality", "id": "2065836056", "osm_type": "node", "place": "village", "landuse": "None", "residential": "None", "name": "None" }, "geometry": { "type": "Point", "coordinates": [ 113.966041564941406, 22.92555046081543 ] } },
{ "type": "Feature", "properties": { "city": "dongguan", "candidate_source": "place_village_hamlet_locality", "id": "2065846547", "osm_type": "node", "place": "village", "landuse": "None", "residential": "None", "name": "None" }, "geometry": { "type": "Point", "coordinates": [ 113.974868774414062, 22.931940078735352 ] } },
{ "type": "Feature", "properties": { "city": "dongguan", "candidate_source": "place_village_hamlet_locality", "id": "9427538020", "osm_type": "node", "place": "village", "landuse": "None", "residential": "None", "name": "None" }, "geometry": { "type": "Point", "coordinates": [ 114.11273193359375, 22.873964309692383 ] } },
{ "type": "Feature", "properties": { "city": "dongguan", "candidate_source": "place_village_hamlet_locality", "id": "9427538019", "osm_type": "node", "place": "hamlet", "landuse": "None", "residential": "None", "name": "None" }, "geometry": { "type": "Point", "coordinates": [ 114.112709045410156, 22.874771118164062 ] } },
{ "type": "Feature", "properties": { "city": "dongguan", "candidate_source": "place_village_hamlet_locality", "id": "2065840854", "osm_type": "node", "place": "village", "landuse": "None", "residential": "None", "name": "None" }, "geometry": { "type": "Point", "coordinates": [ 114.083755493164062, 22.878870010375977 ] } },
{ "type": "Feature", "properties": { "city": "dongguan", "candidate_source": "place_village_hamlet_locality", "id": "12630055436", "osm_type": "node", "place": "locality", "landuse": "None", "residential": "None", "name": "None" }, "geometry": { "type": "Point", "coordinates": [ 114.095291137695312, 22.891666412353516 ] } },
{ "type": "Feature", "properties": { "city": "dongguan", "candidate_source": "place_village_hamlet_locality", "id": "12497773804", "osm_type": "node", "place": "hamlet", "landuse": "None", "residential": "None", "name": "None" }, "geometry": { "type": "Point", "coordinates": [ 114.076324462890625, 22.895662307739258 ] } },
{ "type": "Feature", "properties": { "city": "dongguan", "candidate_source": "place_village_hamlet_locality", "id": "12358426881", "osm_type": "node", "place": "village", "landuse": "None", "residential": "None", "name": "None" }, "geometry": { "type": "Point", "coordinates": [ 114.087028503417969, 22.899662017822266 ] } },
{ "type": "Feature", "properties": { "city": "dongguan", "candidate_source": "place_village_hamlet_locality", "id": "12382503856", "osm_type": "node", "place": "hamlet", "landuse": "None", "residential": "None", "name": "None" }, "geometry": { "type": "Point", "coordinates": [ 114.085800170898438, 22.904750823974609 ] } },
{ "type": "Feature", "properties": { "city": "dongguan", "candidate_source": "place_village_hamlet_locality", "id": "2065862169", "osm_type": "node", "place": "hamlet", "landuse": "None", "residential": "None", "name": "None" }, "geometry": { "type": "Point", "coordinates": [ 114.083992004394531, 22.907035827636719 ] } },
{ "type": "Feature", "properties": { "city": "dongguan", "candidate_source": "place_village_hamlet_locality", "id": "12434792425", "osm_type": "node", "place": "locality", "landuse": "None", "residential": "None", "name": "None" }, "geometry": { "type": "Point", "coordinates": [ 114.11175537109375, 22.907188415527344 ] } },
{ "type": "Feature", "properties": { "city": "dongguan", "candidate_source": "place_village_hamlet_locality", "id": "12358426882", "osm_type": "node", "place": "hamlet", "landuse": "None", "residential": "None", "name": "None" }, "geometry": { "type": "Point", "coordinates": [ 114.079544067382812, 22.918121337890625 ] } },
{ "type": "Feature", "properties": { "city": "dongguan", "candidate_source": "place_village_hamlet_locality", "id": "11422489923", "osm_type": "node", "place": "hamlet", "landuse": "None", "residential": "None", "name": "None" }, "geometry": { "type": "Point", "coordinates": [ 113.995002746582031, 22.878105163574219 ] } },
{ "type": "Feature", "properties": { "city": "dongguan", "candidate_source": "place_village_hamlet_locality", "id": "2065802942", "osm_type": "node", "place": "village", "landuse": "None", "residential": "None", "name": "None" }, "geometry": { "type": "Point", "coordinates": [ 113.996040344238281, 22.890869140625 ] } },
{ "type": "Feature", "properties": { "city": "dongguan", "candidate_source": "place_village_hamlet_locality", "id": "2065804339", "osm_type": "node", "place": "village", "landuse": "None", "residential": "None", "name": "None" }, "geometry": { "type": "Point", "coordinates": [ 113.997840881347656, 22.906579971313477 ] } },
{ "type": "Feature", "properties": { "city": "dongguan", "candidate_source": "place_village_hamlet_locality", "id": "2065877862", "osm_type": "node", "place": "village", "landuse": "None", "residential": "None", "name": "None" }, "geometry": { "type": "Point", "coordinates": [ 114.000450134277344, 22.909370422363281 ] } },
{ "type": "Feature", "properties": { "city": "dongguan", "candidate_source": "place_village_hamlet_locality", "id": "2065890328", "osm_type": "node", "place": "village", "landuse": "None", "residential": "None", "name": "None" }, "geometry": { "type": "Point", "coordinates": [ 114.008216857910156, 22.909759521484375 ] } },
{ "type": "Feature", "properties": { "city": "dongguan", "candidate_source": "place_village_hamlet_locality", "id": "2065858461", "osm_type": "node", "place": "hamlet", "landuse": "None", "residential": "None", "name": "None" }, "geometry": { "type": "Point", "coordinates": [ 114.018447875976562, 22.91633415222168 ] } },
{ "type": "Feature", "properties": { "city": "dongguan", "candidate_source": "place_village_hamlet_locality", "id": "11946863089", "osm_type": "node", "place": "hamlet", "landuse": "None", "residential": "None", "name": "None" }, "geometry": { "type": "Point", "coordinates": [ 114.012496948242188, 22.920814514160156 ] } },
{ "type": "Feature", "properties": { "city": "dongguan", "candidate_source": "place_village_hamlet_locality", "id": "2065855844", "osm_type": "node", "place": "village", "landuse": "None", "residential": "None", "name": "None" }, "geometry": { "type": "Point", "coordinates": [ 114.005653381347656, 22.921089172363281 ] } },
{ "type": "Feature", "properties": { "city": "dongguan", "candidate_source": "place_village_hamlet_locality", "id": "2065839343", "osm_type": "node", "place": "village", "landuse": "None", "residential": "None", "name": "None" }, "geometry": { "type": "Point", "coordinates": [ 113.998130798339844, 22.935199737548828 ] } },
{ "type": "Feature", "properties": { "city": "dongguan", "candidate_source": "place_village_hamlet_locality", "id": "11807466702", "osm_type": "node", "place": "village", "landuse": "None", "residential": "None", "name": "None" }, "geometry": { "type": "Point", "coordinates": [ 114.024978637695312, 22.943855285644531 ] } },
{ "type": "Feature", "properties": { "city": "dongguan", "candidate_source": "place_village_hamlet_locality", "id": "12358426879", "osm_type": "node", "place": "village", "landuse": "None", "residential": "None", "name": "None" }, "geometry": { "type": "Point", "coordinates": [ 114.066253662109375, 22.90324592590332 ] } },
{ "type": "Feature", "properties": { "city": "dongguan", "candidate_source": "place_village_hamlet_locality", "id": "12358426898", "osm_type": "node", "place": "village", "landuse": "None", "residential": "None", "name": "None" }, "geometry": { "type": "Point", "coordinates": [ 114.064277648925781, 22.905923843383789 ] } },
{ "type": "Feature", "properties": { "city": "dongguan", "candidate_source": "place_village_hamlet_locality", "id": "12358426878", "osm_type": "node", "place": "village", "landuse": "None", "residential": "None", "name": "None" }, "geometry": { "type": "Point", "coordinates": [ 114.048355102539062, 22.910129547119141 ] } },
{ "type": "Feature", "properties": { "city": "dongguan", "candidate_source": "place_village_hamlet_locality", "id": "12358426880", "osm_type": "node", "place": "village", "landuse": "None", "residential": "None", "name": "None" }, "geometry": { "type": "Point", "coordinates": [ 114.061279296875, 22.911331176757812 ] } },
{ "type": "Feature", "properties": { "city": "dongguan", "candidate_source": "place_village_hamlet_locality", "id": "2065860332", "osm_type": "node", "place": "hamlet", "landuse": "None", "residential": "None", "name": "None" }, "geometry": { "type": "Point", "coordinates": [ 114.047660827636719, 22.912420272827148 ] } },
{ "type": "Feature", "properties": { "city": "dongguan", "candidate_source": "place_village_hamlet_locality", "id": "2065802682", "osm_type": "node", "place": "hamlet", "landuse": "None", "residential": "None", "name": "None" }, "geometry": { "type": "Point", "coordinates": [ 114.064987182617188, 22.916646957397461 ] } },
{ "type": "Feature", "properties": { "city": "dongguan", "candidate_source": "place_village_hamlet_locality", "id": "12123469180", "osm_type": "node", "place": "hamlet", "landuse": "None", "residential": "None", "name": "None" }, "geometry": { "type": "Point", "coordinates": [ 114.030342102050781, 22.930049896240234 ] } },
{ "type": "Feature", "properties": { "city": "dongguan", "candidate_source": "place_village_hamlet_locality", "id": "12123469181", "osm_type": "node", "place": "hamlet", "landuse": "None", "residential": "None", "name": "None" }, "geometry": { "type": "Point", "coordinates": [ 114.03173828125, 22.935268402099609 ] } },
{ "type": "Feature", "properties": { "city": "dongguan", "candidate_source": "place_village_hamlet_locality", "id": "2065805660", "osm_type": "node", "place": "village", "landuse": "None", "residential": "None", "name": "None" }, "geometry": { "type": "Point", "coordinates": [ 114.072418212890625, 22.952590942382812 ] } },
{ "type": "Feature", "properties": { "city": "dongguan", "candidate_source": "place_village_hamlet_locality", "id": "2065832569", "osm_type": "node", "place": "village", "landuse": "None", "residential": "None", "name": "None" }, "geometry": { "type": "Point", "coordinates": [ 114.050102233886719, 22.956710815429688 ] } },
{ "type": "Feature", "properties": { "city": "dongguan", "candidate_source": "place_village_hamlet_locality", "id": "2065877247", "osm_type": "node", "place": "village", "landuse": "None", "residential": "None", "name": "None" }, "geometry": { "type": "Point", "coordinates": [ 113.944961547851562, 22.937259674072266 ] } },
{ "type": "Feature", "properties": { "city": "dongguan", "candidate_source": "place_village_hamlet_locality", "id": "2065843047", "osm_type": "node", "place": "village", "landuse": "None", "residential": "None", "name": "None" }, "geometry": { "type": "Point", "coordinates": [ 113.956253051757812, 22.940570831298828 ] } },
{ "type": "Feature", "properties": { "city": "dongguan", "candidate_source": "place_village_hamlet_locality", "id": "2065805138", "osm_type": "node", "place": "village", "landuse": "None", "residential": "None", "name": "None" }, "geometry": { "type": "Point", "coordinates": [ 113.946640014648438, 22.950439453125 ] } },
{ "type": "Feature", "properties": { "city": "dongguan", "candidate_source": "place_village_hamlet_locality", "id": "2065806204", "osm_type": "node", "place": "village", "landuse": "None", "residential": "None", "name": "None" }, "geometry": { "type": "Point", "coordinates": [ 113.941230773925781, 22.952459335327148 ] } },
{ "type": "Feature", "properties": { "city": "dongguan", "candidate_source": "place_village_hamlet_locality", "id": "2065880799", "osm_type": "node", "place": "village", "landuse": "None", "residential": "None", "name": "None" }, "geometry": { "type": "Point", "coordinates": [ 113.986030578613281, 22.95482063293457 ] } },
{ "type": "Feature", "properties": { "city": "dongguan", "candidate_source": "place_village_hamlet_locality", "id": "1785921819", "osm_type": "node", "place": "village", "landuse": "None", "residential": "None", "name": "None" }, "geometry": { "type": "Point", "coordinates": [ 113.984542846679688, 22.959161758422852 ] } },
{ "type": "Feature", "properties": { "city": "dongguan", "candidate_source": "place_village_hamlet_locality", "id": "2065877870", "osm_type": "node", "place": "village", "landuse": "None", "residential": "None", "name": "None" }, "geometry": { "type": "Point", "coordinates": [ 113.964447021484375, 22.961339950561523 ] } },
{ "type": "Feature", "properties": { "city": "dongguan", "candidate_source": "place_village_hamlet_locality", "id": "2065883475", "osm_type": "node", "place": "village", "landuse": "None", "residential": "None", "name": "None" }, "geometry": { "type": "Point", "coordinates": [ 113.974281311035156, 22.964899063110352 ] } },
{ "type": "Feature", "properties": { "city": "dongguan", "candidate_source": "place_village_hamlet_locality", "id": "2065874486", "osm_type": "node", "place": "village", "landuse": "None", "residential": "None", "name": "None" }, "geometry": { "type": "Point", "coordinates": [ 113.95294189453125, 22.970010757446289 ] } },
{ "type": "Feature", "properties": { "city": "dongguan", "candidate_source": "place_village_hamlet_locality", "id": "2065806004", "osm_type": "node", "place": "village", "landuse": "None", "residential": "None", "name": "None" }, "geometry": { "type": "Point", "coordinates": [ 113.971908569335938, 22.971860885620117 ] } },
{ "type": "Feature", "properties": { "city": "dongguan", "candidate_source": "place_village_hamlet_locality", "id": "12785852534", "osm_type": "node", "place": "hamlet", "landuse": "None", "residential": "None", "name": "None" }, "geometry": { "type": "Point", "coordinates": [ 114.018234252929688, 22.953371047973633 ] } },
{ "type": "Feature", "properties": { "city": "dongguan", "candidate_source": "place_village_hamlet_locality", "id": "2065889079", "osm_type": "node", "place": "village", "landuse": "None", "residential": "None", "name": "None" }, "geometry": { "type": "Point", "coordinates": [ 114.01007080078125, 22.955629348754883 ] } },
{ "type": "Feature", "properties": { "city": "dongguan", "candidate_source": "place_village_hamlet_locality", "id": "2065805189", "osm_type": "node", "place": "village", "landuse": "None", "residential": "None", "name": "None" }, "geometry": { "type": "Point", "coordinates": [ 114.024345397949219, 22.96327018737793 ] } },
{ "type": "Feature", "properties": { "city": "dongguan", "candidate_source": "place_village_hamlet_locality", "id": "2065834335", "osm_type": "node", "place": "village", "landuse": "None", "residential": "None", "name": "None" }, "geometry": { "type": "Point", "coordinates": [ 113.994491577148438, 22.966060638427734 ] } },
{ "type": "Feature", "properties": { "city": "dongguan", "candidate_source": "place_village_hamlet_locality", "id": "1785921838", "osm_type": "node", "place": "village", "landuse": "None", "residential": "None", "name": "None" }, "geometry": { "type": "Point", "coordinates": [ 113.997406005859375, 22.97398567199707 ] } },
{ "type": "Feature", "properties": { "city": "dongguan", "candidate_source": "place_village_hamlet_locality", "id": "2065888221", "osm_type": "node", "place": "village", "landuse": "None", "residential": "None", "name": "None" }, "geometry": { "type": "Point", "coordinates": [ 114.025260925292969, 22.974639892578125 ] } },
{ "type": "Feature", "properties": { "city": "dongguan", "candidate_source": "place_village_hamlet_locality", "id": "2065877531", "osm_type": "node", "place": "village", "landuse": "None", "residential": "None", "name": "None" }, "geometry": { "type": "Point", "coordinates": [ 114.006660461425781, 22.979940414428711 ] } },
{ "type": "Feature", "properties": { "city": "dongguan", "candidate_source": "place_village_hamlet_locality", "id": "1785921835", "osm_type": "node", "place": "village", "landuse": "None", "residential": "None", "name": "None" }, "geometry": { "type": "Point", "coordinates": [ 114.019943237304688, 22.984870910644531 ] } },
{ "type": "Feature", "properties": { "city": "dongguan", "candidate_source": "place_village_hamlet_locality", "id": "2065801776", "osm_type": "node", "place": "village", "landuse": "None", "residential": "None", "name": "None" }, "geometry": { "type": "Point", "coordinates": [ 114.025772094726562, 22.986320495605469 ] } },
{ "type": "Feature", "properties": { "city": "dongguan", "candidate_source": "place_village_hamlet_locality", "id": "2065827246", "osm_type": "node", "place": "village", "landuse": "None", "residential": "None", "name": "None" }, "geometry": { "type": "Point", "coordinates": [ 114.026161193847656, 22.988029479980469 ] } },
{ "type": "Feature", "properties": { "city": "dongguan", "candidate_source": "place_village_hamlet_locality", "id": "2065834293", "osm_type": "node", "place": "village", "landuse": "None", "residential": "None", "name": "None" }, "geometry": { "type": "Point", "coordinates": [ 114.071647644042969, 22.957309722900391 ] } },
{ "type": "Feature", "properties": { "city": "dongguan", "candidate_source": "place_village_hamlet_locality", "id": "2065800661", "osm_type": "node", "place": "village", "landuse": "None", "residential": "None", "name": "None" }, "geometry": { "type": "Point", "coordinates": [ 114.049423217773438, 22.959369659423828 ] } },
{ "type": "Feature", "properties": { "city": "dongguan", "candidate_source": "place_village_hamlet_locality", "id": "2065887131", "osm_type": "node", "place": "village", "landuse": "None", "residential": "None", "name": "None" }, "geometry": { "type": "Point", "coordinates": [ 114.055641174316406, 22.961299896240234 ] } },
{ "type": "Feature", "properties": { "city": "dongguan", "candidate_source": "place_village_hamlet_locality", "id": "2065890817", "osm_type": "node", "place": "village", "landuse": "None", "residential": "None", "name": "None" }, "geometry": { "type": "Point", "coordinates": [ 114.036163330078125, 22.976190567016602 ] } },
{ "type": "Feature", "properties": { "city": "dongguan", "candidate_source": "place_village_hamlet_locality", "id": "2065853553", "osm_type": "node", "place": "village", "landuse": "None", "residential": "None", "name": "None" }, "geometry": { "type": "Point", "coordinates": [ 114.051010131835938, 22.980400085449219 ] } },
{ "type": "Feature", "properties": { "city": "dongguan", "candidate_source": "place_village_hamlet_locality", "id": "2065804284", "osm_type": "node", "place": "village", "landuse": "None", "residential": "None", "name": "None" }, "geometry": { "type": "Point", "coordinates": [ 114.06427001953125, 22.981210708618164 ] } },
{ "type": "Feature", "properties": { "city": "dongguan", "candidate_source": "place_village_hamlet_locality", "id": "1785921836", "osm_type": "node", "place": "village", "landuse": "None", "residential": "None", "name": "None" }, "geometry": { "type": "Point", "coordinates": [ 114.029098510742188, 22.985834121704102 ] } },
{ "type": "Feature", "properties": { "city": "dongguan", "candidate_source": "place_village_hamlet_locality", "id": "2065853551", "osm_type": "node", "place": "village", "landuse": "None", "residential": "None", "name": "None" }, "geometry": { "type": "Point", "coordinates": [ 114.041946411132812, 22.987260818481445 ] } },
{ "type": "Feature", "properties": { "city": "dongguan", "candidate_source": "place_village_hamlet_locality", "id": "2065892540", "osm_type": "node", "place": "village", "landuse": "None", "residential": "None", "name": "None" }, "geometry": { "type": "Point", "coordinates": [ 114.037620544433594, 22.999149322509766 ] } },
{ "type": "Feature", "properties": { "city": "dongguan", "candidate_source": "place_village_hamlet_locality", "id": "2065865325", "osm_type": "node", "place": "village", "landuse": "None", "residential": "None", "name": "None" }, "geometry": { "type": "Point", "coordinates": [ 114.044479370117188, 23.00214958190918 ] } },
{ "type": "Feature", "properties": { "city": "dongguan", "candidate_source": "place_village_hamlet_locality", "id": "2065851695", "osm_type": "node", "place": "village", "landuse": "None", "residential": "None", "name": "None" }, "geometry": { "type": "Point", "coordinates": [ 114.172958374023438, 22.819595336914062 ] } },
{ "type": "Feature", "properties": { "city": "dongguan", "candidate_source": "place_village_hamlet_locality", "id": "2065797408", "osm_type": "node", "place": "village", "landuse": "None", "residential": "None", "name": "None" }, "geometry": { "type": "Point", "coordinates": [ 114.160163879394531, 22.819639205932617 ] } },
{ "type": "Feature", "properties": { "city": "dongguan", "candidate_source": "place_village_hamlet_locality", "id": "2065834930", "osm_type": "node", "place": "hamlet", "landuse": "None", "residential": "None", "name": "None" }, "geometry": { "type": "Point", "coordinates": [ 114.165847778320312, 22.819929122924805 ] } },
{ "type": "Feature", "properties": { "city": "dongguan", "candidate_source": "place_village_hamlet_locality", "id": "2065841121", "osm_type": "node", "place": "village", "landuse": "None", "residential": "None", "name": "None" }, "geometry": { "type": "Point", "coordinates": [ 114.135757446289062, 22.821479797363281 ] } },
{ "type": "Feature", "properties": { "city": "dongguan", "candidate_source": "place_village_hamlet_locality", "id": "2065851351", "osm_type": "node", "place": "village", "landuse": "None", "residential": "None", "name": "None" }, "geometry": { "type": "Point", "coordinates": [ 114.155738830566406, 22.838491439819336 ] } },
{ "type": "Feature", "properties": { "city": "dongguan", "candidate_source": "place_village_hamlet_locality", "id": "13800365141", "osm_type": "node", "place": "village", "landuse": "None", "residential": "None", "name": "None" }, "geometry": { "type": "Point", "coordinates": [ 114.133827209472656, 22.843997955322266 ] } },
{ "type": "Feature", "properties": { "city": "dongguan", "candidate_source": "place_village_hamlet_locality", "id": "2065875683", "osm_type": "node", "place": "village", "landuse": "None", "residential": "None", "name": "None" }, "geometry": { "type": "Point", "coordinates": [ 114.139678955078125, 22.844657897949219 ] } },
{ "type": "Feature", "properties": { "city": "dongguan", "candidate_source": "place_village_hamlet_locality", "id": "2065882804", "osm_type": "node", "place": "village", "landuse": "None", "residential": "None", "name": "None" }, "geometry": { "type": "Point", "coordinates": [ 114.165390014648438, 22.845071792602539 ] } },
{ "type": "Feature", "properties": { "city": "dongguan", "candidate_source": "place_village_hamlet_locality", "id": "2065860305", "osm_type": "node", "place": "village", "landuse": "None", "residential": "None", "name": "None" }, "geometry": { "type": "Point", "coordinates": [ 114.130996704101562, 22.847490310668945 ] } },
{ "type": "Feature", "properties": { "city": "dongguan", "candidate_source": "place_village_hamlet_locality", "id": "2065882801", "osm_type": "node", "place": "village", "landuse": "None", "residential": "None", "name": "None" }, "geometry": { "type": "Point", "coordinates": [ 114.168891906738281, 22.850149154663086 ] } },
{ "type": "Feature", "properties": { "city": "dongguan", "candidate_source": "place_village_hamlet_locality", "id": "2065850326", "osm_type": "node", "place": "village", "landuse": "None", "residential": "None", "name": "None" }, "geometry": { "type": "Point", "coordinates": [ 114.142585754394531, 22.852989196777344 ] } },
{ "type": "Feature", "properties": { "city": "dongguan", "candidate_source": "place_village_hamlet_locality", "id": "2065797695", "osm_type": "node", "place": "village", "landuse": "None", "residential": "None", "name": "None" }, "geometry": { "type": "Point", "coordinates": [ 114.163009643554688, 22.854055404663086 ] } },
{ "type": "Feature", "properties": { "city": "dongguan", "candidate_source": "place_village_hamlet_locality", "id": "2065885028", "osm_type": "node", "place": "village", "landuse": "None", "residential": "None", "name": "None" }, "geometry": { "type": "Point", "coordinates": [ 114.123527526855469, 22.85474967956543 ] } },
{ "type": "Feature", "properties": { "city": "dongguan", "candidate_source": "place_village_hamlet_locality", "id": "2065836267", "osm_type": "node", "place": "village", "landuse": "None", "residential": "None", "name": "None" }, "geometry": { "type": "Point", "coordinates": [ 114.1551513671875, 22.856210708618164 ] } },
{ "type": "Feature", "properties": { "city": "dongguan", "candidate_source": "place_village_hamlet_locality", "id": "2065878493", "osm_type": "node", "place": "village", "landuse": "None", "residential": "None", "name": "None" }, "geometry": { "type": "Point", "coordinates": [ 114.154350280761719, 22.861179351806641 ] } },
{ "type": "Feature", "properties": { "city": "dongguan", "candidate_source": "place_village_hamlet_locality", "id": "12614901958", "osm_type": "node", "place": "hamlet", "landuse": "None", "residential": "None", "name": "None" }, "geometry": { "type": "Point", "coordinates": [ 114.120979309082031, 22.864786148071289 ] } },
{ "type": "Feature", "properties": { "city": "dongguan", "candidate_source": "place_village_hamlet_locality", "id": "2065870985", "osm_type": "node", "place": "village", "landuse": "None", "residential": "None", "name": "None" }, "geometry": { "type": "Point", "coordinates": [ 114.121391296386719, 22.866500854492188 ] } },
{ "type": "Feature", "properties": { "city": "dongguan", "candidate_source": "place_village_hamlet_locality", "id": "12612214253", "osm_type": "node", "place": "hamlet", "landuse": "None", "residential": "None", "name": "None" }, "geometry": { "type": "Point", "coordinates": [ 114.119049072265625, 22.880214691162109 ] } },
{ "type": "Feature", "properties": { "city": "dongguan", "candidate_source": "place_village_hamlet_locality", "id": "9424549567", "osm_type": "node", "place": "locality", "landuse": "None", "residential": "None", "name": "None" }, "geometry": { "type": "Point", "coordinates": [ 114.160224914550781, 22.901018142700195 ] } },
{ "type": "Feature", "properties": { "city": "dongguan", "candidate_source": "place_village_hamlet_locality", "id": "12360639262", "osm_type": "node", "place": "locality", "landuse": "None", "residential": "None", "name": "None" }, "geometry": { "type": "Point", "coordinates": [ 114.1251220703125, 22.908166885375977 ] } },
{ "type": "Feature", "properties": { "city": "dongguan", "candidate_source": "place_village_hamlet_locality", "id": "9432822052", "osm_type": "node", "place": "hamlet", "landuse": "None", "residential": "None", "name": "None" }, "geometry": { "type": "Point", "coordinates": [ 114.20672607421875, 22.860250473022461 ] } },
{ "type": "Feature", "properties": { "city": "dongguan", "candidate_source": "place_village_hamlet_locality", "id": "9425033764", "osm_type": "node", "place": "hamlet", "landuse": "None", "residential": "None", "name": "None" }, "geometry": { "type": "Point", "coordinates": [ 114.188987731933594, 22.884243011474609 ] } },
{ "type": "Feature", "properties": { "city": "dongguan", "candidate_source": "place_village_hamlet_locality", "id": "9425033763", "osm_type": "node", "place": "locality", "landuse": "None", "residential": "None", "name": "None" }, "geometry": { "type": "Point", "coordinates": [ 114.196853637695312, 22.890659332275391 ] } },
{ "type": "Feature", "properties": { "city": "dongguan", "candidate_source": "place_village_hamlet_locality", "id": "9427299215", "osm_type": "node", "place": "hamlet", "landuse": "None", "residential": "None", "name": "None" }, "geometry": { "type": "Point", "coordinates": [ 114.242454528808594, 22.890836715698242 ] } },
{ "type": "Feature", "properties": { "city": "dongguan", "candidate_source": "place_village_hamlet_locality", "id": "9427324821", "osm_type": "node", "place": "hamlet", "landuse": "None", "residential": "None", "name": "None" }, "geometry": { "type": "Point", "coordinates": [ 114.192276000976562, 22.896871566772461 ] } },
{ "type": "Feature", "properties": { "city": "dongguan", "candidate_source": "place_village_hamlet_locality", "id": "9427324819", "osm_type": "node", "place": "hamlet", "landuse": "None", "residential": "None", "name": "None" }, "geometry": { "type": "Point", "coordinates": [ 114.19427490234375, 22.903060913085938 ] } },
{ "type": "Feature", "properties": { "city": "dongguan", "candidate_source": "place_village_hamlet_locality", "id": "9427324827", "osm_type": "node", "place": "hamlet", "landuse": "None", "residential": "None", "name": "None" }, "geometry": { "type": "Point", "coordinates": [ 114.220344543457031, 22.905593872070312 ] } },
{ "type": "Feature", "properties": { "city": "dongguan", "candidate_source": "place_village_hamlet_locality", "id": "9427324822", "osm_type": "node", "place": "hamlet", "landuse": "None", "residential": "None", "name": "None" }, "geometry": { "type": "Point", "coordinates": [ 114.196662902832031, 22.909948348999023 ] } },
{ "type": "Feature", "properties": { "city": "dongguan", "candidate_source": "place_village_hamlet_locality", "id": "9427324830", "osm_type": "node", "place": "hamlet", "landuse": "None", "residential": "None", "name": "None" }, "geometry": { "type": "Point", "coordinates": [ 114.215187072753906, 22.910552978515625 ] } },
{ "type": "Feature", "properties": { "city": "dongguan", "candidate_source": "place_village_hamlet_locality", "id": "9427324829", "osm_type": "node", "place": "hamlet", "landuse": "None", "residential": "None", "name": "None" }, "geometry": { "type": "Point", "coordinates": [ 114.21826171875, 22.910667419433594 ] } },
{ "type": "Feature", "properties": { "city": "dongguan", "candidate_source": "place_village_hamlet_locality", "id": "9427324850", "osm_type": "node", "place": "hamlet", "landuse": "None", "residential": "None", "name": "None" }, "geometry": { "type": "Point", "coordinates": [ 114.230125427246094, 22.911005020141602 ] } },
{ "type": "Feature", "properties": { "city": "dongguan", "candidate_source": "place_village_hamlet_locality", "id": "9427324851", "osm_type": "node", "place": "hamlet", "landuse": "None", "residential": "None", "name": "None" }, "geometry": { "type": "Point", "coordinates": [ 114.223846435546875, 22.911184310913086 ] } },
{ "type": "Feature", "properties": { "city": "dongguan", "candidate_source": "place_village_hamlet_locality", "id": "9427324823", "osm_type": "node", "place": "hamlet", "landuse": "None", "residential": "None", "name": "None" }, "geometry": { "type": "Point", "coordinates": [ 114.197425842285156, 22.911531448364258 ] } },
{ "type": "Feature", "properties": { "city": "dongguan", "candidate_source": "place_village_hamlet_locality", "id": "9427324835", "osm_type": "node", "place": "hamlet", "landuse": "None", "residential": "None", "name": "None" }, "geometry": { "type": "Point", "coordinates": [ 114.218185424804688, 22.91253662109375 ] } },
{ "type": "Feature", "properties": { "city": "dongguan", "candidate_source": "place_village_hamlet_locality", "id": "9427324824", "osm_type": "node", "place": "hamlet", "landuse": "None", "residential": "None", "name": "None" }, "geometry": { "type": "Point", "coordinates": [ 114.196456909179688, 22.913724899291992 ] } },
{ "type": "Feature", "properties": { "city": "dongguan", "candidate_source": "place_village_hamlet_locality", "id": "9427324825", "osm_type": "node", "place": "hamlet", "landuse": "None", "residential": "None", "name": "None" }, "geometry": { "type": "Point", "coordinates": [ 114.207138061523438, 22.913789749145508 ] } },
{ "type": "Feature", "properties": { "city": "dongguan", "candidate_source": "place_village_hamlet_locality", "id": "9427324834", "osm_type": "node", "place": "hamlet", "landuse": "None", "residential": "None", "name": "None" }, "geometry": { "type": "Point", "coordinates": [ 114.217597961425781, 22.913917541503906 ] } },
{ "type": "Feature", "properties": { "city": "dongguan", "candidate_source": "place_village_hamlet_locality", "id": "9427324831", "osm_type": "node", "place": "hamlet", "landuse": "None", "residential": "None", "name": "None" }, "geometry": { "type": "Point", "coordinates": [ 114.2115478515625, 22.914104461669922 ] } },
{ "type": "Feature", "properties": { "city": "dongguan", "candidate_source": "place_village_hamlet_locality", "id": "9427324833", "osm_type": "node", "place": "hamlet", "landuse": "None", "residential": "None", "name": "None" }, "geometry": { "type": "Point", "coordinates": [ 114.2161865234375, 22.914283752441406 ] } },
{ "type": "Feature", "properties": { "city": "dongguan", "candidate_source": "place_village_hamlet_locality", "id": "12358426893", "osm_type": "node", "place": "village", "landuse": "None", "residential": "None", "name": "None" }, "geometry": { "type": "Point", "coordinates": [ 114.093208312988281, 22.918254852294922 ] } },
{ "type": "Feature", "properties": { "city": "dongguan", "candidate_source": "place_village_hamlet_locality", "id": "2065837212", "osm_type": "node", "place": "village", "landuse": "None", "residential": "None", "name": "None" }, "geometry": { "type": "Point", "coordinates": [ 114.079505920410156, 22.919452667236328 ] } },
{ "type": "Feature", "properties": { "city": "dongguan", "candidate_source": "place_village_hamlet_locality", "id": "2065811757", "osm_type": "node", "place": "hamlet", "landuse": "None", "residential": "None", "name": "None" }, "geometry": { "type": "Point", "coordinates": [ 114.097190856933594, 22.921390533447266 ] } },
{ "type": "Feature", "properties": { "city": "dongguan", "candidate_source": "place_village_hamlet_locality", "id": "12479763631", "osm_type": "node", "place": "hamlet", "landuse": "None", "residential": "None", "name": "None" }, "geometry": { "type": "Point", "coordinates": [ 114.115196228027344, 22.923095703125 ] } },
{ "type": "Feature", "properties": { "city": "dongguan", "candidate_source": "place_village_hamlet_locality", "id": "12483885119", "osm_type": "node", "place": "hamlet", "landuse": "None", "residential": "None", "name": "None" }, "geometry": { "type": "Point", "coordinates": [ 114.111068725585938, 22.923490524291992 ] } },
{ "type": "Feature", "properties": { "city": "dongguan", "candidate_source": "place_village_hamlet_locality", "id": "2065804135", "osm_type": "node", "place": "hamlet", "landuse": "None", "residential": "None", "name": "None" }, "geometry": { "type": "Point", "coordinates": [ 114.116073608398438, 22.92439079284668 ] } },
{ "type": "Feature", "properties": { "city": "dongguan", "candidate_source": "place_village_hamlet_locality", "id": "12358426897", "osm_type": "node", "place": "village", "landuse": "None", "residential": "None", "name": "None" }, "geometry": { "type": "Point", "coordinates": [ 114.107437133789062, 22.92512321472168 ] } },
{ "type": "Feature", "properties": { "city": "dongguan", "candidate_source": "place_village_hamlet_locality", "id": "12358426895", "osm_type": "node", "place": "hamlet", "landuse": "None", "residential": "None", "name": "None" }, "geometry": { "type": "Point", "coordinates": [ 114.10552978515625, 22.930810928344727 ] } },
{ "type": "Feature", "properties": { "city": "dongguan", "candidate_source": "place_village_hamlet_locality", "id": "12358426894", "osm_type": "node", "place": "village", "landuse": "None", "residential": "None", "name": "None" }, "geometry": { "type": "Point", "coordinates": [ 114.103141784667969, 22.931148529052734 ] } },
{ "type": "Feature", "properties": { "city": "dongguan", "candidate_source": "place_village_hamlet_locality", "id": "12358426896", "osm_type": "node", "place": "hamlet", "landuse": "None", "residential": "None", "name": "None" }, "geometry": { "type": "Point", "coordinates": [ 114.102340698242188, 22.93248176574707 ] } },
{ "type": "Feature", "properties": { "city": "dongguan", "candidate_source": "place_village_hamlet_locality", "id": "9424846399", "osm_type": "node", "place": "locality", "landuse": "None", "residential": "None", "name": "None" }, "geometry": { "type": "Point", "coordinates": [ 114.174812316894531, 22.911083221435547 ] } },
{ "type": "Feature", "properties": { "city": "dongguan", "candidate_source": "place_village_hamlet_locality", "id": "9424846401", "osm_type": "node", "place": "locality", "landuse": "None", "residential": "None", "name": "None" }, "geometry": { "type": "Point", "coordinates": [ 114.164596557617188, 22.91661262512207 ] } },
{ "type": "Feature", "properties": { "city": "dongguan", "candidate_source": "place_village_hamlet_locality", "id": "12479763529", "osm_type": "node", "place": "hamlet", "landuse": "None", "residential": "None", "name": "None" }, "geometry": { "type": "Point", "coordinates": [ 114.1239013671875, 22.919612884521484 ] } },
{ "type": "Feature", "properties": { "city": "dongguan", "candidate_source": "place_village_hamlet_locality", "id": "12479763528", "osm_type": "node", "place": "hamlet", "landuse": "None", "residential": "None", "name": "None" }, "geometry": { "type": "Point", "coordinates": [ 114.124969482421875, 22.919708251953125 ] } },
{ "type": "Feature", "properties": { "city": "dongguan", "candidate_source": "place_village_hamlet_locality", "id": "9424846416", "osm_type": "node", "place": "locality", "landuse": "None", "residential": "None", "name": "None" }, "geometry": { "type": "Point", "coordinates": [ 114.142707824707031, 22.920669555664062 ] } },
{ "type": "Feature", "properties": { "city": "dongguan", "candidate_source": "place_village_hamlet_locality", "id": "9424846402", "osm_type": "node", "place": "locality", "landuse": "None", "residential": "None", "name": "None" }, "geometry": { "type": "Point", "coordinates": [ 114.161407470703125, 22.920932769775391 ] } },
{ "type": "Feature", "properties": { "city": "dongguan", "candidate_source": "place_village_hamlet_locality", "id": "12478131394", "osm_type": "node", "place": "hamlet", "landuse": "None", "residential": "None", "name": "None" }, "geometry": { "type": "Point", "coordinates": [ 114.130905151367188, 22.920967102050781 ] } },
{ "type": "Feature", "properties": { "city": "dongguan", "candidate_source": "place_village_hamlet_locality", "id": "2065801050", "osm_type": "node", "place": "village", "landuse": "None", "residential": "None", "name": "None" }, "geometry": { "type": "Point", "coordinates": [ 114.140701293945312, 22.957180023193359 ] } },
{ "type": "Feature", "properties": { "city": "dongguan", "candidate_source": "place_village_hamlet_locality", "id": "2065806313", "osm_type": "node", "place": "village", "landuse": "None", "residential": "None", "name": "None" }, "geometry": { "type": "Point", "coordinates": [ 114.167892456054688, 22.959726333618164 ] } },
{ "type": "Feature", "properties": { "city": "dongguan", "candidate_source": "place_village_hamlet_locality", "id": "2065827239", "osm_type": "node", "place": "village", "landuse": "None", "residential": "None", "name": "None" }, "geometry": { "type": "Point", "coordinates": [ 114.130622863769531, 22.967779159545898 ] } },
{ "type": "Feature", "properties": { "city": "dongguan", "candidate_source": "place_village_hamlet_locality", "id": "9427324832", "osm_type": "node", "place": "hamlet", "landuse": "None", "residential": "None", "name": "None" }, "geometry": { "type": "Point", "coordinates": [ 114.215034484863281, 22.916088104248047 ] } },
{ "type": "Feature", "properties": { "city": "dongguan", "candidate_source": "place_village_hamlet_locality", "id": "9427324836", "osm_type": "node", "place": "hamlet", "landuse": "None", "residential": "None", "name": "None" }, "geometry": { "type": "Point", "coordinates": [ 114.203262329101562, 22.917434692382812 ] } },
{ "type": "Feature", "properties": { "city": "dongguan", "candidate_source": "place_village_hamlet_locality", "id": "9427324837", "osm_type": "node", "place": "hamlet", "landuse": "None", "residential": "None", "name": "None" }, "geometry": { "type": "Point", "coordinates": [ 114.2017822265625, 22.919000625610352 ] } },
{ "type": "Feature", "properties": { "city": "dongguan", "candidate_source": "place_village_hamlet_locality", "id": "9427324826", "osm_type": "node", "place": "hamlet", "landuse": "None", "residential": "None", "name": "None" }, "geometry": { "type": "Point", "coordinates": [ 114.197669982910156, 22.921083450317383 ] } },
{ "type": "Feature", "properties": { "city": "dongguan", "candidate_source": "place_village_hamlet_locality", "id": "9427324838", "osm_type": "node", "place": "hamlet", "landuse": "None", "residential": "None", "name": "None" }, "geometry": { "type": "Point", "coordinates": [ 114.207359313964844, 22.927270889282227 ] } },
{ "type": "Feature", "properties": { "city": "dongguan", "candidate_source": "place_village_hamlet_locality", "id": "9427324839", "osm_type": "node", "place": "hamlet", "landuse": "None", "residential": "None", "name": "None" }, "geometry": { "type": "Point", "coordinates": [ 114.205909729003906, 22.935428619384766 ] } },
{ "type": "Feature", "properties": { "city": "dongguan", "candidate_source": "place_village_hamlet_locality", "id": "2065803716", "osm_type": "node", "place": "village", "landuse": "None", "residential": "None", "name": "None" }, "geometry": { "type": "Point", "coordinates": [ 114.201591491699219, 22.951940536499023 ] } },
{ "type": "Feature", "properties": { "city": "dongguan", "candidate_source": "place_village_hamlet_locality", "id": "2065877886", "osm_type": "node", "place": "hamlet", "landuse": "None", "residential": "None", "name": "None" }, "geometry": { "type": "Point", "coordinates": [ 114.102981567382812, 22.933530807495117 ] } },
{ "type": "Feature", "properties": { "city": "dongguan", "candidate_source": "place_village_hamlet_locality", "id": "2065839812", "osm_type": "node", "place": "hamlet", "landuse": "None", "residential": "None", "name": "None" }, "geometry": { "type": "Point", "coordinates": [ 114.10491943359375, 22.942277908325195 ] } },
{ "type": "Feature", "properties": { "city": "dongguan", "candidate_source": "place_village_hamlet_locality", "id": "2065802690", "osm_type": "node", "place": "hamlet", "landuse": "None", "residential": "None", "name": "None" }, "geometry": { "type": "Point", "coordinates": [ 114.107009887695312, 22.944662094116211 ] } },
{ "type": "Feature", "properties": { "city": "dongguan", "candidate_source": "place_village_hamlet_locality", "id": "2065879868", "osm_type": "node", "place": "hamlet", "landuse": "None", "residential": "None", "name": "None" }, "geometry": { "type": "Point", "coordinates": [ 114.117195129394531, 22.946634292602539 ] } },
{ "type": "Feature", "properties": { "city": "dongguan", "candidate_source": "place_village_hamlet_locality", "id": "2065879923", "osm_type": "node", "place": "hamlet", "landuse": "None", "residential": "None", "name": "None" }, "geometry": { "type": "Point", "coordinates": [ 114.1092529296875, 22.947036743164062 ] } },
{ "type": "Feature", "properties": { "city": "dongguan", "candidate_source": "place_village_hamlet_locality", "id": "2065833878", "osm_type": "node", "place": "village", "landuse": "None", "residential": "None", "name": "None" }, "geometry": { "type": "Point", "coordinates": [ 114.091300964355469, 22.974300384521484 ] } },
{ "type": "Feature", "properties": { "city": "dongguan", "candidate_source": "place_village_hamlet_locality", "id": "2065866039", "osm_type": "node", "place": "village", "landuse": "None", "residential": "None", "name": "None" }, "geometry": { "type": "Point", "coordinates": [ 114.105247497558594, 22.976789474487305 ] } },
{ "type": "Feature", "properties": { "city": "dongguan", "candidate_source": "place_village_hamlet_locality", "id": "2065880076", "osm_type": "node", "place": "village", "landuse": "None", "residential": "None", "name": "None" }, "geometry": { "type": "Point", "coordinates": [ 114.116279602050781, 22.978759765625 ] } },
{ "type": "Feature", "properties": { "city": "dongguan", "candidate_source": "place_village_hamlet_locality", "id": "2065817782", "osm_type": "node", "place": "village", "landuse": "None", "residential": "None", "name": "None" }, "geometry": { "type": "Point", "coordinates": [ 114.076019287109375, 23.007469177246094 ] } },
{ "type": "Feature", "properties": { "city": "dongguan", "candidate_source": "place_village_hamlet_locality", "id": "2065881079", "osm_type": "node", "place": "village", "landuse": "None", "residential": "None", "name": "None" }, "geometry": { "type": "Point", "coordinates": [ 114.089500427246094, 23.012840270996094 ] } },
{ "type": "Feature", "properties": { "city": "dongguan", "candidate_source": "place_village_hamlet_locality", "id": "2065866175", "osm_type": "node", "place": "village", "landuse": "None", "residential": "None", "name": "None" }, "geometry": { "type": "Point", "coordinates": [ 114.211036682128906, 22.966579437255859 ] } },
{ "type": "Feature", "properties": { "city": "dongguan", "candidate_source": "place_village_hamlet_locality", "id": "2065866170", "osm_type": "node", "place": "village", "landuse": "None", "residential": "None", "name": "None" }, "geometry": { "type": "Point", "coordinates": [ 114.217391967773438, 22.968120574951172 ] } },
{ "type": "Feature", "properties": { "city": "dongguan", "candidate_source": "place_village_hamlet_locality", "id": "2065809864", "osm_type": "node", "place": "village", "landuse": "None", "residential": "None", "name": "None" }, "geometry": { "type": "Point", "coordinates": [ 114.183601379394531, 22.968338012695312 ] } },
{ "type": "Feature", "properties": { "city": "dongguan", "candidate_source": "place_village_hamlet_locality", "id": "2065801997", "osm_type": "node", "place": "village", "landuse": "None", "residential": "None", "name": "None" }, "geometry": { "type": "Point", "coordinates": [ 114.215202331542969, 22.969449996948242 ] } },
{ "type": "Feature", "properties": { "city": "dongguan", "candidate_source": "place_village_hamlet_locality", "id": "2065798066", "osm_type": "node", "place": "village", "landuse": "None", "residential": "None", "name": "None" }, "geometry": { "type": "Point", "coordinates": [ 114.208770751953125, 22.983440399169922 ] } },
{ "type": "Feature", "properties": { "city": "dongguan", "candidate_source": "place_village_hamlet_locality", "id": "2065893364", "osm_type": "node", "place": "village", "landuse": "None", "residential": "None", "name": "None" }, "geometry": { "type": "Point", "coordinates": [ 114.202110290527344, 22.986400604248047 ] } },
{ "type": "Feature", "properties": { "city": "dongguan", "candidate_source": "place_village_hamlet_locality", "id": "2065879362", "osm_type": "node", "place": "village", "landuse": "None", "residential": "None", "name": "None" }, "geometry": { "type": "Point", "coordinates": [ 114.15521240234375, 22.973140716552734 ] } },
{ "type": "Feature", "properties": { "city": "dongguan", "candidate_source": "place_village_hamlet_locality", "id": "2065837627", "osm_type": "node", "place": "village", "landuse": "None", "residential": "None", "name": "None" }, "geometry": { "type": "Point", "coordinates": [ 114.1392822265625, 22.974039077758789 ] } },
{ "type": "Feature", "properties": { "city": "dongguan", "candidate_source": "place_village_hamlet_locality", "id": "2065879365", "osm_type": "node", "place": "village", "landuse": "None", "residential": "None", "name": "None" }, "geometry": { "type": "Point", "coordinates": [ 114.135116577148438, 22.974689483642578 ] } },
{ "type": "Feature", "properties": { "city": "dongguan", "candidate_source": "place_village_hamlet_locality", "id": "2065804698", "osm_type": "node", "place": "village", "landuse": "None", "residential": "None", "name": "None" }, "geometry": { "type": "Point", "coordinates": [ 114.129501342773438, 22.983779907226562 ] } },
{ "type": "Feature", "properties": { "city": "dongguan", "candidate_source": "place_village_hamlet_locality", "id": "2065817337", "osm_type": "node", "place": "village", "landuse": "None", "residential": "None", "name": "None" }, "geometry": { "type": "Point", "coordinates": [ 114.127403259277344, 23.034900665283203 ] } },
{ "type": "Feature", "properties": { "city": "dongguan", "candidate_source": "place_village_hamlet_locality", "id": "2065799807", "osm_type": "node", "place": "village", "landuse": "None", "residential": "None", "name": "None" }, "geometry": { "type": "Point", "coordinates": [ 114.121223449707031, 23.045499801635742 ] } },
{ "type": "Feature", "properties": { "city": "dongguan", "candidate_source": "place_village_hamlet_locality", "id": "2065797753", "osm_type": "node", "place": "village", "landuse": "None", "residential": "None", "name": "None" }, "geometry": { "type": "Point", "coordinates": [ 114.003067016601562, 22.991079330444336 ] } },
{ "type": "Feature", "properties": { "city": "dongguan", "candidate_source": "place_village_hamlet_locality", "id": "2065836343", "osm_type": "node", "place": "village", "landuse": "None", "residential": "None", "name": "None" }, "geometry": { "type": "Point", "coordinates": [ 114.000297546386719, 23.002477645874023 ] } },
{ "type": "Feature", "properties": { "city": "dongguan", "candidate_source": "place_village_hamlet_locality", "id": "2065859728", "osm_type": "node", "place": "village", "landuse": "None", "residential": "None", "name": "None" }, "geometry": { "type": "Point", "coordinates": [ 114.0096435546875, 23.008760452270508 ] } },
{ "type": "Feature", "properties": { "city": "dongguan", "candidate_source": "place_village_hamlet_locality", "id": "2065857798", "osm_type": "node", "place": "village", "landuse": "None", "residential": "None", "name": "None" }, "geometry": { "type": "Point", "coordinates": [ 113.990203857421875, 23.014842987060547 ] } },
{ "type": "Feature", "properties": { "city": "dongguan", "candidate_source": "place_village_hamlet_locality", "id": "2065846695", "osm_type": "node", "place": "village", "landuse": "None", "residential": "None", "name": "None" }, "geometry": { "type": "Point", "coordinates": [ 114.015037536621094, 23.018159866333008 ] } },
{ "type": "Feature", "properties": { "city": "dongguan", "candidate_source": "place_village_hamlet_locality", "id": "2065802178", "osm_type": "node", "place": "village", "landuse": "None", "residential": "None", "name": "None" }, "geometry": { "type": "Point", "coordinates": [ 114.01629638671875, 23.027807235717773 ] } },
{ "type": "Feature", "properties": { "city": "dongguan", "candidate_source": "place_village_hamlet_locality", "id": "2065835524", "osm_type": "node", "place": "village", "landuse": "None", "residential": "None", "name": "None" }, "geometry": { "type": "Point", "coordinates": [ 114.002479553222656, 23.029729843139648 ] } },
{ "type": "Feature", "properties": { "city": "dongguan", "candidate_source": "place_village_hamlet_locality", "id": "2065835588", "osm_type": "node", "place": "village", "landuse": "None", "residential": "None", "name": "None" }, "geometry": { "type": "Point", "coordinates": [ 113.9901123046875, 23.034549713134766 ] } },
{ "type": "Feature", "properties": { "city": "dongguan", "candidate_source": "place_village_hamlet_locality", "id": "13815000987", "osm_type": "node", "place": "village", "landuse": "None", "residential": "None", "name": "None" }, "geometry": { "type": "Point", "coordinates": [ 114.009414672851562, 23.036218643188477 ] } },
{ "type": "Feature", "properties": { "city": "dongguan", "candidate_source": "place_village_hamlet_locality", "id": "2065857805", "osm_type": "node", "place": "hamlet", "landuse": "None", "residential": "None", "name": "None" }, "geometry": { "type": "Point", "coordinates": [ 114.015037536621094, 23.039230346679688 ] } },
{ "type": "Feature", "properties": { "city": "dongguan", "candidate_source": "place_village_hamlet_locality", "id": "2065862498", "osm_type": "node", "place": "village", "landuse": "None", "residential": "None", "name": "None" }, "geometry": { "type": "Point", "coordinates": [ 114.069931030273438, 23.003480911254883 ] } },
{ "type": "Feature", "properties": { "city": "dongguan", "candidate_source": "place_village_hamlet_locality", "id": "2065857979", "osm_type": "node", "place": "village", "landuse": "None", "residential": "None", "name": "None" }, "geometry": { "type": "Point", "coordinates": [ 114.040580749511719, 23.006830215454102 ] } },
{ "type": "Feature", "properties": { "city": "dongguan", "candidate_source": "place_village_hamlet_locality", "id": "2065808208", "osm_type": "node", "place": "village", "landuse": "None", "residential": "None", "name": "None" }, "geometry": { "type": "Point", "coordinates": [ 114.043930053710938, 23.013179779052734 ] } },
{ "type": "Feature", "properties": { "city": "dongguan", "candidate_source": "place_village_hamlet_locality", "id": "2065858062", "osm_type": "node", "place": "village", "landuse": "None", "residential": "None", "name": "None" }, "geometry": { "type": "Point", "coordinates": [ 114.029327392578125, 23.015800476074219 ] } },
{ "type": "Feature", "properties": { "city": "dongguan", "candidate_source": "place_village_hamlet_locality", "id": "2065859965", "osm_type": "node", "place": "village", "landuse": "None", "residential": "None", "name": "None" }, "geometry": { "type": "Point", "coordinates": [ 114.029716491699219, 23.02532958984375 ] } },
{ "type": "Feature", "properties": { "city": "dongguan", "candidate_source": "place_village_hamlet_locality", "id": "2065799600", "osm_type": "node", "place": "village", "landuse": "None", "residential": "None", "name": "None" }, "geometry": { "type": "Point", "coordinates": [ 114.04547119140625, 23.048370361328125 ] } },
{ "type": "Feature", "properties": { "city": "dongguan", "candidate_source": "place_village_hamlet_locality", "id": "2065851543", "osm_type": "node", "place": "village", "landuse": "None", "residential": "None", "name": "None" }, "geometry": { "type": "Point", "coordinates": [ 114.0631103515625, 23.051849365234375 ] } },
{ "type": "Feature", "properties": { "city": "dongguan", "candidate_source": "place_village_hamlet_locality", "id": "2065845289", "osm_type": "node", "place": "village", "landuse": "None", "residential": "None", "name": "None" }, "geometry": { "type": "Point", "coordinates": [ 114.045982360839844, 23.055540084838867 ] } },
{ "type": "Feature", "properties": { "city": "dongguan", "candidate_source": "place_village_hamlet_locality", "id": "2065799553", "osm_type": "node", "place": "village", "landuse": "None", "residential": "None", "name": "None" }, "geometry": { "type": "Point", "coordinates": [ 114.030021667480469, 23.055709838867188 ] } },
{ "type": "Feature", "properties": { "city": "dongguan", "candidate_source": "place_village_hamlet_locality", "id": "2065845175", "osm_type": "node", "place": "village", "landuse": "None", "residential": "None", "name": "None" }, "geometry": { "type": "Point", "coordinates": [ 114.042343139648438, 23.058540344238281 ] } },
{ "type": "Feature", "properties": { "city": "dongguan", "candidate_source": "place_village_hamlet_locality", "id": "2065858401", "osm_type": "node", "place": "village", "landuse": "None", "residential": "None", "name": "None" }, "geometry": { "type": "Point", "coordinates": [ 114.078041076660156, 23.016870498657227 ] } },
{ "type": "Feature", "properties": { "city": "dongguan", "candidate_source": "place_village_hamlet_locality", "id": "2065815152", "osm_type": "node", "place": "village", "landuse": "None", "residential": "None", "name": "None" }, "geometry": { "type": "Point", "coordinates": [ 114.112289428710938, 23.023529052734375 ] } },
{ "type": "Feature", "properties": { "city": "dongguan", "candidate_source": "place_village_hamlet_locality", "id": "2065881270", "osm_type": "node", "place": "village", "landuse": "None", "residential": "None", "name": "None" }, "geometry": { "type": "Point", "coordinates": [ 114.087356567382812, 23.026960372924805 ] } },
{ "type": "Feature", "properties": { "city": "dongguan", "candidate_source": "place_village_hamlet_locality", "id": "2065835273", "osm_type": "node", "place": "village", "landuse": "None", "residential": "None", "name": "None" }, "geometry": { "type": "Point", "coordinates": [ 114.090789794921875, 23.027950286865234 ] } },
{ "type": "Feature", "properties": { "city": "dongguan", "candidate_source": "place_village_hamlet_locality", "id": "2065814552", "osm_type": "node", "place": "village", "landuse": "None", "residential": "None", "name": "None" }, "geometry": { "type": "Point", "coordinates": [ 114.11181640625, 23.031940460205078 ] } },
{ "type": "Feature", "properties": { "city": "dongguan", "candidate_source": "place_village_hamlet_locality", "id": "2065834290", "osm_type": "node", "place": "village", "landuse": "None", "residential": "None", "name": "None" }, "geometry": { "type": "Point", "coordinates": [ 114.084907531738281, 23.039880752563477 ] } },
{ "type": "Feature", "properties": { "city": "dongguan", "candidate_source": "place_village_hamlet_locality", "id": "2065882175", "osm_type": "node", "place": "village", "landuse": "None", "residential": "None", "name": "None" }, "geometry": { "type": "Point", "coordinates": [ 114.1038818359375, 23.040990829467773 ] } },
{ "type": "Feature", "properties": { "city": "dongguan", "candidate_source": "place_village_hamlet_locality", "id": "2065851099", "osm_type": "node", "place": "village", "landuse": "None", "residential": "None", "name": "None" }, "geometry": { "type": "Point", "coordinates": [ 114.079071044921875, 23.082660675048828 ] } },
{ "type": "Feature", "properties": { "city": "dongguan", "candidate_source": "place_village_hamlet_locality", "id": "2065885113", "osm_type": "node", "place": "village", "landuse": "None", "residential": "None", "name": "None" }, "geometry": { "type": "Point", "coordinates": [ 114.00592041015625, 23.039949417114258 ] } },
{ "type": "Feature", "properties": { "city": "dongguan", "candidate_source": "place_village_hamlet_locality", "id": "2065843938", "osm_type": "node", "place": "village", "landuse": "None", "residential": "None", "name": "None" }, "geometry": { "type": "Point", "coordinates": [ 113.9903564453125, 23.047269821166992 ] } },
{ "type": "Feature", "properties": { "city": "dongguan", "candidate_source": "place_village_hamlet_locality", "id": "2065878192", "osm_type": "node", "place": "village", "landuse": "None", "residential": "None", "name": "None" }, "geometry": { "type": "Point", "coordinates": [ 114.02044677734375, 23.049280166625977 ] } },
{ "type": "Feature", "properties": { "city": "dongguan", "candidate_source": "place_village_hamlet_locality", "id": "2065798668", "osm_type": "node", "place": "village", "landuse": "None", "residential": "None", "name": "None" }, "geometry": { "type": "Point", "coordinates": [ 114.027923583984375, 23.063310623168945 ] } },
{ "type": "Feature", "properties": { "city": "dongguan", "candidate_source": "place_village_hamlet_locality", "id": "2065823509", "osm_type": "node", "place": "village", "landuse": "None", "residential": "None", "name": "None" }, "geometry": { "type": "Point", "coordinates": [ 114.000450134277344, 23.064640045166016 ] } },
{ "type": "Feature", "properties": { "city": "dongguan", "candidate_source": "place_village_hamlet_locality", "id": "2065827347", "osm_type": "node", "place": "village", "landuse": "None", "residential": "None", "name": "None" }, "geometry": { "type": "Point", "coordinates": [ 113.997528076171875, 23.066610336303711 ] } },
{ "type": "Feature", "properties": { "city": "dongguan", "candidate_source": "place_village_hamlet_locality", "id": "2065888231", "osm_type": "node", "place": "village", "landuse": "None", "residential": "None", "name": "None" }, "geometry": { "type": "Point", "coordinates": [ 114.004867553710938, 23.068239212036133 ] } },
{ "type": "Feature", "properties": { "city": "dongguan", "candidate_source": "place_village_hamlet_locality", "id": "2065876032", "osm_type": "node", "place": "village", "landuse": "None", "residential": "None", "name": "None" }, "geometry": { "type": "Point", "coordinates": [ 114.002471923828125, 23.073650360107422 ] } },
{ "type": "Feature", "properties": { "city": "dongguan", "candidate_source": "place_village_hamlet_locality", "id": "2065835843", "osm_type": "node", "place": "village", "landuse": "None", "residential": "None", "name": "None" }, "geometry": { "type": "Point", "coordinates": [ 114.004791259765625, 23.076179504394531 ] } },
{ "type": "Feature", "properties": { "city": "dongguan", "candidate_source": "place_village_hamlet_locality", "id": "2065801530", "osm_type": "node", "place": "village", "landuse": "None", "residential": "None", "name": "None" }, "geometry": { "type": "Point", "coordinates": [ 114.016067504882812, 23.078840255737305 ] } },
{ "type": "Feature", "properties": { "city": "dongguan", "candidate_source": "place_village_hamlet_locality", "id": "2065797903", "osm_type": "node", "place": "village", "landuse": "None", "residential": "None", "name": "None" }, "geometry": { "type": "Point", "coordinates": [ 114.032546997070312, 23.061080932617188 ] } },
{ "type": "Feature", "properties": { "city": "dongguan", "candidate_source": "place_village_hamlet_locality", "id": "2065845402", "osm_type": "node", "place": "village", "landuse": "None", "residential": "None", "name": "None" }, "geometry": { "type": "Point", "coordinates": [ 114.036666870117188, 23.074249267578125 ] } },
{ "type": "Feature", "properties": { "city": "dongguan", "candidate_source": "place_village_hamlet_locality", "id": "2065798228", "osm_type": "node", "place": "village", "landuse": "None", "residential": "None", "name": "None" }, "geometry": { "type": "Point", "coordinates": [ 114.054046630859375, 23.077510833740234 ] } },
{ "type": "Feature", "properties": { "city": "dongguan", "candidate_source": "place_village_hamlet_locality", "id": "2065852403", "osm_type": "node", "place": "village", "landuse": "None", "residential": "None", "name": "None" }, "geometry": { "type": "Point", "coordinates": [ 114.073448181152344, 23.081329345703125 ] } },
{ "type": "Feature", "properties": { "city": "dongguan", "candidate_source": "residential_rural", "id": "1382483659", "osm_type": "way", "place": "None", "landuse": "residential", "residential": "rural", "name": "None" }, "geometry": { "type": "Polygon", "coordinates": [ [ [ 114.070060729980469, 23.088680267333984 ], [ 114.069320678710938, 23.089012145996094 ], [ 114.067741394042969, 23.088518142700195 ], [ 114.067367553710938, 23.089189529418945 ], [ 114.069328308105469, 23.089653015136719 ], [ 114.069435119628906, 23.089866638183594 ], [ 114.070457458496094, 23.089506149291992 ], [ 114.070365905761719, 23.089282989501953 ], [ 114.071022033691406, 23.088808059692383 ], [ 114.070541381835938, 23.08837890625 ], [ 114.070060729980469, 23.088680267333984 ] ] ] } },
{ "type": "Feature", "properties": { "city": "dongguan", "candidate_source": "place_village_hamlet_locality", "id": "12799660203", "osm_type": "node", "place": "hamlet", "landuse": "None", "residential": "None", "name": "None" }, "geometry": { "type": "Point", "coordinates": [ 114.069412231445312, 23.08924674987793 ] } },
{ "type": "Feature", "properties": { "city": "dongguan", "candidate_source": "place_village_hamlet_locality", "id": "2065803735", "osm_type": "node", "place": "village", "landuse": "None", "residential": "None", "name": "None" }, "geometry": { "type": "Point", "coordinates": [ 114.049758911132812, 23.094030380249023 ] } },
{ "type": "Feature", "properties": { "city": "dongguan", "candidate_source": "place_village_hamlet_locality", "id": "2065846950", "osm_type": "node", "place": "village", "landuse": "None", "residential": "None", "name": "None" }, "geometry": { "type": "Point", "coordinates": [ 113.982170104980469, 23.080219268798828 ] } },
{ "type": "Feature", "properties": { "city": "dongguan", "candidate_source": "place_village_hamlet_locality", "id": "2065865222", "osm_type": "node", "place": "village", "landuse": "None", "residential": "None", "name": "None" }, "geometry": { "type": "Point", "coordinates": [ 113.965599060058594, 23.083179473876953 ] } },
{ "type": "Feature", "properties": { "city": "dongguan", "candidate_source": "place_village_hamlet_locality", "id": "2065862143", "osm_type": "node", "place": "village", "landuse": "None", "residential": "None", "name": "None" }, "geometry": { "type": "Point", "coordinates": [ 113.944793701171875, 23.088800430297852 ] } },
{ "type": "Feature", "properties": { "city": "dongguan", "candidate_source": "place_village_hamlet_locality", "id": "2065891862", "osm_type": "node", "place": "village", "landuse": "None", "residential": "None", "name": "None" }, "geometry": { "type": "Point", "coordinates": [ 113.974441528320312, 23.089960098266602 ] } },
{ "type": "Feature", "properties": { "city": "dongguan", "candidate_source": "place_village_hamlet_locality", "id": "2065879826", "osm_type": "node", "place": "village", "landuse": "None", "residential": "None", "name": "None" }, "geometry": { "type": "Point", "coordinates": [ 113.987319946289062, 23.094459533691406 ] } },
{ "type": "Feature", "properties": { "city": "dongguan", "candidate_source": "place_village_hamlet_locality", "id": "2065843858", "osm_type": "node", "place": "village", "landuse": "None", "residential": "None", "name": "None" }, "geometry": { "type": "Point", "coordinates": [ 113.945823669433594, 23.094980239868164 ] } },
{ "type": "Feature", "properties": { "city": "dongguan", "candidate_source": "place_village_hamlet_locality", "id": "2065804684", "osm_type": "node", "place": "village", "landuse": "None", "residential": "None", "name": "None" }, "geometry": { "type": "Point", "coordinates": [ 113.973121643066406, 23.096269607543945 ] } },
{ "type": "Feature", "properties": { "city": "dongguan", "candidate_source": "place_village_hamlet_locality", "id": "2065858056", "osm_type": "node", "place": "village", "landuse": "None", "residential": "None", "name": "None" }, "geometry": { "type": "Point", "coordinates": [ 113.955352783203125, 23.112920761108398 ] } },
{ "type": "Feature", "properties": { "city": "dongguan", "candidate_source": "place_village_hamlet_locality", "id": "2065884382", "osm_type": "node", "place": "village", "landuse": "None", "residential": "None", "name": "None" }, "geometry": { "type": "Point", "coordinates": [ 113.803726196289062, 22.800149917602539 ] } },
{ "type": "Feature", "properties": { "city": "dongguan", "candidate_source": "place_village_hamlet_locality", "id": "2065850856", "osm_type": "node", "place": "village", "landuse": "None", "residential": "None", "name": "None" }, "geometry": { "type": "Point", "coordinates": [ 113.821502685546875, 22.805559158325195 ] } },
{ "type": "Feature", "properties": { "city": "dongguan", "candidate_source": "place_village_hamlet_locality", "id": "2065888201", "osm_type": "node", "place": "village", "landuse": "None", "residential": "None", "name": "None" }, "geometry": { "type": "Point", "coordinates": [ 113.810470581054688, 22.808300018310547 ] } },
{ "type": "Feature", "properties": { "city": "dongguan", "candidate_source": "place_village_hamlet_locality", "id": "11881558885", "osm_type": "node", "place": "hamlet", "landuse": "None", "residential": "None", "name": "None" }, "geometry": { "type": "Point", "coordinates": [ 113.847396850585938, 22.857624053955078 ] } },
{ "type": "Feature", "properties": { "city": "dongguan", "candidate_source": "place_village_hamlet_locality", "id": "11707781390", "osm_type": "node", "place": "hamlet", "landuse": "None", "residential": "None", "name": "None" }, "geometry": { "type": "Point", "coordinates": [ 113.839103698730469, 22.857673645019531 ] } },
{ "type": "Feature", "properties": { "city": "dongguan", "candidate_source": "place_village_hamlet_locality", "id": "11881558474", "osm_type": "node", "place": "hamlet", "landuse": "None", "residential": "None", "name": "None" }, "geometry": { "type": "Point", "coordinates": [ 113.844688415527344, 22.857755661010742 ] } },
{ "type": "Feature", "properties": { "city": "dongguan", "candidate_source": "place_village_hamlet_locality", "id": "2065833383", "osm_type": "node", "place": "village", "landuse": "None", "residential": "None", "name": "None" }, "geometry": { "type": "Point", "coordinates": [ 113.955093383789062, 22.826759338378906 ] } },
{ "type": "Feature", "properties": { "city": "dongguan", "candidate_source": "place_village_hamlet_locality", "id": "2065843408", "osm_type": "node", "place": "village", "landuse": "None", "residential": "None", "name": "None" }, "geometry": { "type": "Point", "coordinates": [ 113.9139404296875, 22.878705978393555 ] } },
{ "type": "Feature", "properties": { "city": "dongguan", "candidate_source": "place_village_hamlet_locality", "id": "6576952718", "osm_type": "node", "place": "locality", "landuse": "None", "residential": "None", "name": "None" }, "geometry": { "type": "Point", "coordinates": [ 113.882453918457031, 22.878877639770508 ] } },
{ "type": "Feature", "properties": { "city": "dongguan", "candidate_source": "place_village_hamlet_locality", "id": "6683975719", "osm_type": "node", "place": "locality", "landuse": "None", "residential": "None", "name": "None" }, "geometry": { "type": "Point", "coordinates": [ 113.884757995605469, 22.880783081054688 ] } },
{ "type": "Feature", "properties": { "city": "dongguan", "candidate_source": "place_village_hamlet_locality", "id": "2065883507", "osm_type": "node", "place": "village", "landuse": "None", "residential": "None", "name": "None" }, "geometry": { "type": "Point", "coordinates": [ 113.895057678222656, 22.881118774414062 ] } },
{ "type": "Feature", "properties": { "city": "dongguan", "candidate_source": "place_village_hamlet_locality", "id": "6683944608", "osm_type": "node", "place": "locality", "landuse": "None", "residential": "None", "name": "None" }, "geometry": { "type": "Point", "coordinates": [ 113.880973815917969, 22.88116455078125 ] } },
{ "type": "Feature", "properties": { "city": "dongguan", "candidate_source": "place_village_hamlet_locality", "id": "2065814595", "osm_type": "node", "place": "village", "landuse": "None", "residential": "None", "name": "None" }, "geometry": { "type": "Point", "coordinates": [ 113.928138732910156, 22.88129997253418 ] } },
{ "type": "Feature", "properties": { "city": "dongguan", "candidate_source": "place_village_hamlet_locality", "id": "6683944606", "osm_type": "node", "place": "locality", "landuse": "None", "residential": "None", "name": "None" }, "geometry": { "type": "Point", "coordinates": [ 113.885231018066406, 22.883838653564453 ] } },
{ "type": "Feature", "properties": { "city": "dongguan", "candidate_source": "place_village_hamlet_locality", "id": "6683944607", "osm_type": "node", "place": "locality", "landuse": "None", "residential": "None", "name": "None" }, "geometry": { "type": "Point", "coordinates": [ 113.879539489746094, 22.884222030639648 ] } },
{ "type": "Feature", "properties": { "city": "dongguan", "candidate_source": "place_village_hamlet_locality", "id": "10180327765", "osm_type": "node", "place": "locality", "landuse": "None", "residential": "None", "name": "None" }, "geometry": { "type": "Point", "coordinates": [ 113.883804321289062, 22.885734558105469 ] } },
{ "type": "Feature", "properties": { "city": "dongguan", "candidate_source": "place_village_hamlet_locality", "id": "2065888616", "osm_type": "node", "place": "village", "landuse": "None", "residential": "None", "name": "None" }, "geometry": { "type": "Point", "coordinates": [ 113.832672119140625, 22.857856750488281 ] } },
{ "type": "Feature", "properties": { "city": "dongguan", "candidate_source": "place_village_hamlet_locality", "id": "11707781453", "osm_type": "node", "place": "village", "landuse": "None", "residential": "None", "name": "None" }, "geometry": { "type": "Point", "coordinates": [ 113.842247009277344, 22.859455108642578 ] } },
{ "type": "Feature", "properties": { "city": "dongguan", "candidate_source": "place_village_hamlet_locality", "id": "11881554482", "osm_type": "node", "place": "hamlet", "landuse": "None", "residential": "None", "name": "None" }, "geometry": { "type": "Point", "coordinates": [ 113.85052490234375, 22.86186408996582 ] } },
{ "type": "Feature", "properties": { "city": "dongguan", "candidate_source": "place_village_hamlet_locality", "id": "11881558648", "osm_type": "node", "place": "hamlet", "landuse": "None", "residential": "None", "name": "None" }, "geometry": { "type": "Point", "coordinates": [ 113.844657897949219, 22.862539291381836 ] } },
{ "type": "Feature", "properties": { "city": "dongguan", "candidate_source": "place_village_hamlet_locality", "id": "11881558643", "osm_type": "node", "place": "hamlet", "landuse": "None", "residential": "None", "name": "None" }, "geometry": { "type": "Point", "coordinates": [ 113.862869262695312, 22.862606048583984 ] } },
{ "type": "Feature", "properties": { "city": "dongguan", "candidate_source": "place_village_hamlet_locality", "id": "11881558613", "osm_type": "node", "place": "hamlet", "landuse": "None", "residential": "None", "name": "None" }, "geometry": { "type": "Point", "coordinates": [ 113.845108032226562, 22.865653991699219 ] } },
{ "type": "Feature", "properties": { "city": "dongguan", "candidate_source": "place_village_hamlet_locality", "id": "2065855490", "osm_type": "node", "place": "village", "landuse": "None", "residential": "None", "name": "None" }, "geometry": { "type": "Point", "coordinates": [ 113.873161315917969, 22.869199752807617 ] } },
{ "type": "Feature", "properties": { "city": "dongguan", "candidate_source": "place_village_hamlet_locality", "id": "2065843515", "osm_type": "node", "place": "village", "landuse": "None", "residential": "None", "name": "None" }, "geometry": { "type": "Point", "coordinates": [ 113.813636779785156, 22.873920440673828 ] } },
{ "type": "Feature", "properties": { "city": "dongguan", "candidate_source": "place_village_hamlet_locality", "id": "2065806613", "osm_type": "node", "place": "village", "landuse": "None", "residential": "None", "name": "None" }, "geometry": { "type": "Point", "coordinates": [ 113.825233459472656, 22.874179840087891 ] } },
{ "type": "Feature", "properties": { "city": "dongguan", "candidate_source": "place_village_hamlet_locality", "id": "6683975718", "osm_type": "node", "place": "locality", "landuse": "None", "residential": "None", "name": "None" }, "geometry": { "type": "Point", "coordinates": [ 113.879005432128906, 22.878019332885742 ] } },
{ "type": "Feature", "properties": { "city": "dongguan", "candidate_source": "place_village_hamlet_locality", "id": "2065838544", "osm_type": "node", "place": "village", "landuse": "None", "residential": "None", "name": "None" }, "geometry": { "type": "Point", "coordinates": [ 113.770172119140625, 22.790279388427734 ] } },
{ "type": "Feature", "properties": { "city": "dongguan", "candidate_source": "place_village_hamlet_locality", "id": "2065846232", "osm_type": "node", "place": "village", "landuse": "None", "residential": "None", "name": "None" }, "geometry": { "type": "Point", "coordinates": [ 113.762321472167969, 22.792079925537109 ] } },
{ "type": "Feature", "properties": { "city": "dongguan", "candidate_source": "place_village_hamlet_locality", "id": "3542132337", "osm_type": "node", "place": "village", "landuse": "None", "residential": "None", "name": "None" }, "geometry": { "type": "Point", "coordinates": [ 113.784980773925781, 22.792522430419922 ] } },
{ "type": "Feature", "properties": { "city": "dongguan", "candidate_source": "place_village_hamlet_locality", "id": "2065817433", "osm_type": "node", "place": "village", "landuse": "None", "residential": "None", "name": "None" }, "geometry": { "type": "Point", "coordinates": [ 113.777847290039062, 22.792770385742188 ] } },
{ "type": "Feature", "properties": { "city": "dongguan", "candidate_source": "place_village_hamlet_locality", "id": "2065887105", "osm_type": "node", "place": "village", "landuse": "None", "residential": "None", "name": "None" }, "geometry": { "type": "Point", "coordinates": [ 113.780250549316406, 22.793800354003906 ] } },
{ "type": "Feature", "properties": { "city": "dongguan", "candidate_source": "place_village_hamlet_locality", "id": "2065835246", "osm_type": "node", "place": "village", "landuse": "None", "residential": "None", "name": "None" }, "geometry": { "type": "Point", "coordinates": [ 113.777717590332031, 22.794870376586914 ] } },
{ "type": "Feature", "properties": { "city": "dongguan", "candidate_source": "place_village_hamlet_locality", "id": "2065798212", "osm_type": "node", "place": "village", "landuse": "None", "residential": "None", "name": "None" }, "geometry": { "type": "Point", "coordinates": [ 113.754669189453125, 22.794870376586914 ] } },
{ "type": "Feature", "properties": { "city": "dongguan", "candidate_source": "place_village_hamlet_locality", "id": "2065877206", "osm_type": "node", "place": "village", "landuse": "None", "residential": "None", "name": "None" }, "geometry": { "type": "Point", "coordinates": [ 113.780342102050781, 22.796630859375 ] } },
{ "type": "Feature", "properties": { "city": "dongguan", "candidate_source": "place_village_hamlet_locality", "id": "2065798338", "osm_type": "node", "place": "village", "landuse": "None", "residential": "None", "name": "None" }, "geometry": { "type": "Point", "coordinates": [ 113.710693359375, 22.80143928527832 ] } },
{ "type": "Feature", "properties": { "city": "dongguan", "candidate_source": "place_village_hamlet_locality", "id": "2065803715", "osm_type": "node", "place": "village", "landuse": "None", "residential": "None", "name": "None" }, "geometry": { "type": "Point", "coordinates": [ 113.639877319335938, 22.806499481201172 ] } },
{ "type": "Feature", "properties": { "city": "dongguan", "candidate_source": "place_village_hamlet_locality", "id": "2065803091", "osm_type": "node", "place": "village", "landuse": "None", "residential": "None", "name": "None" }, "geometry": { "type": "Point", "coordinates": [ 113.643821716308594, 22.818090438842773 ] } },
{ "type": "Feature", "properties": { "city": "dongguan", "candidate_source": "place_village_hamlet_locality", "id": "2065846947", "osm_type": "node", "place": "village", "landuse": "None", "residential": "None", "name": "None" }, "geometry": { "type": "Point", "coordinates": [ 113.674209594726562, 22.754489898681641 ] } },
{ "type": "Feature", "properties": { "city": "dongguan", "candidate_source": "place_village_hamlet_locality", "id": "2065880102", "osm_type": "node", "place": "village", "landuse": "None", "residential": "None", "name": "None" }, "geometry": { "type": "Point", "coordinates": [ 113.702400207519531, 22.761009216308594 ] } },
{ "type": "Feature", "properties": { "city": "dongguan", "candidate_source": "place_village_hamlet_locality", "id": "2065812662", "osm_type": "node", "place": "village", "landuse": "None", "residential": "None", "name": "None" }, "geometry": { "type": "Point", "coordinates": [ 113.693130493164062, 22.777959823608398 ] } },
{ "type": "Feature", "properties": { "city": "dongguan", "candidate_source": "place_village_hamlet_locality", "id": "2065832551", "osm_type": "node", "place": "village", "landuse": "None", "residential": "None", "name": "None" }, "geometry": { "type": "Point", "coordinates": [ 113.690132141113281, 22.782810211181641 ] } },
{ "type": "Feature", "properties": { "city": "dongguan", "candidate_source": "place_village_hamlet_locality", "id": "2065817450", "osm_type": "node", "place": "village", "landuse": "None", "residential": "None", "name": "None" }, "geometry": { "type": "Point", "coordinates": [ 113.682571411132812, 22.785520553588867 ] } },
{ "type": "Feature", "properties": { "city": "dongguan", "candidate_source": "place_village_hamlet_locality", "id": "2065803531", "osm_type": "node", "place": "village", "landuse": "None", "residential": "None", "name": "None" }, "geometry": { "type": "Point", "coordinates": [ 113.686820983886719, 22.790489196777344 ] } },
{ "type": "Feature", "properties": { "city": "dongguan", "candidate_source": "place_village_hamlet_locality", "id": "2065826959", "osm_type": "node", "place": "village", "landuse": "None", "residential": "None", "name": "None" }, "geometry": { "type": "Point", "coordinates": [ 113.69537353515625, 22.791950225830078 ] } },
{ "type": "Feature", "properties": { "city": "dongguan", "candidate_source": "place_village_hamlet_locality", "id": "2065851728", "osm_type": "node", "place": "village", "landuse": "None", "residential": "None", "name": "None" }, "geometry": { "type": "Point", "coordinates": [ 113.674339294433594, 22.792716979980469 ] } },
{ "type": "Feature", "properties": { "city": "dongguan", "candidate_source": "place_village_hamlet_locality", "id": "2065799266", "osm_type": "node", "place": "village", "landuse": "None", "residential": "None", "name": "None" }, "geometry": { "type": "Point", "coordinates": [ 113.684036254882812, 22.79878044128418 ] } },
{ "type": "Feature", "properties": { "city": "dongguan", "candidate_source": "place_village_hamlet_locality", "id": "2065877827", "osm_type": "node", "place": "village", "landuse": "None", "residential": "None", "name": "None" }, "geometry": { "type": "Point", "coordinates": [ 113.780891418457031, 22.805599212646484 ] } },
{ "type": "Feature", "properties": { "city": "dongguan", "candidate_source": "place_village_hamlet_locality", "id": "2065823319", "osm_type": "node", "place": "village", "landuse": "None", "residential": "None", "name": "None" }, "geometry": { "type": "Point", "coordinates": [ 113.773468017578125, 22.809160232543945 ] } },
{ "type": "Feature", "properties": { "city": "dongguan", "candidate_source": "place_village_hamlet_locality", "id": "2065837637", "osm_type": "node", "place": "village", "landuse": "None", "residential": "None", "name": "None" }, "geometry": { "type": "Point", "coordinates": [ 113.744590759277344, 22.818559646606445 ] } },
{ "type": "Feature", "properties": { "city": "dongguan", "candidate_source": "place_village_hamlet_locality", "id": "2065806652", "osm_type": "node", "place": "village", "landuse": "None", "residential": "None", "name": "None" }, "geometry": { "type": "Point", "coordinates": [ 113.709396362304688, 22.8201904296875 ] } },
{ "type": "Feature", "properties": { "city": "dongguan", "candidate_source": "place_village_hamlet_locality", "id": "2065835513", "osm_type": "node", "place": "village", "landuse": "None", "residential": "None", "name": "None" }, "geometry": { "type": "Point", "coordinates": [ 113.720863342285156, 22.825469970703125 ] } },
{ "type": "Feature", "properties": { "city": "dongguan", "candidate_source": "place_village_hamlet_locality", "id": "11527914444", "osm_type": "node", "place": "village", "landuse": "None", "residential": "None", "name": "None" }, "geometry": { "type": "Point", "coordinates": [ 113.742057800292969, 22.82737922668457 ] } },
{ "type": "Feature", "properties": { "city": "dongguan", "candidate_source": "place_village_hamlet_locality", "id": "2065814524", "osm_type": "node", "place": "village", "landuse": "None", "residential": "None", "name": "None" }, "geometry": { "type": "Point", "coordinates": [ 113.725112915039062, 22.828729629516602 ] } },
{ "type": "Feature", "properties": { "city": "dongguan", "candidate_source": "place_village_hamlet_locality", "id": "11527914445", "osm_type": "node", "place": "village", "landuse": "None", "residential": "None", "name": "None" }, "geometry": { "type": "Point", "coordinates": [ 113.752471923828125, 22.833524703979492 ] } },
{ "type": "Feature", "properties": { "city": "dongguan", "candidate_source": "place_village_hamlet_locality", "id": "11527914442", "osm_type": "node", "place": "village", "landuse": "None", "residential": "None", "name": "None" }, "geometry": { "type": "Point", "coordinates": [ 113.743980407714844, 22.839046478271484 ] } },
{ "type": "Feature", "properties": { "city": "dongguan", "candidate_source": "place_village_hamlet_locality", "id": "11527914443", "osm_type": "node", "place": "village", "landuse": "None", "residential": "None", "name": "None" }, "geometry": { "type": "Point", "coordinates": [ 113.737472534179688, 22.843017578125 ] } },
{ "type": "Feature", "properties": { "city": "dongguan", "candidate_source": "place_village_hamlet_locality", "id": "2065830160", "osm_type": "node", "place": "village", "landuse": "None", "residential": "None", "name": "None" }, "geometry": { "type": "Point", "coordinates": [ 113.670341491699219, 22.802209854125977 ] } },
{ "type": "Feature", "properties": { "city": "dongguan", "candidate_source": "place_village_hamlet_locality", "id": "2065797200", "osm_type": "node", "place": "village", "landuse": "None", "residential": "None", "name": "None" }, "geometry": { "type": "Point", "coordinates": [ 113.674850463867188, 22.803199768066406 ] } },
{ "type": "Feature", "properties": { "city": "dongguan", "candidate_source": "place_village_hamlet_locality", "id": "2065832251", "osm_type": "node", "place": "village", "landuse": "None", "residential": "None", "name": "None" }, "geometry": { "type": "Point", "coordinates": [ 113.660430908203125, 22.803760528564453 ] } },
{ "type": "Feature", "properties": { "city": "dongguan", "candidate_source": "place_village_hamlet_locality", "id": "2065800718", "osm_type": "node", "place": "village", "landuse": "None", "residential": "None", "name": "None" }, "geometry": { "type": "Point", "coordinates": [ 113.6597900390625, 22.804790496826172 ] } },
{ "type": "Feature", "properties": { "city": "dongguan", "candidate_source": "place_village_hamlet_locality", "id": "2065842258", "osm_type": "node", "place": "village", "landuse": "None", "residential": "None", "name": "None" }, "geometry": { "type": "Point", "coordinates": [ 113.6534423828125, 22.820709228515625 ] } },
{ "type": "Feature", "properties": { "city": "dongguan", "candidate_source": "place_village_hamlet_locality", "id": "2065803741", "osm_type": "node", "place": "village", "landuse": "None", "residential": "None", "name": "None" }, "geometry": { "type": "Point", "coordinates": [ 113.667427062988281, 22.827699661254883 ] } },
{ "type": "Feature", "properties": { "city": "dongguan", "candidate_source": "place_village_hamlet_locality", "id": "369490523", "osm_type": "node", "place": "village", "landuse": "None", "residential": "None", "name": "None" }, "geometry": { "type": "Point", "coordinates": [ 113.701072692871094, 22.830623626708984 ] } },
{ "type": "Feature", "properties": { "city": "dongguan", "candidate_source": "place_village_hamlet_locality", "id": "2065802989", "osm_type": "node", "place": "village", "landuse": "None", "residential": "None", "name": "None" }, "geometry": { "type": "Point", "coordinates": [ 113.70880126953125, 22.835170745849609 ] } },
{ "type": "Feature", "properties": { "city": "dongguan", "candidate_source": "place_village_hamlet_locality", "id": "2065894990", "osm_type": "node", "place": "village", "landuse": "None", "residential": "None", "name": "None" }, "geometry": { "type": "Point", "coordinates": [ 113.700820922851562, 22.839199066162109 ] } },
{ "type": "Feature", "properties": { "city": "dongguan", "candidate_source": "place_village_hamlet_locality", "id": "2065807055", "osm_type": "node", "place": "village", "landuse": "None", "residential": "None", "name": "None" }, "geometry": { "type": "Point", "coordinates": [ 113.703781127929688, 22.847309112548828 ] } },
{ "type": "Feature", "properties": { "city": "dongguan", "candidate_source": "place_village_hamlet_locality", "id": "2065866057", "osm_type": "node", "place": "village", "landuse": "None", "residential": "None", "name": "None" }, "geometry": { "type": "Point", "coordinates": [ 113.6416015625, 22.831779479980469 ] } },
{ "type": "Feature", "properties": { "city": "dongguan", "candidate_source": "place_village_hamlet_locality", "id": "2065893506", "osm_type": "node", "place": "village", "landuse": "None", "residential": "None", "name": "None" }, "geometry": { "type": "Point", "coordinates": [ 113.615409851074219, 22.842849731445312 ] } },
{ "type": "Feature", "properties": { "city": "dongguan", "candidate_source": "place_village_hamlet_locality", "id": "2065866152", "osm_type": "node", "place": "village", "landuse": "None", "residential": "None", "name": "None" }, "geometry": { "type": "Point", "coordinates": [ 113.610481262207031, 22.854650497436523 ] } },
{ "type": "Feature", "properties": { "city": "dongguan", "candidate_source": "place_village_hamlet_locality", "id": "2065800485", "osm_type": "node", "place": "village", "landuse": "None", "residential": "None", "name": "None" }, "geometry": { "type": "Point", "coordinates": [ 113.636611938476562, 22.860530853271484 ] } },
{ "type": "Feature", "properties": { "city": "dongguan", "candidate_source": "place_village_hamlet_locality", "id": "2065878174", "osm_type": "node", "place": "village", "landuse": "None", "residential": "None", "name": "None" }, "geometry": { "type": "Point", "coordinates": [ 113.586418151855469, 22.861593246459961 ] } },
{ "type": "Feature", "properties": { "city": "dongguan", "candidate_source": "place_village_hamlet_locality", "id": "2065808101", "osm_type": "node", "place": "village", "landuse": "None", "residential": "None", "name": "None" }, "geometry": { "type": "Point", "coordinates": [ 113.622711181640625, 22.865640640258789 ] } },
{ "type": "Feature", "properties": { "city": "dongguan", "candidate_source": "place_village_hamlet_locality", "id": "2065864714", "osm_type": "node", "place": "village", "landuse": "None", "residential": "None", "name": "None" }, "geometry": { "type": "Point", "coordinates": [ 113.584861755371094, 22.885679244995117 ] } },
{ "type": "Feature", "properties": { "city": "dongguan", "candidate_source": "place_village_hamlet_locality", "id": "2065878176", "osm_type": "node", "place": "village", "landuse": "None", "residential": "None", "name": "None" }, "geometry": { "type": "Point", "coordinates": [ 113.625030517578125, 22.888940811157227 ] } },
{ "type": "Feature", "properties": { "city": "dongguan", "candidate_source": "place_village_hamlet_locality", "id": "2065827042", "osm_type": "node", "place": "village", "landuse": "None", "residential": "None", "name": "None" }, "geometry": { "type": "Point", "coordinates": [ 113.696006774902344, 22.850530624389648 ] } },
{ "type": "Feature", "properties": { "city": "dongguan", "candidate_source": "place_village_hamlet_locality", "id": "2065859492", "osm_type": "node", "place": "village", "landuse": "None", "residential": "None", "name": "None" }, "geometry": { "type": "Point", "coordinates": [ 113.657081604003906, 22.852209091186523 ] } },
{ "type": "Feature", "properties": { "city": "dongguan", "candidate_source": "place_village_hamlet_locality", "id": "2065827047", "osm_type": "node", "place": "village", "landuse": "None", "residential": "None", "name": "None" }, "geometry": { "type": "Point", "coordinates": [ 113.663230895996094, 22.855249404907227 ] } },
{ "type": "Feature", "properties": { "city": "dongguan", "candidate_source": "place_village_hamlet_locality", "id": "2065804982", "osm_type": "node", "place": "village", "landuse": "None", "residential": "None", "name": "None" }, "geometry": { "type": "Point", "coordinates": [ 113.659111022949219, 22.857700347900391 ] } },
{ "type": "Feature", "properties": { "city": "dongguan", "candidate_source": "place_village_hamlet_locality", "id": "2065859642", "osm_type": "node", "place": "village", "landuse": "None", "residential": "None", "name": "None" }, "geometry": { "type": "Point", "coordinates": [ 113.651336669921875, 22.872760772705078 ] } },
{ "type": "Feature", "properties": { "city": "dongguan", "candidate_source": "place_village_hamlet_locality", "id": "2065798931", "osm_type": "node", "place": "village", "landuse": "None", "residential": "None", "name": "None" }, "geometry": { "type": "Point", "coordinates": [ 113.658668518066406, 22.883319854736328 ] } },
{ "type": "Feature", "properties": { "city": "dongguan", "candidate_source": "place_village_hamlet_locality", "id": "2065812239", "osm_type": "node", "place": "village", "landuse": "None", "residential": "None", "name": "None" }, "geometry": { "type": "Point", "coordinates": [ 113.657173156738281, 22.887161254882812 ] } },
{ "type": "Feature", "properties": { "city": "dongguan", "candidate_source": "place_village_hamlet_locality", "id": "2065846126", "osm_type": "node", "place": "village", "landuse": "None", "residential": "None", "name": "None" }, "geometry": { "type": "Point", "coordinates": [ 113.654380798339844, 22.891130447387695 ] } },
{ "type": "Feature", "properties": { "city": "dongguan", "candidate_source": "place_village_hamlet_locality", "id": "2065853163", "osm_type": "node", "place": "village", "landuse": "None", "residential": "None", "name": "None" }, "geometry": { "type": "Point", "coordinates": [ 113.6527099609375, 22.896150588989258 ] } },
{ "type": "Feature", "properties": { "city": "dongguan", "candidate_source": "place_village_hamlet_locality", "id": "2065803285", "osm_type": "node", "place": "village", "landuse": "None", "residential": "None", "name": "None" }, "geometry": { "type": "Point", "coordinates": [ 113.660598754882812, 22.909669876098633 ] } },
{ "type": "Feature", "properties": { "city": "dongguan", "candidate_source": "place_village_hamlet_locality", "id": "2065892177", "osm_type": "node", "place": "village", "landuse": "None", "residential": "None", "name": "None" }, "geometry": { "type": "Point", "coordinates": [ 113.714851379394531, 22.848649978637695 ] } },
{ "type": "Feature", "properties": { "city": "dongguan", "candidate_source": "place_village_hamlet_locality", "id": "2065887282", "osm_type": "node", "place": "village", "landuse": "None", "residential": "None", "name": "None" }, "geometry": { "type": "Point", "coordinates": [ 113.719230651855469, 22.85045051574707 ] } },
{ "type": "Feature", "properties": { "city": "dongguan", "candidate_source": "place_village_hamlet_locality", "id": "2065880828", "osm_type": "node", "place": "village", "landuse": "None", "residential": "None", "name": "None" }, "geometry": { "type": "Point", "coordinates": [ 113.737548828125, 22.855600357055664 ] } },
{ "type": "Feature", "properties": { "city": "dongguan", "candidate_source": "place_village_hamlet_locality", "id": "2065880827", "osm_type": "node", "place": "village", "landuse": "None", "residential": "None", "name": "None" }, "geometry": { "type": "Point", "coordinates": [ 113.729698181152344, 22.859800338745117 ] } },
{ "type": "Feature", "properties": { "city": "dongguan", "candidate_source": "place_village_hamlet_locality", "id": "2065827143", "osm_type": "node", "place": "village", "landuse": "None", "residential": "None", "name": "None" }, "geometry": { "type": "Point", "coordinates": [ 113.746047973632812, 22.896280288696289 ] } },
{ "type": "Feature", "properties": { "city": "dongguan", "candidate_source": "place_village_hamlet_locality", "id": "9397559807", "osm_type": "node", "place": "village", "landuse": "None", "residential": "None", "name": "None" }, "geometry": { "type": "Point", "coordinates": [ 113.735908508300781, 22.897994995117188 ] } },
{ "type": "Feature", "properties": { "city": "dongguan", "candidate_source": "place_village_hamlet_locality", "id": "2065804181", "osm_type": "node", "place": "village", "landuse": "None", "residential": "None", "name": "None" }, "geometry": { "type": "Point", "coordinates": [ 113.743255615234375, 22.903755187988281 ] } },
{ "type": "Feature", "properties": { "city": "dongguan", "candidate_source": "place_village_hamlet_locality", "id": "2065809355", "osm_type": "node", "place": "village", "landuse": "None", "residential": "None", "name": "None" }, "geometry": { "type": "Point", "coordinates": [ 113.743820190429688, 22.909669876098633 ] } },
{ "type": "Feature", "properties": { "city": "dongguan", "candidate_source": "place_village_hamlet_locality", "id": "2065808479", "osm_type": "node", "place": "village", "landuse": "None", "residential": "None", "name": "None" }, "geometry": { "type": "Point", "coordinates": [ 113.785140991210938, 22.915290832519531 ] } },
{ "type": "Feature", "properties": { "city": "dongguan", "candidate_source": "place_village_hamlet_locality", "id": "2065814553", "osm_type": "node", "place": "village", "landuse": "None", "residential": "None", "name": "None" }, "geometry": { "type": "Point", "coordinates": [ 113.742622375488281, 22.917739868164062 ] } },
{ "type": "Feature", "properties": { "city": "dongguan", "candidate_source": "place_village_hamlet_locality", "id": "2065797071", "osm_type": "node", "place": "village", "landuse": "None", "residential": "None", "name": "None" }, "geometry": { "type": "Point", "coordinates": [ 113.606956481933594, 22.911640167236328 ] } },
{ "type": "Feature", "properties": { "city": "dongguan", "candidate_source": "place_village_hamlet_locality", "id": "2065803910", "osm_type": "node", "place": "village", "landuse": "None", "residential": "None", "name": "None" }, "geometry": { "type": "Point", "coordinates": [ 113.631591796875, 22.916410446166992 ] } },
{ "type": "Feature", "properties": { "city": "dongguan", "candidate_source": "place_village_hamlet_locality", "id": "2065842963", "osm_type": "node", "place": "village", "landuse": "None", "residential": "None", "name": "None" }, "geometry": { "type": "Point", "coordinates": [ 113.673782348632812, 22.913280487060547 ] } },
{ "type": "Feature", "properties": { "city": "dongguan", "candidate_source": "place_village_hamlet_locality", "id": "2065824150", "osm_type": "node", "place": "village", "landuse": "None", "residential": "None", "name": "None" }, "geometry": { "type": "Point", "coordinates": [ 113.650428771972656, 22.914129257202148 ] } },
{ "type": "Feature", "properties": { "city": "dongguan", "candidate_source": "place_village_hamlet_locality", "id": "2065838550", "osm_type": "node", "place": "village", "landuse": "None", "residential": "None", "name": "None" }, "geometry": { "type": "Point", "coordinates": [ 113.660858154296875, 22.918209075927734 ] } },
{ "type": "Feature", "properties": { "city": "dongguan", "candidate_source": "place_village_hamlet_locality", "id": "2065847967", "osm_type": "node", "place": "village", "landuse": "None", "residential": "None", "name": "None" }, "geometry": { "type": "Point", "coordinates": [ 113.673011779785156, 22.928899765014648 ] } },
{ "type": "Feature", "properties": { "city": "dongguan", "candidate_source": "place_village_hamlet_locality", "id": "2065856470", "osm_type": "node", "place": "village", "landuse": "None", "residential": "None", "name": "None" }, "geometry": { "type": "Point", "coordinates": [ 113.655410766601562, 22.934000015258789 ] } },
{ "type": "Feature", "properties": { "city": "dongguan", "candidate_source": "place_village_hamlet_locality", "id": "2065827188", "osm_type": "node", "place": "village", "landuse": "None", "residential": "None", "name": "None" }, "geometry": { "type": "Point", "coordinates": [ 113.687301635742188, 22.935890197753906 ] } },
{ "type": "Feature", "properties": { "city": "dongguan", "candidate_source": "place_village_hamlet_locality", "id": "2065844749", "osm_type": "node", "place": "village", "landuse": "None", "residential": "None", "name": "None" }, "geometry": { "type": "Point", "coordinates": [ 113.686607360839844, 22.937309265136719 ] } },
{ "type": "Feature", "properties": { "city": "dongguan", "candidate_source": "place_village_hamlet_locality", "id": "2065805290", "osm_type": "node", "place": "village", "landuse": "None", "residential": "None", "name": "None" }, "geometry": { "type": "Point", "coordinates": [ 113.70806884765625, 22.937910079956055 ] } },
{ "type": "Feature", "properties": { "city": "dongguan", "candidate_source": "place_village_hamlet_locality", "id": "2065803823", "osm_type": "node", "place": "village", "landuse": "None", "residential": "None", "name": "None" }, "geometry": { "type": "Point", "coordinates": [ 113.649711608886719, 22.940179824829102 ] } },
{ "type": "Feature", "properties": { "city": "dongguan", "candidate_source": "place_village_hamlet_locality", "id": "2065813266", "osm_type": "node", "place": "village", "landuse": "None", "residential": "None", "name": "None" }, "geometry": { "type": "Point", "coordinates": [ 113.67193603515625, 22.941797256469727 ] } },
{ "type": "Feature", "properties": { "city": "dongguan", "candidate_source": "place_village_hamlet_locality", "id": "10178612653", "osm_type": "node", "place": "locality", "landuse": "None", "residential": "None", "name": "None" }, "geometry": { "type": "Point", "coordinates": [ 113.8712158203125, 22.878114700317383 ] } },
{ "type": "Feature", "properties": { "city": "dongguan", "candidate_source": "place_village_hamlet_locality", "id": "6683975717", "osm_type": "node", "place": "locality", "landuse": "None", "residential": "None", "name": "None" }, "geometry": { "type": "Point", "coordinates": [ 113.878105163574219, 22.87946891784668 ] } },
{ "type": "Feature", "properties": { "city": "dongguan", "candidate_source": "place_village_hamlet_locality", "id": "10178612651", "osm_type": "node", "place": "locality", "landuse": "None", "residential": "None", "name": "None" }, "geometry": { "type": "Point", "coordinates": [ 113.870025634765625, 22.880489349365234 ] } },
{ "type": "Feature", "properties": { "city": "dongguan", "candidate_source": "place_village_hamlet_locality", "id": "10178612652", "osm_type": "node", "place": "locality", "landuse": "None", "residential": "None", "name": "None" }, "geometry": { "type": "Point", "coordinates": [ 113.866958618164062, 22.881565093994141 ] } },
{ "type": "Feature", "properties": { "city": "dongguan", "candidate_source": "place_village_hamlet_locality", "id": "10178612650", "osm_type": "node", "place": "locality", "landuse": "None", "residential": "None", "name": "None" }, "geometry": { "type": "Point", "coordinates": [ 113.861656188964844, 22.882474899291992 ] } },
{ "type": "Feature", "properties": { "city": "dongguan", "candidate_source": "place_village_hamlet_locality", "id": "2065806723", "osm_type": "node", "place": "village", "landuse": "None", "residential": "None", "name": "None" }, "geometry": { "type": "Point", "coordinates": [ 113.819183349609375, 22.887529373168945 ] } },
{ "type": "Feature", "properties": { "city": "dongguan", "candidate_source": "place_village_hamlet_locality", "id": "2065808411", "osm_type": "node", "place": "village", "landuse": "None", "residential": "None", "name": "None" }, "geometry": { "type": "Point", "coordinates": [ 113.811882019042969, 22.902849197387695 ] } },
{ "type": "Feature", "properties": { "city": "dongguan", "candidate_source": "place_village_hamlet_locality", "id": "2065799956", "osm_type": "node", "place": "village", "landuse": "None", "residential": "None", "name": "None" }, "geometry": { "type": "Point", "coordinates": [ 113.80682373046875, 22.91172981262207 ] } },
{ "type": "Feature", "properties": { "city": "dongguan", "candidate_source": "place_village_hamlet_locality", "id": "2065860354", "osm_type": "node", "place": "village", "landuse": "None", "residential": "None", "name": "None" }, "geometry": { "type": "Point", "coordinates": [ 113.802566528320312, 22.9150390625 ] } },
{ "type": "Feature", "properties": { "city": "dongguan", "candidate_source": "place_village_hamlet_locality", "id": "2065801768", "osm_type": "node", "place": "village", "landuse": "None", "residential": "None", "name": "None" }, "geometry": { "type": "Point", "coordinates": [ 113.871841430664062, 22.918170928955078 ] } },
{ "type": "Feature", "properties": { "city": "dongguan", "candidate_source": "place_village_hamlet_locality", "id": "2065836290", "osm_type": "node", "place": "village", "landuse": "None", "residential": "None", "name": "None" }, "geometry": { "type": "Point", "coordinates": [ 113.908477783203125, 22.902420043945312 ] } },
{ "type": "Feature", "properties": { "city": "dongguan", "candidate_source": "place_village_hamlet_locality", "id": "2065812498", "osm_type": "node", "place": "locality", "landuse": "None", "residential": "None", "name": "None" }, "geometry": { "type": "Point", "coordinates": [ 113.8802490234375, 22.90247917175293 ] } },
{ "type": "Feature", "properties": { "city": "dongguan", "candidate_source": "place_village_hamlet_locality", "id": "2065893002", "osm_type": "node", "place": "village", "landuse": "None", "residential": "None", "name": "None" }, "geometry": { "type": "Point", "coordinates": [ 113.911827087402344, 22.91880989074707 ] } },
{ "type": "Feature", "properties": { "city": "dongguan", "candidate_source": "place_village_hamlet_locality", "id": "2065848934", "osm_type": "node", "place": "village", "landuse": "None", "residential": "None", "name": "None" }, "geometry": { "type": "Point", "coordinates": [ 113.925178527832031, 22.921899795532227 ] } },
{ "type": "Feature", "properties": { "city": "dongguan", "candidate_source": "place_village_hamlet_locality", "id": "2065848908", "osm_type": "node", "place": "village", "landuse": "None", "residential": "None", "name": "None" }, "geometry": { "type": "Point", "coordinates": [ 113.929298400878906, 22.925680160522461 ] } },
{ "type": "Feature", "properties": { "city": "dongguan", "candidate_source": "place_village_hamlet_locality", "id": "2065801663", "osm_type": "node", "place": "village", "landuse": "None", "residential": "None", "name": "None" }, "geometry": { "type": "Point", "coordinates": [ 113.885009765625, 22.931039810180664 ] } },
{ "type": "Feature", "properties": { "city": "dongguan", "candidate_source": "place_village_hamlet_locality", "id": "2065831574", "osm_type": "node", "place": "village", "landuse": "None", "residential": "None", "name": "None" }, "geometry": { "type": "Point", "coordinates": [ 113.898269653320312, 22.933919906616211 ] } },
{ "type": "Feature", "properties": { "city": "dongguan", "candidate_source": "place_village_hamlet_locality", "id": "2065801656", "osm_type": "node", "place": "village", "landuse": "None", "residential": "None", "name": "None" }, "geometry": { "type": "Point", "coordinates": [ 113.8944091796875, 22.938810348510742 ] } },
{ "type": "Feature", "properties": { "city": "dongguan", "candidate_source": "place_village_hamlet_locality", "id": "12053126161", "osm_type": "node", "place": "village", "landuse": "None", "residential": "None", "name": "None" }, "geometry": { "type": "Point", "coordinates": [ 113.896995544433594, 22.940347671508789 ] } },
{ "type": "Feature", "properties": { "city": "dongguan", "candidate_source": "place_village_hamlet_locality", "id": "2065884894", "osm_type": "node", "place": "village", "landuse": "None", "residential": "None", "name": "None" }, "geometry": { "type": "Point", "coordinates": [ 113.931610107421875, 22.945379257202148 ] } },
{ "type": "Feature", "properties": { "city": "dongguan", "candidate_source": "place_village_hamlet_locality", "id": "2065810133", "osm_type": "node", "place": "village", "landuse": "None", "residential": "None", "name": "None" }, "geometry": { "type": "Point", "coordinates": [ 113.814109802246094, 22.922840118408203 ] } },
{ "type": "Feature", "properties": { "city": "dongguan", "candidate_source": "place_village_hamlet_locality", "id": "2065883308", "osm_type": "node", "place": "village", "landuse": "None", "residential": "None", "name": "None" }, "geometry": { "type": "Point", "coordinates": [ 113.841361999511719, 22.927520751953125 ] } },
{ "type": "Feature", "properties": { "city": "dongguan", "candidate_source": "place_village_hamlet_locality", "id": "2065824154", "osm_type": "node", "place": "village", "landuse": "None", "residential": "None", "name": "None" }, "geometry": { "type": "Point", "coordinates": [ 113.846809387207031, 22.932670593261719 ] } },
{ "type": "Feature", "properties": { "city": "dongguan", "candidate_source": "place_village_hamlet_locality", "id": "2065807958", "osm_type": "node", "place": "village", "landuse": "None", "residential": "None", "name": "None" }, "geometry": { "type": "Point", "coordinates": [ 113.832740783691406, 22.932929992675781 ] } },
{ "type": "Feature", "properties": { "city": "dongguan", "candidate_source": "place_village_hamlet_locality", "id": "2065799149", "osm_type": "node", "place": "village", "landuse": "None", "residential": "None", "name": "None" }, "geometry": { "type": "Point", "coordinates": [ 113.819442749023438, 22.938980102539062 ] } },
{ "type": "Feature", "properties": { "city": "dongguan", "candidate_source": "place_village_hamlet_locality", "id": "2065890373", "osm_type": "node", "place": "village", "landuse": "None", "residential": "None", "name": "None" }, "geometry": { "type": "Point", "coordinates": [ 113.841453552246094, 22.940700531005859 ] } },
{ "type": "Feature", "properties": { "city": "dongguan", "candidate_source": "place_village_hamlet_locality", "id": "2065889143", "osm_type": "node", "place": "village", "landuse": "None", "residential": "None", "name": "None" }, "geometry": { "type": "Point", "coordinates": [ 113.860466003417969, 22.941707611083984 ] } },
{ "type": "Feature", "properties": { "city": "dongguan", "candidate_source": "place_village_hamlet_locality", "id": "2065832681", "osm_type": "node", "place": "village", "landuse": "None", "residential": "None", "name": "None" }, "geometry": { "type": "Point", "coordinates": [ 113.808670043945312, 22.949579238891602 ] } },
{ "type": "Feature", "properties": { "city": "dongguan", "candidate_source": "place_village_hamlet_locality", "id": "2065855280", "osm_type": "node", "place": "village", "landuse": "None", "residential": "None", "name": "None" }, "geometry": { "type": "Point", "coordinates": [ 113.878486633300781, 22.954900741577148 ] } },
{ "type": "Feature", "properties": { "city": "dongguan", "candidate_source": "place_village_hamlet_locality", "id": "2065806592", "osm_type": "node", "place": "village", "landuse": "None", "residential": "None", "name": "None" }, "geometry": { "type": "Point", "coordinates": [ 113.863937377929688, 22.956150054931641 ] } },
{ "type": "Feature", "properties": { "city": "dongguan", "candidate_source": "place_village_hamlet_locality", "id": "2065893402", "osm_type": "node", "place": "village", "landuse": "None", "residential": "None", "name": "None" }, "geometry": { "type": "Point", "coordinates": [ 113.900238037109375, 22.946189880371094 ] } },
{ "type": "Feature", "properties": { "city": "dongguan", "candidate_source": "place_village_hamlet_locality", "id": "2065844793", "osm_type": "node", "place": "village", "landuse": "None", "residential": "None", "name": "None" }, "geometry": { "type": "Point", "coordinates": [ 113.925430297851562, 22.948379516601562 ] } },
{ "type": "Feature", "properties": { "city": "dongguan", "candidate_source": "place_village_hamlet_locality", "id": "2065818482", "osm_type": "node", "place": "village", "landuse": "None", "residential": "None", "name": "None" }, "geometry": { "type": "Point", "coordinates": [ 113.927581787109375, 22.954259872436523 ] } },
{ "type": "Feature", "properties": { "city": "dongguan", "candidate_source": "place_village_hamlet_locality", "id": "2065818476", "osm_type": "node", "place": "village", "landuse": "None", "residential": "None", "name": "None" }, "geometry": { "type": "Point", "coordinates": [ 113.931190490722656, 22.955680847167969 ] } },
{ "type": "Feature", "properties": { "city": "dongguan", "candidate_source": "place_village_hamlet_locality", "id": "2065866741", "osm_type": "node", "place": "village", "landuse": "None", "residential": "None", "name": "None" }, "geometry": { "type": "Point", "coordinates": [ 113.93212890625, 22.967739105224609 ] } },
{ "type": "Feature", "properties": { "city": "dongguan", "candidate_source": "place_village_hamlet_locality", "id": "2065890014", "osm_type": "node", "place": "village", "landuse": "None", "residential": "None", "name": "None" }, "geometry": { "type": "Point", "coordinates": [ 113.925651550292969, 22.975889205932617 ] } },
{ "type": "Feature", "properties": { "city": "dongguan", "candidate_source": "place_village_hamlet_locality", "id": "11455298677", "osm_type": "node", "place": "village", "landuse": "None", "residential": "None", "name": "None" }, "geometry": { "type": "Point", "coordinates": [ 113.914382934570312, 22.976619720458984 ] } },
{ "type": "Feature", "properties": { "city": "dongguan", "candidate_source": "place_village_hamlet_locality", "id": "2065802728", "osm_type": "node", "place": "village", "landuse": "None", "residential": "None", "name": "None" }, "geometry": { "type": "Point", "coordinates": [ 113.918350219726562, 22.981599807739258 ] } },
{ "type": "Feature", "properties": { "city": "dongguan", "candidate_source": "place_village_hamlet_locality", "id": "2065802677", "osm_type": "node", "place": "village", "landuse": "None", "residential": "None", "name": "None" }, "geometry": { "type": "Point", "coordinates": [ 113.900886535644531, 22.990520477294922 ] } },
{ "type": "Feature", "properties": { "city": "dongguan", "candidate_source": "place_village_hamlet_locality", "id": "2065801226", "osm_type": "node", "place": "village", "landuse": "None", "residential": "None", "name": "None" }, "geometry": { "type": "Point", "coordinates": [ 113.936851501464844, 22.997390747070312 ] } },
{ "type": "Feature", "properties": { "city": "dongguan", "candidate_source": "place_village_hamlet_locality", "id": "2065888173", "osm_type": "node", "place": "village", "landuse": "None", "residential": "None", "name": "None" }, "geometry": { "type": "Point", "coordinates": [ 113.860328674316406, 22.962539672851562 ] } },
{ "type": "Feature", "properties": { "city": "dongguan", "candidate_source": "place_village_hamlet_locality", "id": "2065797889", "osm_type": "node", "place": "village", "landuse": "None", "residential": "None", "name": "None" }, "geometry": { "type": "Point", "coordinates": [ 113.8583984375, 22.967519760131836 ] } },
{ "type": "Feature", "properties": { "city": "dongguan", "candidate_source": "place_village_hamlet_locality", "id": "2065802706", "osm_type": "node", "place": "village", "landuse": "None", "residential": "None", "name": "None" }, "geometry": { "type": "Point", "coordinates": [ 113.8544921875, 22.970010757446289 ] } },
{ "type": "Feature", "properties": { "city": "dongguan", "candidate_source": "place_village_hamlet_locality", "id": "2065869835", "osm_type": "node", "place": "village", "landuse": "None", "residential": "None", "name": "None" }, "geometry": { "type": "Point", "coordinates": [ 113.860458374023438, 22.978460311889648 ] } },
{ "type": "Feature", "properties": { "city": "dongguan", "candidate_source": "place_village_hamlet_locality", "id": "2065850411", "osm_type": "node", "place": "village", "landuse": "None", "residential": "None", "name": "None" }, "geometry": { "type": "Point", "coordinates": [ 113.845657348632812, 22.981340408325195 ] } },
{ "type": "Feature", "properties": { "city": "dongguan", "candidate_source": "place_village_hamlet_locality", "id": "2065848357", "osm_type": "node", "place": "village", "landuse": "None", "residential": "None", "name": "None" }, "geometry": { "type": "Point", "coordinates": [ 113.871871948242188, 22.986099243164062 ] } },
{ "type": "Feature", "properties": { "city": "dongguan", "candidate_source": "place_village_hamlet_locality", "id": "8479085670", "osm_type": "node", "place": "village", "landuse": "None", "residential": "None", "name": "None" }, "geometry": { "type": "Point", "coordinates": [ 113.87933349609375, 22.986818313598633 ] } },
{ "type": "Feature", "properties": { "city": "dongguan", "candidate_source": "place_village_hamlet_locality", "id": "2065813599", "osm_type": "node", "place": "village", "landuse": "None", "residential": "None", "name": "None" }, "geometry": { "type": "Point", "coordinates": [ 113.84149169921875, 22.98798942565918 ] } },
{ "type": "Feature", "properties": { "city": "dongguan", "candidate_source": "place_village_hamlet_locality", "id": "5073085499", "osm_type": "node", "place": "hamlet", "landuse": "None", "residential": "None", "name": "None" }, "geometry": { "type": "Point", "coordinates": [ 113.804931640625, 22.988521575927734 ] } },
{ "type": "Feature", "properties": { "city": "dongguan", "candidate_source": "place_village_hamlet_locality", "id": "2065857221", "osm_type": "node", "place": "village", "landuse": "None", "residential": "None", "name": "None" }, "geometry": { "type": "Point", "coordinates": [ 113.814369201660156, 22.989490509033203 ] } },
{ "type": "Feature", "properties": { "city": "dongguan", "candidate_source": "place_village_hamlet_locality", "id": "2065884958", "osm_type": "node", "place": "village", "landuse": "None", "residential": "None", "name": "None" }, "geometry": { "type": "Point", "coordinates": [ 113.948074340820312, 22.978719711303711 ] } },
{ "type": "Feature", "properties": { "city": "dongguan", "candidate_source": "place_village_hamlet_locality", "id": "2065838640", "osm_type": "node", "place": "village", "landuse": "None", "residential": "None", "name": "None" }, "geometry": { "type": "Point", "coordinates": [ 113.969642639160156, 22.979280471801758 ] } },
{ "type": "Feature", "properties": { "city": "dongguan", "candidate_source": "place_village_hamlet_locality", "id": "2065817367", "osm_type": "node", "place": "village", "landuse": "None", "residential": "None", "name": "None" }, "geometry": { "type": "Point", "coordinates": [ 113.968612670898438, 22.982969284057617 ] } },
{ "type": "Feature", "properties": { "city": "dongguan", "candidate_source": "place_village_hamlet_locality", "id": "2065813284", "osm_type": "node", "place": "village", "landuse": "None", "residential": "None", "name": "None" }, "geometry": { "type": "Point", "coordinates": [ 113.946250915527344, 22.9881591796875 ] } },
{ "type": "Feature", "properties": { "city": "dongguan", "candidate_source": "place_village_hamlet_locality", "id": "2065799442", "osm_type": "node", "place": "village", "landuse": "None", "residential": "None", "name": "None" }, "geometry": { "type": "Point", "coordinates": [ 113.944297790527344, 22.992277145385742 ] } },
{ "type": "Feature", "properties": { "city": "dongguan", "candidate_source": "place_village_hamlet_locality", "id": "2065805336", "osm_type": "node", "place": "village", "landuse": "None", "residential": "None", "name": "None" }, "geometry": { "type": "Point", "coordinates": [ 113.966201782226562, 22.995159149169922 ] } },
{ "type": "Feature", "properties": { "city": "dongguan", "candidate_source": "place_village_hamlet_locality", "id": "2065831741", "osm_type": "node", "place": "village", "landuse": "None", "residential": "None", "name": "None" }, "geometry": { "type": "Point", "coordinates": [ 113.942222595214844, 22.996959686279297 ] } },
{ "type": "Feature", "properties": { "city": "dongguan", "candidate_source": "place_village_hamlet_locality", "id": "2065805773", "osm_type": "node", "place": "village", "landuse": "None", "residential": "None", "name": "None" }, "geometry": { "type": "Point", "coordinates": [ 113.951622009277344, 22.997730255126953 ] } },
{ "type": "Feature", "properties": { "city": "dongguan", "candidate_source": "place_village_hamlet_locality", "id": "2065857952", "osm_type": "node", "place": "village", "landuse": "None", "residential": "None", "name": "None" }, "geometry": { "type": "Point", "coordinates": [ 113.971382141113281, 23.010505676269531 ] } },
{ "type": "Feature", "properties": { "city": "dongguan", "candidate_source": "place_village_hamlet_locality", "id": "13815001148", "osm_type": "node", "place": "village", "landuse": "None", "residential": "None", "name": "None" }, "geometry": { "type": "Point", "coordinates": [ 113.957099914550781, 23.024206161499023 ] } },
{ "type": "Feature", "properties": { "city": "dongguan", "candidate_source": "place_village_hamlet_locality", "id": "2065801216", "osm_type": "node", "place": "village", "landuse": "None", "residential": "None", "name": "None" }, "geometry": { "type": "Point", "coordinates": [ 113.834396362304688, 22.989631652832031 ] } },
{ "type": "Feature", "properties": { "city": "dongguan", "candidate_source": "place_village_hamlet_locality", "id": "2065875818", "osm_type": "node", "place": "village", "landuse": "None", "residential": "None", "name": "None" }, "geometry": { "type": "Point", "coordinates": [ 113.849258422851562, 22.991899490356445 ] } },
{ "type": "Feature", "properties": { "city": "dongguan", "candidate_source": "place_village_hamlet_locality", "id": "2065884827", "osm_type": "node", "place": "village", "landuse": "None", "residential": "None", "name": "None" }, "geometry": { "type": "Point", "coordinates": [ 113.832313537597656, 22.99254035949707 ] } },
{ "type": "Feature", "properties": { "city": "dongguan", "candidate_source": "place_village_hamlet_locality", "id": "2065805291", "osm_type": "node", "place": "village", "landuse": "None", "residential": "None", "name": "None" }, "geometry": { "type": "Point", "coordinates": [ 113.873001098632812, 22.99336051940918 ] } },
{ "type": "Feature", "properties": { "city": "dongguan", "candidate_source": "place_village_hamlet_locality", "id": "2065886966", "osm_type": "node", "place": "village", "landuse": "None", "residential": "None", "name": "None" }, "geometry": { "type": "Point", "coordinates": [ 113.851577758789062, 22.998849868774414 ] } },
{ "type": "Feature", "properties": { "city": "dongguan", "candidate_source": "place_village_hamlet_locality", "id": "2065804182", "osm_type": "node", "place": "village", "landuse": "None", "residential": "None", "name": "None" }, "geometry": { "type": "Point", "coordinates": [ 113.816780090332031, 22.99928092956543 ] } },
{ "type": "Feature", "properties": { "city": "dongguan", "candidate_source": "place_village_hamlet_locality", "id": "2065888252", "osm_type": "node", "place": "village", "landuse": "None", "residential": "None", "name": "None" }, "geometry": { "type": "Point", "coordinates": [ 113.834671020507812, 23.013439178466797 ] } },
{ "type": "Feature", "properties": { "city": "dongguan", "candidate_source": "place_village_hamlet_locality", "id": "2065812997", "osm_type": "node", "place": "village", "landuse": "None", "residential": "None", "name": "None" }, "geometry": { "type": "Point", "coordinates": [ 113.865478515625, 23.014680862426758 ] } },
{ "type": "Feature", "properties": { "city": "dongguan", "candidate_source": "place_village_hamlet_locality", "id": "2065805837", "osm_type": "node", "place": "village", "landuse": "None", "residential": "None", "name": "None" }, "geometry": { "type": "Point", "coordinates": [ 113.845611572265625, 23.024639129638672 ] } },
{ "type": "Feature", "properties": { "city": "dongguan", "candidate_source": "place_village_hamlet_locality", "id": "2065798638", "osm_type": "node", "place": "village", "landuse": "None", "residential": "None", "name": "None" }, "geometry": { "type": "Point", "coordinates": [ 113.832283020019531, 23.025360107421875 ] } },
{ "type": "Feature", "properties": { "city": "dongguan", "candidate_source": "place_village_hamlet_locality", "id": "2065824055", "osm_type": "node", "place": "hamlet", "landuse": "None", "residential": "None", "name": "None" }, "geometry": { "type": "Point", "coordinates": [ 113.723991394042969, 23.008029937744141 ] } },
{ "type": "Feature", "properties": { "city": "dongguan", "candidate_source": "place_village_hamlet_locality", "id": "2065797226", "osm_type": "node", "place": "hamlet", "landuse": "None", "residential": "None", "name": "None" }, "geometry": { "type": "Point", "coordinates": [ 113.736648559570312, 23.013229370117188 ] } },
{ "type": "Feature", "properties": { "city": "dongguan", "candidate_source": "place_village_hamlet_locality", "id": "2065801251", "osm_type": "node", "place": "village", "landuse": "None", "residential": "None", "name": "None" }, "geometry": { "type": "Point", "coordinates": [ 113.738670349121094, 23.015590667724609 ] } },
{ "type": "Feature", "properties": { "city": "dongguan", "candidate_source": "place_village_hamlet_locality", "id": "2065880071", "osm_type": "node", "place": "hamlet", "landuse": "None", "residential": "None", "name": "None" }, "geometry": { "type": "Point", "coordinates": [ 113.71630859375, 23.016359329223633 ] } },
{ "type": "Feature", "properties": { "city": "dongguan", "candidate_source": "place_village_hamlet_locality", "id": "2065861165", "osm_type": "node", "place": "village", "landuse": "None", "residential": "None", "name": "None" }, "geometry": { "type": "Point", "coordinates": [ 113.798446655273438, 23.02086067199707 ] } },
{ "type": "Feature", "properties": { "city": "dongguan", "candidate_source": "place_village_hamlet_locality", "id": "5072593681", "osm_type": "node", "place": "village", "landuse": "None", "residential": "None", "name": "None" }, "geometry": { "type": "Point", "coordinates": [ 113.741416931152344, 23.021770477294922 ] } },
{ "type": "Feature", "properties": { "city": "dongguan", "candidate_source": "place_village_hamlet_locality", "id": "5072593405", "osm_type": "node", "place": "hamlet", "landuse": "None", "residential": "None", "name": "None" }, "geometry": { "type": "Point", "coordinates": [ 113.734580993652344, 23.029853820800781 ] } },
{ "type": "Feature", "properties": { "city": "dongguan", "candidate_source": "place_village_hamlet_locality", "id": "5072593404", "osm_type": "node", "place": "village", "landuse": "None", "residential": "None", "name": "None" }, "geometry": { "type": "Point", "coordinates": [ 113.738052368164062, 23.031209945678711 ] } },
{ "type": "Feature", "properties": { "city": "dongguan", "candidate_source": "place_village_hamlet_locality", "id": "5072593403", "osm_type": "node", "place": "village", "landuse": "None", "residential": "None", "name": "None" }, "geometry": { "type": "Point", "coordinates": [ 113.742324829101562, 23.031522750854492 ] } },
{ "type": "Feature", "properties": { "city": "dongguan", "candidate_source": "place_village_hamlet_locality", "id": "2065833778", "osm_type": "node", "place": "hamlet", "landuse": "None", "residential": "None", "name": "None" }, "geometry": { "type": "Point", "coordinates": [ 113.717338562011719, 23.033180236816406 ] } },
{ "type": "Feature", "properties": { "city": "dongguan", "candidate_source": "place_village_hamlet_locality", "id": "2065878848", "osm_type": "node", "place": "village", "landuse": "None", "residential": "None", "name": "None" }, "geometry": { "type": "Point", "coordinates": [ 113.895790100097656, 22.999959945678711 ] } },
{ "type": "Feature", "properties": { "city": "dongguan", "candidate_source": "place_village_hamlet_locality", "id": "2065874038", "osm_type": "node", "place": "village", "landuse": "None", "residential": "None", "name": "None" }, "geometry": { "type": "Point", "coordinates": [ 113.882736206054688, 23.001419067382812 ] } },
{ "type": "Feature", "properties": { "city": "dongguan", "candidate_source": "place_village_hamlet_locality", "id": "2065806616", "osm_type": "node", "place": "village", "landuse": "None", "residential": "None", "name": "None" }, "geometry": { "type": "Point", "coordinates": [ 113.928871154785156, 23.004169464111328 ] } },
{ "type": "Feature", "properties": { "city": "dongguan", "candidate_source": "place_village_hamlet_locality", "id": "2065850896", "osm_type": "node", "place": "village", "landuse": "None", "residential": "None", "name": "None" }, "geometry": { "type": "Point", "coordinates": [ 113.895011901855469, 23.004600524902344 ] } },
{ "type": "Feature", "properties": { "city": "dongguan", "candidate_source": "place_village_hamlet_locality", "id": "2065891941", "osm_type": "node", "place": "village", "landuse": "None", "residential": "None", "name": "None" }, "geometry": { "type": "Point", "coordinates": [ 113.934532165527344, 23.009529113769531 ] } },
{ "type": "Feature", "properties": { "city": "dongguan", "candidate_source": "place_village_hamlet_locality", "id": "2065820323", "osm_type": "node", "place": "village", "landuse": "None", "residential": "None", "name": "None" }, "geometry": { "type": "Point", "coordinates": [ 113.92926025390625, 23.013439178466797 ] } },
{ "type": "Feature", "properties": { "city": "dongguan", "candidate_source": "place_village_hamlet_locality", "id": "2065879093", "osm_type": "node", "place": "village", "landuse": "None", "residential": "None", "name": "None" }, "geometry": { "type": "Point", "coordinates": [ 113.924453735351562, 23.014900207519531 ] } },
{ "type": "Feature", "properties": { "city": "dongguan", "candidate_source": "place_village_hamlet_locality", "id": "2065827314", "osm_type": "node", "place": "village", "landuse": "None", "residential": "None", "name": "None" }, "geometry": { "type": "Point", "coordinates": [ 113.905906677246094, 23.02433967590332 ] } },
{ "type": "Feature", "properties": { "city": "dongguan", "candidate_source": "place_village_hamlet_locality", "id": "2065862492", "osm_type": "node", "place": "village", "landuse": "None", "residential": "None", "name": "None" }, "geometry": { "type": "Point", "coordinates": [ 113.881797790527344, 23.030658721923828 ] } },
{ "type": "Feature", "properties": { "city": "dongguan", "candidate_source": "place_village_hamlet_locality", "id": "2065802724", "osm_type": "node", "place": "village", "landuse": "None", "residential": "None", "name": "None" }, "geometry": { "type": "Point", "coordinates": [ 113.893760681152344, 23.043689727783203 ] } },
{ "type": "Feature", "properties": { "city": "dongguan", "candidate_source": "place_village_hamlet_locality", "id": "2065862608", "osm_type": "node", "place": "village", "landuse": "None", "residential": "None", "name": "None" }, "geometry": { "type": "Point", "coordinates": [ 113.939247131347656, 23.0245361328125 ] } },
{ "type": "Feature", "properties": { "city": "dongguan", "candidate_source": "place_village_hamlet_locality", "id": "2065887850", "osm_type": "node", "place": "village", "landuse": "None", "residential": "None", "name": "None" }, "geometry": { "type": "Point", "coordinates": [ 113.948432922363281, 23.025566101074219 ] } },
{ "type": "Feature", "properties": { "city": "dongguan", "candidate_source": "place_village_hamlet_locality", "id": "2065841591", "osm_type": "node", "place": "village", "landuse": "None", "residential": "None", "name": "None" }, "geometry": { "type": "Point", "coordinates": [ 113.961982727050781, 23.026254653930664 ] } },
{ "type": "Feature", "properties": { "city": "dongguan", "candidate_source": "place_village_hamlet_locality", "id": "2065820099", "osm_type": "node", "place": "village", "landuse": "None", "residential": "None", "name": "None" }, "geometry": { "type": "Point", "coordinates": [ 113.950126647949219, 23.033706665039062 ] } },
{ "type": "Feature", "properties": { "city": "dongguan", "candidate_source": "place_village_hamlet_locality", "id": "2065814867", "osm_type": "node", "place": "village", "landuse": "None", "residential": "None", "name": "None" }, "geometry": { "type": "Point", "coordinates": [ 113.950660705566406, 23.038742065429688 ] } },
{ "type": "Feature", "properties": { "city": "dongguan", "candidate_source": "place_village_hamlet_locality", "id": "2065823671", "osm_type": "node", "place": "village", "landuse": "None", "residential": "None", "name": "None" }, "geometry": { "type": "Point", "coordinates": [ 113.964889526367188, 23.041458129882812 ] } },
{ "type": "Feature", "properties": { "city": "dongguan", "candidate_source": "place_village_hamlet_locality", "id": "2065834075", "osm_type": "node", "place": "village", "landuse": "None", "residential": "None", "name": "None" }, "geometry": { "type": "Point", "coordinates": [ 113.941818237304688, 23.05225944519043 ] } },
{ "type": "Feature", "properties": { "city": "dongguan", "candidate_source": "place_village_hamlet_locality", "id": "2065803333", "osm_type": "node", "place": "village", "landuse": "None", "residential": "None", "name": "None" }, "geometry": { "type": "Point", "coordinates": [ 113.981948852539062, 23.058929443359375 ] } },
{ "type": "Feature", "properties": { "city": "dongguan", "candidate_source": "place_village_hamlet_locality", "id": "2065798938", "osm_type": "node", "place": "village", "landuse": "None", "residential": "None", "name": "None" }, "geometry": { "type": "Point", "coordinates": [ 113.955307006835938, 23.063909530639648 ] } },
{ "type": "Feature", "properties": { "city": "dongguan", "candidate_source": "place_village_hamlet_locality", "id": "2065819608", "osm_type": "node", "place": "village", "landuse": "None", "residential": "None", "name": "None" }, "geometry": { "type": "Point", "coordinates": [ 113.948402404785156, 23.070989608764648 ] } },
{ "type": "Feature", "properties": { "city": "dongguan", "candidate_source": "place_village_hamlet_locality", "id": "2065848674", "osm_type": "node", "place": "village", "landuse": "None", "residential": "None", "name": "None" }, "geometry": { "type": "Point", "coordinates": [ 113.577400207519531, 22.9197998046875 ] } },
{ "type": "Feature", "properties": { "city": "dongguan", "candidate_source": "place_village_hamlet_locality", "id": "2065805544", "osm_type": "node", "place": "hamlet", "landuse": "None", "residential": "None", "name": "None" }, "geometry": { "type": "Point", "coordinates": [ 113.578994750976562, 22.925764083862305 ] } },
{ "type": "Feature", "properties": { "city": "dongguan", "candidate_source": "place_village_hamlet_locality", "id": "2065842933", "osm_type": "node", "place": "village", "landuse": "None", "residential": "None", "name": "None" }, "geometry": { "type": "Point", "coordinates": [ 113.639877319335938, 22.927219390869141 ] } },
{ "type": "Feature", "properties": { "city": "dongguan", "candidate_source": "place_village_hamlet_locality", "id": "2065835752", "osm_type": "node", "place": "village", "landuse": "None", "residential": "None", "name": "None" }, "geometry": { "type": "Point", "coordinates": [ 113.625839233398438, 22.941770553588867 ] } },
{ "type": "Feature", "properties": { "city": "dongguan", "candidate_source": "place_village_hamlet_locality", "id": "2065890301", "osm_type": "node", "place": "village", "landuse": "None", "residential": "None", "name": "None" }, "geometry": { "type": "Point", "coordinates": [ 113.643608093261719, 22.946872711181641 ] } },
{ "type": "Feature", "properties": { "city": "dongguan", "candidate_source": "place_village_hamlet_locality", "id": "2065883561", "osm_type": "node", "place": "village", "landuse": "None", "residential": "None", "name": "None" }, "geometry": { "type": "Point", "coordinates": [ 113.609016418457031, 22.954729080200195 ] } },
{ "type": "Feature", "properties": { "city": "dongguan", "candidate_source": "place_village_hamlet_locality", "id": "2065804838", "osm_type": "node", "place": "village", "landuse": "None", "residential": "None", "name": "None" }, "geometry": { "type": "Point", "coordinates": [ 113.56494140625, 22.961339950561523 ] } },
{ "type": "Feature", "properties": { "city": "dongguan", "candidate_source": "place_village_hamlet_locality", "id": "2065856345", "osm_type": "node", "place": "village", "landuse": "None", "residential": "None", "name": "None" }, "geometry": { "type": "Point", "coordinates": [ 113.71441650390625, 22.929460525512695 ] } },
{ "type": "Feature", "properties": { "city": "dongguan", "candidate_source": "place_village_hamlet_locality", "id": "2065843693", "osm_type": "node", "place": "village", "landuse": "None", "residential": "None", "name": "None" }, "geometry": { "type": "Point", "coordinates": [ 113.750602722167969, 22.937950134277344 ] } },
{ "type": "Feature", "properties": { "city": "dongguan", "candidate_source": "place_village_hamlet_locality", "id": "2065855247", "osm_type": "node", "place": "village", "landuse": "None", "residential": "None", "name": "None" }, "geometry": { "type": "Point", "coordinates": [ 113.769996643066406, 22.960569381713867 ] } },
{ "type": "Feature", "properties": { "city": "dongguan", "candidate_source": "place_village_hamlet_locality", "id": "2065877689", "osm_type": "node", "place": "village", "landuse": "None", "residential": "None", "name": "None" }, "geometry": { "type": "Point", "coordinates": [ 113.725830078125, 22.970220565795898 ] } },
{ "type": "Feature", "properties": { "city": "dongguan", "candidate_source": "place_village_hamlet_locality", "id": "2065883834", "osm_type": "node", "place": "hamlet", "landuse": "None", "residential": "None", "name": "None" }, "geometry": { "type": "Point", "coordinates": [ 113.721969604492188, 22.971040725708008 ] } },
{ "type": "Feature", "properties": { "city": "dongguan", "candidate_source": "place_village_hamlet_locality", "id": "2065829331", "osm_type": "node", "place": "hamlet", "landuse": "None", "residential": "None", "name": "None" }, "geometry": { "type": "Point", "coordinates": [ 113.729270935058594, 22.971250534057617 ] } },
{ "type": "Feature", "properties": { "city": "dongguan", "candidate_source": "place_village_hamlet_locality", "id": "2065888000", "osm_type": "node", "place": "hamlet", "landuse": "None", "residential": "None", "name": "None" }, "geometry": { "type": "Point", "coordinates": [ 113.755241394042969, 22.976530075073242 ] } },
{ "type": "Feature", "properties": { "city": "dongguan", "candidate_source": "place_village_hamlet_locality", "id": "2065823322", "osm_type": "node", "place": "hamlet", "landuse": "None", "residential": "None", "name": "None" }, "geometry": { "type": "Point", "coordinates": [ 113.727813720703125, 22.977306365966797 ] } },
{ "type": "Feature", "properties": { "city": "dongguan", "candidate_source": "place_village_hamlet_locality", "id": "2065806510", "osm_type": "node", "place": "hamlet", "landuse": "None", "residential": "None", "name": "None" }, "geometry": { "type": "Point", "coordinates": [ 113.745063781738281, 22.981550216674805 ] } },
{ "type": "Feature", "properties": { "city": "dongguan", "candidate_source": "place_village_hamlet_locality", "id": "2065855504", "osm_type": "node", "place": "hamlet", "landuse": "None", "residential": "None", "name": "None" }, "geometry": { "type": "Point", "coordinates": [ 113.760856628417969, 22.988000869750977 ] } },
{ "type": "Feature", "properties": { "city": "dongguan", "candidate_source": "place_village_hamlet_locality", "id": "2065799481", "osm_type": "node", "place": "village", "landuse": "None", "residential": "None", "name": "None" }, "geometry": { "type": "Point", "coordinates": [ 113.701286315917969, 22.943700790405273 ] } },
{ "type": "Feature", "properties": { "city": "dongguan", "candidate_source": "place_village_hamlet_locality", "id": "2065812248", "osm_type": "node", "place": "village", "landuse": "None", "residential": "None", "name": "None" }, "geometry": { "type": "Point", "coordinates": [ 113.6597900390625, 22.955379486083984 ] } },
{ "type": "Feature", "properties": { "city": "dongguan", "candidate_source": "place_village_hamlet_locality", "id": "2065887111", "osm_type": "node", "place": "village", "landuse": "None", "residential": "None", "name": "None" }, "geometry": { "type": "Point", "coordinates": [ 113.686759948730469, 22.968097686767578 ] } },
{ "type": "Feature", "properties": { "city": "dongguan", "candidate_source": "place_village_hamlet_locality", "id": "4339602014", "osm_type": "node", "place": "village", "landuse": "None", "residential": "None", "name": "None" }, "geometry": { "type": "Point", "coordinates": [ 113.693893432617188, 22.97191047668457 ] } },
{ "type": "Feature", "properties": { "city": "dongguan", "candidate_source": "place_village_hamlet_locality", "id": "12497533803", "osm_type": "node", "place": "village", "landuse": "None", "residential": "None", "name": "None" }, "geometry": { "type": "Point", "coordinates": [ 113.688529968261719, 22.971979141235352 ] } },
{ "type": "Feature", "properties": { "city": "dongguan", "candidate_source": "place_village_hamlet_locality", "id": "7566457296", "osm_type": "node", "place": "locality", "landuse": "None", "residential": "None", "name": "None" }, "geometry": { "type": "Point", "coordinates": [ 113.691429138183594, 22.977354049682617 ] } },
{ "type": "Feature", "properties": { "city": "dongguan", "candidate_source": "place_village_hamlet_locality", "id": "2065863546", "osm_type": "node", "place": "village", "landuse": "None", "residential": "None", "name": "None" }, "geometry": { "type": "Point", "coordinates": [ 113.695671081542969, 22.981285095214844 ] } },
{ "type": "Feature", "properties": { "city": "dongguan", "candidate_source": "place_village_hamlet_locality", "id": "13852181291", "osm_type": "node", "place": "hamlet", "landuse": "None", "residential": "None", "name": "None" }, "geometry": { "type": "Point", "coordinates": [ 113.672294616699219, 22.987079620361328 ] } },
{ "type": "Feature", "properties": { "city": "dongguan", "candidate_source": "place_village_hamlet_locality", "id": "2065877238", "osm_type": "node", "place": "village", "landuse": "None", "residential": "None", "name": "None" }, "geometry": { "type": "Point", "coordinates": [ 113.671012878417969, 22.989606857299805 ] } },
{ "type": "Feature", "properties": { "city": "dongguan", "candidate_source": "place_village_hamlet_locality", "id": "2065860123", "osm_type": "node", "place": "hamlet", "landuse": "None", "residential": "None", "name": "None" }, "geometry": { "type": "Point", "coordinates": [ 113.706306457519531, 22.992019653320312 ] } },
{ "type": "Feature", "properties": { "city": "dongguan", "candidate_source": "place_village_hamlet_locality", "id": "2065800515", "osm_type": "node", "place": "village", "landuse": "None", "residential": "None", "name": "None" }, "geometry": { "type": "Point", "coordinates": [ 113.615669250488281, 22.97150993347168 ] } },
{ "type": "Feature", "properties": { "city": "dongguan", "candidate_source": "place_village_hamlet_locality", "id": "2065849585", "osm_type": "node", "place": "village", "landuse": "None", "residential": "None", "name": "None" }, "geometry": { "type": "Point", "coordinates": [ 113.599845886230469, 22.974790573120117 ] } },
{ "type": "Feature", "properties": { "city": "dongguan", "candidate_source": "place_village_hamlet_locality", "id": "2065803274", "osm_type": "node", "place": "village", "landuse": "None", "residential": "None", "name": "None" }, "geometry": { "type": "Point", "coordinates": [ 113.644210815429688, 22.975589752197266 ] } },
{ "type": "Feature", "properties": { "city": "dongguan", "candidate_source": "place_village_hamlet_locality", "id": "2065800070", "osm_type": "node", "place": "village", "landuse": "None", "residential": "None", "name": "None" }, "geometry": { "type": "Point", "coordinates": [ 113.574897766113281, 22.97722053527832 ] } },
{ "type": "Feature", "properties": { "city": "dongguan", "candidate_source": "place_village_hamlet_locality", "id": "2065879062", "osm_type": "node", "place": "village", "landuse": "None", "residential": "None", "name": "None" }, "geometry": { "type": "Point", "coordinates": [ 113.556831359863281, 22.97953987121582 ] } },
{ "type": "Feature", "properties": { "city": "dongguan", "candidate_source": "place_village_hamlet_locality", "id": "2065814354", "osm_type": "node", "place": "village", "landuse": "None", "residential": "None", "name": "None" }, "geometry": { "type": "Point", "coordinates": [ 113.61785888671875, 22.983999252319336 ] } },
{ "type": "Feature", "properties": { "city": "dongguan", "candidate_source": "place_village_hamlet_locality", "id": "2065824944", "osm_type": "node", "place": "village", "landuse": "None", "residential": "None", "name": "None" }, "geometry": { "type": "Point", "coordinates": [ 113.599922180175781, 22.984640121459961 ] } },
{ "type": "Feature", "properties": { "city": "dongguan", "candidate_source": "place_village_hamlet_locality", "id": "13852181292", "osm_type": "node", "place": "hamlet", "landuse": "None", "residential": "None", "name": "None" }, "geometry": { "type": "Point", "coordinates": [ 113.674270629882812, 22.993047714233398 ] } },
{ "type": "Feature", "properties": { "city": "dongguan", "candidate_source": "place_village_hamlet_locality", "id": "2065803359", "osm_type": "node", "place": "village", "landuse": "None", "residential": "None", "name": "None" }, "geometry": { "type": "Point", "coordinates": [ 113.661239624023438, 22.993534088134766 ] } },
{ "type": "Feature", "properties": { "city": "dongguan", "candidate_source": "place_village_hamlet_locality", "id": "2065817509", "osm_type": "node", "place": "hamlet", "landuse": "None", "residential": "None", "name": "None" }, "geometry": { "type": "Point", "coordinates": [ 113.706230163574219, 22.994470596313477 ] } },
{ "type": "Feature", "properties": { "city": "dongguan", "candidate_source": "place_village_hamlet_locality", "id": "2065877761", "osm_type": "node", "place": "village", "landuse": "None", "residential": "None", "name": "None" }, "geometry": { "type": "Point", "coordinates": [ 113.68756103515625, 22.995500564575195 ] } },
{ "type": "Feature", "properties": { "city": "dongguan", "candidate_source": "place_village_hamlet_locality", "id": "13852181293", "osm_type": "node", "place": "hamlet", "landuse": "None", "residential": "None", "name": "None" }, "geometry": { "type": "Point", "coordinates": [ 113.677238464355469, 22.99620246887207 ] } },
{ "type": "Feature", "properties": { "city": "dongguan", "candidate_source": "place_village_hamlet_locality", "id": "13852181294", "osm_type": "node", "place": "hamlet", "landuse": "None", "residential": "None", "name": "None" }, "geometry": { "type": "Point", "coordinates": [ 113.669654846191406, 22.996210098266602 ] } },
{ "type": "Feature", "properties": { "city": "dongguan", "candidate_source": "place_village_hamlet_locality", "id": "2065878500", "osm_type": "node", "place": "village", "landuse": "None", "residential": "None", "name": "None" }, "geometry": { "type": "Point", "coordinates": [ 113.655921936035156, 22.998029708862305 ] } },
{ "type": "Feature", "properties": { "city": "dongguan", "candidate_source": "place_village_hamlet_locality", "id": "2065844600", "osm_type": "node", "place": "village", "landuse": "None", "residential": "None", "name": "None" }, "geometry": { "type": "Point", "coordinates": [ 113.655433654785156, 22.999872207641602 ] } },
{ "type": "Feature", "properties": { "city": "dongguan", "candidate_source": "place_village_hamlet_locality", "id": "2065877208", "osm_type": "node", "place": "hamlet", "landuse": "None", "residential": "None", "name": "None" }, "geometry": { "type": "Point", "coordinates": [ 113.669898986816406, 23.00126838684082 ] } },
{ "type": "Feature", "properties": { "city": "dongguan", "candidate_source": "place_village_hamlet_locality", "id": "2065823633", "osm_type": "node", "place": "hamlet", "landuse": "None", "residential": "None", "name": "None" }, "geometry": { "type": "Point", "coordinates": [ 113.698966979980469, 23.001289367675781 ] } },
{ "type": "Feature", "properties": { "city": "dongguan", "candidate_source": "place_village_hamlet_locality", "id": "2065820435", "osm_type": "node", "place": "hamlet", "landuse": "None", "residential": "None", "name": "None" }, "geometry": { "type": "Point", "coordinates": [ 113.741722106933594, 22.992630004882812 ] } },
{ "type": "Feature", "properties": { "city": "dongguan", "candidate_source": "place_village_hamlet_locality", "id": "13826600423", "osm_type": "node", "place": "hamlet", "landuse": "None", "residential": "None", "name": "None" }, "geometry": { "type": "Point", "coordinates": [ 113.75341796875, 22.992984771728516 ] } },
{ "type": "Feature", "properties": { "city": "dongguan", "candidate_source": "place_village_hamlet_locality", "id": "2065877867", "osm_type": "node", "place": "hamlet", "landuse": "None", "residential": "None", "name": "None" }, "geometry": { "type": "Point", "coordinates": [ 113.715446472167969, 22.994640350341797 ] } },
{ "type": "Feature", "properties": { "city": "dongguan", "candidate_source": "place_village_hamlet_locality", "id": "2065878291", "osm_type": "node", "place": "hamlet", "landuse": "None", "residential": "None", "name": "None" }, "geometry": { "type": "Point", "coordinates": [ 113.738540649414062, 22.996059417724609 ] } },
{ "type": "Feature", "properties": { "city": "dongguan", "candidate_source": "place_village_hamlet_locality", "id": "2065804772", "osm_type": "node", "place": "hamlet", "landuse": "None", "residential": "None", "name": "None" }, "geometry": { "type": "Point", "coordinates": [ 113.71820068359375, 22.999019622802734 ] } },
{ "type": "Feature", "properties": { "city": "dongguan", "candidate_source": "place_village_hamlet_locality", "id": "2065804808", "osm_type": "node", "place": "hamlet", "landuse": "None", "residential": "None", "name": "None" }, "geometry": { "type": "Point", "coordinates": [ 113.715019226074219, 23.000909805297852 ] } },
{ "type": "Feature", "properties": { "city": "dongguan", "candidate_source": "place_village_hamlet_locality", "id": "13826891209", "osm_type": "node", "place": "hamlet", "landuse": "None", "residential": "None", "name": "None" }, "geometry": { "type": "Point", "coordinates": [ 113.762680053710938, 23.001754760742188 ] } },
{ "type": "Feature", "properties": { "city": "dongguan", "candidate_source": "place_village_hamlet_locality", "id": "2065866284", "osm_type": "node", "place": "village", "landuse": "None", "residential": "None", "name": "None" }, "geometry": { "type": "Point", "coordinates": [ 113.776260375976562, 23.00425910949707 ] } },
{ "type": "Feature", "properties": { "city": "dongguan", "candidate_source": "place_village_hamlet_locality", "id": "443931034", "osm_type": "way", "place": "hamlet", "landuse": "None", "residential": "None", "name": "None" }, "geometry": { "type": "Polygon", "coordinates": [ [ [ 113.73675537109375, 23.006227493286133 ], [ 113.737258911132812, 23.005792617797852 ], [ 113.736785888671875, 23.005327224731445 ], [ 113.736732482910156, 23.005275726318359 ], [ 113.736152648925781, 23.004707336425781 ], [ 113.734947204589844, 23.00575065612793 ], [ 113.733970642089844, 23.006610870361328 ], [ 113.734718322753906, 23.007961273193359 ], [ 113.734962463378906, 23.008033752441406 ], [ 113.737373352050781, 23.0068359375 ], [ 113.73675537109375, 23.006227493286133 ] ] ] } },
{ "type": "Feature", "properties": { "city": "dongguan", "candidate_source": "place_village_hamlet_locality", "id": "2065854441", "osm_type": "node", "place": "hamlet", "landuse": "None", "residential": "None", "name": "None" }, "geometry": { "type": "Point", "coordinates": [ 113.75421142578125, 23.007299423217773 ] } },
{ "type": "Feature", "properties": { "city": "dongguan", "candidate_source": "place_village_hamlet_locality", "id": "2065806119", "osm_type": "node", "place": "village", "landuse": "None", "residential": "None", "name": "None" }, "geometry": { "type": "Point", "coordinates": [ 113.620048522949219, 23.000179290771484 ] } },
{ "type": "Feature", "properties": { "city": "dongguan", "candidate_source": "place_village_hamlet_locality", "id": "2065853564", "osm_type": "node", "place": "village", "landuse": "None", "residential": "None", "name": "None" }, "geometry": { "type": "Point", "coordinates": [ 113.563911437988281, 23.002840042114258 ] } },
{ "type": "Feature", "properties": { "city": "dongguan", "candidate_source": "place_village_hamlet_locality", "id": "2065800628", "osm_type": "node", "place": "village", "landuse": "None", "residential": "None", "name": "None" }, "geometry": { "type": "Point", "coordinates": [ 113.639671325683594, 23.013050079345703 ] } },
{ "type": "Feature", "properties": { "city": "dongguan", "candidate_source": "place_village_hamlet_locality", "id": "2065839212", "osm_type": "node", "place": "village", "landuse": "None", "residential": "None", "name": "None" }, "geometry": { "type": "Point", "coordinates": [ 113.612030029296875, 23.014469146728516 ] } },
{ "type": "Feature", "properties": { "city": "dongguan", "candidate_source": "place_village_hamlet_locality", "id": "2065798998", "osm_type": "node", "place": "village", "landuse": "None", "residential": "None", "name": "None" }, "geometry": { "type": "Point", "coordinates": [ 113.62725830078125, 23.017129898071289 ] } },
{ "type": "Feature", "properties": { "city": "dongguan", "candidate_source": "place_village_hamlet_locality", "id": "2065809762", "osm_type": "node", "place": "village", "landuse": "None", "residential": "None", "name": "None" }, "geometry": { "type": "Point", "coordinates": [ 113.645278930664062, 23.020610809326172 ] } },
{ "type": "Feature", "properties": { "city": "dongguan", "candidate_source": "place_village_hamlet_locality", "id": "2065884492", "osm_type": "node", "place": "village", "landuse": "None", "residential": "None", "name": "None" }, "geometry": { "type": "Point", "coordinates": [ 113.602630615234375, 23.026439666748047 ] } },
{ "type": "Feature", "properties": { "city": "dongguan", "candidate_source": "place_village_hamlet_locality", "id": "2065811968", "osm_type": "node", "place": "village", "landuse": "None", "residential": "None", "name": "None" }, "geometry": { "type": "Point", "coordinates": [ 113.611640930175781, 23.032110214233398 ] } },
{ "type": "Feature", "properties": { "city": "dongguan", "candidate_source": "place_village_hamlet_locality", "id": "2065862138", "osm_type": "node", "place": "village", "landuse": "None", "residential": "None", "name": "None" }, "geometry": { "type": "Point", "coordinates": [ 113.616493225097656, 23.032920837402344 ] } },
{ "type": "Feature", "properties": { "city": "dongguan", "candidate_source": "place_village_hamlet_locality", "id": "2065801146", "osm_type": "node", "place": "village", "landuse": "None", "residential": "None", "name": "None" }, "geometry": { "type": "Point", "coordinates": [ 113.640823364257812, 23.0335693359375 ] } },
{ "type": "Feature", "properties": { "city": "dongguan", "candidate_source": "place_village_hamlet_locality", "id": "2065803831", "osm_type": "node", "place": "village", "landuse": "None", "residential": "None", "name": "None" }, "geometry": { "type": "Point", "coordinates": [ 113.657707214355469, 23.005556106567383 ] } },
{ "type": "Feature", "properties": { "city": "dongguan", "candidate_source": "place_village_hamlet_locality", "id": "2065885949", "osm_type": "node", "place": "village", "landuse": "None", "residential": "None", "name": "None" }, "geometry": { "type": "Point", "coordinates": [ 113.668502807617188, 23.0067138671875 ] } },
{ "type": "Feature", "properties": { "city": "dongguan", "candidate_source": "place_village_hamlet_locality", "id": "2065867726", "osm_type": "node", "place": "hamlet", "landuse": "None", "residential": "None", "name": "None" }, "geometry": { "type": "Point", "coordinates": [ 113.705970764160156, 23.00922966003418 ] } },
{ "type": "Feature", "properties": { "city": "dongguan", "candidate_source": "place_village_hamlet_locality", "id": "2065873444", "osm_type": "node", "place": "hamlet", "landuse": "None", "residential": "None", "name": "None" }, "geometry": { "type": "Point", "coordinates": [ 113.704292297363281, 23.019790649414062 ] } },
{ "type": "Feature", "properties": { "city": "dongguan", "candidate_source": "place_village_hamlet_locality", "id": "5073167566", "osm_type": "node", "place": "hamlet", "landuse": "None", "residential": "None", "name": "None" }, "geometry": { "type": "Point", "coordinates": [ 113.703193664550781, 23.021486282348633 ] } },
{ "type": "Feature", "properties": { "city": "dongguan", "candidate_source": "place_village_hamlet_locality", "id": "2065813936", "osm_type": "node", "place": "village", "landuse": "None", "residential": "None", "name": "None" }, "geometry": { "type": "Point", "coordinates": [ 113.658760070800781, 23.026060104370117 ] } },
{ "type": "Feature", "properties": { "city": "dongguan", "candidate_source": "place_village_hamlet_locality", "id": "2065833172", "osm_type": "node", "place": "village", "landuse": "None", "residential": "None", "name": "None" }, "geometry": { "type": "Point", "coordinates": [ 113.686660766601562, 23.027650833129883 ] } },
{ "type": "Feature", "properties": { "city": "dongguan", "candidate_source": "place_village_hamlet_locality", "id": "2065876328", "osm_type": "node", "place": "hamlet", "landuse": "None", "residential": "None", "name": "None" }, "geometry": { "type": "Point", "coordinates": [ 113.704940795898438, 23.033519744873047 ] } },
{ "type": "Feature", "properties": { "city": "dongguan", "candidate_source": "place_village_hamlet_locality", "id": "2065831566", "osm_type": "node", "place": "village", "landuse": "None", "residential": "None", "name": "None" }, "geometry": { "type": "Point", "coordinates": [ 113.693817138671875, 23.034549713134766 ] } },
{ "type": "Feature", "properties": { "city": "dongguan", "candidate_source": "place_village_hamlet_locality", "id": "2065802254", "osm_type": "node", "place": "village", "landuse": "None", "residential": "None", "name": "None" }, "geometry": { "type": "Point", "coordinates": [ 113.700050354003906, 23.042110443115234 ] } },
{ "type": "Feature", "properties": { "city": "dongguan", "candidate_source": "place_village_hamlet_locality", "id": "2065834934", "osm_type": "node", "place": "village", "landuse": "None", "residential": "None", "name": "None" }, "geometry": { "type": "Point", "coordinates": [ 113.606658935546875, 23.036060333251953 ] } },
{ "type": "Feature", "properties": { "city": "dongguan", "candidate_source": "place_village_hamlet_locality", "id": "2065864865", "osm_type": "node", "place": "village", "landuse": "None", "residential": "None", "name": "None" }, "geometry": { "type": "Point", "coordinates": [ 113.613197326660156, 23.040334701538086 ] } },
{ "type": "Feature", "properties": { "city": "dongguan", "candidate_source": "place_village_hamlet_locality", "id": "2065841594", "osm_type": "node", "place": "village", "landuse": "None", "residential": "None", "name": "None" }, "geometry": { "type": "Point", "coordinates": [ 113.618202209472656, 23.041679382324219 ] } },
{ "type": "Feature", "properties": { "city": "dongguan", "candidate_source": "place_village_hamlet_locality", "id": "2065861772", "osm_type": "node", "place": "village", "landuse": "None", "residential": "None", "name": "None" }, "geometry": { "type": "Point", "coordinates": [ 113.637832641601562, 23.046575546264648 ] } },
{ "type": "Feature", "properties": { "city": "dongguan", "candidate_source": "place_village_hamlet_locality", "id": "2065890927", "osm_type": "node", "place": "village", "landuse": "None", "residential": "None", "name": "None" }, "geometry": { "type": "Point", "coordinates": [ 113.568031311035156, 23.04673957824707 ] } },
{ "type": "Feature", "properties": { "city": "dongguan", "candidate_source": "place_village_hamlet_locality", "id": "2065890981", "osm_type": "node", "place": "village", "landuse": "None", "residential": "None", "name": "None" }, "geometry": { "type": "Point", "coordinates": [ 113.567779541015625, 23.049230575561523 ] } },
{ "type": "Feature", "properties": { "city": "dongguan", "candidate_source": "place_village_hamlet_locality", "id": "2065890917", "osm_type": "node", "place": "village", "landuse": "None", "residential": "None", "name": "None" }, "geometry": { "type": "Point", "coordinates": [ 113.564262390136719, 23.050390243530273 ] } },
{ "type": "Feature", "properties": { "city": "dongguan", "candidate_source": "place_village_hamlet_locality", "id": "13514379339", "osm_type": "node", "place": "village", "landuse": "None", "residential": "None", "name": "None" }, "geometry": { "type": "Point", "coordinates": [ 113.540840148925781, 23.053510665893555 ] } },
{ "type": "Feature", "properties": { "city": "dongguan", "candidate_source": "place_village_hamlet_locality", "id": "2065804939", "osm_type": "node", "place": "village", "landuse": "None", "residential": "None", "name": "None" }, "geometry": { "type": "Point", "coordinates": [ 113.606658935546875, 23.055629730224609 ] } },
{ "type": "Feature", "properties": { "city": "dongguan", "candidate_source": "place_village_hamlet_locality", "id": "9535472229", "osm_type": "node", "place": "village", "landuse": "None", "residential": "None", "name": "None" }, "geometry": { "type": "Point", "coordinates": [ 113.647384643554688, 23.056175231933594 ] } },
{ "type": "Feature", "properties": { "city": "dongguan", "candidate_source": "place_village_hamlet_locality", "id": "5072593406", "osm_type": "node", "place": "village", "landuse": "None", "residential": "None", "name": "None" }, "geometry": { "type": "Point", "coordinates": [ 113.736892700195312, 23.034296035766602 ] } },
{ "type": "Feature", "properties": { "city": "dongguan", "candidate_source": "place_village_hamlet_locality", "id": "5073178354", "osm_type": "node", "place": "village", "landuse": "None", "residential": "None", "name": "None" }, "geometry": { "type": "Point", "coordinates": [ 113.724601745605469, 23.040325164794922 ] } },
{ "type": "Feature", "properties": { "city": "dongguan", "candidate_source": "place_village_hamlet_locality", "id": "2065808946", "osm_type": "node", "place": "hamlet", "landuse": "None", "residential": "None", "name": "None" }, "geometry": { "type": "Point", "coordinates": [ 113.711235046386719, 23.04503059387207 ] } },
{ "type": "Feature", "properties": { "city": "dongguan", "candidate_source": "place_village_hamlet_locality", "id": "2065855124", "osm_type": "node", "place": "hamlet", "landuse": "None", "residential": "None", "name": "None" }, "geometry": { "type": "Point", "coordinates": [ 113.720993041992188, 23.047809600830078 ] } },
{ "type": "Feature", "properties": { "city": "dongguan", "candidate_source": "place_village_hamlet_locality", "id": "5073124927", "osm_type": "node", "place": "village", "landuse": "None", "residential": "None", "name": "None" }, "geometry": { "type": "Point", "coordinates": [ 113.759010314941406, 23.056190490722656 ] } },
{ "type": "Feature", "properties": { "city": "dongguan", "candidate_source": "place_village_hamlet_locality", "id": "2065839600", "osm_type": "node", "place": "village", "landuse": "None", "residential": "None", "name": "None" }, "geometry": { "type": "Point", "coordinates": [ 113.752830505371094, 23.061929702758789 ] } },
{ "type": "Feature", "properties": { "city": "dongguan", "candidate_source": "place_village_hamlet_locality", "id": "2065840814", "osm_type": "node", "place": "village", "landuse": "None", "residential": "None", "name": "None" }, "geometry": { "type": "Point", "coordinates": [ 113.761756896972656, 23.067340850830078 ] } },
{ "type": "Feature", "properties": { "city": "dongguan", "candidate_source": "place_village_hamlet_locality", "id": "2065798929", "osm_type": "node", "place": "village", "landuse": "None", "residential": "None", "name": "None" }, "geometry": { "type": "Point", "coordinates": [ 113.73480224609375, 23.067899703979492 ] } },
{ "type": "Feature", "properties": { "city": "dongguan", "candidate_source": "place_village_hamlet_locality", "id": "2065798209", "osm_type": "node", "place": "village", "landuse": "None", "residential": "None", "name": "None" }, "geometry": { "type": "Point", "coordinates": [ 113.740730285644531, 23.069019317626953 ] } },
{ "type": "Feature", "properties": { "city": "dongguan", "candidate_source": "place_village_hamlet_locality", "id": "2065876030", "osm_type": "node", "place": "village", "landuse": "None", "residential": "None", "name": "None" }, "geometry": { "type": "Point", "coordinates": [ 113.712150573730469, 23.069490432739258 ] } },
{ "type": "Feature", "properties": { "city": "dongguan", "candidate_source": "place_village_hamlet_locality", "id": "2065804683", "osm_type": "node", "place": "village", "landuse": "None", "residential": "None", "name": "None" }, "geometry": { "type": "Point", "coordinates": [ 113.847366333007812, 23.028549194335938 ] } },
{ "type": "Feature", "properties": { "city": "dongguan", "candidate_source": "place_village_hamlet_locality", "id": "2065841016", "osm_type": "node", "place": "village", "landuse": "None", "residential": "None", "name": "None" }, "geometry": { "type": "Point", "coordinates": [ 113.82232666015625, 23.029788970947266 ] } },
{ "type": "Feature", "properties": { "city": "dongguan", "candidate_source": "place_village_hamlet_locality", "id": "2065866516", "osm_type": "node", "place": "village", "landuse": "None", "residential": "None", "name": "None" }, "geometry": { "type": "Point", "coordinates": [ 113.825363159179688, 23.035308837890625 ] } },
{ "type": "Feature", "properties": { "city": "dongguan", "candidate_source": "place_village_hamlet_locality", "id": "2065851902", "osm_type": "node", "place": "village", "landuse": "None", "residential": "None", "name": "None" }, "geometry": { "type": "Point", "coordinates": [ 113.830406188964844, 23.048591613769531 ] } },
{ "type": "Feature", "properties": { "city": "dongguan", "candidate_source": "place_village_hamlet_locality", "id": "2065874217", "osm_type": "node", "place": "village", "landuse": "None", "residential": "None", "name": "None" }, "geometry": { "type": "Point", "coordinates": [ 113.862632751464844, 23.050230026245117 ] } },
{ "type": "Feature", "properties": { "city": "dongguan", "candidate_source": "place_village_hamlet_locality", "id": "2065838361", "osm_type": "node", "place": "village", "landuse": "None", "residential": "None", "name": "None" }, "geometry": { "type": "Point", "coordinates": [ 113.815010070800781, 23.059450149536133 ] } },
{ "type": "Feature", "properties": { "city": "dongguan", "candidate_source": "place_village_hamlet_locality", "id": "2065797697", "osm_type": "node", "place": "village", "landuse": "None", "residential": "None", "name": "None" }, "geometry": { "type": "Point", "coordinates": [ 113.872650146484375, 23.060390472412109 ] } },
{ "type": "Feature", "properties": { "city": "dongguan", "candidate_source": "place_village_hamlet_locality", "id": "2065875329", "osm_type": "node", "place": "village", "landuse": "None", "residential": "None", "name": "None" }, "geometry": { "type": "Point", "coordinates": [ 113.867073059082031, 23.065799713134766 ] } },
{ "type": "Feature", "properties": { "city": "dongguan", "candidate_source": "place_village_hamlet_locality", "id": "2065798687", "osm_type": "node", "place": "village", "landuse": "None", "residential": "None", "name": "None" }, "geometry": { "type": "Point", "coordinates": [ 113.86260986328125, 23.070785522460938 ] } },
{ "type": "Feature", "properties": { "city": "dongguan", "candidate_source": "place_village_hamlet_locality", "id": "2065804775", "osm_type": "node", "place": "village", "landuse": "None", "residential": "None", "name": "None" }, "geometry": { "type": "Point", "coordinates": [ 113.822776794433594, 23.073310852050781 ] } },
{ "type": "Feature", "properties": { "city": "dongguan", "candidate_source": "place_village_hamlet_locality", "id": "2065811081", "osm_type": "node", "place": "village", "landuse": "None", "residential": "None", "name": "None" }, "geometry": { "type": "Point", "coordinates": [ 113.896339416503906, 23.044979095458984 ] } },
{ "type": "Feature", "properties": { "city": "dongguan", "candidate_source": "place_village_hamlet_locality", "id": "2065880083", "osm_type": "node", "place": "village", "landuse": "None", "residential": "None", "name": "None" }, "geometry": { "type": "Point", "coordinates": [ 113.912132263183594, 23.055370330810547 ] } },
{ "type": "Feature", "properties": { "city": "dongguan", "candidate_source": "place_village_hamlet_locality", "id": "2065879518", "osm_type": "node", "place": "village", "landuse": "None", "residential": "None", "name": "None" }, "geometry": { "type": "Point", "coordinates": [ 113.929924011230469, 23.083551406860352 ] } },
{ "type": "Feature", "properties": { "city": "dongguan", "candidate_source": "place_village_hamlet_locality", "id": "2065805888", "osm_type": "node", "place": "village", "landuse": "None", "residential": "None", "name": "None" }, "geometry": { "type": "Point", "coordinates": [ 113.920341491699219, 23.083633422851562 ] } },
{ "type": "Feature", "properties": { "city": "dongguan", "candidate_source": "place_village_hamlet_locality", "id": "2065806005", "osm_type": "node", "place": "village", "landuse": "None", "residential": "None", "name": "None" }, "geometry": { "type": "Point", "coordinates": [ 113.889862060546875, 23.084550857543945 ] } },
{ "type": "Feature", "properties": { "city": "dongguan", "candidate_source": "place_village_hamlet_locality", "id": "2065805709", "osm_type": "node", "place": "village", "landuse": "None", "residential": "None", "name": "None" }, "geometry": { "type": "Point", "coordinates": [ 113.927619934082031, 23.087980270385742 ] } },
{ "type": "Feature", "properties": { "city": "dongguan", "candidate_source": "place_village_hamlet_locality", "id": "2065835217", "osm_type": "node", "place": "village", "landuse": "None", "residential": "None", "name": "None" }, "geometry": { "type": "Point", "coordinates": [ 113.923469543457031, 23.090089797973633 ] } },
{ "type": "Feature", "properties": { "city": "dongguan", "candidate_source": "place_village_hamlet_locality", "id": "2065858206", "osm_type": "node", "place": "village", "landuse": "None", "residential": "None", "name": "None" }, "geometry": { "type": "Point", "coordinates": [ 113.902557373046875, 23.093559265136719 ] } },
{ "type": "Feature", "properties": { "city": "dongguan", "candidate_source": "place_village_hamlet_locality", "id": "2065858526", "osm_type": "node", "place": "village", "landuse": "None", "residential": "None", "name": "None" }, "geometry": { "type": "Point", "coordinates": [ 113.916770935058594, 23.095489501953125 ] } },
{ "type": "Feature", "properties": { "city": "dongguan", "candidate_source": "place_village_hamlet_locality", "id": "2065854999", "osm_type": "node", "place": "village", "landuse": "None", "residential": "None", "name": "None" }, "geometry": { "type": "Point", "coordinates": [ 113.89453125, 23.102020263671875 ] } },
{ "type": "Feature", "properties": { "city": "dongguan", "candidate_source": "place_village_hamlet_locality", "id": "2065841571", "osm_type": "node", "place": "village", "landuse": "None", "residential": "None", "name": "None" }, "geometry": { "type": "Point", "coordinates": [ 113.858451843261719, 23.07472038269043 ] } },
{ "type": "Feature", "properties": { "city": "dongguan", "candidate_source": "place_village_hamlet_locality", "id": "2065801643", "osm_type": "node", "place": "village", "landuse": "None", "residential": "None", "name": "None" }, "geometry": { "type": "Point", "coordinates": [ 113.825752258300781, 23.078880310058594 ] } },
{ "type": "Feature", "properties": { "city": "dongguan", "candidate_source": "place_village_hamlet_locality", "id": "2065818034", "osm_type": "node", "place": "village", "landuse": "None", "residential": "None", "name": "None" }, "geometry": { "type": "Point", "coordinates": [ 113.819480895996094, 23.089309692382812 ] } },
{ "type": "Feature", "properties": { "city": "dongguan", "candidate_source": "place_village_hamlet_locality", "id": "2065802504", "osm_type": "node", "place": "village", "landuse": "None", "residential": "None", "name": "None" }, "geometry": { "type": "Point", "coordinates": [ 113.875648498535156, 23.090900421142578 ] } },
{ "type": "Feature", "properties": { "city": "dongguan", "candidate_source": "place_village_hamlet_locality", "id": "2065801259", "osm_type": "node", "place": "village", "landuse": "None", "residential": "None", "name": "None" }, "geometry": { "type": "Point", "coordinates": [ 113.846351623535156, 23.090974807739258 ] } },
{ "type": "Feature", "properties": { "city": "dongguan", "candidate_source": "place_village_hamlet_locality", "id": "2065862998", "osm_type": "node", "place": "village", "landuse": "None", "residential": "None", "name": "None" }, "geometry": { "type": "Point", "coordinates": [ 113.801033020019531, 23.094770431518555 ] } },
{ "type": "Feature", "properties": { "city": "dongguan", "candidate_source": "place_village_hamlet_locality", "id": "2065798468", "osm_type": "node", "place": "village", "landuse": "None", "residential": "None", "name": "None" }, "geometry": { "type": "Point", "coordinates": [ 113.803260803222656, 23.095670700073242 ] } },
{ "type": "Feature", "properties": { "city": "dongguan", "candidate_source": "place_village_hamlet_locality", "id": "2065890307", "osm_type": "node", "place": "village", "landuse": "None", "residential": "None", "name": "None" }, "geometry": { "type": "Point", "coordinates": [ 113.821670532226562, 23.095710754394531 ] } },
{ "type": "Feature", "properties": { "city": "dongguan", "candidate_source": "place_village_hamlet_locality", "id": "2065878805", "osm_type": "node", "place": "village", "landuse": "None", "residential": "None", "name": "None" }, "geometry": { "type": "Point", "coordinates": [ 113.859169006347656, 23.095920562744141 ] } },
{ "type": "Feature", "properties": { "city": "dongguan", "candidate_source": "place_village_hamlet_locality", "id": "2065804918", "osm_type": "node", "place": "village", "landuse": "None", "residential": "None", "name": "None" }, "geometry": { "type": "Point", "coordinates": [ 113.837394714355469, 23.105714797973633 ] } },
{ "type": "Feature", "properties": { "city": "dongguan", "candidate_source": "place_village_hamlet_locality", "id": "2065804990", "osm_type": "node", "place": "village", "landuse": "None", "residential": "None", "name": "None" }, "geometry": { "type": "Point", "coordinates": [ 113.795791625976562, 23.090860366821289 ] } },
{ "type": "Feature", "properties": { "city": "dongguan", "candidate_source": "place_village_hamlet_locality", "id": "2065801607", "osm_type": "node", "place": "village", "landuse": "None", "residential": "None", "name": "None" }, "geometry": { "type": "Point", "coordinates": [ 113.72296142578125, 23.097249984741211 ] } },
{ "type": "Feature", "properties": { "city": "dongguan", "candidate_source": "place_village_hamlet_locality", "id": "2065801695", "osm_type": "node", "place": "village", "landuse": "None", "residential": "None", "name": "None" }, "geometry": { "type": "Point", "coordinates": [ 113.786781311035156, 23.097980499267578 ] } },
{ "type": "Feature", "properties": { "city": "dongguan", "candidate_source": "place_village_hamlet_locality", "id": "2065797596", "osm_type": "node", "place": "village", "landuse": "None", "residential": "None", "name": "None" }, "geometry": { "type": "Point", "coordinates": [ 113.718673706054688, 23.105539321899414 ] } },
{ "type": "Feature", "properties": { "city": "dongguan", "candidate_source": "place_village_hamlet_locality", "id": "2065802547", "osm_type": "node", "place": "village", "landuse": "None", "residential": "None", "name": "None" }, "geometry": { "type": "Point", "coordinates": [ 113.746307373046875, 23.106180191040039 ] } },
{ "type": "Feature", "properties": { "city": "dongguan", "candidate_source": "place_village_hamlet_locality", "id": "2065803786", "osm_type": "node", "place": "village", "landuse": "None", "residential": "None", "name": "None" }, "geometry": { "type": "Point", "coordinates": [ 113.761711120605469, 23.109140396118164 ] } },
{ "type": "Feature", "properties": { "city": "dongguan", "candidate_source": "place_village_hamlet_locality", "id": "2065838394", "osm_type": "node", "place": "village", "landuse": "None", "residential": "None", "name": "None" }, "geometry": { "type": "Point", "coordinates": [ 113.799217224121094, 23.111629486083984 ] } },
{ "type": "Feature", "properties": { "city": "dongguan", "candidate_source": "place_village_hamlet_locality", "id": "2065812409", "osm_type": "node", "place": "village", "landuse": "None", "residential": "None", "name": "None" }, "geometry": { "type": "Point", "coordinates": [ 113.752998352050781, 23.111839294433594 ] } },
{ "type": "Feature", "properties": { "city": "dongguan", "candidate_source": "place_village_hamlet_locality", "id": "2065805013", "osm_type": "node", "place": "village", "landuse": "None", "residential": "None", "name": "None" }, "geometry": { "type": "Point", "coordinates": [ 113.783638000488281, 23.113479614257812 ] } },
{ "type": "Feature", "properties": { "city": "dongguan", "candidate_source": "place_village_hamlet_locality", "id": "2065821612", "osm_type": "node", "place": "village", "landuse": "None", "residential": "None", "name": "None" }, "geometry": { "type": "Point", "coordinates": [ 113.736442565917969, 23.116140365600586 ] } },
{ "type": "Feature", "properties": { "city": "dongguan", "candidate_source": "place_village_hamlet_locality", "id": "2065804776", "osm_type": "node", "place": "village", "landuse": "None", "residential": "None", "name": "None" }, "geometry": { "type": "Point", "coordinates": [ 113.848190307617188, 23.10784912109375 ] } },
{ "type": "Feature", "properties": { "city": "dongguan", "candidate_source": "place_village_hamlet_locality", "id": "2065800071", "osm_type": "node", "place": "village", "landuse": "None", "residential": "None", "name": "None" }, "geometry": { "type": "Point", "coordinates": [ 113.848663330078125, 23.109439849853516 ] } },
{ "type": "Feature", "properties": { "city": "dongguan", "candidate_source": "place_village_hamlet_locality", "id": "2065836776", "osm_type": "node", "place": "village", "landuse": "None", "residential": "None", "name": "None" }, "geometry": { "type": "Point", "coordinates": [ 113.854621887207031, 23.109830856323242 ] } },
{ "type": "Feature", "properties": { "city": "dongguan", "candidate_source": "place_village_hamlet_locality", "id": "2065830813", "osm_type": "node", "place": "village", "landuse": "None", "residential": "None", "name": "None" }, "geometry": { "type": "Point", "coordinates": [ 113.83599853515625, 23.113899230957031 ] } },
{ "type": "Feature", "properties": { "city": "dongguan", "candidate_source": "place_village_hamlet_locality", "id": "2065878008", "osm_type": "node", "place": "village", "landuse": "None", "residential": "None", "name": "None" }, "geometry": { "type": "Point", "coordinates": [ 113.816093444824219, 23.116140365600586 ] } },
{ "type": "Feature", "properties": { "city": "dongguan", "candidate_source": "place_village_hamlet_locality", "id": "2065876894", "osm_type": "node", "place": "village", "landuse": "None", "residential": "None", "name": "None" }, "geometry": { "type": "Point", "coordinates": [ 113.837371826171875, 23.117170333862305 ] } },
{ "type": "Feature", "properties": { "city": "dongguan", "candidate_source": "place_village_hamlet_locality", "id": "2065803269", "osm_type": "node", "place": "village", "landuse": "None", "residential": "None", "name": "None" }, "geometry": { "type": "Point", "coordinates": [ 113.805580139160156, 23.122570037841797 ] } },
{ "type": "Feature", "properties": { "city": "dongguan", "candidate_source": "place_village_hamlet_locality", "id": "2065892505", "osm_type": "node", "place": "village", "landuse": "None", "residential": "None", "name": "None" }, "geometry": { "type": "Point", "coordinates": [ 113.819480895996094, 23.123470306396484 ] } },
{ "type": "Feature", "properties": { "city": "dongguan", "candidate_source": "place_village_hamlet_locality", "id": "2065891865", "osm_type": "node", "place": "village", "landuse": "None", "residential": "None", "name": "None" }, "geometry": { "type": "Point", "coordinates": [ 113.870681762695312, 23.124120712280273 ] } },
{ "type": "Feature", "properties": { "city": "dongguan", "candidate_source": "place_village_hamlet_locality", "id": "2065841246", "osm_type": "node", "place": "village", "landuse": "None", "residential": "None", "name": "None" }, "geometry": { "type": "Point", "coordinates": [ 113.925651550292969, 23.107379913330078 ] } },
{ "type": "Feature", "properties": { "city": "dongguan", "candidate_source": "place_village_hamlet_locality", "id": "2065849990", "osm_type": "node", "place": "village", "landuse": "None", "residential": "None", "name": "None" }, "geometry": { "type": "Point", "coordinates": [ 113.674812316894531, 23.045629501342773 ] } },
{ "type": "Feature", "properties": { "city": "dongguan", "candidate_source": "place_village_hamlet_locality", "id": "2065807946", "osm_type": "node", "place": "village", "landuse": "None", "residential": "None", "name": "None" }, "geometry": { "type": "Point", "coordinates": [ 113.680427551269531, 23.046100616455078 ] } },
{ "type": "Feature", "properties": { "city": "dongguan", "candidate_source": "place_village_hamlet_locality", "id": "2065843822", "osm_type": "node", "place": "hamlet", "landuse": "None", "residential": "None", "name": "None" }, "geometry": { "type": "Point", "coordinates": [ 113.704940795898438, 23.047939300537109 ] } },
{ "type": "Feature", "properties": { "city": "dongguan", "candidate_source": "place_village_hamlet_locality", "id": "2065798273", "osm_type": "node", "place": "village", "landuse": "None", "residential": "None", "name": "None" }, "geometry": { "type": "Point", "coordinates": [ 113.692192077636719, 23.048629760742188 ] } },
{ "type": "Feature", "properties": { "city": "dongguan", "candidate_source": "place_village_hamlet_locality", "id": "2065821504", "osm_type": "node", "place": "village", "landuse": "None", "residential": "None", "name": "None" }, "geometry": { "type": "Point", "coordinates": [ 113.662147521972656, 23.050350189208984 ] } },
{ "type": "Feature", "properties": { "city": "dongguan", "candidate_source": "place_village_hamlet_locality", "id": "2065874286", "osm_type": "node", "place": "village", "landuse": "None", "residential": "None", "name": "None" }, "geometry": { "type": "Point", "coordinates": [ 113.658462524414062, 23.055280685424805 ] } },
{ "type": "Feature", "properties": { "city": "dongguan", "candidate_source": "place_village_hamlet_locality", "id": "2065800010", "osm_type": "node", "place": "village", "landuse": "None", "residential": "None", "name": "None" }, "geometry": { "type": "Point", "coordinates": [ 113.694381713867188, 23.055330276489258 ] } },
{ "type": "Feature", "properties": { "city": "dongguan", "candidate_source": "place_village_hamlet_locality", "id": "2065873352", "osm_type": "node", "place": "village", "landuse": "None", "residential": "None", "name": "None" }, "geometry": { "type": "Point", "coordinates": [ 113.651931762695312, 23.062189102172852 ] } },
{ "type": "Feature", "properties": { "city": "dongguan", "candidate_source": "place_village_hamlet_locality", "id": "2065835278", "osm_type": "node", "place": "village", "landuse": "None", "residential": "None", "name": "None" }, "geometry": { "type": "Point", "coordinates": [ 113.666778564453125, 23.063480377197266 ] } },
{ "type": "Feature", "properties": { "city": "dongguan", "candidate_source": "place_village_hamlet_locality", "id": "2065813571", "osm_type": "node", "place": "village", "landuse": "None", "residential": "None", "name": "None" }, "geometry": { "type": "Point", "coordinates": [ 113.683479309082031, 23.066650390625 ] } },
{ "type": "Feature", "properties": { "city": "dongguan", "candidate_source": "place_village_hamlet_locality", "id": "2065835612", "osm_type": "node", "place": "village", "landuse": "None", "residential": "None", "name": "None" }, "geometry": { "type": "Point", "coordinates": [ 113.628372192382812, 23.058759689331055 ] } },
{ "type": "Feature", "properties": { "city": "dongguan", "candidate_source": "place_village_hamlet_locality", "id": "2065874124", "osm_type": "node", "place": "village", "landuse": "None", "residential": "None", "name": "None" }, "geometry": { "type": "Point", "coordinates": [ 113.64044189453125, 23.063949584960938 ] } },
{ "type": "Feature", "properties": { "city": "dongguan", "candidate_source": "place_village_hamlet_locality", "id": "2065824058", "osm_type": "node", "place": "village", "landuse": "None", "residential": "None", "name": "None" }, "geometry": { "type": "Point", "coordinates": [ 113.59027099609375, 23.065109252929688 ] } },
{ "type": "Feature", "properties": { "city": "dongguan", "candidate_source": "place_village_hamlet_locality", "id": "2065811950", "osm_type": "node", "place": "village", "landuse": "None", "residential": "None", "name": "None" }, "geometry": { "type": "Point", "coordinates": [ 113.639961242675781, 23.065580368041992 ] } },
{ "type": "Feature", "properties": { "city": "dongguan", "candidate_source": "place_village_hamlet_locality", "id": "2065813269", "osm_type": "node", "place": "village", "landuse": "None", "residential": "None", "name": "None" }, "geometry": { "type": "Point", "coordinates": [ 113.648239135742188, 23.066440582275391 ] } },
{ "type": "Feature", "properties": { "city": "dongguan", "candidate_source": "place_village_hamlet_locality", "id": "2065889048", "osm_type": "node", "place": "village", "landuse": "None", "residential": "None", "name": "None" }, "geometry": { "type": "Point", "coordinates": [ 113.622398376464844, 23.069278717041016 ] } },
{ "type": "Feature", "properties": { "city": "dongguan", "candidate_source": "place_village_hamlet_locality", "id": "2065803834", "osm_type": "node", "place": "village", "landuse": "None", "residential": "None", "name": "None" }, "geometry": { "type": "Point", "coordinates": [ 113.628265380859375, 23.073780059814453 ] } },
{ "type": "Feature", "properties": { "city": "dongguan", "candidate_source": "place_village_hamlet_locality", "id": "12669511668", "osm_type": "node", "place": "village", "landuse": "None", "residential": "None", "name": "None" }, "geometry": { "type": "Point", "coordinates": [ 113.601295471191406, 23.076261520385742 ] } },
{ "type": "Feature", "properties": { "city": "dongguan", "candidate_source": "place_village_hamlet_locality", "id": "2065803254", "osm_type": "node", "place": "village", "landuse": "None", "residential": "None", "name": "None" }, "geometry": { "type": "Point", "coordinates": [ 113.571731567382812, 23.077850341796875 ] } },
{ "type": "Feature", "properties": { "city": "dongguan", "candidate_source": "place_village_hamlet_locality", "id": "12669511670", "osm_type": "node", "place": "village", "landuse": "None", "residential": "None", "name": "None" }, "geometry": { "type": "Point", "coordinates": [ 113.597793579101562, 23.083263397216797 ] } },
{ "type": "Feature", "properties": { "city": "dongguan", "candidate_source": "place_village_hamlet_locality", "id": "2065798654", "osm_type": "node", "place": "village", "landuse": "None", "residential": "None", "name": "None" }, "geometry": { "type": "Point", "coordinates": [ 113.736183166503906, 23.069740295410156 ] } },
{ "type": "Feature", "properties": { "city": "dongguan", "candidate_source": "place_village_hamlet_locality", "id": "2065866034", "osm_type": "node", "place": "village", "landuse": "None", "residential": "None", "name": "None" }, "geometry": { "type": "Point", "coordinates": [ 113.721122741699219, 23.071849822998047 ] } },
{ "type": "Feature", "properties": { "city": "dongguan", "candidate_source": "place_village_hamlet_locality", "id": "2065798919", "osm_type": "node", "place": "village", "landuse": "None", "residential": "None", "name": "None" }, "geometry": { "type": "Point", "coordinates": [ 113.780601501464844, 23.072410583496094 ] } },
{ "type": "Feature", "properties": { "city": "dongguan", "candidate_source": "place_village_hamlet_locality", "id": "2065798198", "osm_type": "node", "place": "village", "landuse": "None", "residential": "None", "name": "None" }, "geometry": { "type": "Point", "coordinates": [ 113.785057067871094, 23.073009490966797 ] } },
{ "type": "Feature", "properties": { "city": "dongguan", "candidate_source": "place_village_hamlet_locality", "id": "2065876027", "osm_type": "node", "place": "village", "landuse": "None", "residential": "None", "name": "None" }, "geometry": { "type": "Point", "coordinates": [ 113.709739685058594, 23.073650360107422 ] } },
{ "type": "Feature", "properties": { "city": "dongguan", "candidate_source": "place_village_hamlet_locality", "id": "2065890676", "osm_type": "node", "place": "village", "landuse": "None", "residential": "None", "name": "None" }, "geometry": { "type": "Point", "coordinates": [ 113.75634765625, 23.076700210571289 ] } },
{ "type": "Feature", "properties": { "city": "dongguan", "candidate_source": "place_village_hamlet_locality", "id": "2065827372", "osm_type": "node", "place": "village", "landuse": "None", "residential": "None", "name": "None" }, "geometry": { "type": "Point", "coordinates": [ 113.776641845703125, 23.083560943603516 ] } },
{ "type": "Feature", "properties": { "city": "dongguan", "candidate_source": "place_village_hamlet_locality", "id": "2065889416", "osm_type": "node", "place": "village", "landuse": "None", "residential": "None", "name": "None" }, "geometry": { "type": "Point", "coordinates": [ 113.721893310546875, 23.08428955078125 ] } },
{ "type": "Feature", "properties": { "city": "dongguan", "candidate_source": "place_village_hamlet_locality", "id": "2065837285", "osm_type": "node", "place": "village", "landuse": "None", "residential": "None", "name": "None" }, "geometry": { "type": "Point", "coordinates": [ 113.798973083496094, 23.085319519042969 ] } },
{ "type": "Feature", "properties": { "city": "dongguan", "candidate_source": "place_village_hamlet_locality", "id": "2065802707", "osm_type": "node", "place": "village", "landuse": "None", "residential": "None", "name": "None" }, "geometry": { "type": "Point", "coordinates": [ 113.788101196289062, 23.089010238647461 ] } },
{ "type": "Feature", "properties": { "city": "dongguan", "candidate_source": "place_village_hamlet_locality", "id": "2065877615", "osm_type": "node", "place": "village", "landuse": "None", "residential": "None", "name": "None" }, "geometry": { "type": "Point", "coordinates": [ 113.698760986328125, 23.068500518798828 ] } },
{ "type": "Feature", "properties": { "city": "dongguan", "candidate_source": "place_village_hamlet_locality", "id": "2065821686", "osm_type": "node", "place": "village", "landuse": "None", "residential": "None", "name": "None" }, "geometry": { "type": "Point", "coordinates": [ 113.707260131835938, 23.06859016418457 ] } },
{ "type": "Feature", "properties": { "city": "dongguan", "candidate_source": "place_village_hamlet_locality", "id": "2065892914", "osm_type": "node", "place": "village", "landuse": "None", "residential": "None", "name": "None" }, "geometry": { "type": "Point", "coordinates": [ 113.70574951171875, 23.078500747680664 ] } },
{ "type": "Feature", "properties": { "city": "dongguan", "candidate_source": "place_village_hamlet_locality", "id": "2065836872", "osm_type": "node", "place": "village", "landuse": "None", "residential": "None", "name": "None" }, "geometry": { "type": "Point", "coordinates": [ 113.668380737304688, 23.080770492553711 ] } },
{ "type": "Feature", "properties": { "city": "dongguan", "candidate_source": "place_village_hamlet_locality", "id": "2065874187", "osm_type": "node", "place": "village", "landuse": "None", "residential": "None", "name": "None" }, "geometry": { "type": "Point", "coordinates": [ 113.69580078125, 23.089530944824219 ] } },
{ "type": "Feature", "properties": { "city": "dongguan", "candidate_source": "place_village_hamlet_locality", "id": "2065890678", "osm_type": "node", "place": "village", "landuse": "None", "residential": "None", "name": "None" }, "geometry": { "type": "Point", "coordinates": [ 113.681846618652344, 23.099529266357422 ] } },
{ "type": "Feature", "properties": { "city": "dongguan", "candidate_source": "place_village_hamlet_locality", "id": "2065799821", "osm_type": "node", "place": "village", "landuse": "None", "residential": "None", "name": "None" }, "geometry": { "type": "Point", "coordinates": [ 113.663261413574219, 23.099960327148438 ] } },
{ "type": "Feature", "properties": { "city": "dongguan", "candidate_source": "place_village_hamlet_locality", "id": "2065802576", "osm_type": "node", "place": "village", "landuse": "None", "residential": "None", "name": "None" }, "geometry": { "type": "Point", "coordinates": [ 113.694252014160156, 23.101850509643555 ] } },
{ "type": "Feature", "properties": { "city": "dongguan", "candidate_source": "place_village_hamlet_locality", "id": "2065827415", "osm_type": "node", "place": "village", "landuse": "None", "residential": "None", "name": "None" }, "geometry": { "type": "Point", "coordinates": [ 113.673912048339844, 23.105190277099609 ] } },
{ "type": "Feature", "properties": { "city": "dongguan", "candidate_source": "place_village_hamlet_locality", "id": "2065827433", "osm_type": "node", "place": "village", "landuse": "None", "residential": "None", "name": "None" }, "geometry": { "type": "Point", "coordinates": [ 113.707511901855469, 23.108879089355469 ] } },
{ "type": "Feature", "properties": { "city": "dongguan", "candidate_source": "place_village_hamlet_locality", "id": "2065797086", "osm_type": "node", "place": "village", "landuse": "None", "residential": "None", "name": "None" }, "geometry": { "type": "Point", "coordinates": [ 113.64691162109375, 23.087339401245117 ] } },
{ "type": "Feature", "properties": { "city": "dongguan", "candidate_source": "place_village_hamlet_locality", "id": "2065890389", "osm_type": "node", "place": "village", "landuse": "None", "residential": "None", "name": "None" }, "geometry": { "type": "Point", "coordinates": [ 113.607002258300781, 23.092229843139648 ] } },
{ "type": "Feature", "properties": { "city": "dongguan", "candidate_source": "place_village_hamlet_locality", "id": "2065822615", "osm_type": "node", "place": "village", "landuse": "None", "residential": "None", "name": "None" }, "geometry": { "type": "Point", "coordinates": [ 113.636833190917969, 23.099010467529297 ] } },
{ "type": "Feature", "properties": { "city": "dongguan", "candidate_source": "place_village_hamlet_locality", "id": "2065844929", "osm_type": "node", "place": "village", "landuse": "None", "residential": "None", "name": "None" }, "geometry": { "type": "Point", "coordinates": [ 113.647468566894531, 23.11492919921875 ] } },
{ "type": "Feature", "properties": { "city": "dongguan", "candidate_source": "place_village_hamlet_locality", "id": "2065804725", "osm_type": "node", "place": "village", "landuse": "None", "residential": "None", "name": "None" }, "geometry": { "type": "Point", "coordinates": [ 113.676177978515625, 23.109439849853516 ] } },
{ "type": "Feature", "properties": { "city": "dongguan", "candidate_source": "place_village_hamlet_locality", "id": "2065852515", "osm_type": "node", "place": "village", "landuse": "None", "residential": "None", "name": "None" }, "geometry": { "type": "Point", "coordinates": [ 113.694976806640625, 23.110940933227539 ] } },
{ "type": "Feature", "properties": { "city": "dongguan", "candidate_source": "place_village_hamlet_locality", "id": "2065797527", "osm_type": "node", "place": "village", "landuse": "None", "residential": "None", "name": "None" }, "geometry": { "type": "Point", "coordinates": [ 113.70733642578125, 23.119400024414062 ] } },
{ "type": "Feature", "properties": { "city": "dongguan", "candidate_source": "place_village_hamlet_locality", "id": "2065827439", "osm_type": "node", "place": "village", "landuse": "None", "residential": "None", "name": "None" }, "geometry": { "type": "Point", "coordinates": [ 113.68377685546875, 23.119960784912109 ] } },
{ "type": "Feature", "properties": { "city": "dongguan", "candidate_source": "place_village_hamlet_locality", "id": "2065811201", "osm_type": "node", "place": "village", "landuse": "None", "residential": "None", "name": "None" }, "geometry": { "type": "Point", "coordinates": [ 113.708366394042969, 23.122699737548828 ] } },
{ "type": "Feature", "properties": { "city": "dongguan", "candidate_source": "place_village_hamlet_locality", "id": "2065801702", "osm_type": "node", "place": "village", "landuse": "None", "residential": "None", "name": "None" }, "geometry": { "type": "Point", "coordinates": [ 113.714462280273438, 23.116910934448242 ] } },
{ "type": "Feature", "properties": { "city": "dongguan", "candidate_source": "place_village_hamlet_locality", "id": "2065875475", "osm_type": "node", "place": "village", "landuse": "None", "residential": "None", "name": "None" }, "geometry": { "type": "Point", "coordinates": [ 113.746482849121094, 23.121799468994141 ] } },
{ "type": "Feature", "properties": { "city": "dongguan", "candidate_source": "place_village_hamlet_locality", "id": "2065805825", "osm_type": "node", "place": "village", "landuse": "None", "residential": "None", "name": "None" }, "geometry": { "type": "Point", "coordinates": [ 113.75750732421875, 23.122829437255859 ] } },
{ "type": "Feature", "properties": { "city": "dongguan", "candidate_source": "place_village_hamlet_locality", "id": "2065838770", "osm_type": "node", "place": "village", "landuse": "None", "residential": "None", "name": "None" }, "geometry": { "type": "Point", "coordinates": [ 113.793556213378906, 23.124290466308594 ] } },
{ "type": "Feature", "properties": { "city": "dongguan", "candidate_source": "place_village_hamlet_locality", "id": "2065853705", "osm_type": "node", "place": "village", "landuse": "None", "residential": "None", "name": "None" }, "geometry": { "type": "Point", "coordinates": [ 113.73193359375, 23.124500274658203 ] } }
]
}
