{
"type": "FeatureCollection",
"name": "guangzhou_candidates",
"crs": { "type": "name", "properties": { "name": "urn:ogc:def:crs:OGC:1.3:CRS84" } },
"features": [
{ "type": "Feature", "properties": { "city": "guangzhou", "candidate_source": "place_village_hamlet_locality", "id": "11500562478", "osm_type": "node", "place": "village", "landuse": "None", "residential": "None", "name": "None" }, "geometry": { "type": "Point", "coordinates": [ 113.570907592773438, 22.650655746459961 ] } },
{ "type": "Feature", "properties": { "city": "guangzhou", "candidate_source": "place_village_hamlet_locality", "id": "9482365647", "osm_type": "node", "place": "locality", "landuse": "None", "residential": "None", "name": "None" }, "geometry": { "type": "Point", "coordinates": [ 113.593765258789062, 22.712959289550781 ] } },
{ "type": "Feature", "properties": { "city": "guangzhou", "candidate_source": "place_village_hamlet_locality", "id": "10046071147", "osm_type": "node", "place": "locality", "landuse": "None", "residential": "None", "name": "None" }, "geometry": { "type": "Point", "coordinates": [ 113.611663818359375, 22.748245239257812 ] } },
{ "type": "Feature", "properties": { "city": "guangzhou", "candidate_source": "place_village_hamlet_locality", "id": "2065826918", "osm_type": "node", "place": "hamlet", "landuse": "None", "residential": "None", "name": "None" }, "geometry": { "type": "Point", "coordinates": [ 113.5546875, 22.761348724365234 ] } },
{ "type": "Feature", "properties": { "city": "guangzhou", "candidate_source": "place_village_hamlet_locality", "id": "9881634113", "osm_type": "node", "place": "locality", "landuse": "None", "residential": "None", "name": "None" }, "geometry": { "type": "Point", "coordinates": [ 113.684722900390625, 22.612176895141602 ] } },
{ "type": "Feature", "properties": { "city": "guangzhou", "candidate_source": "place_village_hamlet_locality", "id": "9881634112", "osm_type": "node", "place": "locality", "landuse": "None", "residential": "None", "name": "None" }, "geometry": { "type": "Point", "coordinates": [ 113.679824829101562, 22.636331558227539 ] } },
{ "type": "Feature", "properties": { "city": "guangzhou", "candidate_source": "place_village_hamlet_locality", "id": "9881634111", "osm_type": "node", "place": "locality", "landuse": "None", "residential": "None", "name": "None" }, "geometry": { "type": "Point", "coordinates": [ 113.676933288574219, 22.652383804321289 ] } },
{ "type": "Feature", "properties": { "city": "guangzhou", "candidate_source": "place_village_hamlet_locality", "id": "9365578799", "osm_type": "node", "place": "locality", "landuse": "None", "residential": "None", "name": "None" }, "geometry": { "type": "Point", "coordinates": [ 113.505950927734375, 22.771797180175781 ] } },
{ "type": "Feature", "properties": { "city": "guangzhou", "candidate_source": "place_village_hamlet_locality", "id": "10221434232", "osm_type": "node", "place": "locality", "landuse": "None", "residential": "None", "name": "None" }, "geometry": { "type": "Point", "coordinates": [ 113.5078125, 22.775014877319336 ] } },
{ "type": "Feature", "properties": { "city": "guangzhou", "candidate_source": "place_village_hamlet_locality", "id": "9982580932", "osm_type": "node", "place": "locality", "landuse": "None", "residential": "None", "name": "None" }, "geometry": { "type": "Point", "coordinates": [ 113.599082946777344, 22.775051116943359 ] } },
{ "type": "Feature", "properties": { "city": "guangzhou", "candidate_source": "place_village_hamlet_locality", "id": "6172145951", "osm_type": "node", "place": "locality", "landuse": "None", "residential": "None", "name": "None" }, "geometry": { "type": "Point", "coordinates": [ 113.542755126953125, 22.803625106811523 ] } },
{ "type": "Feature", "properties": { "city": "guangzhou", "candidate_source": "place_village_hamlet_locality", "id": "8582865579", "osm_type": "node", "place": "hamlet", "landuse": "None", "residential": "None", "name": "None" }, "geometry": { "type": "Point", "coordinates": [ 113.544715881347656, 22.881902694702148 ] } },
{ "type": "Feature", "properties": { "city": "guangzhou", "candidate_source": "place_village_hamlet_locality", "id": "8582844094", "osm_type": "node", "place": "hamlet", "landuse": "None", "residential": "None", "name": "None" }, "geometry": { "type": "Point", "coordinates": [ 113.545806884765625, 22.89613151550293 ] } },
{ "type": "Feature", "properties": { "city": "guangzhou", "candidate_source": "residential_rural", "id": "657117717", "osm_type": "way", "place": "None", "landuse": "residential", "residential": "rural", "name": "None" }, "geometry": { "type": "Polygon", "coordinates": [ [ [ 113.534378051757812, 22.808237075805664 ], [ 113.534439086914062, 22.808176040649414 ], [ 113.53314208984375, 22.804954528808594 ], [ 113.532577514648438, 22.805227279663086 ], [ 113.532279968261719, 22.804960250854492 ], [ 113.532089233398438, 22.804786682128906 ], [ 113.530174255371094, 22.805534362792969 ], [ 113.529647827148438, 22.80573844909668 ], [ 113.529922485351562, 22.806661605834961 ], [ 113.531303405761719, 22.809158325195312 ], [ 113.532089233398438, 22.808826446533203 ], [ 113.532279968261719, 22.808752059936523 ], [ 113.532478332519531, 22.808700561523438 ], [ 113.532684326171875, 22.808671951293945 ], [ 113.53289794921875, 22.808666229248047 ], [ 113.533172607421875, 22.808660507202148 ], [ 113.533447265625, 22.808624267578125 ], [ 113.533714294433594, 22.808561325073242 ], [ 113.534309387207031, 22.808399200439453 ], [ 113.534378051757812, 22.808237075805664 ] ] ] } },
{ "type": "Feature", "properties": { "city": "guangzhou", "candidate_source": "residential_rural", "id": "564087602", "osm_type": "way", "place": "None", "landuse": "residential", "residential": "rural", "name": "None" }, "geometry": { "type": "Polygon", "coordinates": [ [ [ 113.537994384765625, 22.811046600341797 ], [ 113.538429260253906, 22.810813903808594 ], [ 113.53863525390625, 22.810951232910156 ], [ 113.539344787597656, 22.810741424560547 ], [ 113.538543701171875, 22.808721542358398 ], [ 113.538276672363281, 22.808042526245117 ], [ 113.538047790527344, 22.807453155517578 ], [ 113.535064697265625, 22.808103561401367 ], [ 113.536491394042969, 22.811374664306641 ], [ 113.537994384765625, 22.811046600341797 ] ] ] } },
{ "type": "Feature", "properties": { "city": "guangzhou", "candidate_source": "residential_rural", "id": "1146860824", "osm_type": "way", "place": "None", "landuse": "residential", "residential": "rural", "name": "None" }, "geometry": { "type": "Polygon", "coordinates": [ [ [ 113.538444519042969, 22.815919876098633 ], [ 113.538398742675781, 22.815822601318359 ], [ 113.540115356445312, 22.815013885498047 ], [ 113.540367126464844, 22.814594268798828 ], [ 113.540283203125, 22.814502716064453 ], [ 113.540245056152344, 22.814203262329102 ], [ 113.540107727050781, 22.814109802246094 ], [ 113.540168762207031, 22.813980102539062 ], [ 113.540512084960938, 22.814201354980469 ], [ 113.540802001953125, 22.81443977355957 ], [ 113.541130065917969, 22.814298629760742 ], [ 113.541221618652344, 22.814451217651367 ], [ 113.542892456054688, 22.813661575317383 ], [ 113.542922973632812, 22.813732147216797 ], [ 113.543083190917969, 22.813657760620117 ], [ 113.543266296386719, 22.813575744628906 ], [ 113.541961669921875, 22.81110954284668 ], [ 113.541824340820312, 22.811050415039062 ], [ 113.541778564453125, 22.811065673828125 ], [ 113.541694641113281, 22.811090469360352 ], [ 113.541397094726562, 22.811180114746094 ], [ 113.541305541992188, 22.811206817626953 ], [ 113.540901184082031, 22.81132698059082 ], [ 113.540733337402344, 22.811378479003906 ], [ 113.539566040039062, 22.811727523803711 ], [ 113.539520263671875, 22.811740875244141 ], [ 113.538414001464844, 22.812070846557617 ], [ 113.53826904296875, 22.812112808227539 ], [ 113.5369873046875, 22.812528610229492 ], [ 113.536956787109375, 22.812551498413086 ], [ 113.536933898925781, 22.812583923339844 ], [ 113.53692626953125, 22.812620162963867 ], [ 113.536941528320312, 22.812656402587891 ], [ 113.537635803222656, 22.814332962036133 ], [ 113.5377197265625, 22.81451416015625 ], [ 113.538330078125, 22.815959930419922 ], [ 113.538444519042969, 22.815919876098633 ] ] ] } },
{ "type": "Feature", "properties": { "city": "guangzhou", "candidate_source": "place_village_hamlet_locality", "id": "8582865580", "osm_type": "node", "place": "hamlet", "landuse": "None", "residential": "None", "name": "None" }, "geometry": { "type": "Point", "coordinates": [ 113.534591674804688, 22.88139533996582 ] } },
{ "type": "Feature", "properties": { "city": "guangzhou", "candidate_source": "place_village_hamlet_locality", "id": "12915048103", "osm_type": "node", "place": "village", "landuse": "None", "residential": "None", "name": "None" }, "geometry": { "type": "Point", "coordinates": [ 113.459022521972656, 22.882709503173828 ] } },
{ "type": "Feature", "properties": { "city": "guangzhou", "candidate_source": "place_village_hamlet_locality", "id": "12969469928", "osm_type": "node", "place": "village", "landuse": "None", "residential": "None", "name": "None" }, "geometry": { "type": "Point", "coordinates": [ 113.464141845703125, 22.888164520263672 ] } },
{ "type": "Feature", "properties": { "city": "guangzhou", "candidate_source": "place_village_hamlet_locality", "id": "8582865581", "osm_type": "node", "place": "hamlet", "landuse": "None", "residential": "None", "name": "None" }, "geometry": { "type": "Point", "coordinates": [ 113.530059814453125, 22.89350700378418 ] } },
{ "type": "Feature", "properties": { "city": "guangzhou", "candidate_source": "place_village_hamlet_locality", "id": "8582865584", "osm_type": "node", "place": "hamlet", "landuse": "None", "residential": "None", "name": "None" }, "geometry": { "type": "Point", "coordinates": [ 113.521293640136719, 22.895689010620117 ] } },
{ "type": "Feature", "properties": { "city": "guangzhou", "candidate_source": "place_village_hamlet_locality", "id": "8582865585", "osm_type": "node", "place": "hamlet", "landuse": "None", "residential": "None", "name": "None" }, "geometry": { "type": "Point", "coordinates": [ 113.517189025878906, 22.90367317199707 ] } },
{ "type": "Feature", "properties": { "city": "guangzhou", "candidate_source": "place_village_hamlet_locality", "id": "8582865577", "osm_type": "node", "place": "hamlet", "landuse": "None", "residential": "None", "name": "None" }, "geometry": { "type": "Point", "coordinates": [ 113.540184020996094, 22.90431022644043 ] } },
{ "type": "Feature", "properties": { "city": "guangzhou", "candidate_source": "place_village_hamlet_locality", "id": "11048986275", "osm_type": "node", "place": "locality", "landuse": "None", "residential": "None", "name": "None" }, "geometry": { "type": "Point", "coordinates": [ 113.440750122070312, 22.75147819519043 ] } },
{ "type": "Feature", "properties": { "city": "guangzhou", "candidate_source": "place_village_hamlet_locality", "id": "13036411049", "osm_type": "node", "place": "village", "landuse": "None", "residential": "None", "name": "None" }, "geometry": { "type": "Point", "coordinates": [ 113.457237243652344, 22.870080947875977 ] } },
{ "type": "Feature", "properties": { "city": "guangzhou", "candidate_source": "place_village_hamlet_locality", "id": "13020820079", "osm_type": "node", "place": "village", "landuse": "None", "residential": "None", "name": "None" }, "geometry": { "type": "Point", "coordinates": [ 113.44268798828125, 22.87506103515625 ] } },
{ "type": "Feature", "properties": { "city": "guangzhou", "candidate_source": "place_village_hamlet_locality", "id": "5409988762", "osm_type": "node", "place": "village", "landuse": "None", "residential": "None", "name": "None" }, "geometry": { "type": "Point", "coordinates": [ 113.438423156738281, 22.884521484375 ] } },
{ "type": "Feature", "properties": { "city": "guangzhou", "candidate_source": "place_village_hamlet_locality", "id": "13108291760", "osm_type": "node", "place": "village", "landuse": "None", "residential": "None", "name": "None" }, "geometry": { "type": "Point", "coordinates": [ 113.446067810058594, 22.890657424926758 ] } },
{ "type": "Feature", "properties": { "city": "guangzhou", "candidate_source": "place_village_hamlet_locality", "id": "13037261452", "osm_type": "node", "place": "village", "landuse": "None", "residential": "None", "name": "None" }, "geometry": { "type": "Point", "coordinates": [ 113.421592712402344, 22.897693634033203 ] } },
{ "type": "Feature", "properties": { "city": "guangzhou", "candidate_source": "place_village_hamlet_locality", "id": "11514066547", "osm_type": "node", "place": "village", "landuse": "None", "residential": "None", "name": "None" }, "geometry": { "type": "Point", "coordinates": [ 113.3621826171875, 22.780799865722656 ] } },
{ "type": "Feature", "properties": { "city": "guangzhou", "candidate_source": "place_village_hamlet_locality", "id": "11514066546", "osm_type": "node", "place": "village", "landuse": "None", "residential": "None", "name": "None" }, "geometry": { "type": "Point", "coordinates": [ 113.357643127441406, 22.781505584716797 ] } },
{ "type": "Feature", "properties": { "city": "guangzhou", "candidate_source": "place_village_hamlet_locality", "id": "8280442827", "osm_type": "node", "place": "hamlet", "landuse": "None", "residential": "None", "name": "None" }, "geometry": { "type": "Point", "coordinates": [ 113.340278625488281, 22.924827575683594 ] } },
{ "type": "Feature", "properties": { "city": "guangzhou", "candidate_source": "place_village_hamlet_locality", "id": "8292444534", "osm_type": "node", "place": "hamlet", "landuse": "None", "residential": "None", "name": "None" }, "geometry": { "type": "Point", "coordinates": [ 113.336509704589844, 22.93492317199707 ] } },
{ "type": "Feature", "properties": { "city": "guangzhou", "candidate_source": "residential_rural", "id": "1370488517", "osm_type": "way", "place": "None", "landuse": "residential", "residential": "rural", "name": "None" }, "geometry": { "type": "Polygon", "coordinates": [ [ [ 113.341934204101562, 22.950643539428711 ], [ 113.341972351074219, 22.950216293334961 ], [ 113.342117309570312, 22.950019836425781 ], [ 113.342369079589844, 22.949733734130859 ], [ 113.342536926269531, 22.949630737304688 ], [ 113.342964172363281, 22.949756622314453 ], [ 113.343368530273438, 22.949819564819336 ], [ 113.343551635742188, 22.949747085571289 ], [ 113.343666076660156, 22.949886322021484 ], [ 113.344352722167969, 22.949796676635742 ], [ 113.343948364257812, 22.950466156005859 ], [ 113.342628479003906, 22.950933456420898 ], [ 113.342613220214844, 22.951284408569336 ], [ 113.342765808105469, 22.951299667358398 ], [ 113.342758178710938, 22.951713562011719 ], [ 113.343406677246094, 22.951892852783203 ], [ 113.343536376953125, 22.951776504516602 ], [ 113.344039916992188, 22.951959609985352 ], [ 113.344139099121094, 22.952354431152344 ], [ 113.34423828125, 22.952692031860352 ], [ 113.344413757324219, 22.952835083007812 ], [ 113.344207763671875, 22.953266143798828 ], [ 113.344505310058594, 22.953315734863281 ], [ 113.344581604003906, 22.953203201293945 ], [ 113.345283508300781, 22.953277587890625 ], [ 113.346168518066406, 22.952816009521484 ], [ 113.346900939941406, 22.952478408813477 ], [ 113.346519470214844, 22.951021194458008 ], [ 113.34619140625, 22.950778961181641 ], [ 113.34619140625, 22.950616836547852 ], [ 113.346366882324219, 22.950550079345703 ], [ 113.346481323242188, 22.950300216674805 ], [ 113.345069885253906, 22.944786071777344 ], [ 113.344215393066406, 22.944427490234375 ], [ 113.344551086425781, 22.943716049194336 ], [ 113.344367980957031, 22.943382263183594 ], [ 113.341392517089844, 22.942850112915039 ], [ 113.341384887695312, 22.942924499511719 ], [ 113.342109680175781, 22.944128036499023 ], [ 113.341812133789062, 22.944211959838867 ], [ 113.340599060058594, 22.944234848022461 ], [ 113.339759826660156, 22.947914123535156 ], [ 113.340827941894531, 22.948429107666016 ], [ 113.340911865234375, 22.94874382019043 ], [ 113.340316772460938, 22.949960708618164 ], [ 113.340232849121094, 22.950471878051758 ], [ 113.341934204101562, 22.950643539428711 ] ] ] } },
{ "type": "Feature", "properties": { "city": "guangzhou", "candidate_source": "place_village_hamlet_locality", "id": "12290406052", "osm_type": "node", "place": "hamlet", "landuse": "None", "residential": "None", "name": "None" }, "geometry": { "type": "Point", "coordinates": [ 113.360260009765625, 22.956438064575195 ] } },
{ "type": "Feature", "properties": { "city": "guangzhou", "candidate_source": "place_village_hamlet_locality", "id": "8298906236", "osm_type": "node", "place": "hamlet", "landuse": "None", "residential": "None", "name": "None" }, "geometry": { "type": "Point", "coordinates": [ 113.362640380859375, 22.959796905517578 ] } },
{ "type": "Feature", "properties": { "city": "guangzhou", "candidate_source": "place_village_hamlet_locality", "id": "8253668835", "osm_type": "node", "place": "hamlet", "landuse": "None", "residential": "None", "name": "None" }, "geometry": { "type": "Point", "coordinates": [ 113.331443786621094, 22.92201042175293 ] } },
{ "type": "Feature", "properties": { "city": "guangzhou", "candidate_source": "residential_rural", "id": "539843935", "osm_type": "way", "place": "None", "landuse": "residential", "residential": "rural", "name": "None" }, "geometry": { "type": "Polygon", "coordinates": [ [ [ 113.324203491210938, 22.961952209472656 ], [ 113.324203491210938, 22.962358474731445 ], [ 113.325218200683594, 22.962360382080078 ], [ 113.325218200683594, 22.961908340454102 ], [ 113.325225830078125, 22.957450866699219 ], [ 113.324203491210938, 22.957450866699219 ], [ 113.324203491210938, 22.961952209472656 ] ] ] } },
{ "type": "Feature", "properties": { "city": "guangzhou", "candidate_source": "residential_rural", "id": "539843919", "osm_type": "way", "place": "None", "landuse": "residential", "residential": "rural", "name": "None" }, "geometry": { "type": "Polygon", "coordinates": [ [ [ 113.320999145507812, 22.964208602905273 ], [ 113.321037292480469, 22.964130401611328 ], [ 113.321083068847656, 22.964056015014648 ], [ 113.321136474609375, 22.9639892578125 ], [ 113.321197509765625, 22.96392822265625 ], [ 113.321273803710938, 22.963878631591797 ], [ 113.32135009765625, 22.963834762573242 ], [ 113.321380615234375, 22.957601547241211 ], [ 113.318504333496094, 22.957590103149414 ], [ 113.318473815917969, 22.964279174804688 ], [ 113.31988525390625, 22.964284896850586 ], [ 113.3199462890625, 22.964284896850586 ], [ 113.320976257324219, 22.964288711547852 ], [ 113.320999145507812, 22.964208602905273 ] ] ] } },
{ "type": "Feature", "properties": { "city": "guangzhou", "candidate_source": "residential_rural", "id": "1427891054", "osm_type": "way", "place": "None", "landuse": "residential", "residential": "rural", "name": "None" }, "geometry": { "type": "Polygon", "coordinates": [ [ [ 113.327003479003906, 22.964330673217773 ], [ 113.327003479003906, 22.962478637695312 ], [ 113.328407287597656, 22.962478637695312 ], [ 113.328414916992188, 22.961912155151367 ], [ 113.327064514160156, 22.961910247802734 ], [ 113.325218200683594, 22.961908340454102 ], [ 113.325218200683594, 22.962360382080078 ], [ 113.324203491210938, 22.962358474731445 ], [ 113.324195861816406, 22.964326858520508 ], [ 113.327003479003906, 22.964330673217773 ] ] ] } },
{ "type": "Feature", "properties": { "city": "guangzhou", "candidate_source": "residential_rural", "id": "539843928", "osm_type": "way", "place": "None", "landuse": "residential", "residential": "rural", "name": "None" }, "geometry": { "type": "Polygon", "coordinates": [ [ [ 113.327095031738281, 22.970462799072266 ], [ 113.328804016113281, 22.970466613769531 ], [ 113.328834533691406, 22.962553024291992 ], [ 113.327125549316406, 22.962549209594727 ], [ 113.327095031738281, 22.970462799072266 ] ] ] } },
{ "type": "Feature", "properties": { "city": "guangzhou", "candidate_source": "residential_rural", "id": "539843930", "osm_type": "way", "place": "None", "landuse": "residential", "residential": "rural", "name": "None" }, "geometry": { "type": "Polygon", "coordinates": [ [ [ 113.331016540527344, 22.968507766723633 ], [ 113.331184387207031, 22.9683837890625 ], [ 113.331230163574219, 22.968338012695312 ], [ 113.331260681152344, 22.968286514282227 ], [ 113.331283569335938, 22.968231201171875 ], [ 113.331298828125, 22.968172073364258 ], [ 113.331298828125, 22.968111038208008 ], [ 113.331314086914062, 22.96452522277832 ], [ 113.328941345214844, 22.964519500732422 ], [ 113.328926086425781, 22.968502044677734 ], [ 113.331016540527344, 22.968507766723633 ] ] ] } },
{ "type": "Feature", "properties": { "city": "guangzhou", "candidate_source": "residential_rural", "id": "1427825220", "osm_type": "way", "place": "None", "landuse": "residential", "residential": "rural", "name": "None" }, "geometry": { "type": "Polygon", "coordinates": [ [ [ 113.321876525878906, 22.970426559448242 ], [ 113.324028015136719, 22.970434188842773 ], [ 113.324050903320312, 22.965032577514648 ], [ 113.324264526367188, 22.964452743530273 ], [ 113.322341918945312, 22.964447021484375 ], [ 113.32232666015625, 22.964536666870117 ], [ 113.322303771972656, 22.964624404907227 ], [ 113.322265625, 22.96470832824707 ], [ 113.322212219238281, 22.964786529541016 ], [ 113.3221435546875, 22.964855194091797 ], [ 113.322067260742188, 22.964914321899414 ], [ 113.321983337402344, 22.964963912963867 ], [ 113.3218994140625, 22.965002059936523 ], [ 113.321876525878906, 22.970426559448242 ] ] ] } },
{ "type": "Feature", "properties": { "city": "guangzhou", "candidate_source": "residential_rural", "id": "659462016", "osm_type": "way", "place": "None", "landuse": "residential", "residential": "rural", "name": "None" }, "geometry": { "type": "Polygon", "coordinates": [ [ [ 113.324310302734375, 22.964452743530273 ], [ 113.324287414550781, 22.970436096191406 ], [ 113.325210571289062, 22.970438003540039 ], [ 113.325233459472656, 22.964456558227539 ], [ 113.324310302734375, 22.964452743530273 ] ] ] } },
{ "type": "Feature", "properties": { "city": "guangzhou", "candidate_source": "residential_rural", "id": "539843918", "osm_type": "way", "place": "None", "landuse": "residential", "residential": "rural", "name": "None" }, "geometry": { "type": "Polygon", "coordinates": [ [ [ 113.318473815917969, 22.964492797851562 ], [ 113.318450927734375, 22.970415115356445 ], [ 113.321327209472656, 22.970424652099609 ], [ 113.32135009765625, 22.96497917175293 ], [ 113.321273803710938, 22.964941024780273 ], [ 113.321205139160156, 22.964895248413086 ], [ 113.321144104003906, 22.96484375 ], [ 113.321090698242188, 22.964784622192383 ], [ 113.321044921875, 22.964719772338867 ], [ 113.321006774902344, 22.964649200439453 ], [ 113.320976257324219, 22.964576721191406 ], [ 113.320960998535156, 22.964502334594727 ], [ 113.318473815917969, 22.964492797851562 ] ] ] } },
{ "type": "Feature", "properties": { "city": "guangzhou", "candidate_source": "residential_rural", "id": "539843925", "osm_type": "way", "place": "None", "landuse": "residential", "residential": "rural", "name": "None" }, "geometry": { "type": "Polygon", "coordinates": [ [ [ 113.3314208984375, 22.968112945556641 ], [ 113.331413269042969, 22.968177795410156 ], [ 113.331405639648438, 22.968240737915039 ], [ 113.331382751464844, 22.968301773071289 ], [ 113.331352233886719, 22.968360900878906 ], [ 113.331314086914062, 22.968414306640625 ], [ 113.331268310546875, 22.968461990356445 ], [ 113.329017639160156, 22.97010612487793 ], [ 113.329017639160156, 22.970468521118164 ], [ 113.330398559570312, 22.970470428466797 ], [ 113.330429077148438, 22.97041130065918 ], [ 113.330467224121094, 22.970355987548828 ], [ 113.330513000488281, 22.970302581787109 ], [ 113.330558776855469, 22.970252990722656 ], [ 113.330612182617188, 22.970207214355469 ], [ 113.330665588378906, 22.970165252685547 ], [ 113.330726623535156, 22.970127105712891 ], [ 113.33221435546875, 22.969541549682617 ], [ 113.332542419433594, 22.968755722045898 ], [ 113.332572937011719, 22.968700408935547 ], [ 113.332618713378906, 22.968650817871094 ], [ 113.332672119140625, 22.968608856201172 ], [ 113.332725524902344, 22.968574523925781 ], [ 113.332794189453125, 22.968551635742188 ], [ 113.332862854003906, 22.968540191650391 ], [ 113.333328247070312, 22.968532562255859 ], [ 113.333381652832031, 22.968523025512695 ], [ 113.333442687988281, 22.968503952026367 ], [ 113.33349609375, 22.968479156494141 ], [ 113.333541870117188, 22.968446731567383 ], [ 113.333587646484375, 22.968408584594727 ], [ 113.3336181640625, 22.968364715576172 ], [ 113.333930969238281, 22.967889785766602 ], [ 113.333969116210938, 22.967807769775391 ], [ 113.333984375, 22.967739105224609 ], [ 113.333999633789062, 22.967670440673828 ], [ 113.334007263183594, 22.967601776123047 ], [ 113.333999633789062, 22.967533111572266 ], [ 113.333992004394531, 22.967466354370117 ], [ 113.333747863769531, 22.966732025146484 ], [ 113.333740234375, 22.966663360595703 ], [ 113.333732604980469, 22.966598510742188 ], [ 113.333724975585938, 22.966531753540039 ], [ 113.333732604980469, 22.966466903686523 ], [ 113.333740234375, 22.966400146484375 ], [ 113.333755493164062, 22.966339111328125 ], [ 113.333786010742188, 22.966257095336914 ], [ 113.333816528320312, 22.966180801391602 ], [ 113.3338623046875, 22.966106414794922 ], [ 113.333976745605469, 22.965953826904297 ], [ 113.334205627441406, 22.965652465820312 ], [ 113.331428527832031, 22.965642929077148 ], [ 113.3314208984375, 22.968112945556641 ] ] ] } },
{ "type": "Feature", "properties": { "city": "guangzhou", "candidate_source": "place_village_hamlet_locality", "id": "12949723822", "osm_type": "node", "place": "village", "landuse": "None", "residential": "None", "name": "None" }, "geometry": { "type": "Point", "coordinates": [ 113.457008361816406, 22.903038024902344 ] } },
{ "type": "Feature", "properties": { "city": "guangzhou", "candidate_source": "place_village_hamlet_locality", "id": "1381016899", "osm_type": "way", "place": "village", "landuse": "None", "residential": "None", "name": "None" }, "geometry": { "type": "Polygon", "coordinates": [ [ [ 113.410903930664062, 22.956703186035156 ], [ 113.410903930664062, 22.955921173095703 ], [ 113.412109375, 22.956232070922852 ], [ 113.416481018066406, 22.956598281860352 ], [ 113.417137145996094, 22.954813003540039 ], [ 113.417701721191406, 22.949924468994141 ], [ 113.419044494628906, 22.944135665893555 ], [ 113.418876647949219, 22.94019889831543 ], [ 113.417617797851562, 22.939376831054688 ], [ 113.4146728515625, 22.939430236816406 ], [ 113.405174255371094, 22.955802917480469 ], [ 113.404930114746094, 22.956455230712891 ], [ 113.410903930664062, 22.956703186035156 ] ] ] } },
{ "type": "Feature", "properties": { "city": "guangzhou", "candidate_source": "place_village_hamlet_locality", "id": "1380587655", "osm_type": "way", "place": "village", "landuse": "None", "residential": "None", "name": "None" }, "geometry": { "type": "Polygon", "coordinates": [ [ [ 113.403083801269531, 22.95890998840332 ], [ 113.407302856445312, 22.950159072875977 ], [ 113.403129577636719, 22.947595596313477 ], [ 113.402305603027344, 22.948949813842773 ], [ 113.401908874511719, 22.948783874511719 ], [ 113.401321411132812, 22.949945449829102 ], [ 113.399909973144531, 22.949186325073242 ], [ 113.399337768554688, 22.949979782104492 ], [ 113.399276733398438, 22.950527191162109 ], [ 113.399200439453125, 22.951269149780273 ], [ 113.397483825683594, 22.951520919799805 ], [ 113.397216796875, 22.952644348144531 ], [ 113.397216796875, 22.95353889465332 ], [ 113.397850036621094, 22.953876495361328 ], [ 113.397506713867188, 22.955535888671875 ], [ 113.401535034179688, 22.957815170288086 ], [ 113.403083801269531, 22.95890998840332 ] ] ] } },
{ "type": "Feature", "properties": { "city": "guangzhou", "candidate_source": "place_village_hamlet_locality", "id": "8614409903", "osm_type": "node", "place": "hamlet", "landuse": "None", "residential": "None", "name": "None" }, "geometry": { "type": "Point", "coordinates": [ 113.401336669921875, 22.966850280761719 ] } },
{ "type": "Feature", "properties": { "city": "guangzhou", "candidate_source": "place_village_hamlet_locality", "id": "8527523494", "osm_type": "node", "place": "hamlet", "landuse": "None", "residential": "None", "name": "None" }, "geometry": { "type": "Point", "coordinates": [ 113.444137573242188, 22.989824295043945 ] } },
{ "type": "Feature", "properties": { "city": "guangzhou", "candidate_source": "place_village_hamlet_locality", "id": "8614409902", "osm_type": "node", "place": "hamlet", "landuse": "None", "residential": "None", "name": "None" }, "geometry": { "type": "Point", "coordinates": [ 113.405876159667969, 22.992525100708008 ] } },
{ "type": "Feature", "properties": { "city": "guangzhou", "candidate_source": "place_village_hamlet_locality", "id": "12484519841", "osm_type": "node", "place": "locality", "landuse": "None", "residential": "None", "name": "None" }, "geometry": { "type": "Point", "coordinates": [ 113.45318603515625, 22.996627807617188 ] } },
{ "type": "Feature", "properties": { "city": "guangzhou", "candidate_source": "place_village_hamlet_locality", "id": "12514857263", "osm_type": "node", "place": "locality", "landuse": "None", "residential": "None", "name": "None" }, "geometry": { "type": "Point", "coordinates": [ 113.451324462890625, 23.006523132324219 ] } },
{ "type": "Feature", "properties": { "city": "guangzhou", "candidate_source": "place_village_hamlet_locality", "id": "12514857256", "osm_type": "node", "place": "locality", "landuse": "None", "residential": "None", "name": "None" }, "geometry": { "type": "Point", "coordinates": [ 113.449493408203125, 23.007671356201172 ] } },
{ "type": "Feature", "properties": { "city": "guangzhou", "candidate_source": "place_village_hamlet_locality", "id": "12514857257", "osm_type": "node", "place": "locality", "landuse": "None", "residential": "None", "name": "None" }, "geometry": { "type": "Point", "coordinates": [ 113.450759887695312, 23.007976531982422 ] } },
{ "type": "Feature", "properties": { "city": "guangzhou", "candidate_source": "residential_rural", "id": "539843931", "osm_type": "way", "place": "None", "landuse": "residential", "residential": "rural", "name": "None" }, "geometry": { "type": "Polygon", "coordinates": [ [ [ 113.334815979003906, 22.965391159057617 ], [ 113.335189819335938, 22.965433120727539 ], [ 113.335556030273438, 22.96589469909668 ], [ 113.336395263671875, 22.965898513793945 ], [ 113.336395263671875, 22.965387344360352 ], [ 113.336402893066406, 22.965116500854492 ], [ 113.33599853515625, 22.963832855224609 ], [ 113.335319519042969, 22.963579177856445 ], [ 113.334945678710938, 22.963577270507812 ], [ 113.334945678710938, 22.963251113891602 ], [ 113.334434509277344, 22.963249206542969 ], [ 113.334434509277344, 22.963645935058594 ], [ 113.334342956542969, 22.963645935058594 ], [ 113.333847045898438, 22.963642120361328 ], [ 113.333847045898438, 22.963825225830078 ], [ 113.332656860351562, 22.963823318481445 ], [ 113.331550598144531, 22.963956832885742 ], [ 113.331428527832031, 22.963972091674805 ], [ 113.331428527832031, 22.965572357177734 ], [ 113.334259033203125, 22.965579986572266 ], [ 113.33428955078125, 22.965538024902344 ], [ 113.334320068359375, 22.965490341186523 ], [ 113.334335327148438, 22.96544075012207 ], [ 113.3343505859375, 22.965391159057617 ], [ 113.334815979003906, 22.965391159057617 ] ] ] } },
{ "type": "Feature", "properties": { "city": "guangzhou", "candidate_source": "place_village_hamlet_locality", "id": "12328884080", "osm_type": "node", "place": "locality", "landuse": "None", "residential": "None", "name": "None" }, "geometry": { "type": "Point", "coordinates": [ 113.382781982421875, 22.96473503112793 ] } },
{ "type": "Feature", "properties": { "city": "guangzhou", "candidate_source": "place_village_hamlet_locality", "id": "8298967511", "osm_type": "node", "place": "hamlet", "landuse": "None", "residential": "None", "name": "None" }, "geometry": { "type": "Point", "coordinates": [ 113.347373962402344, 22.981304168701172 ] } },
{ "type": "Feature", "properties": { "city": "guangzhou", "candidate_source": "place_village_hamlet_locality", "id": "8300203515", "osm_type": "node", "place": "hamlet", "landuse": "None", "residential": "None", "name": "None" }, "geometry": { "type": "Point", "coordinates": [ 113.348747253417969, 22.985591888427734 ] } },
{ "type": "Feature", "properties": { "city": "guangzhou", "candidate_source": "place_village_hamlet_locality", "id": "8300203516", "osm_type": "node", "place": "hamlet", "landuse": "None", "residential": "None", "name": "None" }, "geometry": { "type": "Point", "coordinates": [ 113.347328186035156, 22.985662460327148 ] } },
{ "type": "Feature", "properties": { "city": "guangzhou", "candidate_source": "place_village_hamlet_locality", "id": "1282694532", "osm_type": "way", "place": "village", "landuse": "None", "residential": "None", "name": "None" }, "geometry": { "type": "Polygon", "coordinates": [ [ [ 113.382499694824219, 23.003158569335938 ], [ 113.382659912109375, 23.003225326538086 ], [ 113.3828125, 23.003231048583984 ], [ 113.383598327636719, 23.003032684326172 ], [ 113.383491516113281, 23.002758026123047 ], [ 113.383285522460938, 23.002752304077148 ], [ 113.383064270019531, 23.002649307250977 ], [ 113.382499694824219, 23.002813339233398 ], [ 113.382461547851562, 23.002826690673828 ], [ 113.38238525390625, 23.003185272216797 ], [ 113.382499694824219, 23.003158569335938 ] ] ] } },
{ "type": "Feature", "properties": { "city": "guangzhou", "candidate_source": "place_village_hamlet_locality", "id": "9424529216", "osm_type": "node", "place": "locality", "landuse": "None", "residential": "None", "name": "None" }, "geometry": { "type": "Point", "coordinates": [ 113.350379943847656, 23.017053604125977 ] } },
{ "type": "Feature", "properties": { "city": "guangzhou", "candidate_source": "place_village_hamlet_locality", "id": "10033890027", "osm_type": "node", "place": "locality", "landuse": "None", "residential": "None", "name": "None" }, "geometry": { "type": "Point", "coordinates": [ 113.337928771972656, 23.020578384399414 ] } },
{ "type": "Feature", "properties": { "city": "guangzhou", "candidate_source": "place_village_hamlet_locality", "id": "12852330016", "osm_type": "node", "place": "village", "landuse": "None", "residential": "None", "name": "None" }, "geometry": { "type": "Point", "coordinates": [ 113.381797790527344, 23.03746223449707 ] } },
{ "type": "Feature", "properties": { "city": "guangzhou", "candidate_source": "place_village_hamlet_locality", "id": "11052051595", "osm_type": "node", "place": "locality", "landuse": "None", "residential": "None", "name": "None" }, "geometry": { "type": "Point", "coordinates": [ 113.350471496582031, 23.041131973266602 ] } },
{ "type": "Feature", "properties": { "city": "guangzhou", "candidate_source": "place_village_hamlet_locality", "id": "5064321911", "osm_type": "node", "place": "village", "landuse": "None", "residential": "None", "name": "None" }, "geometry": { "type": "Point", "coordinates": [ 113.292976379394531, 23.018705368041992 ] } },
{ "type": "Feature", "properties": { "city": "guangzhou", "candidate_source": "place_village_hamlet_locality", "id": "8476408454", "osm_type": "node", "place": "village", "landuse": "None", "residential": "None", "name": "None" }, "geometry": { "type": "Point", "coordinates": [ 113.300209045410156, 23.021322250366211 ] } },
{ "type": "Feature", "properties": { "city": "guangzhou", "candidate_source": "place_village_hamlet_locality", "id": "9136563113", "osm_type": "node", "place": "village", "landuse": "None", "residential": "None", "name": "None" }, "geometry": { "type": "Point", "coordinates": [ 113.303665161132812, 23.024501800537109 ] } },
{ "type": "Feature", "properties": { "city": "guangzhou", "candidate_source": "place_village_hamlet_locality", "id": "8476408453", "osm_type": "node", "place": "village", "landuse": "None", "residential": "None", "name": "None" }, "geometry": { "type": "Point", "coordinates": [ 113.314659118652344, 23.025968551635742 ] } },
{ "type": "Feature", "properties": { "city": "guangzhou", "candidate_source": "place_village_hamlet_locality", "id": "5064327483", "osm_type": "node", "place": "village", "landuse": "None", "residential": "None", "name": "None" }, "geometry": { "type": "Point", "coordinates": [ 113.299713134765625, 23.028152465820312 ] } },
{ "type": "Feature", "properties": { "city": "guangzhou", "candidate_source": "place_village_hamlet_locality", "id": "8595351262", "osm_type": "node", "place": "village", "landuse": "None", "residential": "None", "name": "None" }, "geometry": { "type": "Point", "coordinates": [ 113.291725158691406, 23.029991149902344 ] } },
{ "type": "Feature", "properties": { "city": "guangzhou", "candidate_source": "place_village_hamlet_locality", "id": "5064327484", "osm_type": "node", "place": "village", "landuse": "None", "residential": "None", "name": "None" }, "geometry": { "type": "Point", "coordinates": [ 113.303138732910156, 23.030670166015625 ] } },
{ "type": "Feature", "properties": { "city": "guangzhou", "candidate_source": "place_village_hamlet_locality", "id": "8258969683", "osm_type": "node", "place": "hamlet", "landuse": "None", "residential": "None", "name": "None" }, "geometry": { "type": "Point", "coordinates": [ 113.308273315429688, 23.040420532226562 ] } },
{ "type": "Feature", "properties": { "city": "guangzhou", "candidate_source": "place_village_hamlet_locality", "id": "8595351265", "osm_type": "node", "place": "village", "landuse": "None", "residential": "None", "name": "None" }, "geometry": { "type": "Point", "coordinates": [ 113.306396484375, 23.042779922485352 ] } },
{ "type": "Feature", "properties": { "city": "guangzhou", "candidate_source": "place_village_hamlet_locality", "id": "8595351263", "osm_type": "node", "place": "village", "landuse": "None", "residential": "None", "name": "None" }, "geometry": { "type": "Point", "coordinates": [ 113.329689025878906, 23.04298210144043 ] } },
{ "type": "Feature", "properties": { "city": "guangzhou", "candidate_source": "place_village_hamlet_locality", "id": "9574638816", "osm_type": "node", "place": "village", "landuse": "None", "residential": "None", "name": "None" }, "geometry": { "type": "Point", "coordinates": [ 113.366249084472656, 23.050607681274414 ] } },
{ "type": "Feature", "properties": { "city": "guangzhou", "candidate_source": "place_village_hamlet_locality", "id": "12833817456", "osm_type": "node", "place": "village", "landuse": "None", "residential": "None", "name": "None" }, "geometry": { "type": "Point", "coordinates": [ 113.367835998535156, 23.051393508911133 ] } },
{ "type": "Feature", "properties": { "city": "guangzhou", "candidate_source": "place_village_hamlet_locality", "id": "12797224922", "osm_type": "node", "place": "village", "landuse": "None", "residential": "None", "name": "None" }, "geometry": { "type": "Point", "coordinates": [ 113.3682861328125, 23.053188323974609 ] } },
{ "type": "Feature", "properties": { "city": "guangzhou", "candidate_source": "place_village_hamlet_locality", "id": "12833817457", "osm_type": "node", "place": "village", "landuse": "None", "residential": "None", "name": "None" }, "geometry": { "type": "Point", "coordinates": [ 113.370094299316406, 23.05438232421875 ] } },
{ "type": "Feature", "properties": { "city": "guangzhou", "candidate_source": "place_village_hamlet_locality", "id": "5055780802", "osm_type": "node", "place": "locality", "landuse": "None", "residential": "None", "name": "None" }, "geometry": { "type": "Point", "coordinates": [ 113.365097045898438, 23.06120491027832 ] } },
{ "type": "Feature", "properties": { "city": "guangzhou", "candidate_source": "place_village_hamlet_locality", "id": "1068651573", "osm_type": "node", "place": "hamlet", "landuse": "None", "residential": "None", "name": "None" }, "geometry": { "type": "Point", "coordinates": [ 113.352790832519531, 23.062261581420898 ] } },
{ "type": "Feature", "properties": { "city": "guangzhou", "candidate_source": "place_village_hamlet_locality", "id": "8635397140", "osm_type": "node", "place": "village", "landuse": "None", "residential": "None", "name": "None" }, "geometry": { "type": "Point", "coordinates": [ 113.389663696289062, 23.063674926757812 ] } },
{ "type": "Feature", "properties": { "city": "guangzhou", "candidate_source": "place_village_hamlet_locality", "id": "5055975844", "osm_type": "node", "place": "locality", "landuse": "None", "residential": "None", "name": "None" }, "geometry": { "type": "Point", "coordinates": [ 113.363967895507812, 23.066005706787109 ] } },
{ "type": "Feature", "properties": { "city": "guangzhou", "candidate_source": "place_village_hamlet_locality", "id": "12850109743", "osm_type": "node", "place": "village", "landuse": "None", "residential": "None", "name": "None" }, "geometry": { "type": "Point", "coordinates": [ 113.380935668945312, 23.067886352539062 ] } },
{ "type": "Feature", "properties": { "city": "guangzhou", "candidate_source": "place_village_hamlet_locality", "id": "5055984411", "osm_type": "node", "place": "locality", "landuse": "None", "residential": "None", "name": "None" }, "geometry": { "type": "Point", "coordinates": [ 113.373031616210938, 23.07084846496582 ] } },
{ "type": "Feature", "properties": { "city": "guangzhou", "candidate_source": "place_village_hamlet_locality", "id": "1184981809", "osm_type": "node", "place": "village", "landuse": "None", "residential": "None", "name": "None" }, "geometry": { "type": "Point", "coordinates": [ 113.277931213378906, 23.045761108398438 ] } },
{ "type": "Feature", "properties": { "city": "guangzhou", "candidate_source": "place_village_hamlet_locality", "id": "8595351266", "osm_type": "node", "place": "village", "landuse": "None", "residential": "None", "name": "None" }, "geometry": { "type": "Point", "coordinates": [ 113.284996032714844, 23.049415588378906 ] } },
{ "type": "Feature", "properties": { "city": "guangzhou", "candidate_source": "place_village_hamlet_locality", "id": "8595321873", "osm_type": "node", "place": "village", "landuse": "None", "residential": "None", "name": "None" }, "geometry": { "type": "Point", "coordinates": [ 113.265914916992188, 23.049997329711914 ] } },
{ "type": "Feature", "properties": { "city": "guangzhou", "candidate_source": "place_village_hamlet_locality", "id": "13531462871", "osm_type": "node", "place": "hamlet", "landuse": "None", "residential": "None", "name": "None" }, "geometry": { "type": "Point", "coordinates": [ 113.255905151367188, 23.056598663330078 ] } },
{ "type": "Feature", "properties": { "city": "guangzhou", "candidate_source": "place_village_hamlet_locality", "id": "12081874610", "osm_type": "node", "place": "hamlet", "landuse": "None", "residential": "None", "name": "None" }, "geometry": { "type": "Point", "coordinates": [ 113.247047424316406, 23.067310333251953 ] } },
{ "type": "Feature", "properties": { "city": "guangzhou", "candidate_source": "place_village_hamlet_locality", "id": "12078181765", "osm_type": "node", "place": "hamlet", "landuse": "None", "residential": "None", "name": "None" }, "geometry": { "type": "Point", "coordinates": [ 113.264961242675781, 23.069957733154297 ] } },
{ "type": "Feature", "properties": { "city": "guangzhou", "candidate_source": "place_village_hamlet_locality", "id": "6793146953", "osm_type": "node", "place": "hamlet", "landuse": "None", "residential": "None", "name": "None" }, "geometry": { "type": "Point", "coordinates": [ 113.274185180664062, 23.070577621459961 ] } },
{ "type": "Feature", "properties": { "city": "guangzhou", "candidate_source": "place_village_hamlet_locality", "id": "12078181766", "osm_type": "node", "place": "hamlet", "landuse": "None", "residential": "None", "name": "None" }, "geometry": { "type": "Point", "coordinates": [ 113.257949829101562, 23.073940277099609 ] } },
{ "type": "Feature", "properties": { "city": "guangzhou", "candidate_source": "place_village_hamlet_locality", "id": "10005749853", "osm_type": "node", "place": "hamlet", "landuse": "None", "residential": "None", "name": "None" }, "geometry": { "type": "Point", "coordinates": [ 113.258468627929688, 23.076488494873047 ] } },
{ "type": "Feature", "properties": { "city": "guangzhou", "candidate_source": "place_village_hamlet_locality", "id": "3977832003", "osm_type": "node", "place": "hamlet", "landuse": "None", "residential": "None", "name": "None" }, "geometry": { "type": "Point", "coordinates": [ 113.24267578125, 23.078563690185547 ] } },
{ "type": "Feature", "properties": { "city": "guangzhou", "candidate_source": "place_village_hamlet_locality", "id": "12865944808", "osm_type": "node", "place": "village", "landuse": "None", "residential": "None", "name": "None" }, "geometry": { "type": "Point", "coordinates": [ 113.40374755859375, 23.050243377685547 ] } },
{ "type": "Feature", "properties": { "city": "guangzhou", "candidate_source": "place_village_hamlet_locality", "id": "9263356805", "osm_type": "node", "place": "hamlet", "landuse": "None", "residential": "None", "name": "None" }, "geometry": { "type": "Point", "coordinates": [ 113.455062866210938, 23.051172256469727 ] } },
{ "type": "Feature", "properties": { "city": "guangzhou", "candidate_source": "place_village_hamlet_locality", "id": "10291686564", "osm_type": "node", "place": "locality", "landuse": "None", "residential": "None", "name": "None" }, "geometry": { "type": "Point", "coordinates": [ 113.430755615234375, 23.056001663208008 ] } },
{ "type": "Feature", "properties": { "city": "guangzhou", "candidate_source": "place_village_hamlet_locality", "id": "9505747720", "osm_type": "node", "place": "hamlet", "landuse": "None", "residential": "None", "name": "None" }, "geometry": { "type": "Point", "coordinates": [ 113.446456909179688, 23.057596206665039 ] } },
{ "type": "Feature", "properties": { "city": "guangzhou", "candidate_source": "place_village_hamlet_locality", "id": "12549129455", "osm_type": "node", "place": "hamlet", "landuse": "None", "residential": "None", "name": "None" }, "geometry": { "type": "Point", "coordinates": [ 113.441268920898438, 23.060464859008789 ] } },
{ "type": "Feature", "properties": { "city": "guangzhou", "candidate_source": "place_village_hamlet_locality", "id": "8493520369", "osm_type": "node", "place": "locality", "landuse": "None", "residential": "None", "name": "None" }, "geometry": { "type": "Point", "coordinates": [ 113.412147521972656, 23.066545486450195 ] } },
{ "type": "Feature", "properties": { "city": "guangzhou", "candidate_source": "place_village_hamlet_locality", "id": "8890714801", "osm_type": "node", "place": "village", "landuse": "None", "residential": "None", "name": "None" }, "geometry": { "type": "Point", "coordinates": [ 113.402069091796875, 23.071514129638672 ] } },
{ "type": "Feature", "properties": { "city": "guangzhou", "candidate_source": "place_village_hamlet_locality", "id": "10859794104", "osm_type": "node", "place": "village", "landuse": "None", "residential": "None", "name": "None" }, "geometry": { "type": "Point", "coordinates": [ 113.404502868652344, 23.074996948242188 ] } },
{ "type": "Feature", "properties": { "city": "guangzhou", "candidate_source": "place_village_hamlet_locality", "id": "10859794102", "osm_type": "node", "place": "village", "landuse": "None", "residential": "None", "name": "None" }, "geometry": { "type": "Point", "coordinates": [ 113.418083190917969, 23.079130172729492 ] } },
{ "type": "Feature", "properties": { "city": "guangzhou", "candidate_source": "place_village_hamlet_locality", "id": "5171444251", "osm_type": "node", "place": "locality", "landuse": "None", "residential": "None", "name": "None" }, "geometry": { "type": "Point", "coordinates": [ 113.398605346679688, 23.080310821533203 ] } },
{ "type": "Feature", "properties": { "city": "guangzhou", "candidate_source": "place_village_hamlet_locality", "id": "8595351264", "osm_type": "node", "place": "village", "landuse": "None", "residential": "None", "name": "None" }, "geometry": { "type": "Point", "coordinates": [ 113.314010620117188, 23.044082641601562 ] } },
{ "type": "Feature", "properties": { "city": "guangzhou", "candidate_source": "place_village_hamlet_locality", "id": "5064344400", "osm_type": "node", "place": "hamlet", "landuse": "None", "residential": "None", "name": "None" }, "geometry": { "type": "Point", "coordinates": [ 113.326713562011719, 23.056497573852539 ] } },
{ "type": "Feature", "properties": { "city": "guangzhou", "candidate_source": "place_village_hamlet_locality", "id": "5055944090", "osm_type": "node", "place": "hamlet", "landuse": "None", "residential": "None", "name": "None" }, "geometry": { "type": "Point", "coordinates": [ 113.327308654785156, 23.060159683227539 ] } },
{ "type": "Feature", "properties": { "city": "guangzhou", "candidate_source": "place_village_hamlet_locality", "id": "5055919945", "osm_type": "node", "place": "hamlet", "landuse": "None", "residential": "None", "name": "None" }, "geometry": { "type": "Point", "coordinates": [ 113.310295104980469, 23.060626983642578 ] } },
{ "type": "Feature", "properties": { "city": "guangzhou", "candidate_source": "place_village_hamlet_locality", "id": "12068461569", "osm_type": "node", "place": "hamlet", "landuse": "None", "residential": "None", "name": "None" }, "geometry": { "type": "Point", "coordinates": [ 113.302139282226562, 23.067907333374023 ] } },
{ "type": "Feature", "properties": { "city": "guangzhou", "candidate_source": "place_village_hamlet_locality", "id": "5055924496", "osm_type": "node", "place": "hamlet", "landuse": "None", "residential": "None", "name": "None" }, "geometry": { "type": "Point", "coordinates": [ 113.311180114746094, 23.06852912902832 ] } },
{ "type": "Feature", "properties": { "city": "guangzhou", "candidate_source": "place_village_hamlet_locality", "id": "5055918773", "osm_type": "node", "place": "hamlet", "landuse": "None", "residential": "None", "name": "None" }, "geometry": { "type": "Point", "coordinates": [ 113.298065185546875, 23.070169448852539 ] } },
{ "type": "Feature", "properties": { "city": "guangzhou", "candidate_source": "place_village_hamlet_locality", "id": "5055874978", "osm_type": "node", "place": "hamlet", "landuse": "None", "residential": "None", "name": "None" }, "geometry": { "type": "Point", "coordinates": [ 113.313835144042969, 23.083795547485352 ] } },
{ "type": "Feature", "properties": { "city": "guangzhou", "candidate_source": "place_village_hamlet_locality", "id": "5055832210", "osm_type": "node", "place": "hamlet", "landuse": "None", "residential": "None", "name": "None" }, "geometry": { "type": "Point", "coordinates": [ 113.329017639160156, 23.083824157714844 ] } },
{ "type": "Feature", "properties": { "city": "guangzhou", "candidate_source": "place_village_hamlet_locality", "id": "5069166499", "osm_type": "node", "place": "hamlet", "landuse": "None", "residential": "None", "name": "None" }, "geometry": { "type": "Point", "coordinates": [ 113.318939208984375, 23.086494445800781 ] } },
{ "type": "Feature", "properties": { "city": "guangzhou", "candidate_source": "place_village_hamlet_locality", "id": "10207867170", "osm_type": "node", "place": "locality", "landuse": "None", "residential": "None", "name": "None" }, "geometry": { "type": "Point", "coordinates": [ 113.549766540527344, 22.90803337097168 ] } },
{ "type": "Feature", "properties": { "city": "guangzhou", "candidate_source": "place_village_hamlet_locality", "id": "8582865586", "osm_type": "node", "place": "hamlet", "landuse": "None", "residential": "None", "name": "None" }, "geometry": { "type": "Point", "coordinates": [ 113.515625, 22.910392761230469 ] } },
{ "type": "Feature", "properties": { "city": "guangzhou", "candidate_source": "place_village_hamlet_locality", "id": "8582865576", "osm_type": "node", "place": "hamlet", "landuse": "None", "residential": "None", "name": "None" }, "geometry": { "type": "Point", "coordinates": [ 113.538078308105469, 22.915000915527344 ] } },
{ "type": "Feature", "properties": { "city": "guangzhou", "candidate_source": "place_village_hamlet_locality", "id": "8582865587", "osm_type": "node", "place": "hamlet", "landuse": "None", "residential": "None", "name": "None" }, "geometry": { "type": "Point", "coordinates": [ 113.516868591308594, 22.924652099609375 ] } },
{ "type": "Feature", "properties": { "city": "guangzhou", "candidate_source": "place_village_hamlet_locality", "id": "8582865575", "osm_type": "node", "place": "hamlet", "landuse": "None", "residential": "None", "name": "None" }, "geometry": { "type": "Point", "coordinates": [ 113.534744262695312, 22.924894332885742 ] } },
{ "type": "Feature", "properties": { "city": "guangzhou", "candidate_source": "place_village_hamlet_locality", "id": "8582865574", "osm_type": "node", "place": "hamlet", "landuse": "None", "residential": "None", "name": "None" }, "geometry": { "type": "Point", "coordinates": [ 113.522445678710938, 22.937768936157227 ] } },
{ "type": "Feature", "properties": { "city": "guangzhou", "candidate_source": "place_village_hamlet_locality", "id": "9856255768", "osm_type": "node", "place": "locality", "landuse": "None", "residential": "None", "name": "None" }, "geometry": { "type": "Point", "coordinates": [ 113.475837707519531, 22.946828842163086 ] } },
{ "type": "Feature", "properties": { "city": "guangzhou", "candidate_source": "place_village_hamlet_locality", "id": "8582865386", "osm_type": "node", "place": "hamlet", "landuse": "None", "residential": "None", "name": "None" }, "geometry": { "type": "Point", "coordinates": [ 113.516555786132812, 22.96491813659668 ] } },
{ "type": "Feature", "properties": { "city": "guangzhou", "candidate_source": "place_village_hamlet_locality", "id": "18938275678", "osm_type": "relation", "place": "hamlet", "landuse": "None", "residential": "None", "name": "None" }, "geometry": { "type": "Polygon", "coordinates": [ [ [ 113.512077331542969, 22.975751876831055 ], [ 113.512367248535156, 22.975658416748047 ], [ 113.512641906738281, 22.975614547729492 ], [ 113.512725830078125, 22.975591659545898 ], [ 113.512985229492188, 22.975578308105469 ], [ 113.5133056640625, 22.97551155090332 ], [ 113.513450622558594, 22.975545883178711 ], [ 113.513473510742188, 22.975542068481445 ], [ 113.513542175292969, 22.975530624389648 ], [ 113.513710021972656, 22.975461959838867 ], [ 113.513786315917969, 22.975467681884766 ], [ 113.513931274414062, 22.975439071655273 ], [ 113.513954162597656, 22.975492477416992 ], [ 113.514167785644531, 22.975528717041016 ], [ 113.514350891113281, 22.975505828857422 ], [ 113.514495849609375, 22.975484848022461 ], [ 113.514625549316406, 22.975400924682617 ], [ 113.514694213867188, 22.975391387939453 ], [ 113.514793395996094, 22.975475311279297 ], [ 113.514801025390625, 22.975589752197266 ], [ 113.5147705078125, 22.975601196289062 ], [ 113.514778137207031, 22.975681304931641 ], [ 113.514854431152344, 22.975687026977539 ], [ 113.514854431152344, 22.975759506225586 ], [ 113.514915466308594, 22.975765228271484 ], [ 113.514930725097656, 22.975763320922852 ], [ 113.514930725097656, 22.975723266601562 ], [ 113.515083312988281, 22.975706100463867 ], [ 113.515060424804688, 22.975563049316406 ], [ 113.515174865722656, 22.975528717041016 ], [ 113.515266418457031, 22.975517272949219 ], [ 113.515289306640625, 22.975513458251953 ], [ 113.515357971191406, 22.975519180297852 ], [ 113.515449523925781, 22.975498199462891 ], [ 113.515457153320312, 22.975517272949219 ], [ 113.515579223632812, 22.975515365600586 ], [ 113.515609741210938, 22.975334167480469 ], [ 113.515640258789062, 22.975322723388672 ], [ 113.515678405761719, 22.975317001342773 ], [ 113.51568603515625, 22.975467681884766 ], [ 113.515762329101562, 22.975461959838867 ], [ 113.515769958496094, 22.975484848022461 ], [ 113.515846252441406, 22.975486755371094 ], [ 113.515914916992188, 22.975482940673828 ], [ 113.515922546386719, 22.975561141967773 ], [ 113.515983581542969, 22.975559234619141 ], [ 113.5159912109375, 22.97569465637207 ], [ 113.516090393066406, 22.975683212280273 ], [ 113.516090393066406, 22.975614547729492 ], [ 113.516166687011719, 22.975612640380859 ], [ 113.5162353515625, 22.975624084472656 ], [ 113.516273498535156, 22.975639343261719 ], [ 113.516342163085938, 22.97545051574707 ], [ 113.516410827636719, 22.97545051574707 ], [ 113.516456604003906, 22.97545051574707 ], [ 113.516464233398438, 22.975492477416992 ], [ 113.516548156738281, 22.975492477416992 ], [ 113.516555786132812, 22.975557327270508 ], [ 113.516586303710938, 22.975559234619141 ], [ 113.516593933105469, 22.975627899169922 ], [ 113.516548156738281, 22.975698471069336 ], [ 113.516555786132812, 22.975723266601562 ], [ 113.516708374023438, 22.975732803344727 ], [ 113.516708374023438, 22.975687026977539 ], [ 113.51678466796875, 22.975681304931641 ], [ 113.51678466796875, 22.975639343261719 ], [ 113.516868591308594, 22.975629806518555 ], [ 113.516891479492188, 22.975809097290039 ], [ 113.516937255859375, 22.975849151611328 ], [ 113.5169677734375, 22.976158142089844 ], [ 113.517105102539062, 22.976217269897461 ], [ 113.5172119140625, 22.97620964050293 ], [ 113.517166137695312, 22.976043701171875 ], [ 113.51715087890625, 22.975900650024414 ], [ 113.517143249511719, 22.975767135620117 ], [ 113.517135620117188, 22.975734710693359 ], [ 113.517112731933594, 22.975610733032227 ], [ 113.517082214355469, 22.975551605224609 ], [ 113.517082214355469, 22.97551155090332 ], [ 113.517097473144531, 22.975461959838867 ], [ 113.51715087890625, 22.9754638671875 ], [ 113.517196655273438, 22.975404739379883 ], [ 113.517311096191406, 22.975322723388672 ], [ 113.517311096191406, 22.975282669067383 ], [ 113.517379760742188, 22.975278854370117 ], [ 113.517387390136719, 22.975336074829102 ], [ 113.517532348632812, 22.975414276123047 ], [ 113.517532348632812, 22.975494384765625 ], [ 113.517608642578125, 22.975507736206055 ], [ 113.517738342285156, 22.975452423095703 ], [ 113.517852783203125, 22.975461959838867 ], [ 113.517997741699219, 22.975412368774414 ], [ 113.518173217773438, 22.975307464599609 ], [ 113.518180847167969, 22.97528076171875 ], [ 113.518173217773438, 22.975254058837891 ], [ 113.518157958984375, 22.975189208984375 ], [ 113.518272399902344, 22.975189208984375 ], [ 113.518310546875, 22.974967956542969 ], [ 113.518463134765625, 22.974969863891602 ], [ 113.518638610839844, 22.974971771240234 ], [ 113.518630981445312, 22.974843978881836 ], [ 113.51861572265625, 22.974699020385742 ], [ 113.518585205078125, 22.974582672119141 ], [ 113.518524169921875, 22.97453498840332 ], [ 113.518440246582031, 22.974529266357422 ], [ 113.517692565917969, 22.974525451660156 ], [ 113.517578125, 22.974527359008789 ], [ 113.517448425292969, 22.97450065612793 ], [ 113.517341613769531, 22.974489212036133 ], [ 113.517333984375, 22.974544525146484 ], [ 113.517051696777344, 22.97456169128418 ], [ 113.517051696777344, 22.974664688110352 ], [ 113.516952514648438, 22.974668502807617 ], [ 113.516952514648438, 22.974798202514648 ], [ 113.516876220703125, 22.974802017211914 ], [ 113.516868591308594, 22.97471809387207 ], [ 113.516777038574219, 22.97468376159668 ], [ 113.516700744628906, 22.974685668945312 ], [ 113.516708374023438, 22.974637985229492 ], [ 113.51654052734375, 22.974637985229492 ], [ 113.51654052734375, 22.974676132202148 ], [ 113.516464233398438, 22.974660873413086 ], [ 113.516456604003906, 22.974628448486328 ], [ 113.516342163085938, 22.974620819091797 ], [ 113.516334533691406, 22.974590301513672 ], [ 113.516273498535156, 22.974586486816406 ], [ 113.516105651855469, 22.974592208862305 ], [ 113.516105651855469, 22.974662780761719 ], [ 113.515983581542969, 22.974809646606445 ], [ 113.515899658203125, 22.974811553955078 ], [ 113.515823364257812, 22.974737167358398 ], [ 113.515708923339844, 22.974729537963867 ], [ 113.515640258789062, 22.97474479675293 ], [ 113.515632629394531, 22.974651336669922 ], [ 113.515548706054688, 22.974641799926758 ], [ 113.514823913574219, 22.974636077880859 ], [ 113.514793395996094, 22.974611282348633 ], [ 113.514747619628906, 22.974607467651367 ], [ 113.514724731445312, 22.974586486816406 ], [ 113.514724731445312, 22.974546432495117 ], [ 113.514762878417969, 22.974361419677734 ], [ 113.514694213867188, 22.97435188293457 ], [ 113.514511108398438, 22.974313735961914 ], [ 113.514427185058594, 22.974544525146484 ], [ 113.514236450195312, 22.974559783935547 ], [ 113.514114379882812, 22.974515914916992 ], [ 113.513999938964844, 22.974506378173828 ], [ 113.513969421386719, 22.974637985229492 ], [ 113.513717651367188, 22.974634170532227 ], [ 113.513664245605469, 22.974626541137695 ], [ 113.513664245605469, 22.974563598632812 ], [ 113.513267517089844, 22.974546432495117 ], [ 113.513130187988281, 22.974466323852539 ], [ 113.513046264648438, 22.974458694458008 ], [ 113.512985229492188, 22.974485397338867 ], [ 113.512908935546875, 22.974475860595703 ], [ 113.512863159179688, 22.974468231201172 ], [ 113.512832641601562, 22.974712371826172 ], [ 113.512725830078125, 22.974782943725586 ], [ 113.511695861816406, 22.974933624267578 ], [ 113.511611938476562, 22.974964141845703 ], [ 113.511520385742188, 22.974994659423828 ], [ 113.511238098144531, 22.974592208862305 ], [ 113.51116943359375, 22.974552154541016 ], [ 113.511123657226562, 22.974493026733398 ], [ 113.511032104492188, 22.974531173706055 ], [ 113.510940551757812, 22.974567413330078 ], [ 113.510978698730469, 22.974750518798828 ], [ 113.51129150390625, 22.975265502929688 ], [ 113.51141357421875, 22.975481033325195 ], [ 113.511459350585938, 22.975481033325195 ], [ 113.511497497558594, 22.975465774536133 ], [ 113.511528015136719, 22.975494384765625 ], [ 113.511566162109375, 22.975534439086914 ], [ 113.511459350585938, 22.975580215454102 ], [ 113.511474609375, 22.975616455078125 ], [ 113.511665344238281, 22.975734710693359 ], [ 113.511810302734375, 22.975688934326172 ], [ 113.511985778808594, 22.97584342956543 ], [ 113.512054443359375, 22.97589111328125 ], [ 113.512062072753906, 22.97584342956543 ], [ 113.512092590332031, 22.975820541381836 ], [ 113.512077331542969, 22.975751876831055 ] ], [ [ 113.517753601074219, 22.974870681762695 ], [ 113.517745971679688, 22.974826812744141 ], [ 113.517860412597656, 22.974817276000977 ], [ 113.517868041992188, 22.974897384643555 ], [ 113.51806640625, 22.97490119934082 ], [ 113.518074035644531, 22.975002288818359 ], [ 113.518035888671875, 22.975004196166992 ], [ 113.518020629882812, 22.975105285644531 ], [ 113.5179443359375, 22.975107192993164 ], [ 113.5179443359375, 22.975070953369141 ], [ 113.517776489257812, 22.975076675415039 ], [ 113.517776489257812, 22.975120544433594 ], [ 113.517631530761719, 22.975099563598633 ], [ 113.517631530761719, 22.975072860717773 ], [ 113.517547607421875, 22.975053787231445 ], [ 113.517532348632812, 22.975078582763672 ], [ 113.517501831054688, 22.975074768066406 ], [ 113.517501831054688, 22.975032806396484 ], [ 113.517356872558594, 22.975032806396484 ], [ 113.517349243164062, 22.975170135498047 ], [ 113.517303466796875, 22.975170135498047 ], [ 113.517303466796875, 22.975107192993164 ], [ 113.517196655273438, 22.975114822387695 ], [ 113.517189025878906, 22.975070953369141 ], [ 113.517097473144531, 22.975074768066406 ], [ 113.51708984375, 22.975061416625977 ], [ 113.516998291015625, 22.975061416625977 ], [ 113.516998291015625, 22.97502326965332 ], [ 113.516868591308594, 22.975027084350586 ], [ 113.516868591308594, 22.975053787231445 ], [ 113.516792297363281, 22.975053787231445 ], [ 113.516777038574219, 22.975025177001953 ], [ 113.516738891601562, 22.975027084350586 ], [ 113.516738891601562, 22.975053787231445 ], [ 113.516571044921875, 22.975063323974609 ], [ 113.516571044921875, 22.975118637084961 ], [ 113.516441345214844, 22.975112915039062 ], [ 113.516441345214844, 22.975057601928711 ], [ 113.516319274902344, 22.975055694580078 ], [ 113.516319274902344, 22.975070953369141 ], [ 113.5162353515625, 22.975067138671875 ], [ 113.5162353515625, 22.97511100769043 ], [ 113.516189575195312, 22.975109100341797 ], [ 113.516189575195312, 22.975086212158203 ], [ 113.5159912109375, 22.975090026855469 ], [ 113.5159912109375, 22.975152969360352 ], [ 113.515922546386719, 22.975152969360352 ], [ 113.515922546386719, 22.975120544433594 ], [ 113.51568603515625, 22.975130081176758 ], [ 113.515693664550781, 22.975183486938477 ], [ 113.515625, 22.975231170654297 ], [ 113.515617370605469, 22.975166320800781 ], [ 113.515579223632812, 22.975166320800781 ], [ 113.515571594238281, 22.97511100769043 ], [ 113.515434265136719, 22.975107192993164 ], [ 113.515434265136719, 22.975130081176758 ], [ 113.515281677246094, 22.975130081176758 ], [ 113.515060424804688, 22.975137710571289 ], [ 113.514915466308594, 22.975139617919922 ], [ 113.514915466308594, 22.975122451782227 ], [ 113.514808654785156, 22.975126266479492 ], [ 113.514808654785156, 22.975187301635742 ], [ 113.514541625976562, 22.975189208984375 ], [ 113.514541625976562, 22.975210189819336 ], [ 113.514419555664062, 22.975208282470703 ], [ 113.514320373535156, 22.975212097167969 ], [ 113.514312744140625, 22.97514533996582 ], [ 113.513778686523438, 22.975162506103516 ], [ 113.513771057128906, 22.975183486938477 ], [ 113.513641357421875, 22.975185394287109 ], [ 113.513633728027344, 22.975198745727539 ], [ 113.513435363769531, 22.975200653076172 ], [ 113.513427734375, 22.975242614746094 ], [ 113.51336669921875, 22.975242614746094 ], [ 113.513359069824219, 22.975215911865234 ], [ 113.513114929199219, 22.9752197265625 ], [ 113.512985229492188, 22.97523307800293 ], [ 113.512985229492188, 22.975261688232422 ], [ 113.512939453125, 22.975255966186523 ], [ 113.512855529785156, 22.97526741027832 ], [ 113.512855529785156, 22.975246429443359 ], [ 113.512321472167969, 22.975334167480469 ], [ 113.5123291015625, 22.975309371948242 ], [ 113.512161254882812, 22.97532844543457 ], [ 113.512161254882812, 22.975357055664062 ], [ 113.512008666992188, 22.975399017333984 ], [ 113.51190185546875, 22.975427627563477 ], [ 113.511817932128906, 22.975435256958008 ], [ 113.511810302734375, 22.975412368774414 ], [ 113.511810302734375, 22.975391387939453 ], [ 113.511947631835938, 22.975336074829102 ], [ 113.512077331542969, 22.975309371948242 ], [ 113.512069702148438, 22.975284576416016 ], [ 113.512176513671875, 22.975265502929688 ], [ 113.512176513671875, 22.975246429443359 ], [ 113.512252807617188, 22.97523307800293 ], [ 113.512252807617188, 22.975212097167969 ], [ 113.512474060058594, 22.975191116333008 ], [ 113.512474060058594, 22.9752197265625 ], [ 113.513084411621094, 22.975137710571289 ], [ 113.51318359375, 22.975103378295898 ], [ 113.513275146484375, 22.975059509277344 ], [ 113.51336669921875, 22.975015640258789 ], [ 113.513389587402344, 22.975011825561523 ], [ 113.513404846191406, 22.975040435791016 ], [ 113.513420104980469, 22.97511100769043 ], [ 113.513534545898438, 22.975093841552734 ], [ 113.513717651367188, 22.975065231323242 ], [ 113.514183044433594, 22.975042343139648 ], [ 113.514190673828125, 22.975070953369141 ], [ 113.514999389648438, 22.975059509277344 ], [ 113.515312194824219, 22.975053787231445 ], [ 113.515647888183594, 22.975030899047852 ], [ 113.515640258789062, 22.974937438964844 ], [ 113.515998840332031, 22.974931716918945 ], [ 113.516006469726562, 22.974956512451172 ], [ 113.516159057617188, 22.974960327148438 ], [ 113.516326904296875, 22.9749755859375 ], [ 113.516586303710938, 22.97498893737793 ], [ 113.516731262207031, 22.974998474121094 ], [ 113.516853332519531, 22.974985122680664 ], [ 113.516853332519531, 22.974891662597656 ], [ 113.516952514648438, 22.974889755249023 ], [ 113.516960144042969, 22.974966049194336 ], [ 113.51708984375, 22.974969863891602 ], [ 113.51708984375, 22.97491455078125 ], [ 113.5172119140625, 22.974910736083984 ], [ 113.5172119140625, 22.974973678588867 ], [ 113.517341613769531, 22.974969863891602 ], [ 113.517379760742188, 22.974948883056641 ], [ 113.517578125, 22.974946975708008 ], [ 113.517601013183594, 22.974967956542969 ], [ 113.517631530761719, 22.974954605102539 ], [ 113.517669677734375, 22.974922180175781 ], [ 113.517662048339844, 22.974876403808594 ], [ 113.517753601074219, 22.974870681762695 ] ] ] } },
{ "type": "Feature", "properties": { "city": "guangzhou", "candidate_source": "place_village_hamlet_locality", "id": "13404358471", "osm_type": "node", "place": "village", "landuse": "None", "residential": "None", "name": "None" }, "geometry": { "type": "Point", "coordinates": [ 113.494163513183594, 22.976057052612305 ] } },
{ "type": "Feature", "properties": { "city": "guangzhou", "candidate_source": "place_village_hamlet_locality", "id": "9183541207", "osm_type": "node", "place": "village", "landuse": "None", "residential": "None", "name": "None" }, "geometry": { "type": "Point", "coordinates": [ 113.506065368652344, 22.979133605957031 ] } },
{ "type": "Feature", "properties": { "city": "guangzhou", "candidate_source": "place_village_hamlet_locality", "id": "10207861294", "osm_type": "node", "place": "locality", "landuse": "None", "residential": "None", "name": "None" }, "geometry": { "type": "Point", "coordinates": [ 113.517822265625, 22.979442596435547 ] } },
{ "type": "Feature", "properties": { "city": "guangzhou", "candidate_source": "place_village_hamlet_locality", "id": "12484519840", "osm_type": "node", "place": "locality", "landuse": "None", "residential": "None", "name": "None" }, "geometry": { "type": "Point", "coordinates": [ 113.459259033203125, 23.012344360351562 ] } },
{ "type": "Feature", "properties": { "city": "guangzhou", "candidate_source": "place_village_hamlet_locality", "id": "12484519839", "osm_type": "node", "place": "locality", "landuse": "None", "residential": "None", "name": "None" }, "geometry": { "type": "Point", "coordinates": [ 113.460479736328125, 23.015857696533203 ] } },
{ "type": "Feature", "properties": { "city": "guangzhou", "candidate_source": "place_village_hamlet_locality", "id": "9281825305", "osm_type": "node", "place": "hamlet", "landuse": "None", "residential": "None", "name": "None" }, "geometry": { "type": "Point", "coordinates": [ 113.462142944335938, 23.017330169677734 ] } },
{ "type": "Feature", "properties": { "city": "guangzhou", "candidate_source": "place_village_hamlet_locality", "id": "12484519838", "osm_type": "node", "place": "locality", "landuse": "None", "residential": "None", "name": "None" }, "geometry": { "type": "Point", "coordinates": [ 113.463096618652344, 23.019147872924805 ] } },
{ "type": "Feature", "properties": { "city": "guangzhou", "candidate_source": "place_village_hamlet_locality", "id": "8304644578", "osm_type": "node", "place": "hamlet", "landuse": "None", "residential": "None", "name": "None" }, "geometry": { "type": "Point", "coordinates": [ 113.462646484375, 23.020168304443359 ] } },
{ "type": "Feature", "properties": { "city": "guangzhou", "candidate_source": "place_village_hamlet_locality", "id": "12484519837", "osm_type": "node", "place": "locality", "landuse": "None", "residential": "None", "name": "None" }, "geometry": { "type": "Point", "coordinates": [ 113.462821960449219, 23.020570755004883 ] } },
{ "type": "Feature", "properties": { "city": "guangzhou", "candidate_source": "residential_rural", "id": "1017032762", "osm_type": "way", "place": "None", "landuse": "residential", "residential": "rural", "name": "None" }, "geometry": { "type": "Polygon", "coordinates": [ [ [ 113.502426147460938, 23.022308349609375 ], [ 113.502593994140625, 23.023029327392578 ], [ 113.503036499023438, 23.023223876953125 ], [ 113.503623962402344, 23.023494720458984 ], [ 113.504364013671875, 23.023706436157227 ], [ 113.504898071289062, 23.023849487304688 ], [ 113.505439758300781, 23.023836135864258 ], [ 113.506248474121094, 23.023757934570312 ], [ 113.506668090820312, 23.023733139038086 ], [ 113.507011413574219, 23.023666381835938 ], [ 113.507240295410156, 23.023550033569336 ], [ 113.5074462890625, 23.023445129394531 ], [ 113.507575988769531, 23.023197174072266 ], [ 113.5076904296875, 23.023067474365234 ], [ 113.508026123046875, 23.021739959716797 ], [ 113.508155822753906, 23.021230697631836 ], [ 113.507904052734375, 23.021221160888672 ], [ 113.502510070800781, 23.021034240722656 ], [ 113.502426147460938, 23.022308349609375 ] ] ] } },
{ "type": "Feature", "properties": { "city": "guangzhou", "candidate_source": "place_village_hamlet_locality", "id": "12484519823", "osm_type": "node", "place": "locality", "landuse": "None", "residential": "None", "name": "None" }, "geometry": { "type": "Point", "coordinates": [ 113.461967468261719, 23.02326774597168 ] } },
{ "type": "Feature", "properties": { "city": "guangzhou", "candidate_source": "place_village_hamlet_locality", "id": "9033085385", "osm_type": "node", "place": "locality", "landuse": "None", "residential": "None", "name": "None" }, "geometry": { "type": "Point", "coordinates": [ 113.500968933105469, 23.02491569519043 ] } },
{ "type": "Feature", "properties": { "city": "guangzhou", "candidate_source": "place_village_hamlet_locality", "id": "12514857262", "osm_type": "node", "place": "locality", "landuse": "None", "residential": "None", "name": "None" }, "geometry": { "type": "Point", "coordinates": [ 113.451927185058594, 23.008350372314453 ] } },
{ "type": "Feature", "properties": { "city": "guangzhou", "candidate_source": "place_village_hamlet_locality", "id": "9480277912", "osm_type": "node", "place": "locality", "landuse": "None", "residential": "None", "name": "None" }, "geometry": { "type": "Point", "coordinates": [ 113.416763305664062, 23.025442123413086 ] } },
{ "type": "Feature", "properties": { "city": "guangzhou", "candidate_source": "place_village_hamlet_locality", "id": "9744108943", "osm_type": "node", "place": "locality", "landuse": "None", "residential": "None", "name": "None" }, "geometry": { "type": "Point", "coordinates": [ 113.443565368652344, 23.034749984741211 ] } },
{ "type": "Feature", "properties": { "city": "guangzhou", "candidate_source": "place_village_hamlet_locality", "id": "12759018564", "osm_type": "node", "place": "village", "landuse": "None", "residential": "None", "name": "None" }, "geometry": { "type": "Point", "coordinates": [ 113.422645568847656, 23.034786224365234 ] } },
{ "type": "Feature", "properties": { "city": "guangzhou", "candidate_source": "place_village_hamlet_locality", "id": "12528710179", "osm_type": "node", "place": "hamlet", "landuse": "None", "residential": "None", "name": "None" }, "geometry": { "type": "Point", "coordinates": [ 113.451637268066406, 23.03679084777832 ] } },
{ "type": "Feature", "properties": { "city": "guangzhou", "candidate_source": "place_village_hamlet_locality", "id": "8869891101", "osm_type": "node", "place": "hamlet", "landuse": "None", "residential": "None", "name": "None" }, "geometry": { "type": "Point", "coordinates": [ 113.416816711425781, 23.041318893432617 ] } },
{ "type": "Feature", "properties": { "city": "guangzhou", "candidate_source": "place_village_hamlet_locality", "id": "12298265413", "osm_type": "node", "place": "hamlet", "landuse": "None", "residential": "None", "name": "None" }, "geometry": { "type": "Point", "coordinates": [ 113.448768615722656, 23.045351028442383 ] } },
{ "type": "Feature", "properties": { "city": "guangzhou", "candidate_source": "place_village_hamlet_locality", "id": "12528825935", "osm_type": "node", "place": "hamlet", "landuse": "None", "residential": "None", "name": "None" }, "geometry": { "type": "Point", "coordinates": [ 113.444862365722656, 23.046943664550781 ] } },
{ "type": "Feature", "properties": { "city": "guangzhou", "candidate_source": "place_village_hamlet_locality", "id": "8311429772", "osm_type": "node", "place": "village", "landuse": "None", "residential": "None", "name": "None" }, "geometry": { "type": "Point", "coordinates": [ 113.431480407714844, 23.049442291259766 ] } },
{ "type": "Feature", "properties": { "city": "guangzhou", "candidate_source": "place_village_hamlet_locality", "id": "10011939727", "osm_type": "node", "place": "hamlet", "landuse": "None", "residential": "None", "name": "None" }, "geometry": { "type": "Point", "coordinates": [ 113.44830322265625, 23.050149917602539 ] } },
{ "type": "Feature", "properties": { "city": "guangzhou", "candidate_source": "place_village_hamlet_locality", "id": "9160959453", "osm_type": "node", "place": "hamlet", "landuse": "None", "residential": "None", "name": "None" }, "geometry": { "type": "Point", "coordinates": [ 113.475135803222656, 23.02717399597168 ] } },
{ "type": "Feature", "properties": { "city": "guangzhou", "candidate_source": "place_village_hamlet_locality", "id": "9758606864", "osm_type": "node", "place": "hamlet", "landuse": "None", "residential": "None", "name": "None" }, "geometry": { "type": "Point", "coordinates": [ 113.501296997070312, 23.027786254882812 ] } },
{ "type": "Feature", "properties": { "city": "guangzhou", "candidate_source": "place_village_hamlet_locality", "id": "9160959452", "osm_type": "node", "place": "hamlet", "landuse": "None", "residential": "None", "name": "None" }, "geometry": { "type": "Point", "coordinates": [ 113.474411010742188, 23.028356552124023 ] } },
{ "type": "Feature", "properties": { "city": "guangzhou", "candidate_source": "place_village_hamlet_locality", "id": "9160959707", "osm_type": "node", "place": "hamlet", "landuse": "None", "residential": "None", "name": "None" }, "geometry": { "type": "Point", "coordinates": [ 113.482460021972656, 23.03187370300293 ] } },
{ "type": "Feature", "properties": { "city": "guangzhou", "candidate_source": "place_village_hamlet_locality", "id": "10683993209", "osm_type": "node", "place": "locality", "landuse": "None", "residential": "None", "name": "None" }, "geometry": { "type": "Point", "coordinates": [ 113.497123718261719, 23.032556533813477 ] } },
{ "type": "Feature", "properties": { "city": "guangzhou", "candidate_source": "place_village_hamlet_locality", "id": "12298265415", "osm_type": "node", "place": "hamlet", "landuse": "None", "residential": "None", "name": "None" }, "geometry": { "type": "Point", "coordinates": [ 113.494773864746094, 23.032917022705078 ] } },
{ "type": "Feature", "properties": { "city": "guangzhou", "candidate_source": "place_village_hamlet_locality", "id": "12334027019", "osm_type": "node", "place": "hamlet", "landuse": "None", "residential": "None", "name": "None" }, "geometry": { "type": "Point", "coordinates": [ 113.459068298339844, 23.033351898193359 ] } },
{ "type": "Feature", "properties": { "city": "guangzhou", "candidate_source": "place_village_hamlet_locality", "id": "12334027039", "osm_type": "node", "place": "locality", "landuse": "None", "residential": "None", "name": "None" }, "geometry": { "type": "Point", "coordinates": [ 113.460983276367188, 23.034063339233398 ] } },
{ "type": "Feature", "properties": { "city": "guangzhou", "candidate_source": "place_village_hamlet_locality", "id": "9033085384", "osm_type": "node", "place": "locality", "landuse": "None", "residential": "None", "name": "None" }, "geometry": { "type": "Point", "coordinates": [ 113.489006042480469, 23.036540985107422 ] } },
{ "type": "Feature", "properties": { "city": "guangzhou", "candidate_source": "place_village_hamlet_locality", "id": "12334027007", "osm_type": "node", "place": "locality", "landuse": "None", "residential": "None", "name": "None" }, "geometry": { "type": "Point", "coordinates": [ 113.471244812011719, 23.043052673339844 ] } },
{ "type": "Feature", "properties": { "city": "guangzhou", "candidate_source": "place_village_hamlet_locality", "id": "10683993207", "osm_type": "node", "place": "locality", "landuse": "None", "residential": "None", "name": "None" }, "geometry": { "type": "Point", "coordinates": [ 113.466583251953125, 23.046266555786133 ] } },
{ "type": "Feature", "properties": { "city": "guangzhou", "candidate_source": "place_village_hamlet_locality", "id": "8733978277", "osm_type": "node", "place": "hamlet", "landuse": "None", "residential": "None", "name": "None" }, "geometry": { "type": "Point", "coordinates": [ 113.472908020019531, 23.050058364868164 ] } },
{ "type": "Feature", "properties": { "city": "guangzhou", "candidate_source": "place_village_hamlet_locality", "id": "9758606863", "osm_type": "node", "place": "hamlet", "landuse": "None", "residential": "None", "name": "None" }, "geometry": { "type": "Point", "coordinates": [ 113.476448059082031, 23.056215286254883 ] } },
{ "type": "Feature", "properties": { "city": "guangzhou", "candidate_source": "place_village_hamlet_locality", "id": "10683993206", "osm_type": "node", "place": "locality", "landuse": "None", "residential": "None", "name": "None" }, "geometry": { "type": "Point", "coordinates": [ 113.473457336425781, 23.057079315185547 ] } },
{ "type": "Feature", "properties": { "city": "guangzhou", "candidate_source": "place_village_hamlet_locality", "id": "10820249628", "osm_type": "node", "place": "locality", "landuse": "None", "residential": "None", "name": "None" }, "geometry": { "type": "Point", "coordinates": [ 113.463996887207031, 23.063488006591797 ] } },
{ "type": "Feature", "properties": { "city": "guangzhou", "candidate_source": "place_village_hamlet_locality", "id": "5068963457", "osm_type": "node", "place": "locality", "landuse": "None", "residential": "None", "name": "None" }, "geometry": { "type": "Point", "coordinates": [ 113.461128234863281, 23.081714630126953 ] } },
{ "type": "Feature", "properties": { "city": "guangzhou", "candidate_source": "place_village_hamlet_locality", "id": "9001227625", "osm_type": "node", "place": "locality", "landuse": "None", "residential": "None", "name": "None" }, "geometry": { "type": "Point", "coordinates": [ 113.514595031738281, 23.150054931640625 ] } },
{ "type": "Feature", "properties": { "city": "guangzhou", "candidate_source": "place_village_hamlet_locality", "id": "3782104946", "osm_type": "node", "place": "locality", "landuse": "None", "residential": "None", "name": "None" }, "geometry": { "type": "Point", "coordinates": [ 113.511665344238281, 23.153873443603516 ] } },
{ "type": "Feature", "properties": { "city": "guangzhou", "candidate_source": "place_village_hamlet_locality", "id": "9053021551", "osm_type": "node", "place": "village", "landuse": "None", "residential": "None", "name": "None" }, "geometry": { "type": "Point", "coordinates": [ 113.482696533203125, 23.156398773193359 ] } },
{ "type": "Feature", "properties": { "city": "guangzhou", "candidate_source": "place_village_hamlet_locality", "id": "3782104945", "osm_type": "node", "place": "locality", "landuse": "None", "residential": "None", "name": "None" }, "geometry": { "type": "Point", "coordinates": [ 113.509536743164062, 23.157449722290039 ] } },
{ "type": "Feature", "properties": { "city": "guangzhou", "candidate_source": "place_village_hamlet_locality", "id": "960670767", "osm_type": "way", "place": "village", "landuse": "None", "residential": "None", "name": "None" }, "geometry": { "type": "Polygon", "coordinates": [ [ [ 113.561614990234375, 23.185764312744141 ], [ 113.562057495117188, 23.185529708862305 ], [ 113.561485290527344, 23.184520721435547 ], [ 113.560997009277344, 23.184759140014648 ], [ 113.561614990234375, 23.185764312744141 ] ] ] } },
{ "type": "Feature", "properties": { "city": "guangzhou", "candidate_source": "place_village_hamlet_locality", "id": "960670789", "osm_type": "way", "place": "village", "landuse": "None", "residential": "None", "name": "None" }, "geometry": { "type": "Polygon", "coordinates": [ [ [ 113.572761535644531, 23.201427459716797 ], [ 113.572860717773438, 23.201435089111328 ], [ 113.573135375976562, 23.201215744018555 ], [ 113.573226928710938, 23.200963973999023 ], [ 113.573165893554688, 23.200927734375 ], [ 113.573196411132812, 23.200826644897461 ], [ 113.573188781738281, 23.200708389282227 ], [ 113.573036193847656, 23.200668334960938 ], [ 113.572761535644531, 23.201427459716797 ] ] ] } },
{ "type": "Feature", "properties": { "city": "guangzhou", "candidate_source": "place_village_hamlet_locality", "id": "11079325983", "osm_type": "node", "place": "locality", "landuse": "None", "residential": "None", "name": "None" }, "geometry": { "type": "Point", "coordinates": [ 113.576492309570312, 23.214818954467773 ] } },
{ "type": "Feature", "properties": { "city": "guangzhou", "candidate_source": "place_village_hamlet_locality", "id": "9053021550", "osm_type": "node", "place": "village", "landuse": "None", "residential": "None", "name": "None" }, "geometry": { "type": "Point", "coordinates": [ 113.48486328125, 23.158243179321289 ] } },
{ "type": "Feature", "properties": { "city": "guangzhou", "candidate_source": "place_village_hamlet_locality", "id": "3782104944", "osm_type": "node", "place": "locality", "landuse": "None", "residential": "None", "name": "None" }, "geometry": { "type": "Point", "coordinates": [ 113.512771606445312, 23.159614562988281 ] } },
{ "type": "Feature", "properties": { "city": "guangzhou", "candidate_source": "place_village_hamlet_locality", "id": "9053021549", "osm_type": "node", "place": "village", "landuse": "None", "residential": "None", "name": "None" }, "geometry": { "type": "Point", "coordinates": [ 113.478897094726562, 23.160335540771484 ] } },
{ "type": "Feature", "properties": { "city": "guangzhou", "candidate_source": "place_village_hamlet_locality", "id": "9001221870", "osm_type": "node", "place": "locality", "landuse": "None", "residential": "None", "name": "None" }, "geometry": { "type": "Point", "coordinates": [ 113.521080017089844, 23.164155960083008 ] } },
{ "type": "Feature", "properties": { "city": "guangzhou", "candidate_source": "place_village_hamlet_locality", "id": "10997447075", "osm_type": "node", "place": "locality", "landuse": "None", "residential": "None", "name": "None" }, "geometry": { "type": "Point", "coordinates": [ 113.466690063476562, 23.187246322631836 ] } },
{ "type": "Feature", "properties": { "city": "guangzhou", "candidate_source": "place_village_hamlet_locality", "id": "10997447076", "osm_type": "node", "place": "locality", "landuse": "None", "residential": "None", "name": "None" }, "geometry": { "type": "Point", "coordinates": [ 113.462570190429688, 23.191377639770508 ] } },
{ "type": "Feature", "properties": { "city": "guangzhou", "candidate_source": "place_village_hamlet_locality", "id": "10997447078", "osm_type": "node", "place": "locality", "landuse": "None", "residential": "None", "name": "None" }, "geometry": { "type": "Point", "coordinates": [ 113.46923828125, 23.194952011108398 ] } },
{ "type": "Feature", "properties": { "city": "guangzhou", "candidate_source": "place_village_hamlet_locality", "id": "4080057785", "osm_type": "node", "place": "hamlet", "landuse": "None", "residential": "None", "name": "None" }, "geometry": { "type": "Point", "coordinates": [ 113.512687683105469, 23.231021881103516 ] } },
{ "type": "Feature", "properties": { "city": "guangzhou", "candidate_source": "place_village_hamlet_locality", "id": "9791914604", "osm_type": "node", "place": "locality", "landuse": "None", "residential": "None", "name": "None" }, "geometry": { "type": "Point", "coordinates": [ 113.460052490234375, 23.291749954223633 ] } },
{ "type": "Feature", "properties": { "city": "guangzhou", "candidate_source": "place_village_hamlet_locality", "id": "5403236948", "osm_type": "node", "place": "village", "landuse": "None", "residential": "None", "name": "None" }, "geometry": { "type": "Point", "coordinates": [ 113.479835510253906, 23.316194534301758 ] } },
{ "type": "Feature", "properties": { "city": "guangzhou", "candidate_source": "place_village_hamlet_locality", "id": "4015460610", "osm_type": "node", "place": "hamlet", "landuse": "None", "residential": "None", "name": "None" }, "geometry": { "type": "Point", "coordinates": [ 113.349403381347656, 23.070867538452148 ] } },
{ "type": "Feature", "properties": { "city": "guangzhou", "candidate_source": "place_village_hamlet_locality", "id": "5055946897", "osm_type": "node", "place": "locality", "landuse": "None", "residential": "None", "name": "None" }, "geometry": { "type": "Point", "coordinates": [ 113.341011047363281, 23.076486587524414 ] } },
{ "type": "Feature", "properties": { "city": "guangzhou", "candidate_source": "place_village_hamlet_locality", "id": "4015481117", "osm_type": "node", "place": "hamlet", "landuse": "None", "residential": "None", "name": "None" }, "geometry": { "type": "Point", "coordinates": [ 113.36767578125, 23.078882217407227 ] } },
{ "type": "Feature", "properties": { "city": "guangzhou", "candidate_source": "place_village_hamlet_locality", "id": "5055760762", "osm_type": "node", "place": "hamlet", "landuse": "None", "residential": "None", "name": "None" }, "geometry": { "type": "Point", "coordinates": [ 113.345458984375, 23.082035064697266 ] } },
{ "type": "Feature", "properties": { "city": "guangzhou", "candidate_source": "place_village_hamlet_locality", "id": "6939439429", "osm_type": "node", "place": "locality", "landuse": "None", "residential": "None", "name": "None" }, "geometry": { "type": "Point", "coordinates": [ 113.3846435546875, 23.085899353027344 ] } },
{ "type": "Feature", "properties": { "city": "guangzhou", "candidate_source": "place_village_hamlet_locality", "id": "12068431364", "osm_type": "node", "place": "hamlet", "landuse": "None", "residential": "None", "name": "None" }, "geometry": { "type": "Point", "coordinates": [ 113.336990356445312, 23.08696174621582 ] } },
{ "type": "Feature", "properties": { "city": "guangzhou", "candidate_source": "place_village_hamlet_locality", "id": "5068988588", "osm_type": "node", "place": "hamlet", "landuse": "None", "residential": "None", "name": "None" }, "geometry": { "type": "Point", "coordinates": [ 113.366867065429688, 23.087154388427734 ] } },
{ "type": "Feature", "properties": { "city": "guangzhou", "candidate_source": "place_village_hamlet_locality", "id": "11973488737", "osm_type": "node", "place": "hamlet", "landuse": "None", "residential": "None", "name": "None" }, "geometry": { "type": "Point", "coordinates": [ 113.352127075195312, 23.088220596313477 ] } },
{ "type": "Feature", "properties": { "city": "guangzhou", "candidate_source": "place_village_hamlet_locality", "id": "6939439428", "osm_type": "node", "place": "hamlet", "landuse": "None", "residential": "None", "name": "None" }, "geometry": { "type": "Point", "coordinates": [ 113.3858642578125, 23.089559555053711 ] } },
{ "type": "Feature", "properties": { "city": "guangzhou", "candidate_source": "place_village_hamlet_locality", "id": "5068988589", "osm_type": "node", "place": "hamlet", "landuse": "None", "residential": "None", "name": "None" }, "geometry": { "type": "Point", "coordinates": [ 113.388717651367188, 23.093221664428711 ] } },
{ "type": "Feature", "properties": { "city": "guangzhou", "candidate_source": "place_village_hamlet_locality", "id": "8616993898", "osm_type": "node", "place": "hamlet", "landuse": "None", "residential": "None", "name": "None" }, "geometry": { "type": "Point", "coordinates": [ 113.280441284179688, 23.079898834228516 ] } },
{ "type": "Feature", "properties": { "city": "guangzhou", "candidate_source": "place_village_hamlet_locality", "id": "12078208614", "osm_type": "node", "place": "hamlet", "landuse": "None", "residential": "None", "name": "None" }, "geometry": { "type": "Point", "coordinates": [ 113.260795593261719, 23.080898284912109 ] } },
{ "type": "Feature", "properties": { "city": "guangzhou", "candidate_source": "place_village_hamlet_locality", "id": "12078181742", "osm_type": "node", "place": "hamlet", "landuse": "None", "residential": "None", "name": "None" }, "geometry": { "type": "Point", "coordinates": [ 113.286941528320312, 23.082302093505859 ] } },
{ "type": "Feature", "properties": { "city": "guangzhou", "candidate_source": "place_village_hamlet_locality", "id": "12078181767", "osm_type": "node", "place": "hamlet", "landuse": "None", "residential": "None", "name": "None" }, "geometry": { "type": "Point", "coordinates": [ 113.26702880859375, 23.082590103149414 ] } },
{ "type": "Feature", "properties": { "city": "guangzhou", "candidate_source": "place_village_hamlet_locality", "id": "3977832002", "osm_type": "node", "place": "hamlet", "landuse": "None", "residential": "None", "name": "None" }, "geometry": { "type": "Point", "coordinates": [ 113.238845825195312, 23.082626342773438 ] } },
{ "type": "Feature", "properties": { "city": "guangzhou", "candidate_source": "place_village_hamlet_locality", "id": "9878464120", "osm_type": "node", "place": "hamlet", "landuse": "None", "residential": "None", "name": "None" }, "geometry": { "type": "Point", "coordinates": [ 113.257087707519531, 23.084268569946289 ] } },
{ "type": "Feature", "properties": { "city": "guangzhou", "candidate_source": "place_village_hamlet_locality", "id": "5058283604", "osm_type": "node", "place": "locality", "landuse": "None", "residential": "None", "name": "None" }, "geometry": { "type": "Point", "coordinates": [ 113.249267578125, 23.084426879882812 ] } },
{ "type": "Feature", "properties": { "city": "guangzhou", "candidate_source": "place_village_hamlet_locality", "id": "2541828799", "osm_type": "node", "place": "hamlet", "landuse": "None", "residential": "None", "name": "None" }, "geometry": { "type": "Point", "coordinates": [ 113.239906311035156, 23.08494758605957 ] } },
{ "type": "Feature", "properties": { "city": "guangzhou", "candidate_source": "place_village_hamlet_locality", "id": "8219611347", "osm_type": "node", "place": "hamlet", "landuse": "None", "residential": "None", "name": "None" }, "geometry": { "type": "Point", "coordinates": [ 113.287315368652344, 23.08717155456543 ] } },
{ "type": "Feature", "properties": { "city": "guangzhou", "candidate_source": "place_village_hamlet_locality", "id": "10969124610", "osm_type": "node", "place": "hamlet", "landuse": "None", "residential": "None", "name": "None" }, "geometry": { "type": "Point", "coordinates": [ 113.238868713378906, 23.087978363037109 ] } },
{ "type": "Feature", "properties": { "city": "guangzhou", "candidate_source": "place_village_hamlet_locality", "id": "10859794103", "osm_type": "node", "place": "village", "landuse": "None", "residential": "None", "name": "None" }, "geometry": { "type": "Point", "coordinates": [ 113.424919128417969, 23.084115982055664 ] } },
{ "type": "Feature", "properties": { "city": "guangzhou", "candidate_source": "place_village_hamlet_locality", "id": "7532201324", "osm_type": "node", "place": "village", "landuse": "None", "residential": "None", "name": "None" }, "geometry": { "type": "Point", "coordinates": [ 113.446823120117188, 23.0843505859375 ] } },
{ "type": "Feature", "properties": { "city": "guangzhou", "candidate_source": "place_village_hamlet_locality", "id": "7532201317", "osm_type": "node", "place": "village", "landuse": "None", "residential": "None", "name": "None" }, "geometry": { "type": "Point", "coordinates": [ 113.452362060546875, 23.086572647094727 ] } },
{ "type": "Feature", "properties": { "city": "guangzhou", "candidate_source": "place_village_hamlet_locality", "id": "3977891219", "osm_type": "node", "place": "hamlet", "landuse": "None", "residential": "None", "name": "None" }, "geometry": { "type": "Point", "coordinates": [ 113.405471801757812, 23.0889892578125 ] } },
{ "type": "Feature", "properties": { "city": "guangzhou", "candidate_source": "place_village_hamlet_locality", "id": "5068963454", "osm_type": "node", "place": "locality", "landuse": "None", "residential": "None", "name": "None" }, "geometry": { "type": "Point", "coordinates": [ 113.417121887207031, 23.099100112915039 ] } },
{ "type": "Feature", "properties": { "city": "guangzhou", "candidate_source": "place_village_hamlet_locality", "id": "10837562225", "osm_type": "node", "place": "locality", "landuse": "None", "residential": "None", "name": "None" }, "geometry": { "type": "Point", "coordinates": [ 113.398117065429688, 23.1033935546875 ] } },
{ "type": "Feature", "properties": { "city": "guangzhou", "candidate_source": "place_village_hamlet_locality", "id": "5222878610", "osm_type": "node", "place": "hamlet", "landuse": "None", "residential": "None", "name": "None" }, "geometry": { "type": "Point", "coordinates": [ 113.404594421386719, 23.110607147216797 ] } },
{ "type": "Feature", "properties": { "city": "guangzhou", "candidate_source": "place_village_hamlet_locality", "id": "8274213197", "osm_type": "node", "place": "hamlet", "landuse": "None", "residential": "None", "name": "None" }, "geometry": { "type": "Point", "coordinates": [ 113.41900634765625, 23.111736297607422 ] } },
{ "type": "Feature", "properties": { "city": "guangzhou", "candidate_source": "place_village_hamlet_locality", "id": "5222878774", "osm_type": "node", "place": "hamlet", "landuse": "None", "residential": "None", "name": "None" }, "geometry": { "type": "Point", "coordinates": [ 113.405044555664062, 23.11750602722168 ] } },
{ "type": "Feature", "properties": { "city": "guangzhou", "candidate_source": "place_village_hamlet_locality", "id": "11101313873", "osm_type": "node", "place": "hamlet", "landuse": "None", "residential": "None", "name": "None" }, "geometry": { "type": "Point", "coordinates": [ 113.415626525878906, 23.12397575378418 ] } },
{ "type": "Feature", "properties": { "city": "guangzhou", "candidate_source": "place_village_hamlet_locality", "id": "5069158629", "osm_type": "node", "place": "hamlet", "landuse": "None", "residential": "None", "name": "None" }, "geometry": { "type": "Point", "coordinates": [ 113.329345703125, 23.089292526245117 ] } },
{ "type": "Feature", "properties": { "city": "guangzhou", "candidate_source": "place_village_hamlet_locality", "id": "4015459748", "osm_type": "node", "place": "hamlet", "landuse": "None", "residential": "None", "name": "None" }, "geometry": { "type": "Point", "coordinates": [ 113.297233581542969, 23.089994430541992 ] } },
{ "type": "Feature", "properties": { "city": "guangzhou", "candidate_source": "place_village_hamlet_locality", "id": "5069200810", "osm_type": "node", "place": "hamlet", "landuse": "None", "residential": "None", "name": "None" }, "geometry": { "type": "Point", "coordinates": [ 113.313735961914062, 23.093278884887695 ] } },
{ "type": "Feature", "properties": { "city": "guangzhou", "candidate_source": "place_village_hamlet_locality", "id": "8836144699", "osm_type": "node", "place": "hamlet", "landuse": "None", "residential": "None", "name": "None" }, "geometry": { "type": "Point", "coordinates": [ 113.3048095703125, 23.093456268310547 ] } },
{ "type": "Feature", "properties": { "city": "guangzhou", "candidate_source": "place_village_hamlet_locality", "id": "5069621064", "osm_type": "node", "place": "hamlet", "landuse": "None", "residential": "None", "name": "None" }, "geometry": { "type": "Point", "coordinates": [ 113.311264038085938, 23.094961166381836 ] } },
{ "type": "Feature", "properties": { "city": "guangzhou", "candidate_source": "place_village_hamlet_locality", "id": "5055842941", "osm_type": "node", "place": "locality", "landuse": "None", "residential": "None", "name": "None" }, "geometry": { "type": "Point", "coordinates": [ 113.331283569335938, 23.095937728881836 ] } },
{ "type": "Feature", "properties": { "city": "guangzhou", "candidate_source": "place_village_hamlet_locality", "id": "5069621063", "osm_type": "node", "place": "hamlet", "landuse": "None", "residential": "None", "name": "None" }, "geometry": { "type": "Point", "coordinates": [ 113.308319091796875, 23.096956253051758 ] } },
{ "type": "Feature", "properties": { "city": "guangzhou", "candidate_source": "place_village_hamlet_locality", "id": "5081171005", "osm_type": "node", "place": "locality", "landuse": "None", "residential": "None", "name": "None" }, "geometry": { "type": "Point", "coordinates": [ 113.298355102539062, 23.125049591064453 ] } },
{ "type": "Feature", "properties": { "city": "guangzhou", "candidate_source": "place_village_hamlet_locality", "id": "5069753162", "osm_type": "node", "place": "locality", "landuse": "None", "residential": "None", "name": "None" }, "geometry": { "type": "Point", "coordinates": [ 113.306930541992188, 23.129806518554688 ] } },
{ "type": "Feature", "properties": { "city": "guangzhou", "candidate_source": "place_village_hamlet_locality", "id": "5052430591", "osm_type": "node", "place": "locality", "landuse": "None", "residential": "None", "name": "None" }, "geometry": { "type": "Point", "coordinates": [ 113.290489196777344, 23.136240005493164 ] } },
{ "type": "Feature", "properties": { "city": "guangzhou", "candidate_source": "place_village_hamlet_locality", "id": "8174101212", "osm_type": "node", "place": "locality", "landuse": "None", "residential": "None", "name": "None" }, "geometry": { "type": "Point", "coordinates": [ 113.272171020507812, 23.090272903442383 ] } },
{ "type": "Feature", "properties": { "city": "guangzhou", "candidate_source": "place_village_hamlet_locality", "id": "10009311586", "osm_type": "node", "place": "hamlet", "landuse": "None", "residential": "None", "name": "None" }, "geometry": { "type": "Point", "coordinates": [ 113.237922668457031, 23.091136932373047 ] } },
{ "type": "Feature", "properties": { "city": "guangzhou", "candidate_source": "place_village_hamlet_locality", "id": "8426001050", "osm_type": "node", "place": "locality", "landuse": "None", "residential": "None", "name": "None" }, "geometry": { "type": "Point", "coordinates": [ 113.249748229980469, 23.096269607543945 ] } },
{ "type": "Feature", "properties": { "city": "guangzhou", "candidate_source": "place_village_hamlet_locality", "id": "12086887326", "osm_type": "node", "place": "locality", "landuse": "None", "residential": "None", "name": "None" }, "geometry": { "type": "Point", "coordinates": [ 113.247459411621094, 23.097793579101562 ] } },
{ "type": "Feature", "properties": { "city": "guangzhou", "candidate_source": "place_village_hamlet_locality", "id": "5615295134", "osm_type": "node", "place": "locality", "landuse": "None", "residential": "None", "name": "None" }, "geometry": { "type": "Point", "coordinates": [ 113.278816223144531, 23.127742767333984 ] } },
{ "type": "Feature", "properties": { "city": "guangzhou", "candidate_source": "place_village_hamlet_locality", "id": "5031630629", "osm_type": "node", "place": "locality", "landuse": "None", "residential": "None", "name": "None" }, "geometry": { "type": "Point", "coordinates": [ 113.286231994628906, 23.128450393676758 ] } },
{ "type": "Feature", "properties": { "city": "guangzhou", "candidate_source": "place_village_hamlet_locality", "id": "5076456009", "osm_type": "node", "place": "locality", "landuse": "None", "residential": "None", "name": "None" }, "geometry": { "type": "Point", "coordinates": [ 113.2744140625, 23.129838943481445 ] } },
{ "type": "Feature", "properties": { "city": "guangzhou", "candidate_source": "place_village_hamlet_locality", "id": "5615295135", "osm_type": "node", "place": "locality", "landuse": "None", "residential": "None", "name": "None" }, "geometry": { "type": "Point", "coordinates": [ 113.277374267578125, 23.134492874145508 ] } },
{ "type": "Feature", "properties": { "city": "guangzhou", "candidate_source": "place_village_hamlet_locality", "id": "5052431948", "osm_type": "node", "place": "locality", "landuse": "None", "residential": "None", "name": "None" }, "geometry": { "type": "Point", "coordinates": [ 113.286514282226562, 23.137067794799805 ] } },
{ "type": "Feature", "properties": { "city": "guangzhou", "candidate_source": "place_village_hamlet_locality", "id": "9148500974", "osm_type": "node", "place": "locality", "landuse": "None", "residential": "None", "name": "None" }, "geometry": { "type": "Point", "coordinates": [ 113.259178161621094, 23.138650894165039 ] } },
{ "type": "Feature", "properties": { "city": "guangzhou", "candidate_source": "place_village_hamlet_locality", "id": "12397477579", "osm_type": "node", "place": "locality", "landuse": "None", "residential": "None", "name": "None" }, "geometry": { "type": "Point", "coordinates": [ 113.378242492675781, 23.104690551757812 ] } },
{ "type": "Feature", "properties": { "city": "guangzhou", "candidate_source": "place_village_hamlet_locality", "id": "12185241526", "osm_type": "node", "place": "hamlet", "landuse": "None", "residential": "None", "name": "None" }, "geometry": { "type": "Point", "coordinates": [ 113.352256774902344, 23.115915298461914 ] } },
{ "type": "Feature", "properties": { "city": "guangzhou", "candidate_source": "place_village_hamlet_locality", "id": "16151884565", "osm_type": "relation", "place": "locality", "landuse": "None", "residential": "None", "name": "None" }, "geometry": { "type": "MultiPolygon", "coordinates": [ [ [ [ 113.369285583496094, 23.119901657104492 ], [ 113.369430541992188, 23.120456695556641 ], [ 113.369720458984375, 23.120721817016602 ], [ 113.370201110839844, 23.12098503112793 ], [ 113.37054443359375, 23.121221542358398 ], [ 113.370750427246094, 23.121492385864258 ], [ 113.370994567871094, 23.12164306640625 ], [ 113.380538940429688, 23.119417190551758 ], [ 113.384056091308594, 23.118173599243164 ], [ 113.36907958984375, 23.112680435180664 ], [ 113.369285583496094, 23.119901657104492 ] ] ], [ [ [ 113.371185302734375, 23.11285400390625 ], [ 113.372276306152344, 23.112930297851562 ], [ 113.372291564941406, 23.112981796264648 ], [ 113.372306823730469, 23.113035202026367 ], [ 113.372314453125, 23.113082885742188 ], [ 113.372337341308594, 23.113300323486328 ], [ 113.372589111328125, 23.113344192504883 ], [ 113.372802734375, 23.113386154174805 ], [ 113.372840881347656, 23.11328125 ], [ 113.372871398925781, 23.113237380981445 ], [ 113.372940063476562, 23.113151550292969 ], [ 113.373016357421875, 23.11308479309082 ], [ 113.373092651367188, 23.113027572631836 ], [ 113.373176574707031, 23.112981796264648 ], [ 113.373275756835938, 23.112934112548828 ], [ 113.373374938964844, 23.112903594970703 ], [ 113.37347412109375, 23.112884521484375 ], [ 113.373573303222656, 23.112871170043945 ], [ 113.376449584960938, 23.112743377685547 ], [ 113.379402160644531, 23.112703323364258 ], [ 113.380256652832031, 23.112606048583984 ], [ 113.380516052246094, 23.112539291381836 ], [ 113.380729675292969, 23.112497329711914 ], [ 113.382003784179688, 23.112089157104492 ], [ 113.36907958984375, 23.112680435180664 ], [ 113.371185302734375, 23.11285400390625 ] ] ] ] } },
{ "type": "Feature", "properties": { "city": "guangzhou", "candidate_source": "place_village_hamlet_locality", "id": "12047305342", "osm_type": "node", "place": "hamlet", "landuse": "None", "residential": "None", "name": "None" }, "geometry": { "type": "Point", "coordinates": [ 113.389198303222656, 23.121938705444336 ] } },
{ "type": "Feature", "properties": { "city": "guangzhou", "candidate_source": "place_village_hamlet_locality", "id": "5262112757", "osm_type": "node", "place": "hamlet", "landuse": "None", "residential": "None", "name": "None" }, "geometry": { "type": "Point", "coordinates": [ 113.374267578125, 23.130800247192383 ] } },
{ "type": "Feature", "properties": { "city": "guangzhou", "candidate_source": "place_village_hamlet_locality", "id": "5262112750", "osm_type": "node", "place": "hamlet", "landuse": "None", "residential": "None", "name": "None" }, "geometry": { "type": "Point", "coordinates": [ 113.380119323730469, 23.131122589111328 ] } },
{ "type": "Feature", "properties": { "city": "guangzhou", "candidate_source": "place_village_hamlet_locality", "id": "12119771919", "osm_type": "node", "place": "hamlet", "landuse": "None", "residential": "None", "name": "None" }, "geometry": { "type": "Point", "coordinates": [ 113.335494995117188, 23.132974624633789 ] } },
{ "type": "Feature", "properties": { "city": "guangzhou", "candidate_source": "place_village_hamlet_locality", "id": "10880076937", "osm_type": "node", "place": "hamlet", "landuse": "None", "residential": "None", "name": "None" }, "geometry": { "type": "Point", "coordinates": [ 113.377799987792969, 23.135953903198242 ] } },
{ "type": "Feature", "properties": { "city": "guangzhou", "candidate_source": "place_village_hamlet_locality", "id": "6954901616", "osm_type": "node", "place": "hamlet", "landuse": "None", "residential": "None", "name": "None" }, "geometry": { "type": "Point", "coordinates": [ 113.365730285644531, 23.137895584106445 ] } },
{ "type": "Feature", "properties": { "city": "guangzhou", "candidate_source": "place_village_hamlet_locality", "id": "7965380576", "osm_type": "node", "place": "locality", "landuse": "None", "residential": "None", "name": "None" }, "geometry": { "type": "Point", "coordinates": [ 113.353118896484375, 23.156988143920898 ] } },
{ "type": "Feature", "properties": { "city": "guangzhou", "candidate_source": "place_village_hamlet_locality", "id": "5031614220", "osm_type": "node", "place": "locality", "landuse": "None", "residential": "None", "name": "None" }, "geometry": { "type": "Point", "coordinates": [ 113.269424438476562, 23.139652252197266 ] } },
{ "type": "Feature", "properties": { "city": "guangzhou", "candidate_source": "place_village_hamlet_locality", "id": "3008361340", "osm_type": "node", "place": "locality", "landuse": "None", "residential": "None", "name": "None" }, "geometry": { "type": "Point", "coordinates": [ 113.271163940429688, 23.140266418457031 ] } },
{ "type": "Feature", "properties": { "city": "guangzhou", "candidate_source": "place_village_hamlet_locality", "id": "9148500975", "osm_type": "node", "place": "locality", "landuse": "None", "residential": "None", "name": "None" }, "geometry": { "type": "Point", "coordinates": [ 113.260231018066406, 23.140396118164062 ] } },
{ "type": "Feature", "properties": { "city": "guangzhou", "candidate_source": "place_village_hamlet_locality", "id": "5039318789", "osm_type": "node", "place": "locality", "landuse": "None", "residential": "None", "name": "None" }, "geometry": { "type": "Point", "coordinates": [ 113.254966735839844, 23.140447616577148 ] } },
{ "type": "Feature", "properties": { "city": "guangzhou", "candidate_source": "place_village_hamlet_locality", "id": "5030287105", "osm_type": "node", "place": "locality", "landuse": "None", "residential": "None", "name": "None" }, "geometry": { "type": "Point", "coordinates": [ 113.257484436035156, 23.140800476074219 ] } },
{ "type": "Feature", "properties": { "city": "guangzhou", "candidate_source": "place_village_hamlet_locality", "id": "5031627866", "osm_type": "node", "place": "locality", "landuse": "None", "residential": "None", "name": "None" }, "geometry": { "type": "Point", "coordinates": [ 113.279304504394531, 23.141050338745117 ] } },
{ "type": "Feature", "properties": { "city": "guangzhou", "candidate_source": "place_village_hamlet_locality", "id": "9148500973", "osm_type": "node", "place": "locality", "landuse": "None", "residential": "None", "name": "None" }, "geometry": { "type": "Point", "coordinates": [ 113.26287841796875, 23.143009185791016 ] } },
{ "type": "Feature", "properties": { "city": "guangzhou", "candidate_source": "place_village_hamlet_locality", "id": "5039320706", "osm_type": "node", "place": "locality", "landuse": "None", "residential": "None", "name": "None" }, "geometry": { "type": "Point", "coordinates": [ 113.248268127441406, 23.144290924072266 ] } },
{ "type": "Feature", "properties": { "city": "guangzhou", "candidate_source": "place_village_hamlet_locality", "id": "5030287107", "osm_type": "node", "place": "locality", "landuse": "None", "residential": "None", "name": "None" }, "geometry": { "type": "Point", "coordinates": [ 113.258377075195312, 23.145851135253906 ] } },
{ "type": "Feature", "properties": { "city": "guangzhou", "candidate_source": "place_village_hamlet_locality", "id": "5055017813", "osm_type": "node", "place": "locality", "landuse": "None", "residential": "None", "name": "None" }, "geometry": { "type": "Point", "coordinates": [ 113.270088195800781, 23.145853042602539 ] } },
{ "type": "Feature", "properties": { "city": "guangzhou", "candidate_source": "place_village_hamlet_locality", "id": "5038454938", "osm_type": "node", "place": "locality", "landuse": "None", "residential": "None", "name": "None" }, "geometry": { "type": "Point", "coordinates": [ 113.277473449707031, 23.147438049316406 ] } },
{ "type": "Feature", "properties": { "city": "guangzhou", "candidate_source": "place_village_hamlet_locality", "id": "5040190477", "osm_type": "node", "place": "locality", "landuse": "None", "residential": "None", "name": "None" }, "geometry": { "type": "Point", "coordinates": [ 113.275482177734375, 23.148458480834961 ] } },
{ "type": "Feature", "properties": { "city": "guangzhou", "candidate_source": "place_village_hamlet_locality", "id": "5055018373", "osm_type": "node", "place": "hamlet", "landuse": "None", "residential": "None", "name": "None" }, "geometry": { "type": "Point", "coordinates": [ 113.258323669433594, 23.151803970336914 ] } },
{ "type": "Feature", "properties": { "city": "guangzhou", "candidate_source": "place_village_hamlet_locality", "id": "4805685494", "osm_type": "node", "place": "hamlet", "landuse": "None", "residential": "None", "name": "None" }, "geometry": { "type": "Point", "coordinates": [ 113.240470886230469, 23.156072616577148 ] } },
{ "type": "Feature", "properties": { "city": "guangzhou", "candidate_source": "place_village_hamlet_locality", "id": "5031603733", "osm_type": "node", "place": "hamlet", "landuse": "None", "residential": "None", "name": "None" }, "geometry": { "type": "Point", "coordinates": [ 113.278755187988281, 23.163097381591797 ] } },
{ "type": "Feature", "properties": { "city": "guangzhou", "candidate_source": "place_village_hamlet_locality", "id": "5052472728", "osm_type": "node", "place": "locality", "landuse": "None", "residential": "None", "name": "None" }, "geometry": { "type": "Point", "coordinates": [ 113.285247802734375, 23.171262741088867 ] } },
{ "type": "Feature", "properties": { "city": "guangzhou", "candidate_source": "place_village_hamlet_locality", "id": "5040201759", "osm_type": "node", "place": "locality", "landuse": "None", "residential": "None", "name": "None" }, "geometry": { "type": "Point", "coordinates": [ 113.286170959472656, 23.172168731689453 ] } },
{ "type": "Feature", "properties": { "city": "guangzhou", "candidate_source": "place_village_hamlet_locality", "id": "5040201757", "osm_type": "node", "place": "locality", "landuse": "None", "residential": "None", "name": "None" }, "geometry": { "type": "Point", "coordinates": [ 113.284515380859375, 23.172618865966797 ] } },
{ "type": "Feature", "properties": { "city": "guangzhou", "candidate_source": "place_village_hamlet_locality", "id": "6286448659", "osm_type": "node", "place": "hamlet", "landuse": "None", "residential": "None", "name": "None" }, "geometry": { "type": "Point", "coordinates": [ 113.262519836425781, 23.191251754760742 ] } },
{ "type": "Feature", "properties": { "city": "guangzhou", "candidate_source": "place_village_hamlet_locality", "id": "5052465230", "osm_type": "node", "place": "locality", "landuse": "None", "residential": "None", "name": "None" }, "geometry": { "type": "Point", "coordinates": [ 113.280319213867188, 23.191665649414062 ] } },
{ "type": "Feature", "properties": { "city": "guangzhou", "candidate_source": "place_village_hamlet_locality", "id": "5052421741", "osm_type": "node", "place": "locality", "landuse": "None", "residential": "None", "name": "None" }, "geometry": { "type": "Point", "coordinates": [ 113.29632568359375, 23.147846221923828 ] } },
{ "type": "Feature", "properties": { "city": "guangzhou", "candidate_source": "place_village_hamlet_locality", "id": "6580131919", "osm_type": "node", "place": "hamlet", "landuse": "None", "residential": "None", "name": "None" }, "geometry": { "type": "Point", "coordinates": [ 113.305503845214844, 23.156990051269531 ] } },
{ "type": "Feature", "properties": { "city": "guangzhou", "candidate_source": "place_village_hamlet_locality", "id": "6699822590", "osm_type": "node", "place": "hamlet", "landuse": "None", "residential": "None", "name": "None" }, "geometry": { "type": "Point", "coordinates": [ 113.291374206542969, 23.15776252746582 ] } },
{ "type": "Feature", "properties": { "city": "guangzhou", "candidate_source": "place_village_hamlet_locality", "id": "5038459513", "osm_type": "node", "place": "locality", "landuse": "None", "residential": "None", "name": "None" }, "geometry": { "type": "Point", "coordinates": [ 113.28765869140625, 23.159168243408203 ] } },
{ "type": "Feature", "properties": { "city": "guangzhou", "candidate_source": "place_village_hamlet_locality", "id": "5040191683", "osm_type": "node", "place": "hamlet", "landuse": "None", "residential": "None", "name": "None" }, "geometry": { "type": "Point", "coordinates": [ 113.310073852539062, 23.159866333007812 ] } },
{ "type": "Feature", "properties": { "city": "guangzhou", "candidate_source": "place_village_hamlet_locality", "id": "582734792", "osm_type": "way", "place": "village", "landuse": "None", "residential": "None", "name": "None" }, "geometry": { "type": "Polygon", "coordinates": [ [ [ 113.319564819335938, 23.161981582641602 ], [ 113.319801330566406, 23.16130256652832 ], [ 113.320030212402344, 23.161291122436523 ], [ 113.320541381835938, 23.16126823425293 ], [ 113.319412231445312, 23.160551071166992 ], [ 113.319076538085938, 23.160335540771484 ], [ 113.318450927734375, 23.160121917724609 ], [ 113.318130493164062, 23.160196304321289 ], [ 113.317695617675781, 23.160575866699219 ], [ 113.318229675292969, 23.16082763671875 ], [ 113.318161010742188, 23.161039352416992 ], [ 113.318527221679688, 23.161169052124023 ], [ 113.318656921386719, 23.161405563354492 ], [ 113.318740844726562, 23.161556243896484 ], [ 113.31878662109375, 23.161642074584961 ], [ 113.319488525390625, 23.161991119384766 ], [ 113.319564819335938, 23.161981582641602 ] ] ] } },
{ "type": "Feature", "properties": { "city": "guangzhou", "candidate_source": "place_village_hamlet_locality", "id": "5040192740", "osm_type": "node", "place": "locality", "landuse": "None", "residential": "None", "name": "None" }, "geometry": { "type": "Point", "coordinates": [ 113.296875, 23.173835754394531 ] } },
{ "type": "Feature", "properties": { "city": "guangzhou", "candidate_source": "place_village_hamlet_locality", "id": "370066643", "osm_type": "way", "place": "village", "landuse": "None", "residential": "None", "name": "None" }, "geometry": { "type": "Polygon", "coordinates": [ [ [ 113.326026916503906, 23.196292877197266 ], [ 113.325981140136719, 23.195760726928711 ], [ 113.325881958007812, 23.194488525390625 ], [ 113.326004028320312, 23.194091796875 ], [ 113.327529907226562, 23.194307327270508 ], [ 113.327911376953125, 23.194412231445312 ], [ 113.328170776367188, 23.193471908569336 ], [ 113.328826904296875, 23.193527221679688 ], [ 113.328781127929688, 23.193061828613281 ], [ 113.328102111816406, 23.192348480224609 ], [ 113.327651977539062, 23.192224502563477 ], [ 113.327011108398438, 23.192327499389648 ], [ 113.325920104980469, 23.192338943481445 ], [ 113.325363159179688, 23.192514419555664 ], [ 113.323646545410156, 23.192550659179688 ], [ 113.324050903320312, 23.193357467651367 ], [ 113.323883056640625, 23.19349479675293 ], [ 113.323822021484375, 23.194116592407227 ], [ 113.324485778808594, 23.194343566894531 ], [ 113.324005126953125, 23.194728851318359 ], [ 113.323707580566406, 23.195272445678711 ], [ 113.326026916503906, 23.196292877197266 ] ] ] } },
{ "type": "Feature", "properties": { "city": "guangzhou", "candidate_source": "place_village_hamlet_locality", "id": "5175575141", "osm_type": "node", "place": "hamlet", "landuse": "None", "residential": "None", "name": "None" }, "geometry": { "type": "Point", "coordinates": [ 113.324790954589844, 23.205331802368164 ] } },
{ "type": "Feature", "properties": { "city": "guangzhou", "candidate_source": "place_village_hamlet_locality", "id": "5052443829", "osm_type": "node", "place": "locality", "landuse": "None", "residential": "None", "name": "None" }, "geometry": { "type": "Point", "coordinates": [ 113.288848876953125, 23.208961486816406 ] } },
{ "type": "Feature", "properties": { "city": "guangzhou", "candidate_source": "place_village_hamlet_locality", "id": "11101313872", "osm_type": "node", "place": "hamlet", "landuse": "None", "residential": "None", "name": "None" }, "geometry": { "type": "Point", "coordinates": [ 113.408050537109375, 23.128011703491211 ] } },
{ "type": "Feature", "properties": { "city": "guangzhou", "candidate_source": "place_village_hamlet_locality", "id": "7837703107", "osm_type": "node", "place": "hamlet", "landuse": "None", "residential": "None", "name": "None" }, "geometry": { "type": "Point", "coordinates": [ 113.425643920898438, 23.130485534667969 ] } },
{ "type": "Feature", "properties": { "city": "guangzhou", "candidate_source": "place_village_hamlet_locality", "id": "9162437356", "osm_type": "node", "place": "hamlet", "landuse": "None", "residential": "None", "name": "None" }, "geometry": { "type": "Point", "coordinates": [ 113.429817199707031, 23.144260406494141 ] } },
{ "type": "Feature", "properties": { "city": "guangzhou", "candidate_source": "place_village_hamlet_locality", "id": "8634996200", "osm_type": "node", "place": "hamlet", "landuse": "None", "residential": "None", "name": "None" }, "geometry": { "type": "Point", "coordinates": [ 113.393852233886719, 23.156578063964844 ] } },
{ "type": "Feature", "properties": { "city": "guangzhou", "candidate_source": "place_village_hamlet_locality", "id": "1238292014", "osm_type": "node", "place": "hamlet", "landuse": "None", "residential": "None", "name": "None" }, "geometry": { "type": "Point", "coordinates": [ 113.40728759765625, 23.164363861083984 ] } },
{ "type": "Feature", "properties": { "city": "guangzhou", "candidate_source": "place_village_hamlet_locality", "id": "9053021570", "osm_type": "node", "place": "hamlet", "landuse": "None", "residential": "None", "name": "None" }, "geometry": { "type": "Point", "coordinates": [ 113.455467224121094, 23.171001434326172 ] } },
{ "type": "Feature", "properties": { "city": "guangzhou", "candidate_source": "place_village_hamlet_locality", "id": "8637275219", "osm_type": "node", "place": "hamlet", "landuse": "None", "residential": "None", "name": "None" }, "geometry": { "type": "Point", "coordinates": [ 113.394638061523438, 23.172513961791992 ] } },
{ "type": "Feature", "properties": { "city": "guangzhou", "candidate_source": "place_village_hamlet_locality", "id": "10997447077", "osm_type": "node", "place": "locality", "landuse": "None", "residential": "None", "name": "None" }, "geometry": { "type": "Point", "coordinates": [ 113.456413269042969, 23.193933486938477 ] } },
{ "type": "Feature", "properties": { "city": "guangzhou", "candidate_source": "place_village_hamlet_locality", "id": "11174834246", "osm_type": "node", "place": "locality", "landuse": "None", "residential": "None", "name": "None" }, "geometry": { "type": "Point", "coordinates": [ 113.422157287597656, 23.294509887695312 ] } },
{ "type": "Feature", "properties": { "city": "guangzhou", "candidate_source": "place_village_hamlet_locality", "id": "13857901779", "osm_type": "node", "place": "locality", "landuse": "None", "residential": "None", "name": "None" }, "geometry": { "type": "Point", "coordinates": [ 113.415092468261719, 23.294895172119141 ] } },
{ "type": "Feature", "properties": { "city": "guangzhou", "candidate_source": "place_village_hamlet_locality", "id": "5038462090", "osm_type": "node", "place": "locality", "landuse": "None", "residential": "None", "name": "None" }, "geometry": { "type": "Point", "coordinates": [ 113.343971252441406, 23.15980339050293 ] } },
{ "type": "Feature", "properties": { "city": "guangzhou", "candidate_source": "place_village_hamlet_locality", "id": "2065817237", "osm_type": "node", "place": "hamlet", "landuse": "None", "residential": "None", "name": "None" }, "geometry": { "type": "Point", "coordinates": [ 113.375007629394531, 23.163782119750977 ] } },
{ "type": "Feature", "properties": { "city": "guangzhou", "candidate_source": "place_village_hamlet_locality", "id": "3097405604", "osm_type": "node", "place": "hamlet", "landuse": "None", "residential": "None", "name": "None" }, "geometry": { "type": "Point", "coordinates": [ 113.339004516601562, 23.178739547729492 ] } },
{ "type": "Feature", "properties": { "city": "guangzhou", "candidate_source": "place_village_hamlet_locality", "id": "4281408589", "osm_type": "node", "place": "hamlet", "landuse": "None", "residential": "None", "name": "None" }, "geometry": { "type": "Point", "coordinates": [ 113.336151123046875, 23.196205139160156 ] } },
{ "type": "Feature", "properties": { "city": "guangzhou", "candidate_source": "place_village_hamlet_locality", "id": "1740148941", "osm_type": "node", "place": "hamlet", "landuse": "None", "residential": "None", "name": "None" }, "geometry": { "type": "Point", "coordinates": [ 113.362579345703125, 23.198146820068359 ] } },
{ "type": "Feature", "properties": { "city": "guangzhou", "candidate_source": "place_village_hamlet_locality", "id": "13397759614", "osm_type": "node", "place": "village", "landuse": "None", "residential": "None", "name": "None" }, "geometry": { "type": "Point", "coordinates": [ 113.366317749023438, 23.221836090087891 ] } },
{ "type": "Feature", "properties": { "city": "guangzhou", "candidate_source": "place_village_hamlet_locality", "id": "13771038610", "osm_type": "node", "place": "locality", "landuse": "None", "residential": "None", "name": "None" }, "geometry": { "type": "Point", "coordinates": [ 113.333724975585938, 23.240364074707031 ] } },
{ "type": "Feature", "properties": { "city": "guangzhou", "candidate_source": "place_village_hamlet_locality", "id": "5525752848", "osm_type": "node", "place": "locality", "landuse": "None", "residential": "None", "name": "None" }, "geometry": { "type": "Point", "coordinates": [ 113.364128112792969, 23.244913101196289 ] } },
{ "type": "Feature", "properties": { "city": "guangzhou", "candidate_source": "place_village_hamlet_locality", "id": "13771038557", "osm_type": "node", "place": "locality", "landuse": "None", "residential": "None", "name": "None" }, "geometry": { "type": "Point", "coordinates": [ 113.3482666015625, 23.259449005126953 ] } },
{ "type": "Feature", "properties": { "city": "guangzhou", "candidate_source": "place_village_hamlet_locality", "id": "13771038518", "osm_type": "node", "place": "locality", "landuse": "None", "residential": "None", "name": "None" }, "geometry": { "type": "Point", "coordinates": [ 113.350242614746094, 23.263256072998047 ] } },
{ "type": "Feature", "properties": { "city": "guangzhou", "candidate_source": "place_village_hamlet_locality", "id": "8778310835", "osm_type": "node", "place": "locality", "landuse": "None", "residential": "None", "name": "None" }, "geometry": { "type": "Point", "coordinates": [ 113.279670715332031, 23.193382263183594 ] } },
{ "type": "Feature", "properties": { "city": "guangzhou", "candidate_source": "place_village_hamlet_locality", "id": "6286448678", "osm_type": "node", "place": "locality", "landuse": "None", "residential": "None", "name": "None" }, "geometry": { "type": "Point", "coordinates": [ 113.256660461425781, 23.195400238037109 ] } },
{ "type": "Feature", "properties": { "city": "guangzhou", "candidate_source": "place_village_hamlet_locality", "id": "12137790619", "osm_type": "node", "place": "hamlet", "landuse": "None", "residential": "None", "name": "None" }, "geometry": { "type": "Point", "coordinates": [ 113.254936218261719, 23.210430145263672 ] } },
{ "type": "Feature", "properties": { "city": "guangzhou", "candidate_source": "place_village_hamlet_locality", "id": "12137790620", "osm_type": "node", "place": "hamlet", "landuse": "None", "residential": "None", "name": "None" }, "geometry": { "type": "Point", "coordinates": [ 113.250541687011719, 23.211132049560547 ] } },
{ "type": "Feature", "properties": { "city": "guangzhou", "candidate_source": "place_village_hamlet_locality", "id": "13622146243", "osm_type": "node", "place": "village", "landuse": "None", "residential": "None", "name": "None" }, "geometry": { "type": "Point", "coordinates": [ 113.255111694335938, 23.242374420166016 ] } },
{ "type": "Feature", "properties": { "city": "guangzhou", "candidate_source": "place_village_hamlet_locality", "id": "13152172191", "osm_type": "node", "place": "hamlet", "landuse": "None", "residential": "None", "name": "None" }, "geometry": { "type": "Point", "coordinates": [ 113.238052368164062, 23.244661331176758 ] } },
{ "type": "Feature", "properties": { "city": "guangzhou", "candidate_source": "place_village_hamlet_locality", "id": "7502800220", "osm_type": "node", "place": "village", "landuse": "None", "residential": "None", "name": "None" }, "geometry": { "type": "Point", "coordinates": [ 113.27825927734375, 23.442628860473633 ] } },
{ "type": "Feature", "properties": { "city": "guangzhou", "candidate_source": "place_village_hamlet_locality", "id": "11662902159", "osm_type": "node", "place": "village", "landuse": "None", "residential": "None", "name": "None" }, "geometry": { "type": "Point", "coordinates": [ 113.286514282226562, 23.463901519775391 ] } },
{ "type": "Feature", "properties": { "city": "guangzhou", "candidate_source": "place_village_hamlet_locality", "id": "5012471326", "osm_type": "node", "place": "village", "landuse": "None", "residential": "None", "name": "None" }, "geometry": { "type": "Point", "coordinates": [ 113.242256164550781, 23.493501663208008 ] } },
{ "type": "Feature", "properties": { "city": "guangzhou", "candidate_source": "place_village_hamlet_locality", "id": "5012327304", "osm_type": "node", "place": "village", "landuse": "None", "residential": "None", "name": "None" }, "geometry": { "type": "Point", "coordinates": [ 113.271492004394531, 23.503276824951172 ] } },
{ "type": "Feature", "properties": { "city": "guangzhou", "candidate_source": "place_village_hamlet_locality", "id": "13771038530", "osm_type": "node", "place": "locality", "landuse": "None", "residential": "None", "name": "None" }, "geometry": { "type": "Point", "coordinates": [ 113.302696228027344, 23.22352409362793 ] } },
{ "type": "Feature", "properties": { "city": "guangzhou", "candidate_source": "place_village_hamlet_locality", "id": "13775500407", "osm_type": "node", "place": "locality", "landuse": "None", "residential": "None", "name": "None" }, "geometry": { "type": "Point", "coordinates": [ 113.307876586914062, 23.225601196289062 ] } },
{ "type": "Feature", "properties": { "city": "guangzhou", "candidate_source": "place_village_hamlet_locality", "id": "13775500427", "osm_type": "node", "place": "locality", "landuse": "None", "residential": "None", "name": "None" }, "geometry": { "type": "Point", "coordinates": [ 113.325233459472656, 23.245090484619141 ] } },
{ "type": "Feature", "properties": { "city": "guangzhou", "candidate_source": "place_village_hamlet_locality", "id": "13771038510", "osm_type": "node", "place": "locality", "landuse": "None", "residential": "None", "name": "None" }, "geometry": { "type": "Point", "coordinates": [ 113.31890869140625, 23.251968383789062 ] } },
{ "type": "Feature", "properties": { "city": "guangzhou", "candidate_source": "place_village_hamlet_locality", "id": "13771038593", "osm_type": "node", "place": "locality", "landuse": "None", "residential": "None", "name": "None" }, "geometry": { "type": "Point", "coordinates": [ 113.327156066894531, 23.25201416015625 ] } },
{ "type": "Feature", "properties": { "city": "guangzhou", "candidate_source": "place_village_hamlet_locality", "id": "13771022677", "osm_type": "node", "place": "locality", "landuse": "None", "residential": "None", "name": "None" }, "geometry": { "type": "Point", "coordinates": [ 113.332275390625, 23.262117385864258 ] } },
{ "type": "Feature", "properties": { "city": "guangzhou", "candidate_source": "place_village_hamlet_locality", "id": "7111329299", "osm_type": "node", "place": "village", "landuse": "None", "residential": "None", "name": "None" }, "geometry": { "type": "Point", "coordinates": [ 113.326148986816406, 23.412681579589844 ] } },
{ "type": "Feature", "properties": { "city": "guangzhou", "candidate_source": "place_village_hamlet_locality", "id": "7111329335", "osm_type": "node", "place": "village", "landuse": "None", "residential": "None", "name": "None" }, "geometry": { "type": "Point", "coordinates": [ 113.319351196289062, 23.419620513916016 ] } },
{ "type": "Feature", "properties": { "city": "guangzhou", "candidate_source": "place_village_hamlet_locality", "id": "5012327274", "osm_type": "node", "place": "village", "landuse": "None", "residential": "None", "name": "None" }, "geometry": { "type": "Point", "coordinates": [ 113.296333312988281, 23.493476867675781 ] } },
{ "type": "Feature", "properties": { "city": "guangzhou", "candidate_source": "place_village_hamlet_locality", "id": "5012326910", "osm_type": "node", "place": "village", "landuse": "None", "residential": "None", "name": "None" }, "geometry": { "type": "Point", "coordinates": [ 113.306221008300781, 23.499065399169922 ] } },
{ "type": "Feature", "properties": { "city": "guangzhou", "candidate_source": "place_village_hamlet_locality", "id": "7242636434", "osm_type": "node", "place": "village", "landuse": "None", "residential": "None", "name": "None" }, "geometry": { "type": "Point", "coordinates": [ 113.344558715820312, 23.336269378662109 ] } },
{ "type": "Feature", "properties": { "city": "guangzhou", "candidate_source": "place_village_hamlet_locality", "id": "7242636433", "osm_type": "node", "place": "village", "landuse": "None", "residential": "None", "name": "None" }, "geometry": { "type": "Point", "coordinates": [ 113.352737426757812, 23.337118148803711 ] } },
{ "type": "Feature", "properties": { "city": "guangzhou", "candidate_source": "place_village_hamlet_locality", "id": "7242636432", "osm_type": "node", "place": "village", "landuse": "None", "residential": "None", "name": "None" }, "geometry": { "type": "Point", "coordinates": [ 113.348762512207031, 23.340309143066406 ] } },
{ "type": "Feature", "properties": { "city": "guangzhou", "candidate_source": "place_village_hamlet_locality", "id": "4056015784", "osm_type": "node", "place": "village", "landuse": "None", "residential": "None", "name": "None" }, "geometry": { "type": "Point", "coordinates": [ 113.380615234375, 23.351966857910156 ] } },
{ "type": "Feature", "properties": { "city": "guangzhou", "candidate_source": "place_village_hamlet_locality", "id": "4047703394", "osm_type": "node", "place": "hamlet", "landuse": "None", "residential": "None", "name": "None" }, "geometry": { "type": "Point", "coordinates": [ 113.389778137207031, 23.390054702758789 ] } },
{ "type": "Feature", "properties": { "city": "guangzhou", "candidate_source": "place_village_hamlet_locality", "id": "5369381804", "osm_type": "node", "place": "village", "landuse": "None", "residential": "None", "name": "None" }, "geometry": { "type": "Point", "coordinates": [ 113.332939147949219, 23.40339469909668 ] } },
{ "type": "Feature", "properties": { "city": "guangzhou", "candidate_source": "place_village_hamlet_locality", "id": "4051832307", "osm_type": "node", "place": "hamlet", "landuse": "None", "residential": "None", "name": "None" }, "geometry": { "type": "Point", "coordinates": [ 113.384796142578125, 23.406974792480469 ] } },
{ "type": "Feature", "properties": { "city": "guangzhou", "candidate_source": "place_village_hamlet_locality", "id": "12152777828", "osm_type": "node", "place": "hamlet", "landuse": "None", "residential": "None", "name": "None" }, "geometry": { "type": "Point", "coordinates": [ 113.388938903808594, 23.425289154052734 ] } },
{ "type": "Feature", "properties": { "city": "guangzhou", "candidate_source": "place_village_hamlet_locality", "id": "4073560307", "osm_type": "node", "place": "hamlet", "landuse": "None", "residential": "None", "name": "None" }, "geometry": { "type": "Point", "coordinates": [ 113.454978942871094, 23.42927360534668 ] } },
{ "type": "Feature", "properties": { "city": "guangzhou", "candidate_source": "place_village_hamlet_locality", "id": "5012327193", "osm_type": "node", "place": "village", "landuse": "None", "residential": "None", "name": "None" }, "geometry": { "type": "Point", "coordinates": [ 113.29022216796875, 23.502065658569336 ] } },
{ "type": "Feature", "properties": { "city": "guangzhou", "candidate_source": "place_village_hamlet_locality", "id": "5012173706", "osm_type": "node", "place": "village", "landuse": "None", "residential": "None", "name": "None" }, "geometry": { "type": "Point", "coordinates": [ 113.294235229492188, 23.503572463989258 ] } },
{ "type": "Feature", "properties": { "city": "guangzhou", "candidate_source": "place_village_hamlet_locality", "id": "5012173709", "osm_type": "node", "place": "village", "landuse": "None", "residential": "None", "name": "None" }, "geometry": { "type": "Point", "coordinates": [ 113.297996520996094, 23.50401496887207 ] } },
{ "type": "Feature", "properties": { "city": "guangzhou", "candidate_source": "place_village_hamlet_locality", "id": "5012327303", "osm_type": "node", "place": "village", "landuse": "None", "residential": "None", "name": "None" }, "geometry": { "type": "Point", "coordinates": [ 113.301521301269531, 23.504034042358398 ] } },
{ "type": "Feature", "properties": { "city": "guangzhou", "candidate_source": "place_village_hamlet_locality", "id": "5012173701", "osm_type": "node", "place": "village", "landuse": "None", "residential": "None", "name": "None" }, "geometry": { "type": "Point", "coordinates": [ 113.295318603515625, 23.507192611694336 ] } },
{ "type": "Feature", "properties": { "city": "guangzhou", "candidate_source": "place_village_hamlet_locality", "id": "5012173720", "osm_type": "node", "place": "village", "landuse": "None", "residential": "None", "name": "None" }, "geometry": { "type": "Point", "coordinates": [ 113.304664611816406, 23.512372970581055 ] } },
{ "type": "Feature", "properties": { "city": "guangzhou", "candidate_source": "place_village_hamlet_locality", "id": "5012173696", "osm_type": "node", "place": "village", "landuse": "None", "residential": "None", "name": "None" }, "geometry": { "type": "Point", "coordinates": [ 113.30963134765625, 23.513706207275391 ] } },
{ "type": "Feature", "properties": { "city": "guangzhou", "candidate_source": "place_village_hamlet_locality", "id": "5012173695", "osm_type": "node", "place": "village", "landuse": "None", "residential": "None", "name": "None" }, "geometry": { "type": "Point", "coordinates": [ 113.309928894042969, 23.514934539794922 ] } },
{ "type": "Feature", "properties": { "city": "guangzhou", "candidate_source": "place_village_hamlet_locality", "id": "5012173713", "osm_type": "node", "place": "village", "landuse": "None", "residential": "None", "name": "None" }, "geometry": { "type": "Point", "coordinates": [ 113.3126220703125, 23.517274856567383 ] } },
{ "type": "Feature", "properties": { "city": "guangzhou", "candidate_source": "place_village_hamlet_locality", "id": "5011851100", "osm_type": "node", "place": "village", "landuse": "None", "residential": "None", "name": "None" }, "geometry": { "type": "Point", "coordinates": [ 113.302131652832031, 23.54718017578125 ] } },
{ "type": "Feature", "properties": { "city": "guangzhou", "candidate_source": "place_village_hamlet_locality", "id": "5011851103", "osm_type": "node", "place": "village", "landuse": "None", "residential": "None", "name": "None" }, "geometry": { "type": "Point", "coordinates": [ 113.292129516601562, 23.54791259765625 ] } },
{ "type": "Feature", "properties": { "city": "guangzhou", "candidate_source": "place_village_hamlet_locality", "id": "5011851101", "osm_type": "node", "place": "village", "landuse": "None", "residential": "None", "name": "None" }, "geometry": { "type": "Point", "coordinates": [ 113.295783996582031, 23.548446655273438 ] } },
{ "type": "Feature", "properties": { "city": "guangzhou", "candidate_source": "place_village_hamlet_locality", "id": "5011851106", "osm_type": "node", "place": "village", "landuse": "None", "residential": "None", "name": "None" }, "geometry": { "type": "Point", "coordinates": [ 113.293106079101562, 23.550138473510742 ] } },
{ "type": "Feature", "properties": { "city": "guangzhou", "candidate_source": "place_village_hamlet_locality", "id": "5011851108", "osm_type": "node", "place": "village", "landuse": "None", "residential": "None", "name": "None" }, "geometry": { "type": "Point", "coordinates": [ 113.300552368164062, 23.553806304931641 ] } },
{ "type": "Feature", "properties": { "city": "guangzhou", "candidate_source": "place_village_hamlet_locality", "id": "5012111695", "osm_type": "node", "place": "village", "landuse": "None", "residential": "None", "name": "None" }, "geometry": { "type": "Point", "coordinates": [ 113.316032409667969, 23.553878784179688 ] } },
{ "type": "Feature", "properties": { "city": "guangzhou", "candidate_source": "place_village_hamlet_locality", "id": "5011851105", "osm_type": "node", "place": "village", "landuse": "None", "residential": "None", "name": "None" }, "geometry": { "type": "Point", "coordinates": [ 113.2991943359375, 23.555507659912109 ] } },
{ "type": "Feature", "properties": { "city": "guangzhou", "candidate_source": "place_village_hamlet_locality", "id": "5011851102", "osm_type": "node", "place": "village", "landuse": "None", "residential": "None", "name": "None" }, "geometry": { "type": "Point", "coordinates": [ 113.307785034179688, 23.556148529052734 ] } },
{ "type": "Feature", "properties": { "city": "guangzhou", "candidate_source": "place_village_hamlet_locality", "id": "5011851099", "osm_type": "node", "place": "village", "landuse": "None", "residential": "None", "name": "None" }, "geometry": { "type": "Point", "coordinates": [ 113.309738159179688, 23.557140350341797 ] } },
{ "type": "Feature", "properties": { "city": "guangzhou", "candidate_source": "place_village_hamlet_locality", "id": "5011851097", "osm_type": "node", "place": "village", "landuse": "None", "residential": "None", "name": "None" }, "geometry": { "type": "Point", "coordinates": [ 113.302574157714844, 23.558229446411133 ] } },
{ "type": "Feature", "properties": { "city": "guangzhou", "candidate_source": "place_village_hamlet_locality", "id": "5011851104", "osm_type": "node", "place": "village", "landuse": "None", "residential": "None", "name": "None" }, "geometry": { "type": "Point", "coordinates": [ 113.303749084472656, 23.560760498046875 ] } },
{ "type": "Feature", "properties": { "city": "guangzhou", "candidate_source": "place_village_hamlet_locality", "id": "5012110866", "osm_type": "node", "place": "village", "landuse": "None", "residential": "None", "name": "None" }, "geometry": { "type": "Point", "coordinates": [ 113.313880920410156, 23.573339462280273 ] } },
{ "type": "Feature", "properties": { "city": "guangzhou", "candidate_source": "place_village_hamlet_locality", "id": "5012111834", "osm_type": "node", "place": "village", "landuse": "None", "residential": "None", "name": "None" }, "geometry": { "type": "Point", "coordinates": [ 113.313377380371094, 23.576217651367188 ] } },
{ "type": "Feature", "properties": { "city": "guangzhou", "candidate_source": "place_village_hamlet_locality", "id": "5012111877", "osm_type": "node", "place": "village", "landuse": "None", "residential": "None", "name": "None" }, "geometry": { "type": "Point", "coordinates": [ 113.308204650878906, 23.577011108398438 ] } },
{ "type": "Feature", "properties": { "city": "guangzhou", "candidate_source": "place_village_hamlet_locality", "id": "5012111873", "osm_type": "node", "place": "village", "landuse": "None", "residential": "None", "name": "None" }, "geometry": { "type": "Point", "coordinates": [ 113.306434631347656, 23.578880310058594 ] } },
{ "type": "Feature", "properties": { "city": "guangzhou", "candidate_source": "place_village_hamlet_locality", "id": "5012111870", "osm_type": "node", "place": "village", "landuse": "None", "residential": "None", "name": "None" }, "geometry": { "type": "Point", "coordinates": [ 113.314659118652344, 23.579631805419922 ] } },
{ "type": "Feature", "properties": { "city": "guangzhou", "candidate_source": "place_village_hamlet_locality", "id": "11051995708", "osm_type": "node", "place": "locality", "landuse": "None", "residential": "None", "name": "None" }, "geometry": { "type": "Point", "coordinates": [ 113.575424194335938, 23.23736572265625 ] } },
{ "type": "Feature", "properties": { "city": "guangzhou", "candidate_source": "place_village_hamlet_locality", "id": "13649987847", "osm_type": "node", "place": "hamlet", "landuse": "None", "residential": "None", "name": "None" }, "geometry": { "type": "Point", "coordinates": [ 113.540885925292969, 23.264911651611328 ] } },
{ "type": "Feature", "properties": { "city": "guangzhou", "candidate_source": "place_village_hamlet_locality", "id": "4065306186", "osm_type": "node", "place": "hamlet", "landuse": "None", "residential": "None", "name": "None" }, "geometry": { "type": "Point", "coordinates": [ 113.567291259765625, 23.344955444335938 ] } },
{ "type": "Feature", "properties": { "city": "guangzhou", "candidate_source": "place_village_hamlet_locality", "id": "13857892643", "osm_type": "node", "place": "locality", "landuse": "None", "residential": "None", "name": "None" }, "geometry": { "type": "Point", "coordinates": [ 113.432235717773438, 23.297748565673828 ] } },
{ "type": "Feature", "properties": { "city": "guangzhou", "candidate_source": "place_village_hamlet_locality", "id": "13857901461", "osm_type": "node", "place": "locality", "landuse": "None", "residential": "None", "name": "None" }, "geometry": { "type": "Point", "coordinates": [ 113.416114807128906, 23.300760269165039 ] } },
{ "type": "Feature", "properties": { "city": "guangzhou", "candidate_source": "place_village_hamlet_locality", "id": "13857900912", "osm_type": "node", "place": "locality", "landuse": "None", "residential": "None", "name": "None" }, "geometry": { "type": "Point", "coordinates": [ 113.444450378417969, 23.304115295410156 ] } },
{ "type": "Feature", "properties": { "city": "guangzhou", "candidate_source": "place_village_hamlet_locality", "id": "13857900683", "osm_type": "node", "place": "locality", "landuse": "None", "residential": "None", "name": "None" }, "geometry": { "type": "Point", "coordinates": [ 113.418487548828125, 23.310056686401367 ] } },
{ "type": "Feature", "properties": { "city": "guangzhou", "candidate_source": "place_village_hamlet_locality", "id": "13857901653", "osm_type": "node", "place": "locality", "landuse": "None", "residential": "None", "name": "None" }, "geometry": { "type": "Point", "coordinates": [ 113.426826477050781, 23.315891265869141 ] } },
{ "type": "Feature", "properties": { "city": "guangzhou", "candidate_source": "place_village_hamlet_locality", "id": "5403232133", "osm_type": "node", "place": "village", "landuse": "None", "residential": "None", "name": "None" }, "geometry": { "type": "Point", "coordinates": [ 113.446029663085938, 23.32996940612793 ] } },
{ "type": "Feature", "properties": { "city": "guangzhou", "candidate_source": "place_village_hamlet_locality", "id": "5403232131", "osm_type": "node", "place": "hamlet", "landuse": "None", "residential": "None", "name": "None" }, "geometry": { "type": "Point", "coordinates": [ 113.449638366699219, 23.331573486328125 ] } },
{ "type": "Feature", "properties": { "city": "guangzhou", "candidate_source": "place_village_hamlet_locality", "id": "5403232132", "osm_type": "node", "place": "hamlet", "landuse": "None", "residential": "None", "name": "None" }, "geometry": { "type": "Point", "coordinates": [ 113.445671081542969, 23.333087921142578 ] } },
{ "type": "Feature", "properties": { "city": "guangzhou", "candidate_source": "place_village_hamlet_locality", "id": "4055989869", "osm_type": "node", "place": "hamlet", "landuse": "None", "residential": "None", "name": "None" }, "geometry": { "type": "Point", "coordinates": [ 113.423049926757812, 23.358901977539062 ] } },
{ "type": "Feature", "properties": { "city": "guangzhou", "candidate_source": "place_village_hamlet_locality", "id": "4055896871", "osm_type": "node", "place": "hamlet", "landuse": "None", "residential": "None", "name": "None" }, "geometry": { "type": "Point", "coordinates": [ 113.421958923339844, 23.383203506469727 ] } },
{ "type": "Feature", "properties": { "city": "guangzhou", "candidate_source": "place_village_hamlet_locality", "id": "4055910925", "osm_type": "node", "place": "hamlet", "landuse": "None", "residential": "None", "name": "None" }, "geometry": { "type": "Point", "coordinates": [ 113.431816101074219, 23.384166717529297 ] } },
{ "type": "Feature", "properties": { "city": "guangzhou", "candidate_source": "place_village_hamlet_locality", "id": "4055901418", "osm_type": "node", "place": "hamlet", "landuse": "None", "residential": "None", "name": "None" }, "geometry": { "type": "Point", "coordinates": [ 113.427070617675781, 23.385852813720703 ] } },
{ "type": "Feature", "properties": { "city": "guangzhou", "candidate_source": "place_village_hamlet_locality", "id": "4054998612", "osm_type": "node", "place": "village", "landuse": "None", "residential": "None", "name": "None" }, "geometry": { "type": "Point", "coordinates": [ 113.419914245605469, 23.387393951416016 ] } },
{ "type": "Feature", "properties": { "city": "guangzhou", "candidate_source": "place_village_hamlet_locality", "id": "4047813530", "osm_type": "node", "place": "hamlet", "landuse": "None", "residential": "None", "name": "None" }, "geometry": { "type": "Point", "coordinates": [ 113.444236755371094, 23.398317337036133 ] } },
{ "type": "Feature", "properties": { "city": "guangzhou", "candidate_source": "place_village_hamlet_locality", "id": "4047813539", "osm_type": "node", "place": "hamlet", "landuse": "None", "residential": "None", "name": "None" }, "geometry": { "type": "Point", "coordinates": [ 113.447807312011719, 23.399745941162109 ] } },
{ "type": "Feature", "properties": { "city": "guangzhou", "candidate_source": "place_village_hamlet_locality", "id": "4047096780", "osm_type": "node", "place": "village", "landuse": "None", "residential": "None", "name": "None" }, "geometry": { "type": "Point", "coordinates": [ 113.429878234863281, 23.401222229003906 ] } },
{ "type": "Feature", "properties": { "city": "guangzhou", "candidate_source": "place_village_hamlet_locality", "id": "4078324837", "osm_type": "node", "place": "hamlet", "landuse": "None", "residential": "None", "name": "None" }, "geometry": { "type": "Point", "coordinates": [ 113.457130432128906, 23.411720275878906 ] } },
{ "type": "Feature", "properties": { "city": "guangzhou", "candidate_source": "place_village_hamlet_locality", "id": "8825584442", "osm_type": "node", "place": "village", "landuse": "None", "residential": "None", "name": "None" }, "geometry": { "type": "Point", "coordinates": [ 113.407669067382812, 23.412954330444336 ] } },
{ "type": "Feature", "properties": { "city": "guangzhou", "candidate_source": "place_village_hamlet_locality", "id": "4048135742", "osm_type": "node", "place": "hamlet", "landuse": "None", "residential": "None", "name": "None" }, "geometry": { "type": "Point", "coordinates": [ 113.444137573242188, 23.413333892822266 ] } },
{ "type": "Feature", "properties": { "city": "guangzhou", "candidate_source": "place_village_hamlet_locality", "id": "5405007646", "osm_type": "node", "place": "village", "landuse": "None", "residential": "None", "name": "None" }, "geometry": { "type": "Point", "coordinates": [ 113.414260864257812, 23.42814826965332 ] } },
{ "type": "Feature", "properties": { "city": "guangzhou", "candidate_source": "place_village_hamlet_locality", "id": "4045802989", "osm_type": "node", "place": "hamlet", "landuse": "None", "residential": "None", "name": "None" }, "geometry": { "type": "Point", "coordinates": [ 113.480888366699219, 23.399066925048828 ] } },
{ "type": "Feature", "properties": { "city": "guangzhou", "candidate_source": "place_village_hamlet_locality", "id": "4045802088", "osm_type": "node", "place": "hamlet", "landuse": "None", "residential": "None", "name": "None" }, "geometry": { "type": "Point", "coordinates": [ 113.482955932617188, 23.400873184204102 ] } },
{ "type": "Feature", "properties": { "city": "guangzhou", "candidate_source": "place_village_hamlet_locality", "id": "11621884717", "osm_type": "node", "place": "village", "landuse": "None", "residential": "None", "name": "None" }, "geometry": { "type": "Point", "coordinates": [ 113.472206115722656, 23.413387298583984 ] } },
{ "type": "Feature", "properties": { "city": "guangzhou", "candidate_source": "place_village_hamlet_locality", "id": "4048121783", "osm_type": "node", "place": "village", "landuse": "None", "residential": "None", "name": "None" }, "geometry": { "type": "Point", "coordinates": [ 113.463401794433594, 23.416910171508789 ] } },
{ "type": "Feature", "properties": { "city": "guangzhou", "candidate_source": "place_village_hamlet_locality", "id": "4073560206", "osm_type": "node", "place": "hamlet", "landuse": "None", "residential": "None", "name": "None" }, "geometry": { "type": "Point", "coordinates": [ 113.460914611816406, 23.430620193481445 ] } },
{ "type": "Feature", "properties": { "city": "guangzhou", "candidate_source": "place_village_hamlet_locality", "id": "9385070069", "osm_type": "node", "place": "hamlet", "landuse": "None", "residential": "None", "name": "None" }, "geometry": { "type": "Point", "coordinates": [ 113.276710510253906, 23.027502059936523 ] } },
{ "type": "Feature", "properties": { "city": "guangzhou", "candidate_source": "place_village_hamlet_locality", "id": "8595321871", "osm_type": "node", "place": "village", "landuse": "None", "residential": "None", "name": "None" }, "geometry": { "type": "Point", "coordinates": [ 113.258773803710938, 23.04252815246582 ] } },
{ "type": "Feature", "properties": { "city": "guangzhou", "candidate_source": "place_village_hamlet_locality", "id": "8595321872", "osm_type": "node", "place": "village", "landuse": "None", "residential": "None", "name": "None" }, "geometry": { "type": "Point", "coordinates": [ 113.268943786621094, 23.044790267944336 ] } },
{ "type": "Feature", "properties": { "city": "guangzhou", "candidate_source": "place_village_hamlet_locality", "id": "2065839630", "osm_type": "node", "place": "hamlet", "landuse": "None", "residential": "None", "name": "None" }, "geometry": { "type": "Point", "coordinates": [ 113.211761474609375, 23.061290740966797 ] } },
{ "type": "Feature", "properties": { "city": "guangzhou", "candidate_source": "place_village_hamlet_locality", "id": "13397767741", "osm_type": "node", "place": "hamlet", "landuse": "None", "residential": "None", "name": "None" }, "geometry": { "type": "Point", "coordinates": [ 113.226112365722656, 23.063076019287109 ] } },
{ "type": "Feature", "properties": { "city": "guangzhou", "candidate_source": "place_village_hamlet_locality", "id": "9847373317", "osm_type": "node", "place": "hamlet", "landuse": "None", "residential": "None", "name": "None" }, "geometry": { "type": "Point", "coordinates": [ 113.226387023925781, 23.071077346801758 ] } },
{ "type": "Feature", "properties": { "city": "guangzhou", "candidate_source": "place_village_hamlet_locality", "id": "1309957018", "osm_type": "way", "place": "village", "landuse": "None", "residential": "None", "name": "None" }, "geometry": { "type": "Polygon", "coordinates": [ [ [ 113.176315307617188, 23.07244873046875 ], [ 113.17669677734375, 23.07244873046875 ], [ 113.176895141601562, 23.072517395019531 ], [ 113.180755615234375, 23.07337760925293 ], [ 113.180816650390625, 23.072629928588867 ], [ 113.177963256835938, 23.072029113769531 ], [ 113.17724609375, 23.071813583374023 ], [ 113.176727294921875, 23.071666717529297 ], [ 113.17626953125, 23.071512222290039 ], [ 113.175880432128906, 23.071435928344727 ], [ 113.17529296875, 23.071409225463867 ], [ 113.175315856933594, 23.072561264038086 ], [ 113.176315307617188, 23.07244873046875 ] ] ] } },
{ "type": "Feature", "properties": { "city": "guangzhou", "candidate_source": "place_village_hamlet_locality", "id": "10929205483", "osm_type": "node", "place": "locality", "landuse": "None", "residential": "None", "name": "None" }, "geometry": { "type": "Point", "coordinates": [ 113.180854797363281, 23.078451156616211 ] } },
{ "type": "Feature", "properties": { "city": "guangzhou", "candidate_source": "residential_rural", "id": "858041135", "osm_type": "way", "place": "None", "landuse": "residential", "residential": "rural", "name": "None" }, "geometry": { "type": "Polygon", "coordinates": [ [ [ 113.215744018554688, 23.097171783447266 ], [ 113.215972900390625, 23.097080230712891 ], [ 113.216484069824219, 23.096828460693359 ], [ 113.216827392578125, 23.096639633178711 ], [ 113.217124938964844, 23.096443176269531 ], [ 113.21728515625, 23.096338272094727 ], [ 113.217292785644531, 23.096328735351562 ], [ 113.217323303222656, 23.096309661865234 ], [ 113.217506408691406, 23.096138000488281 ], [ 113.216896057128906, 23.095684051513672 ], [ 113.216361999511719, 23.096075057983398 ], [ 113.215919494628906, 23.096267700195312 ], [ 113.215896606445312, 23.09650993347168 ], [ 113.215774536132812, 23.096513748168945 ], [ 113.215705871582031, 23.096799850463867 ], [ 113.215606689453125, 23.096841812133789 ], [ 113.215347290039062, 23.096900939941406 ], [ 113.215507507324219, 23.097248077392578 ], [ 113.215744018554688, 23.097171783447266 ] ] ] } },
{ "type": "Feature", "properties": { "city": "guangzhou", "candidate_source": "place_village_hamlet_locality", "id": "12119742438", "osm_type": "node", "place": "hamlet", "landuse": "None", "residential": "None", "name": "None" }, "geometry": { "type": "Point", "coordinates": [ 113.214851379394531, 23.121416091918945 ] } },
{ "type": "Feature", "properties": { "city": "guangzhou", "candidate_source": "place_village_hamlet_locality", "id": "5030344130", "osm_type": "node", "place": "locality", "landuse": "None", "residential": "None", "name": "None" }, "geometry": { "type": "Point", "coordinates": [ 113.229148864746094, 23.126794815063477 ] } },
{ "type": "Feature", "properties": { "city": "guangzhou", "candidate_source": "place_village_hamlet_locality", "id": "12119742439", "osm_type": "node", "place": "hamlet", "landuse": "None", "residential": "None", "name": "None" }, "geometry": { "type": "Point", "coordinates": [ 113.216163635253906, 23.139331817626953 ] } },
{ "type": "Feature", "properties": { "city": "guangzhou", "candidate_source": "place_village_hamlet_locality", "id": "9422628647", "osm_type": "node", "place": "village", "landuse": "None", "residential": "None", "name": "None" }, "geometry": { "type": "Point", "coordinates": [ 113.199569702148438, 23.250244140625 ] } },
{ "type": "Feature", "properties": { "city": "guangzhou", "candidate_source": "place_village_hamlet_locality", "id": "4460044926", "osm_type": "node", "place": "village", "landuse": "None", "residential": "None", "name": "None" }, "geometry": { "type": "Point", "coordinates": [ 113.162551879882812, 23.463129043579102 ] } },
{ "type": "Feature", "properties": { "city": "guangzhou", "candidate_source": "place_village_hamlet_locality", "id": "5012470312", "osm_type": "node", "place": "village", "landuse": "None", "residential": "None", "name": "None" }, "geometry": { "type": "Point", "coordinates": [ 113.217117309570312, 23.48765754699707 ] } },
{ "type": "Feature", "properties": { "city": "guangzhou", "candidate_source": "place_village_hamlet_locality", "id": "5012471329", "osm_type": "node", "place": "village", "landuse": "None", "residential": "None", "name": "None" }, "geometry": { "type": "Point", "coordinates": [ 113.232292175292969, 23.489133834838867 ] } },
{ "type": "Feature", "properties": { "city": "guangzhou", "candidate_source": "place_village_hamlet_locality", "id": "5012470309", "osm_type": "node", "place": "village", "landuse": "None", "residential": "None", "name": "None" }, "geometry": { "type": "Point", "coordinates": [ 113.232933044433594, 23.491592407226562 ] } },
{ "type": "Feature", "properties": { "city": "guangzhou", "candidate_source": "place_village_hamlet_locality", "id": "11474803740", "osm_type": "node", "place": "village", "landuse": "None", "residential": "None", "name": "None" }, "geometry": { "type": "Point", "coordinates": [ 113.137222290039062, 23.314182281494141 ] } },
{ "type": "Feature", "properties": { "city": "guangzhou", "candidate_source": "place_village_hamlet_locality", "id": "11474803749", "osm_type": "node", "place": "village", "landuse": "None", "residential": "None", "name": "None" }, "geometry": { "type": "Point", "coordinates": [ 113.129325866699219, 23.31859016418457 ] } },
{ "type": "Feature", "properties": { "city": "guangzhou", "candidate_source": "place_village_hamlet_locality", "id": "8147770766", "osm_type": "node", "place": "village", "landuse": "None", "residential": "None", "name": "None" }, "geometry": { "type": "Point", "coordinates": [ 113.102584838867188, 23.349348068237305 ] } },
{ "type": "Feature", "properties": { "city": "guangzhou", "candidate_source": "place_village_hamlet_locality", "id": "8147770767", "osm_type": "node", "place": "hamlet", "landuse": "None", "residential": "None", "name": "None" }, "geometry": { "type": "Point", "coordinates": [ 113.099884033203125, 23.350919723510742 ] } },
{ "type": "Feature", "properties": { "city": "guangzhou", "candidate_source": "place_village_hamlet_locality", "id": "8147770765", "osm_type": "node", "place": "village", "landuse": "None", "residential": "None", "name": "None" }, "geometry": { "type": "Point", "coordinates": [ 113.094551086425781, 23.351398468017578 ] } },
{ "type": "Feature", "properties": { "city": "guangzhou", "candidate_source": "place_village_hamlet_locality", "id": "875358024", "osm_type": "way", "place": "hamlet", "landuse": "None", "residential": "None", "name": "None" }, "geometry": { "type": "Polygon", "coordinates": [ [ [ 113.100471496582031, 23.35426139831543 ], [ 113.100532531738281, 23.354049682617188 ], [ 113.100822448730469, 23.354093551635742 ], [ 113.100906372070312, 23.353994369506836 ], [ 113.100982666015625, 23.353952407836914 ], [ 113.101181030273438, 23.353849411010742 ], [ 113.101249694824219, 23.353754043579102 ], [ 113.101249694824219, 23.353549957275391 ], [ 113.100975036621094, 23.353513717651367 ], [ 113.100807189941406, 23.353216171264648 ], [ 113.100410461425781, 23.353191375732422 ], [ 113.100326538085938, 23.353244781494141 ], [ 113.10009765625, 23.354148864746094 ], [ 113.100471496582031, 23.35426139831543 ] ] ] } },
{ "type": "Feature", "properties": { "city": "guangzhou", "candidate_source": "place_village_hamlet_locality", "id": "4460051319", "osm_type": "node", "place": "village", "landuse": "None", "residential": "None", "name": "None" }, "geometry": { "type": "Point", "coordinates": [ 113.145233154296875, 23.453327178955078 ] } },
{ "type": "Feature", "properties": { "city": "guangzhou", "candidate_source": "place_village_hamlet_locality", "id": "4460051333", "osm_type": "node", "place": "village", "landuse": "None", "residential": "None", "name": "None" }, "geometry": { "type": "Point", "coordinates": [ 113.1439208984375, 23.455196380615234 ] } },
{ "type": "Feature", "properties": { "city": "guangzhou", "candidate_source": "place_village_hamlet_locality", "id": "5012327161", "osm_type": "node", "place": "village", "landuse": "None", "residential": "None", "name": "None" }, "geometry": { "type": "Point", "coordinates": [ 113.277023315429688, 23.508825302124023 ] } },
{ "type": "Feature", "properties": { "city": "guangzhou", "candidate_source": "place_village_hamlet_locality", "id": "5011851098", "osm_type": "node", "place": "village", "landuse": "None", "residential": "None", "name": "None" }, "geometry": { "type": "Point", "coordinates": [ 113.282752990722656, 23.541425704956055 ] } },
{ "type": "Feature", "properties": { "city": "guangzhou", "candidate_source": "place_village_hamlet_locality", "id": "3618800527", "osm_type": "node", "place": "village", "landuse": "None", "residential": "None", "name": "None" }, "geometry": { "type": "Point", "coordinates": [ 113.27508544921875, 23.583871841430664 ] } },
{ "type": "Feature", "properties": { "city": "guangzhou", "candidate_source": "place_village_hamlet_locality", "id": "4408165114", "osm_type": "node", "place": "village", "landuse": "None", "residential": "None", "name": "None" }, "geometry": { "type": "Point", "coordinates": [ 113.235488891601562, 23.584823608398438 ] } },
{ "type": "Feature", "properties": { "city": "guangzhou", "candidate_source": "place_village_hamlet_locality", "id": "4408165115", "osm_type": "node", "place": "village", "landuse": "None", "residential": "None", "name": "None" }, "geometry": { "type": "Point", "coordinates": [ 113.242141723632812, 23.585372924804688 ] } },
{ "type": "Feature", "properties": { "city": "guangzhou", "candidate_source": "place_village_hamlet_locality", "id": "5012470314", "osm_type": "node", "place": "village", "landuse": "None", "residential": "None", "name": "None" }, "geometry": { "type": "Point", "coordinates": [ 113.2303466796875, 23.493270874023438 ] } },
{ "type": "Feature", "properties": { "city": "guangzhou", "candidate_source": "place_village_hamlet_locality", "id": "4408165113", "osm_type": "node", "place": "village", "landuse": "None", "residential": "None", "name": "None" }, "geometry": { "type": "Point", "coordinates": [ 113.221176147460938, 23.562158584594727 ] } },
{ "type": "Feature", "properties": { "city": "guangzhou", "candidate_source": "place_village_hamlet_locality", "id": "4408165112", "osm_type": "node", "place": "village", "landuse": "None", "residential": "None", "name": "None" }, "geometry": { "type": "Point", "coordinates": [ 113.20709228515625, 23.575704574584961 ] } },
{ "type": "Feature", "properties": { "city": "guangzhou", "candidate_source": "place_village_hamlet_locality", "id": "4408165111", "osm_type": "node", "place": "village", "landuse": "None", "residential": "None", "name": "None" }, "geometry": { "type": "Point", "coordinates": [ 113.219413757324219, 23.584445953369141 ] } },
{ "type": "Feature", "properties": { "city": "guangzhou", "candidate_source": "place_village_hamlet_locality", "id": "9562503076", "osm_type": "node", "place": "village", "landuse": "None", "residential": "None", "name": "None" }, "geometry": { "type": "Point", "coordinates": [ 113.075485229492188, 23.388221740722656 ] } },
{ "type": "Feature", "properties": { "city": "guangzhou", "candidate_source": "place_village_hamlet_locality", "id": "2065878950", "osm_type": "node", "place": "village", "landuse": "None", "residential": "None", "name": "None" }, "geometry": { "type": "Point", "coordinates": [ 112.977783203125, 23.45928955078125 ] } },
{ "type": "Feature", "properties": { "city": "guangzhou", "candidate_source": "place_village_hamlet_locality", "id": "2506217050", "osm_type": "node", "place": "village", "landuse": "None", "residential": "None", "name": "None" }, "geometry": { "type": "Point", "coordinates": [ 112.994766235351562, 23.396871566772461 ] } }
]
}
