{
"type": "FeatureCollection",
"name": "shanghai_candidates",
"crs": { "type": "name", "properties": { "name": "urn:ogc:def:crs:OGC:1.3:CRS84" } },
"features": [
{ "type": "Feature", "properties": { "city": "shanghai", "candidate_source": "place_village_hamlet_locality", "id": "7060222148", "osm_type": "node", "place": "locality", "landuse": "None", "residential": "None", "name": "None" }, "geometry": { "type": "Point", "coordinates": [ 121.330673217773438, 30.720556259155273 ] } },
{ "type": "Feature", "properties": { "city": "shanghai", "candidate_source": "place_village_hamlet_locality", "id": "5844267875", "osm_type": "node", "place": "hamlet", "landuse": "None", "residential": "None", "name": "None" }, "geometry": { "type": "Point", "coordinates": [ 121.298812866210938, 30.728187561035156 ] } },
{ "type": "Feature", "properties": { "city": "shanghai", "candidate_source": "place_village_hamlet_locality", "id": "5903602741", "osm_type": "node", "place": "village", "landuse": "None", "residential": "None", "name": "None" }, "geometry": { "type": "Point", "coordinates": [ 121.308143615722656, 30.758871078491211 ] } },
{ "type": "Feature", "properties": { "city": "shanghai", "candidate_source": "place_village_hamlet_locality", "id": "5810491745", "osm_type": "node", "place": "hamlet", "landuse": "None", "residential": "None", "name": "None" }, "geometry": { "type": "Point", "coordinates": [ 121.309638977050781, 30.767604827880859 ] } },
{ "type": "Feature", "properties": { "city": "shanghai", "candidate_source": "place_village_hamlet_locality", "id": "5810491722", "osm_type": "node", "place": "hamlet", "landuse": "None", "residential": "None", "name": "None" }, "geometry": { "type": "Point", "coordinates": [ 121.299697875976562, 30.781774520874023 ] } },
{ "type": "Feature", "properties": { "city": "shanghai", "candidate_source": "place_village_hamlet_locality", "id": "11076699023", "osm_type": "node", "place": "village", "landuse": "None", "residential": "None", "name": "None" }, "geometry": { "type": "Point", "coordinates": [ 121.333465576171875, 30.797662734985352 ] } },
{ "type": "Feature", "properties": { "city": "shanghai", "candidate_source": "place_village_hamlet_locality", "id": "11617886544", "osm_type": "node", "place": "village", "landuse": "None", "residential": "None", "name": "None" }, "geometry": { "type": "Point", "coordinates": [ 121.297813415527344, 30.807758331298828 ] } },
{ "type": "Feature", "properties": { "city": "shanghai", "candidate_source": "place_village_hamlet_locality", "id": "11076699025", "osm_type": "node", "place": "village", "landuse": "None", "residential": "None", "name": "None" }, "geometry": { "type": "Point", "coordinates": [ 121.308799743652344, 30.817474365234375 ] } },
{ "type": "Feature", "properties": { "city": "shanghai", "candidate_source": "place_village_hamlet_locality", "id": "11076699024", "osm_type": "node", "place": "village", "landuse": "None", "residential": "None", "name": "None" }, "geometry": { "type": "Point", "coordinates": [ 121.325973510742188, 30.819492340087891 ] } },
{ "type": "Feature", "properties": { "city": "shanghai", "candidate_source": "place_village_hamlet_locality", "id": "11617886486", "osm_type": "node", "place": "village", "landuse": "None", "residential": "None", "name": "None" }, "geometry": { "type": "Point", "coordinates": [ 121.280853271484375, 30.820394515991211 ] } },
{ "type": "Feature", "properties": { "city": "shanghai", "candidate_source": "place_village_hamlet_locality", "id": "5844267408", "osm_type": "node", "place": "hamlet", "landuse": "None", "residential": "None", "name": "None" }, "geometry": { "type": "Point", "coordinates": [ 121.253189086914062, 30.755748748779297 ] } },
{ "type": "Feature", "properties": { "city": "shanghai", "candidate_source": "place_village_hamlet_locality", "id": "5844267464", "osm_type": "node", "place": "hamlet", "landuse": "None", "residential": "None", "name": "None" }, "geometry": { "type": "Point", "coordinates": [ 121.272727966308594, 30.767017364501953 ] } },
{ "type": "Feature", "properties": { "city": "shanghai", "candidate_source": "place_village_hamlet_locality", "id": "5844296154", "osm_type": "node", "place": "village", "landuse": "None", "residential": "None", "name": "None" }, "geometry": { "type": "Point", "coordinates": [ 121.248977661132812, 30.771541595458984 ] } },
{ "type": "Feature", "properties": { "city": "shanghai", "candidate_source": "place_village_hamlet_locality", "id": "11130699977", "osm_type": "node", "place": "village", "landuse": "None", "residential": "None", "name": "None" }, "geometry": { "type": "Point", "coordinates": [ 121.251632690429688, 30.84869384765625 ] } },
{ "type": "Feature", "properties": { "city": "shanghai", "candidate_source": "place_village_hamlet_locality", "id": "11130699978", "osm_type": "node", "place": "village", "landuse": "None", "residential": "None", "name": "None" }, "geometry": { "type": "Point", "coordinates": [ 121.239730834960938, 30.871160507202148 ] } },
{ "type": "Feature", "properties": { "city": "shanghai", "candidate_source": "place_village_hamlet_locality", "id": "11130699976", "osm_type": "node", "place": "village", "landuse": "None", "residential": "None", "name": "None" }, "geometry": { "type": "Point", "coordinates": [ 121.2611083984375, 30.874889373779297 ] } },
{ "type": "Feature", "properties": { "city": "shanghai", "candidate_source": "place_village_hamlet_locality", "id": "11129263469", "osm_type": "node", "place": "village", "landuse": "None", "residential": "None", "name": "None" }, "geometry": { "type": "Point", "coordinates": [ 121.236099243164062, 30.89227294921875 ] } },
{ "type": "Feature", "properties": { "city": "shanghai", "candidate_source": "place_village_hamlet_locality", "id": "11129263467", "osm_type": "node", "place": "village", "landuse": "None", "residential": "None", "name": "None" }, "geometry": { "type": "Point", "coordinates": [ 121.277702331542969, 30.89295768737793 ] } },
{ "type": "Feature", "properties": { "city": "shanghai", "candidate_source": "place_village_hamlet_locality", "id": "11076699026", "osm_type": "node", "place": "village", "landuse": "None", "residential": "None", "name": "None" }, "geometry": { "type": "Point", "coordinates": [ 121.297836303710938, 30.830337524414062 ] } },
{ "type": "Feature", "properties": { "city": "shanghai", "candidate_source": "place_village_hamlet_locality", "id": "5832498173", "osm_type": "node", "place": "village", "landuse": "None", "residential": "None", "name": "None" }, "geometry": { "type": "Point", "coordinates": [ 121.337158203125, 30.851818084716797 ] } },
{ "type": "Feature", "properties": { "city": "shanghai", "candidate_source": "place_village_hamlet_locality", "id": "11129845806", "osm_type": "node", "place": "village", "landuse": "None", "residential": "None", "name": "None" }, "geometry": { "type": "Point", "coordinates": [ 121.300712585449219, 30.851900100708008 ] } },
{ "type": "Feature", "properties": { "city": "shanghai", "candidate_source": "place_village_hamlet_locality", "id": "11076699027", "osm_type": "node", "place": "village", "landuse": "None", "residential": "None", "name": "None" }, "geometry": { "type": "Point", "coordinates": [ 121.329765319824219, 30.852638244628906 ] } },
{ "type": "Feature", "properties": { "city": "shanghai", "candidate_source": "place_village_hamlet_locality", "id": "11129845807", "osm_type": "node", "place": "village", "landuse": "None", "residential": "None", "name": "None" }, "geometry": { "type": "Point", "coordinates": [ 121.287849426269531, 30.854391098022461 ] } },
{ "type": "Feature", "properties": { "city": "shanghai", "candidate_source": "place_village_hamlet_locality", "id": "11130699975", "osm_type": "node", "place": "village", "landuse": "None", "residential": "None", "name": "None" }, "geometry": { "type": "Point", "coordinates": [ 121.293624877929688, 30.880884170532227 ] } },
{ "type": "Feature", "properties": { "city": "shanghai", "candidate_source": "place_village_hamlet_locality", "id": "11129522845", "osm_type": "node", "place": "village", "landuse": "None", "residential": "None", "name": "None" }, "geometry": { "type": "Point", "coordinates": [ 121.318527221679688, 30.881038665771484 ] } },
{ "type": "Feature", "properties": { "city": "shanghai", "candidate_source": "place_village_hamlet_locality", "id": "11129028750", "osm_type": "node", "place": "village", "landuse": "None", "residential": "None", "name": "None" }, "geometry": { "type": "Point", "coordinates": [ 121.334373474121094, 30.886672973632812 ] } },
{ "type": "Feature", "properties": { "city": "shanghai", "candidate_source": "place_village_hamlet_locality", "id": "11128997648", "osm_type": "node", "place": "village", "landuse": "None", "residential": "None", "name": "None" }, "geometry": { "type": "Point", "coordinates": [ 121.301933288574219, 30.899866104125977 ] } },
{ "type": "Feature", "properties": { "city": "shanghai", "candidate_source": "place_village_hamlet_locality", "id": "11129009650", "osm_type": "node", "place": "village", "landuse": "None", "residential": "None", "name": "None" }, "geometry": { "type": "Point", "coordinates": [ 121.313667297363281, 30.905332565307617 ] } },
{ "type": "Feature", "properties": { "city": "shanghai", "candidate_source": "place_village_hamlet_locality", "id": "4255644810", "osm_type": "node", "place": "hamlet", "landuse": "None", "residential": "None", "name": "None" }, "geometry": { "type": "Point", "coordinates": [ 121.054458618164062, 30.854209899902344 ] } },
{ "type": "Feature", "properties": { "city": "shanghai", "candidate_source": "place_village_hamlet_locality", "id": "5851525638", "osm_type": "node", "place": "village", "landuse": "None", "residential": "None", "name": "None" }, "geometry": { "type": "Point", "coordinates": [ 121.074783325195312, 30.870513916015625 ] } },
{ "type": "Feature", "properties": { "city": "shanghai", "candidate_source": "place_village_hamlet_locality", "id": "4196432387", "osm_type": "node", "place": "hamlet", "landuse": "None", "residential": "None", "name": "None" }, "geometry": { "type": "Point", "coordinates": [ 121.138008117675781, 30.899700164794922 ] } },
{ "type": "Feature", "properties": { "city": "shanghai", "candidate_source": "place_village_hamlet_locality", "id": "3632309182", "osm_type": "node", "place": "hamlet", "landuse": "None", "residential": "None", "name": "None" }, "geometry": { "type": "Point", "coordinates": [ 121.0657958984375, 30.902256011962891 ] } },
{ "type": "Feature", "properties": { "city": "shanghai", "candidate_source": "place_village_hamlet_locality", "id": "4194705114", "osm_type": "node", "place": "hamlet", "landuse": "None", "residential": "None", "name": "None" }, "geometry": { "type": "Point", "coordinates": [ 121.130111694335938, 30.913824081420898 ] } },
{ "type": "Feature", "properties": { "city": "shanghai", "candidate_source": "place_village_hamlet_locality", "id": "4192842191", "osm_type": "node", "place": "hamlet", "landuse": "None", "residential": "None", "name": "None" }, "geometry": { "type": "Point", "coordinates": [ 121.145584106445312, 30.926822662353516 ] } },
{ "type": "Feature", "properties": { "city": "shanghai", "candidate_source": "place_village_hamlet_locality", "id": "6379957855", "osm_type": "node", "place": "village", "landuse": "None", "residential": "None", "name": "None" }, "geometry": { "type": "Point", "coordinates": [ 121.105186462402344, 30.935333251953125 ] } },
{ "type": "Feature", "properties": { "city": "shanghai", "candidate_source": "place_village_hamlet_locality", "id": "2971524492", "osm_type": "node", "place": "hamlet", "landuse": "None", "residential": "None", "name": "None" }, "geometry": { "type": "Point", "coordinates": [ 121.086418151855469, 30.937156677246094 ] } },
{ "type": "Feature", "properties": { "city": "shanghai", "candidate_source": "place_village_hamlet_locality", "id": "4192833868", "osm_type": "node", "place": "hamlet", "landuse": "None", "residential": "None", "name": "None" }, "geometry": { "type": "Point", "coordinates": [ 121.144493103027344, 30.940027236938477 ] } },
{ "type": "Feature", "properties": { "city": "shanghai", "candidate_source": "place_village_hamlet_locality", "id": "4192833861", "osm_type": "node", "place": "hamlet", "landuse": "None", "residential": "None", "name": "None" }, "geometry": { "type": "Point", "coordinates": [ 121.168220520019531, 30.947050094604492 ] } },
{ "type": "Feature", "properties": { "city": "shanghai", "candidate_source": "place_village_hamlet_locality", "id": "11966100738", "osm_type": "node", "place": "village", "landuse": "None", "residential": "None", "name": "None" }, "geometry": { "type": "Point", "coordinates": [ 121.036598205566406, 31.005474090576172 ] } },
{ "type": "Feature", "properties": { "city": "shanghai", "candidate_source": "place_village_hamlet_locality", "id": "11960713353", "osm_type": "node", "place": "village", "landuse": "None", "residential": "None", "name": "None" }, "geometry": { "type": "Point", "coordinates": [ 121.033233642578125, 31.006446838378906 ] } },
{ "type": "Feature", "properties": { "city": "shanghai", "candidate_source": "place_village_hamlet_locality", "id": "11915633364", "osm_type": "node", "place": "village", "landuse": "None", "residential": "None", "name": "None" }, "geometry": { "type": "Point", "coordinates": [ 121.047737121582031, 31.009040832519531 ] } },
{ "type": "Feature", "properties": { "city": "shanghai", "candidate_source": "place_village_hamlet_locality", "id": "11960713354", "osm_type": "node", "place": "village", "landuse": "None", "residential": "None", "name": "None" }, "geometry": { "type": "Point", "coordinates": [ 121.036537170410156, 31.010576248168945 ] } },
{ "type": "Feature", "properties": { "city": "shanghai", "candidate_source": "place_village_hamlet_locality", "id": "11960713355", "osm_type": "node", "place": "village", "landuse": "None", "residential": "None", "name": "None" }, "geometry": { "type": "Point", "coordinates": [ 121.041374206542969, 31.011388778686523 ] } },
{ "type": "Feature", "properties": { "city": "shanghai", "candidate_source": "place_village_hamlet_locality", "id": "12009323829", "osm_type": "node", "place": "village", "landuse": "None", "residential": "None", "name": "None" }, "geometry": { "type": "Point", "coordinates": [ 121.044609069824219, 31.013204574584961 ] } },
{ "type": "Feature", "properties": { "city": "shanghai", "candidate_source": "place_village_hamlet_locality", "id": "11598434869", "osm_type": "node", "place": "village", "landuse": "None", "residential": "None", "name": "None" }, "geometry": { "type": "Point", "coordinates": [ 121.130874633789062, 31.116754531860352 ] } },
{ "type": "Feature", "properties": { "city": "shanghai", "candidate_source": "place_village_hamlet_locality", "id": "11598434871", "osm_type": "node", "place": "village", "landuse": "None", "residential": "None", "name": "None" }, "geometry": { "type": "Point", "coordinates": [ 121.166732788085938, 31.123321533203125 ] } },
{ "type": "Feature", "properties": { "city": "shanghai", "candidate_source": "place_village_hamlet_locality", "id": "11598434870", "osm_type": "node", "place": "village", "landuse": "None", "residential": "None", "name": "None" }, "geometry": { "type": "Point", "coordinates": [ 121.120780944824219, 31.129739761352539 ] } },
{ "type": "Feature", "properties": { "city": "shanghai", "candidate_source": "place_village_hamlet_locality", "id": "11129263468", "osm_type": "node", "place": "village", "landuse": "None", "residential": "None", "name": "None" }, "geometry": { "type": "Point", "coordinates": [ 121.260696411132812, 30.895290374755859 ] } },
{ "type": "Feature", "properties": { "city": "shanghai", "candidate_source": "place_village_hamlet_locality", "id": "11636188461", "osm_type": "node", "place": "village", "landuse": "None", "residential": "None", "name": "None" }, "geometry": { "type": "Point", "coordinates": [ 121.183525085449219, 30.900993347167969 ] } },
{ "type": "Feature", "properties": { "city": "shanghai", "candidate_source": "place_village_hamlet_locality", "id": "11636176709", "osm_type": "node", "place": "village", "landuse": "None", "residential": "None", "name": "None" }, "geometry": { "type": "Point", "coordinates": [ 121.185211181640625, 30.909967422485352 ] } },
{ "type": "Feature", "properties": { "city": "shanghai", "candidate_source": "place_village_hamlet_locality", "id": "11129263466", "osm_type": "node", "place": "village", "landuse": "None", "residential": "None", "name": "None" }, "geometry": { "type": "Point", "coordinates": [ 121.235038757324219, 30.913339614868164 ] } },
{ "type": "Feature", "properties": { "city": "shanghai", "candidate_source": "place_village_hamlet_locality", "id": "4192854799", "osm_type": "node", "place": "hamlet", "landuse": "None", "residential": "None", "name": "None" }, "geometry": { "type": "Point", "coordinates": [ 121.210990905761719, 30.933544158935547 ] } },
{ "type": "Feature", "properties": { "city": "shanghai", "candidate_source": "place_village_hamlet_locality", "id": "4193141486", "osm_type": "node", "place": "hamlet", "landuse": "None", "residential": "None", "name": "None" }, "geometry": { "type": "Point", "coordinates": [ 121.207496643066406, 30.94294548034668 ] } },
{ "type": "Feature", "properties": { "city": "shanghai", "candidate_source": "place_village_hamlet_locality", "id": "4182374693", "osm_type": "node", "place": "hamlet", "landuse": "None", "residential": "None", "name": "None" }, "geometry": { "type": "Point", "coordinates": [ 121.185188293457031, 30.94529914855957 ] } },
{ "type": "Feature", "properties": { "city": "shanghai", "candidate_source": "place_village_hamlet_locality", "id": "12370460868", "osm_type": "node", "place": "locality", "landuse": "None", "residential": "None", "name": "None" }, "geometry": { "type": "Point", "coordinates": [ 121.234504699707031, 30.964471817016602 ] } },
{ "type": "Feature", "properties": { "city": "shanghai", "candidate_source": "place_village_hamlet_locality", "id": "4066762524", "osm_type": "node", "place": "village", "landuse": "None", "residential": "None", "name": "None" }, "geometry": { "type": "Point", "coordinates": [ 121.234580993652344, 31.165193557739258 ] } },
{ "type": "Feature", "properties": { "city": "shanghai", "candidate_source": "place_village_hamlet_locality", "id": "4066761134", "osm_type": "node", "place": "village", "landuse": "None", "residential": "None", "name": "None" }, "geometry": { "type": "Point", "coordinates": [ 121.245391845703125, 31.190345764160156 ] } },
{ "type": "Feature", "properties": { "city": "shanghai", "candidate_source": "place_village_hamlet_locality", "id": "11612506963", "osm_type": "node", "place": "village", "landuse": "None", "residential": "None", "name": "None" }, "geometry": { "type": "Point", "coordinates": [ 121.326797485351562, 30.952058792114258 ] } },
{ "type": "Feature", "properties": { "city": "shanghai", "candidate_source": "place_village_hamlet_locality", "id": "11610886080", "osm_type": "node", "place": "village", "landuse": "None", "residential": "None", "name": "None" }, "geometry": { "type": "Point", "coordinates": [ 121.325981140136719, 30.965198516845703 ] } },
{ "type": "Feature", "properties": { "city": "shanghai", "candidate_source": "place_village_hamlet_locality", "id": "11556014889", "osm_type": "node", "place": "village", "landuse": "None", "residential": "None", "name": "None" }, "geometry": { "type": "Point", "coordinates": [ 121.340438842773438, 30.99418830871582 ] } },
{ "type": "Feature", "properties": { "city": "shanghai", "candidate_source": "place_village_hamlet_locality", "id": "11556014890", "osm_type": "node", "place": "village", "landuse": "None", "residential": "None", "name": "None" }, "geometry": { "type": "Point", "coordinates": [ 121.334671020507812, 30.996086120605469 ] } },
{ "type": "Feature", "properties": { "city": "shanghai", "candidate_source": "place_village_hamlet_locality", "id": "6001940480", "osm_type": "node", "place": "village", "landuse": "None", "residential": "None", "name": "None" }, "geometry": { "type": "Point", "coordinates": [ 121.329124450683594, 31.012554168701172 ] } },
{ "type": "Feature", "properties": { "city": "shanghai", "candidate_source": "place_village_hamlet_locality", "id": "11473230578", "osm_type": "node", "place": "village", "landuse": "None", "residential": "None", "name": "None" }, "geometry": { "type": "Point", "coordinates": [ 121.324348449707031, 31.163845062255859 ] } },
{ "type": "Feature", "properties": { "city": "shanghai", "candidate_source": "place_village_hamlet_locality", "id": "9270756757", "osm_type": "node", "place": "village", "landuse": "None", "residential": "None", "name": "None" }, "geometry": { "type": "Point", "coordinates": [ 121.292770385742188, 31.207197189331055 ] } },
{ "type": "Feature", "properties": { "city": "shanghai", "candidate_source": "residential_rural", "id": "589460656", "osm_type": "way", "place": "None", "landuse": "residential", "residential": "rural", "name": "None" }, "geometry": { "type": "Polygon", "coordinates": [ [ [ 121.28363037109375, 31.222070693969727 ], [ 121.284515380859375, 31.219974517822266 ], [ 121.281097412109375, 31.218490600585938 ], [ 121.280258178710938, 31.220640182495117 ], [ 121.28363037109375, 31.222070693969727 ] ] ] } },
{ "type": "Feature", "properties": { "city": "shanghai", "candidate_source": "residential_rural", "id": "1494281482", "osm_type": "way", "place": "None", "landuse": "residential", "residential": "rural", "name": "None" }, "geometry": { "type": "Polygon", "coordinates": [ [ [ 121.279678344726562, 31.222141265869141 ], [ 121.281028747558594, 31.22265625 ], [ 121.282073974609375, 31.222881317138672 ], [ 121.281944274902344, 31.223142623901367 ], [ 121.282981872558594, 31.223461151123047 ], [ 121.2835693359375, 31.222261428833008 ], [ 121.280189514160156, 31.220830917358398 ], [ 121.279678344726562, 31.222141265869141 ] ] ] } },
{ "type": "Feature", "properties": { "city": "shanghai", "candidate_source": "place_village_hamlet_locality", "id": "11127466633", "osm_type": "node", "place": "village", "landuse": "None", "residential": "None", "name": "None" }, "geometry": { "type": "Point", "coordinates": [ 121.320732116699219, 31.225482940673828 ] } },
{ "type": "Feature", "properties": { "city": "shanghai", "candidate_source": "place_village_hamlet_locality", "id": "11598434873", "osm_type": "node", "place": "village", "landuse": "None", "residential": "None", "name": "None" }, "geometry": { "type": "Point", "coordinates": [ 121.161636352539062, 31.144309997558594 ] } },
{ "type": "Feature", "properties": { "city": "shanghai", "candidate_source": "place_village_hamlet_locality", "id": "4063623522", "osm_type": "node", "place": "village", "landuse": "None", "residential": "None", "name": "None" }, "geometry": { "type": "Point", "coordinates": [ 121.165023803710938, 31.206207275390625 ] } },
{ "type": "Feature", "properties": { "city": "shanghai", "candidate_source": "place_village_hamlet_locality", "id": "4063623525", "osm_type": "node", "place": "village", "landuse": "None", "residential": "None", "name": "None" }, "geometry": { "type": "Point", "coordinates": [ 121.144828796386719, 31.206354141235352 ] } },
{ "type": "Feature", "properties": { "city": "shanghai", "candidate_source": "place_village_hamlet_locality", "id": "4063623753", "osm_type": "node", "place": "village", "landuse": "None", "residential": "None", "name": "None" }, "geometry": { "type": "Point", "coordinates": [ 121.156272888183594, 31.209566116333008 ] } },
{ "type": "Feature", "properties": { "city": "shanghai", "candidate_source": "place_village_hamlet_locality", "id": "4063623757", "osm_type": "node", "place": "village", "landuse": "None", "residential": "None", "name": "None" }, "geometry": { "type": "Point", "coordinates": [ 121.146842956542969, 31.209877014160156 ] } },
{ "type": "Feature", "properties": { "city": "shanghai", "candidate_source": "place_village_hamlet_locality", "id": "4063623997", "osm_type": "node", "place": "village", "landuse": "None", "residential": "None", "name": "None" }, "geometry": { "type": "Point", "coordinates": [ 121.173835754394531, 31.212438583374023 ] } },
{ "type": "Feature", "properties": { "city": "shanghai", "candidate_source": "place_village_hamlet_locality", "id": "4063624017", "osm_type": "node", "place": "village", "landuse": "None", "residential": "None", "name": "None" }, "geometry": { "type": "Point", "coordinates": [ 121.162681579589844, 31.214273452758789 ] } },
{ "type": "Feature", "properties": { "city": "shanghai", "candidate_source": "place_village_hamlet_locality", "id": "4063623542", "osm_type": "node", "place": "village", "landuse": "None", "residential": "None", "name": "None" }, "geometry": { "type": "Point", "coordinates": [ 121.14532470703125, 31.215511322021484 ] } },
{ "type": "Feature", "properties": { "city": "shanghai", "candidate_source": "place_village_hamlet_locality", "id": "4063623548", "osm_type": "node", "place": "village", "landuse": "None", "residential": "None", "name": "None" }, "geometry": { "type": "Point", "coordinates": [ 121.17596435546875, 31.217897415161133 ] } },
{ "type": "Feature", "properties": { "city": "shanghai", "candidate_source": "place_village_hamlet_locality", "id": "4063623549", "osm_type": "node", "place": "village", "landuse": "None", "residential": "None", "name": "None" }, "geometry": { "type": "Point", "coordinates": [ 121.171089172363281, 31.218116760253906 ] } },
{ "type": "Feature", "properties": { "city": "shanghai", "candidate_source": "place_village_hamlet_locality", "id": "5166843628", "osm_type": "node", "place": "village", "landuse": "None", "residential": "None", "name": "None" }, "geometry": { "type": "Point", "coordinates": [ 121.060310363769531, 31.218893051147461 ] } },
{ "type": "Feature", "properties": { "city": "shanghai", "candidate_source": "place_village_hamlet_locality", "id": "4063623550", "osm_type": "node", "place": "village", "landuse": "None", "residential": "None", "name": "None" }, "geometry": { "type": "Point", "coordinates": [ 121.140815734863281, 31.220861434936523 ] } },
{ "type": "Feature", "properties": { "city": "shanghai", "candidate_source": "place_village_hamlet_locality", "id": "4066762593", "osm_type": "node", "place": "village", "landuse": "None", "residential": "None", "name": "None" }, "geometry": { "type": "Point", "coordinates": [ 121.240303039550781, 31.193483352661133 ] } },
{ "type": "Feature", "properties": { "city": "shanghai", "candidate_source": "place_village_hamlet_locality", "id": "4066762233", "osm_type": "node", "place": "village", "landuse": "None", "residential": "None", "name": "None" }, "geometry": { "type": "Point", "coordinates": [ 121.243614196777344, 31.194828033447266 ] } },
{ "type": "Feature", "properties": { "city": "shanghai", "candidate_source": "place_village_hamlet_locality", "id": "4066762607", "osm_type": "node", "place": "village", "landuse": "None", "residential": "None", "name": "None" }, "geometry": { "type": "Point", "coordinates": [ 121.247772216796875, 31.195255279541016 ] } },
{ "type": "Feature", "properties": { "city": "shanghai", "candidate_source": "place_village_hamlet_locality", "id": "11135920717", "osm_type": "node", "place": "village", "landuse": "None", "residential": "None", "name": "None" }, "geometry": { "type": "Point", "coordinates": [ 121.223800659179688, 31.19929313659668 ] } },
{ "type": "Feature", "properties": { "city": "shanghai", "candidate_source": "place_village_hamlet_locality", "id": "4063623555", "osm_type": "node", "place": "village", "landuse": "None", "residential": "None", "name": "None" }, "geometry": { "type": "Point", "coordinates": [ 121.178756713867188, 31.224916458129883 ] } },
{ "type": "Feature", "properties": { "city": "shanghai", "candidate_source": "place_village_hamlet_locality", "id": "13687875930", "osm_type": "node", "place": "hamlet", "landuse": "None", "residential": "None", "name": "None" }, "geometry": { "type": "Point", "coordinates": [ 121.180595397949219, 31.246509552001953 ] } },
{ "type": "Feature", "properties": { "city": "shanghai", "candidate_source": "place_village_hamlet_locality", "id": "4061722688", "osm_type": "node", "place": "village", "landuse": "None", "residential": "None", "name": "None" }, "geometry": { "type": "Point", "coordinates": [ 121.192825317382812, 31.248805999755859 ] } },
{ "type": "Feature", "properties": { "city": "shanghai", "candidate_source": "place_village_hamlet_locality", "id": "4061722889", "osm_type": "node", "place": "village", "landuse": "None", "residential": "None", "name": "None" }, "geometry": { "type": "Point", "coordinates": [ 121.180931091308594, 31.25018310546875 ] } },
{ "type": "Feature", "properties": { "city": "shanghai", "candidate_source": "place_village_hamlet_locality", "id": "4235314417", "osm_type": "node", "place": "village", "landuse": "None", "residential": "None", "name": "None" }, "geometry": { "type": "Point", "coordinates": [ 121.187202453613281, 31.251237869262695 ] } },
{ "type": "Feature", "properties": { "city": "shanghai", "candidate_source": "place_village_hamlet_locality", "id": "4235315998", "osm_type": "node", "place": "village", "landuse": "None", "residential": "None", "name": "None" }, "geometry": { "type": "Point", "coordinates": [ 121.183937072753906, 31.252956390380859 ] } },
{ "type": "Feature", "properties": { "city": "shanghai", "candidate_source": "place_village_hamlet_locality", "id": "9710671645", "osm_type": "node", "place": "village", "landuse": "None", "residential": "None", "name": "None" }, "geometry": { "type": "Point", "coordinates": [ 121.019851684570312, 30.968055725097656 ] } },
{ "type": "Feature", "properties": { "city": "shanghai", "candidate_source": "place_village_hamlet_locality", "id": "9710671644", "osm_type": "node", "place": "village", "landuse": "None", "residential": "None", "name": "None" }, "geometry": { "type": "Point", "coordinates": [ 121.019683837890625, 30.969867706298828 ] } },
{ "type": "Feature", "properties": { "city": "shanghai", "candidate_source": "place_village_hamlet_locality", "id": "1047798875", "osm_type": "way", "place": "village", "landuse": "None", "residential": "None", "name": "None" }, "geometry": { "type": "Polygon", "coordinates": [ [ [ 120.947853088378906, 31.052204132080078 ], [ 120.947517395019531, 31.053033828735352 ], [ 120.947746276855469, 31.053159713745117 ], [ 120.947639465332031, 31.053390502929688 ], [ 120.94757080078125, 31.053647994995117 ], [ 120.947776794433594, 31.053745269775391 ], [ 120.947769165039062, 31.053932189941406 ], [ 120.94775390625, 31.054048538208008 ], [ 120.947853088378906, 31.054359436035156 ], [ 120.948097229003906, 31.054874420166016 ], [ 120.948280334472656, 31.055105209350586 ], [ 120.948532104492188, 31.055267333984375 ], [ 120.949188232421875, 31.0555419921875 ], [ 120.949447631835938, 31.055530548095703 ], [ 120.949554443359375, 31.055421829223633 ], [ 120.949897766113281, 31.055543899536133 ], [ 120.951026916503906, 31.056026458740234 ], [ 120.951171875, 31.056003570556641 ], [ 120.951210021972656, 31.055822372436523 ], [ 120.951400756835938, 31.055835723876953 ], [ 120.951591491699219, 31.055644989013672 ], [ 120.951744079589844, 31.055685043334961 ], [ 120.952247619628906, 31.055736541748047 ], [ 120.952430725097656, 31.055789947509766 ], [ 120.952964782714844, 31.056035995483398 ], [ 120.953125, 31.056076049804688 ], [ 120.953330993652344, 31.056041717529297 ], [ 120.953498840332031, 31.055931091308594 ], [ 120.954299926757812, 31.0550537109375 ], [ 120.953521728515625, 31.054765701293945 ], [ 120.953399658203125, 31.054409027099609 ], [ 120.952751159667969, 31.054227828979492 ], [ 120.953010559082031, 31.053281784057617 ], [ 120.953201293945312, 31.053173065185547 ], [ 120.953460693359375, 31.05278205871582 ], [ 120.953468322753906, 31.052722930908203 ], [ 120.953498840332031, 31.052505493164062 ], [ 120.953498840332031, 31.052501678466797 ], [ 120.952827453613281, 31.052532196044922 ], [ 120.952308654785156, 31.052446365356445 ], [ 120.951904296875, 31.052080154418945 ], [ 120.951568603515625, 31.05201530456543 ], [ 120.951461791992188, 31.052217483520508 ], [ 120.950424194335938, 31.051969528198242 ], [ 120.949928283691406, 31.051876068115234 ], [ 120.949081420898438, 31.051776885986328 ], [ 120.948173522949219, 31.051671981811523 ], [ 120.947853088378906, 31.052204132080078 ] ] ] } },
{ "type": "Feature", "properties": { "city": "shanghai", "candidate_source": "place_village_hamlet_locality", "id": "1047800579", "osm_type": "way", "place": "village", "landuse": "None", "residential": "None", "name": "None" }, "geometry": { "type": "Polygon", "coordinates": [ [ [ 120.9583740234375, 31.054025650024414 ], [ 120.958412170410156, 31.054450988769531 ], [ 120.95831298828125, 31.054891586303711 ], [ 120.959068298339844, 31.055055618286133 ], [ 120.960105895996094, 31.055227279663086 ], [ 120.960235595703125, 31.055269241333008 ], [ 120.961219787597656, 31.055419921875 ], [ 120.961280822753906, 31.055181503295898 ], [ 120.961265563964844, 31.055036544799805 ], [ 120.961158752441406, 31.055057525634766 ], [ 120.961044311523438, 31.054969787597656 ], [ 120.961105346679688, 31.054937362670898 ], [ 120.961196899414062, 31.054937362670898 ], [ 120.9613037109375, 31.054553985595703 ], [ 120.96124267578125, 31.054449081420898 ], [ 120.960960388183594, 31.054309844970703 ], [ 120.960968017578125, 31.053995132446289 ], [ 120.961212158203125, 31.053770065307617 ], [ 120.960708618164062, 31.053525924682617 ], [ 120.960128784179688, 31.053537368774414 ], [ 120.959716796875, 31.053558349609375 ], [ 120.959510803222656, 31.053583145141602 ], [ 120.959304809570312, 31.053569793701172 ], [ 120.959068298339844, 31.053592681884766 ], [ 120.958915710449219, 31.053764343261719 ], [ 120.958847045898438, 31.053840637207031 ], [ 120.958702087402344, 31.053764343261719 ], [ 120.958419799804688, 31.053716659545898 ], [ 120.9583740234375, 31.054025650024414 ] ] ] } },
{ "type": "Feature", "properties": { "city": "shanghai", "candidate_source": "place_village_hamlet_locality", "id": "9876905118", "osm_type": "node", "place": "village", "landuse": "None", "residential": "None", "name": "None" }, "geometry": { "type": "Point", "coordinates": [ 120.936721801757812, 31.059787750244141 ] } },
{ "type": "Feature", "properties": { "city": "shanghai", "candidate_source": "place_village_hamlet_locality", "id": "1041006612", "osm_type": "way", "place": "village", "landuse": "None", "residential": "None", "name": "None" }, "geometry": { "type": "Polygon", "coordinates": [ [ [ 120.988845825195312, 31.084238052368164 ], [ 120.989189147949219, 31.083429336547852 ], [ 120.989791870117188, 31.082418441772461 ], [ 120.989707946777344, 31.08000373840332 ], [ 120.992134094238281, 31.08104133605957 ], [ 120.992439270019531, 31.080699920654297 ], [ 120.988990783691406, 31.079166412353516 ], [ 120.98687744140625, 31.078151702880859 ], [ 120.986244201660156, 31.077831268310547 ], [ 120.985305786132812, 31.077625274658203 ], [ 120.985145568847656, 31.077919006347656 ], [ 120.984130859375, 31.077667236328125 ], [ 120.982948303222656, 31.077798843383789 ], [ 120.982658386230469, 31.077968597412109 ], [ 120.982261657714844, 31.078542709350586 ], [ 120.982872009277344, 31.07884407043457 ], [ 120.983535766601562, 31.079057693481445 ], [ 120.98455810546875, 31.079263687133789 ], [ 120.986526489257812, 31.079645156860352 ], [ 120.986549377441406, 31.081228256225586 ], [ 120.986259460449219, 31.081806182861328 ], [ 120.985313415527344, 31.081733703613281 ], [ 120.985244750976562, 31.081882476806641 ], [ 120.984375, 31.081855773925781 ], [ 120.984359741210938, 31.082071304321289 ], [ 120.98492431640625, 31.082151412963867 ], [ 120.984939575195312, 31.082386016845703 ], [ 120.986061096191406, 31.082662582397461 ], [ 120.986045837402344, 31.083168029785156 ], [ 120.986373901367188, 31.083150863647461 ], [ 120.986381530761719, 31.083499908447266 ], [ 120.986968994140625, 31.083492279052734 ], [ 120.986984252929688, 31.08367919921875 ], [ 120.988166809082031, 31.083673477172852 ], [ 120.988288879394531, 31.084438323974609 ], [ 120.988845825195312, 31.084238052368164 ] ] ] } },
{ "type": "Feature", "properties": { "city": "shanghai", "candidate_source": "place_village_hamlet_locality", "id": "12247354063", "osm_type": "node", "place": "village", "landuse": "None", "residential": "None", "name": "None" }, "geometry": { "type": "Point", "coordinates": [ 120.962471008300781, 31.087303161621094 ] } },
{ "type": "Feature", "properties": { "city": "shanghai", "candidate_source": "place_village_hamlet_locality", "id": "273595107", "osm_type": "node", "place": "locality", "landuse": "None", "residential": "None", "name": "None" }, "geometry": { "type": "Point", "coordinates": [ 120.897262573242188, 31.019710540771484 ] } },
{ "type": "Feature", "properties": { "city": "shanghai", "candidate_source": "place_village_hamlet_locality", "id": "13076440883", "osm_type": "node", "place": "village", "landuse": "None", "residential": "None", "name": "None" }, "geometry": { "type": "Point", "coordinates": [ 120.886856079101562, 31.127233505249023 ] } },
{ "type": "Feature", "properties": { "city": "shanghai", "candidate_source": "place_village_hamlet_locality", "id": "13076440882", "osm_type": "node", "place": "village", "landuse": "None", "residential": "None", "name": "None" }, "geometry": { "type": "Point", "coordinates": [ 120.907943725585938, 31.111417770385742 ] } },
{ "type": "Feature", "properties": { "city": "shanghai", "candidate_source": "place_village_hamlet_locality", "id": "13076440880", "osm_type": "node", "place": "village", "landuse": "None", "residential": "None", "name": "None" }, "geometry": { "type": "Point", "coordinates": [ 120.942588806152344, 31.118307113647461 ] } },
{ "type": "Feature", "properties": { "city": "shanghai", "candidate_source": "place_village_hamlet_locality", "id": "4063623551", "osm_type": "node", "place": "village", "landuse": "None", "residential": "None", "name": "None" }, "geometry": { "type": "Point", "coordinates": [ 121.175224304199219, 31.220998764038086 ] } },
{ "type": "Feature", "properties": { "city": "shanghai", "candidate_source": "place_village_hamlet_locality", "id": "4063623552", "osm_type": "node", "place": "village", "landuse": "None", "residential": "None", "name": "None" }, "geometry": { "type": "Point", "coordinates": [ 121.146354675292969, 31.222311019897461 ] } },
{ "type": "Feature", "properties": { "city": "shanghai", "candidate_source": "place_village_hamlet_locality", "id": "4063623553", "osm_type": "node", "place": "village", "landuse": "None", "residential": "None", "name": "None" }, "geometry": { "type": "Point", "coordinates": [ 121.174018859863281, 31.223209381103516 ] } },
{ "type": "Feature", "properties": { "city": "shanghai", "candidate_source": "place_village_hamlet_locality", "id": "13687758482", "osm_type": "node", "place": "village", "landuse": "None", "residential": "None", "name": "None" }, "geometry": { "type": "Point", "coordinates": [ 121.07672119140625, 31.224136352539062 ] } },
{ "type": "Feature", "properties": { "city": "shanghai", "candidate_source": "place_village_hamlet_locality", "id": "4063623554", "osm_type": "node", "place": "village", "landuse": "None", "residential": "None", "name": "None" }, "geometry": { "type": "Point", "coordinates": [ 121.111053466796875, 31.224824905395508 ] } },
{ "type": "Feature", "properties": { "city": "shanghai", "candidate_source": "place_village_hamlet_locality", "id": "4063623556", "osm_type": "node", "place": "village", "landuse": "None", "residential": "None", "name": "None" }, "geometry": { "type": "Point", "coordinates": [ 121.166748046875, 31.226118087768555 ] } },
{ "type": "Feature", "properties": { "city": "shanghai", "candidate_source": "place_village_hamlet_locality", "id": "4061718150", "osm_type": "node", "place": "village", "landuse": "None", "residential": "None", "name": "None" }, "geometry": { "type": "Point", "coordinates": [ 121.156730651855469, 31.226442337036133 ] } },
{ "type": "Feature", "properties": { "city": "shanghai", "candidate_source": "place_village_hamlet_locality", "id": "6480591275", "osm_type": "node", "place": "village", "landuse": "None", "residential": "None", "name": "None" }, "geometry": { "type": "Point", "coordinates": [ 121.10498046875, 31.226633071899414 ] } },
{ "type": "Feature", "properties": { "city": "shanghai", "candidate_source": "place_village_hamlet_locality", "id": "4063624092", "osm_type": "node", "place": "village", "landuse": "None", "residential": "None", "name": "None" }, "geometry": { "type": "Point", "coordinates": [ 121.141586303710938, 31.227594375610352 ] } },
{ "type": "Feature", "properties": { "city": "shanghai", "candidate_source": "place_village_hamlet_locality", "id": "4063624093", "osm_type": "node", "place": "village", "landuse": "None", "residential": "None", "name": "None" }, "geometry": { "type": "Point", "coordinates": [ 121.174064636230469, 31.227825164794922 ] } },
{ "type": "Feature", "properties": { "city": "shanghai", "candidate_source": "place_village_hamlet_locality", "id": "4063624094", "osm_type": "node", "place": "hamlet", "landuse": "None", "residential": "None", "name": "None" }, "geometry": { "type": "Point", "coordinates": [ 121.123886108398438, 31.227832794189453 ] } },
{ "type": "Feature", "properties": { "city": "shanghai", "candidate_source": "place_village_hamlet_locality", "id": "4063624095", "osm_type": "node", "place": "village", "landuse": "None", "residential": "None", "name": "None" }, "geometry": { "type": "Point", "coordinates": [ 121.169143676757812, 31.229007720947266 ] } },
{ "type": "Feature", "properties": { "city": "shanghai", "candidate_source": "place_village_hamlet_locality", "id": "4063624097", "osm_type": "node", "place": "village", "landuse": "None", "residential": "None", "name": "None" }, "geometry": { "type": "Point", "coordinates": [ 121.124397277832031, 31.232622146606445 ] } },
{ "type": "Feature", "properties": { "city": "shanghai", "candidate_source": "place_village_hamlet_locality", "id": "4063624099", "osm_type": "node", "place": "village", "landuse": "None", "residential": "None", "name": "None" }, "geometry": { "type": "Point", "coordinates": [ 121.161598205566406, 31.234457015991211 ] } },
{ "type": "Feature", "properties": { "city": "shanghai", "candidate_source": "place_village_hamlet_locality", "id": "4063602544", "osm_type": "node", "place": "village", "landuse": "None", "residential": "None", "name": "None" }, "geometry": { "type": "Point", "coordinates": [ 121.168632507324219, 31.234933853149414 ] } },
{ "type": "Feature", "properties": { "city": "shanghai", "candidate_source": "place_village_hamlet_locality", "id": "4063602545", "osm_type": "node", "place": "village", "landuse": "None", "residential": "None", "name": "None" }, "geometry": { "type": "Point", "coordinates": [ 121.165267944335938, 31.235103607177734 ] } },
{ "type": "Feature", "properties": { "city": "shanghai", "candidate_source": "place_village_hamlet_locality", "id": "4061722629", "osm_type": "node", "place": "village", "landuse": "None", "residential": "None", "name": "None" }, "geometry": { "type": "Point", "coordinates": [ 121.146759033203125, 31.23668098449707 ] } },
{ "type": "Feature", "properties": { "city": "shanghai", "candidate_source": "place_village_hamlet_locality", "id": "4061722630", "osm_type": "node", "place": "hamlet", "landuse": "None", "residential": "None", "name": "None" }, "geometry": { "type": "Point", "coordinates": [ 121.170684814453125, 31.238595962524414 ] } },
{ "type": "Feature", "properties": { "city": "shanghai", "candidate_source": "place_village_hamlet_locality", "id": "4063602546", "osm_type": "node", "place": "hamlet", "landuse": "None", "residential": "None", "name": "None" }, "geometry": { "type": "Point", "coordinates": [ 121.16650390625, 31.238851547241211 ] } },
{ "type": "Feature", "properties": { "city": "shanghai", "candidate_source": "place_village_hamlet_locality", "id": "8732612286", "osm_type": "node", "place": "hamlet", "landuse": "None", "residential": "None", "name": "None" }, "geometry": { "type": "Point", "coordinates": [ 121.176399230957031, 31.240802764892578 ] } },
{ "type": "Feature", "properties": { "city": "shanghai", "candidate_source": "place_village_hamlet_locality", "id": "13687875928", "osm_type": "node", "place": "village", "landuse": "None", "residential": "None", "name": "None" }, "geometry": { "type": "Point", "coordinates": [ 121.172065734863281, 31.24138069152832 ] } },
{ "type": "Feature", "properties": { "city": "shanghai", "candidate_source": "place_village_hamlet_locality", "id": "4061722562", "osm_type": "node", "place": "hamlet", "landuse": "None", "residential": "None", "name": "None" }, "geometry": { "type": "Point", "coordinates": [ 121.164146423339844, 31.241504669189453 ] } },
{ "type": "Feature", "properties": { "city": "shanghai", "candidate_source": "place_village_hamlet_locality", "id": "4171203370", "osm_type": "node", "place": "village", "landuse": "None", "residential": "None", "name": "None" }, "geometry": { "type": "Point", "coordinates": [ 121.148361206054688, 31.242288589477539 ] } },
{ "type": "Feature", "properties": { "city": "shanghai", "candidate_source": "place_village_hamlet_locality", "id": "4171208075", "osm_type": "node", "place": "village", "landuse": "None", "residential": "None", "name": "None" }, "geometry": { "type": "Point", "coordinates": [ 121.153572082519531, 31.243846893310547 ] } },
{ "type": "Feature", "properties": { "city": "shanghai", "candidate_source": "place_village_hamlet_locality", "id": "4171208835", "osm_type": "node", "place": "village", "landuse": "None", "residential": "None", "name": "None" }, "geometry": { "type": "Point", "coordinates": [ 121.143974304199219, 31.244819641113281 ] } },
{ "type": "Feature", "properties": { "city": "shanghai", "candidate_source": "place_village_hamlet_locality", "id": "4061722570", "osm_type": "node", "place": "village", "landuse": "None", "residential": "None", "name": "None" }, "geometry": { "type": "Point", "coordinates": [ 121.165374755859375, 31.245615005493164 ] } },
{ "type": "Feature", "properties": { "city": "shanghai", "candidate_source": "place_village_hamlet_locality", "id": "4061722890", "osm_type": "node", "place": "village", "landuse": "None", "residential": "None", "name": "None" }, "geometry": { "type": "Point", "coordinates": [ 121.161155700683594, 31.251440048217773 ] } },
{ "type": "Feature", "properties": { "city": "shanghai", "candidate_source": "place_village_hamlet_locality", "id": "4061722891", "osm_type": "node", "place": "village", "landuse": "None", "residential": "None", "name": "None" }, "geometry": { "type": "Point", "coordinates": [ 121.155265808105469, 31.252815246582031 ] } },
{ "type": "Feature", "properties": { "city": "shanghai", "candidate_source": "place_village_hamlet_locality", "id": "4539497510", "osm_type": "node", "place": "village", "landuse": "None", "residential": "None", "name": "None" }, "geometry": { "type": "Point", "coordinates": [ 121.107025146484375, 31.25297737121582 ] } },
{ "type": "Feature", "properties": { "city": "shanghai", "candidate_source": "place_village_hamlet_locality", "id": "4061722799", "osm_type": "node", "place": "village", "landuse": "None", "residential": "None", "name": "None" }, "geometry": { "type": "Point", "coordinates": [ 121.176345825195312, 31.25567626953125 ] } },
{ "type": "Feature", "properties": { "city": "shanghai", "candidate_source": "place_village_hamlet_locality", "id": "4061722800", "osm_type": "node", "place": "village", "landuse": "None", "residential": "None", "name": "None" }, "geometry": { "type": "Point", "coordinates": [ 121.165359497070312, 31.25762939453125 ] } },
{ "type": "Feature", "properties": { "city": "shanghai", "candidate_source": "place_village_hamlet_locality", "id": "4061722801", "osm_type": "node", "place": "village", "landuse": "None", "residential": "None", "name": "None" }, "geometry": { "type": "Point", "coordinates": [ 121.156768798828125, 31.259555816650391 ] } },
{ "type": "Feature", "properties": { "city": "shanghai", "candidate_source": "place_village_hamlet_locality", "id": "4061722802", "osm_type": "node", "place": "village", "landuse": "None", "residential": "None", "name": "None" }, "geometry": { "type": "Point", "coordinates": [ 121.16229248046875, 31.262435913085938 ] } },
{ "type": "Feature", "properties": { "city": "shanghai", "candidate_source": "place_village_hamlet_locality", "id": "4061722803", "osm_type": "node", "place": "village", "landuse": "None", "residential": "None", "name": "None" }, "geometry": { "type": "Point", "coordinates": [ 121.178596496582031, 31.263755798339844 ] } },
{ "type": "Feature", "properties": { "city": "shanghai", "candidate_source": "place_village_hamlet_locality", "id": "4061722804", "osm_type": "node", "place": "village", "landuse": "None", "residential": "None", "name": "None" }, "geometry": { "type": "Point", "coordinates": [ 121.159515380859375, 31.266801834106445 ] } },
{ "type": "Feature", "properties": { "city": "shanghai", "candidate_source": "place_village_hamlet_locality", "id": "4235313633", "osm_type": "node", "place": "village", "landuse": "None", "residential": "None", "name": "None" }, "geometry": { "type": "Point", "coordinates": [ 121.19183349609375, 31.255321502685547 ] } },
{ "type": "Feature", "properties": { "city": "shanghai", "candidate_source": "place_village_hamlet_locality", "id": "4235313648", "osm_type": "node", "place": "village", "landuse": "None", "residential": "None", "name": "None" }, "geometry": { "type": "Point", "coordinates": [ 121.193794250488281, 31.259065628051758 ] } },
{ "type": "Feature", "properties": { "city": "shanghai", "candidate_source": "place_village_hamlet_locality", "id": "4235313651", "osm_type": "node", "place": "village", "landuse": "None", "residential": "None", "name": "None" }, "geometry": { "type": "Point", "coordinates": [ 121.185798645019531, 31.260303497314453 ] } },
{ "type": "Feature", "properties": { "city": "shanghai", "candidate_source": "place_village_hamlet_locality", "id": "7905373048", "osm_type": "node", "place": "village", "landuse": "None", "residential": "None", "name": "None" }, "geometry": { "type": "Point", "coordinates": [ 121.2535400390625, 31.263044357299805 ] } },
{ "type": "Feature", "properties": { "city": "shanghai", "candidate_source": "place_village_hamlet_locality", "id": "4235313658", "osm_type": "node", "place": "village", "landuse": "None", "residential": "None", "name": "None" }, "geometry": { "type": "Point", "coordinates": [ 121.191253662109375, 31.264223098754883 ] } },
{ "type": "Feature", "properties": { "city": "shanghai", "candidate_source": "place_village_hamlet_locality", "id": "7908879789", "osm_type": "node", "place": "village", "landuse": "None", "residential": "None", "name": "None" }, "geometry": { "type": "Point", "coordinates": [ 121.222793579101562, 31.266878128051758 ] } },
{ "type": "Feature", "properties": { "city": "shanghai", "candidate_source": "place_village_hamlet_locality", "id": "7905373061", "osm_type": "node", "place": "village", "landuse": "None", "residential": "None", "name": "None" }, "geometry": { "type": "Point", "coordinates": [ 121.243743896484375, 31.269416809082031 ] } },
{ "type": "Feature", "properties": { "city": "shanghai", "candidate_source": "place_village_hamlet_locality", "id": "699626422", "osm_type": "way", "place": "village", "landuse": "None", "residential": "None", "name": "None" }, "geometry": { "type": "Polygon", "coordinates": [ [ [ 121.183761596679688, 31.286636352539062 ], [ 121.1839599609375, 31.286741256713867 ], [ 121.184989929199219, 31.286540985107422 ], [ 121.184814453125, 31.285903930664062 ], [ 121.184295654296875, 31.286001205444336 ], [ 121.184066772460938, 31.285182952880859 ], [ 121.183601379394531, 31.284744262695312 ], [ 121.182853698730469, 31.284896850585938 ], [ 121.182113647460938, 31.285053253173828 ], [ 121.181388854980469, 31.285205841064453 ], [ 121.181266784667969, 31.28508186340332 ], [ 121.180854797363281, 31.285409927368164 ], [ 121.182113647460938, 31.286418914794922 ], [ 121.183761596679688, 31.286636352539062 ] ] ] } },
{ "type": "Feature", "properties": { "city": "shanghai", "candidate_source": "place_village_hamlet_locality", "id": "700031216", "osm_type": "way", "place": "village", "landuse": "None", "residential": "None", "name": "None" }, "geometry": { "type": "Polygon", "coordinates": [ [ [ 121.183052062988281, 31.3033447265625 ], [ 121.183006286621094, 31.303295135498047 ], [ 121.183204650878906, 31.303134918212891 ], [ 121.18341064453125, 31.302953720092773 ], [ 121.183464050292969, 31.302947998046875 ], [ 121.183700561523438, 31.302789688110352 ], [ 121.183647155761719, 31.302768707275391 ], [ 121.183563232421875, 31.302713394165039 ], [ 121.183540344238281, 31.302692413330078 ], [ 121.183403015136719, 31.302568435668945 ], [ 121.183357238769531, 31.302560806274414 ], [ 121.183135986328125, 31.302682876586914 ], [ 121.183113098144531, 31.30267333984375 ], [ 121.182952880859375, 31.302604675292969 ], [ 121.182792663574219, 31.302482604980469 ], [ 121.182540893554688, 31.302703857421875 ], [ 121.182647705078125, 31.302778244018555 ], [ 121.182479858398438, 31.302911758422852 ], [ 121.182510375976562, 31.303096771240234 ], [ 121.182899475097656, 31.303442001342773 ], [ 121.183052062988281, 31.3033447265625 ] ] ] } },
{ "type": "Feature", "properties": { "city": "shanghai", "candidate_source": "place_village_hamlet_locality", "id": "8626013827", "osm_type": "node", "place": "hamlet", "landuse": "None", "residential": "None", "name": "None" }, "geometry": { "type": "Point", "coordinates": [ 121.21484375, 31.319412231445312 ] } },
{ "type": "Feature", "properties": { "city": "shanghai", "candidate_source": "place_village_hamlet_locality", "id": "11543459367", "osm_type": "node", "place": "hamlet", "landuse": "None", "residential": "None", "name": "None" }, "geometry": { "type": "Point", "coordinates": [ 121.332405090332031, 31.232603073120117 ] } },
{ "type": "Feature", "properties": { "city": "shanghai", "candidate_source": "place_village_hamlet_locality", "id": "2999278437", "osm_type": "node", "place": "village", "landuse": "None", "residential": "None", "name": "None" }, "geometry": { "type": "Point", "coordinates": [ 121.334335327148438, 31.248306274414062 ] } },
{ "type": "Feature", "properties": { "city": "shanghai", "candidate_source": "place_village_hamlet_locality", "id": "13705967358", "osm_type": "node", "place": "village", "landuse": "None", "residential": "None", "name": "None" }, "geometry": { "type": "Point", "coordinates": [ 121.322708129882812, 31.2486572265625 ] } },
{ "type": "Feature", "properties": { "city": "shanghai", "candidate_source": "place_village_hamlet_locality", "id": "11149799668", "osm_type": "node", "place": "village", "landuse": "None", "residential": "None", "name": "None" }, "geometry": { "type": "Point", "coordinates": [ 121.292274475097656, 31.271015167236328 ] } },
{ "type": "Feature", "properties": { "city": "shanghai", "candidate_source": "place_village_hamlet_locality", "id": "11124400221", "osm_type": "node", "place": "hamlet", "landuse": "None", "residential": "None", "name": "None" }, "geometry": { "type": "Point", "coordinates": [ 121.322578430175781, 31.373096466064453 ] } },
{ "type": "Feature", "properties": { "city": "shanghai", "candidate_source": "place_village_hamlet_locality", "id": "11124400222", "osm_type": "node", "place": "hamlet", "landuse": "None", "residential": "None", "name": "None" }, "geometry": { "type": "Point", "coordinates": [ 121.326507568359375, 31.374122619628906 ] } },
{ "type": "Feature", "properties": { "city": "shanghai", "candidate_source": "place_village_hamlet_locality", "id": "11124400218", "osm_type": "node", "place": "hamlet", "landuse": "None", "residential": "None", "name": "None" }, "geometry": { "type": "Point", "coordinates": [ 121.285629272460938, 31.38142204284668 ] } },
{ "type": "Feature", "properties": { "city": "shanghai", "candidate_source": "place_village_hamlet_locality", "id": "11124373948", "osm_type": "node", "place": "hamlet", "landuse": "None", "residential": "None", "name": "None" }, "geometry": { "type": "Point", "coordinates": [ 121.328681945800781, 31.381940841674805 ] } },
{ "type": "Feature", "properties": { "city": "shanghai", "candidate_source": "place_village_hamlet_locality", "id": "11124373946", "osm_type": "node", "place": "hamlet", "landuse": "None", "residential": "None", "name": "None" }, "geometry": { "type": "Point", "coordinates": [ 121.320960998535156, 31.382085800170898 ] } },
{ "type": "Feature", "properties": { "city": "shanghai", "candidate_source": "place_village_hamlet_locality", "id": "11124373942", "osm_type": "node", "place": "hamlet", "landuse": "None", "residential": "None", "name": "None" }, "geometry": { "type": "Point", "coordinates": [ 121.30523681640625, 31.382797241210938 ] } },
{ "type": "Feature", "properties": { "city": "shanghai", "candidate_source": "place_village_hamlet_locality", "id": "11898355683", "osm_type": "node", "place": "village", "landuse": "None", "residential": "None", "name": "None" }, "geometry": { "type": "Point", "coordinates": [ 121.141365051269531, 31.267597198486328 ] } },
{ "type": "Feature", "properties": { "city": "shanghai", "candidate_source": "place_village_hamlet_locality", "id": "4061722805", "osm_type": "node", "place": "village", "landuse": "None", "residential": "None", "name": "None" }, "geometry": { "type": "Point", "coordinates": [ 121.155693054199219, 31.269634246826172 ] } },
{ "type": "Feature", "properties": { "city": "shanghai", "candidate_source": "place_village_hamlet_locality", "id": "4061722806", "osm_type": "node", "place": "village", "landuse": "None", "residential": "None", "name": "None" }, "geometry": { "type": "Point", "coordinates": [ 121.158378601074219, 31.273595809936523 ] } },
{ "type": "Feature", "properties": { "city": "shanghai", "candidate_source": "place_village_hamlet_locality", "id": "4061722807", "osm_type": "node", "place": "village", "landuse": "None", "residential": "None", "name": "None" }, "geometry": { "type": "Point", "coordinates": [ 121.147354125976562, 31.273605346679688 ] } },
{ "type": "Feature", "properties": { "city": "shanghai", "candidate_source": "place_village_hamlet_locality", "id": "11124400219", "osm_type": "node", "place": "hamlet", "landuse": "None", "residential": "None", "name": "None" }, "geometry": { "type": "Point", "coordinates": [ 121.288803100585938, 31.383342742919922 ] } },
{ "type": "Feature", "properties": { "city": "shanghai", "candidate_source": "place_village_hamlet_locality", "id": "11124373945", "osm_type": "node", "place": "hamlet", "landuse": "None", "residential": "None", "name": "None" }, "geometry": { "type": "Point", "coordinates": [ 121.3170166015625, 31.383764266967773 ] } },
{ "type": "Feature", "properties": { "city": "shanghai", "candidate_source": "place_village_hamlet_locality", "id": "11124400217", "osm_type": "node", "place": "hamlet", "landuse": "None", "residential": "None", "name": "None" }, "geometry": { "type": "Point", "coordinates": [ 121.280548095703125, 31.384164810180664 ] } },
{ "type": "Feature", "properties": { "city": "shanghai", "candidate_source": "place_village_hamlet_locality", "id": "11124373941", "osm_type": "node", "place": "hamlet", "landuse": "None", "residential": "None", "name": "None" }, "geometry": { "type": "Point", "coordinates": [ 121.307060241699219, 31.38494873046875 ] } },
{ "type": "Feature", "properties": { "city": "shanghai", "candidate_source": "place_village_hamlet_locality", "id": "11124373947", "osm_type": "node", "place": "hamlet", "landuse": "None", "residential": "None", "name": "None" }, "geometry": { "type": "Point", "coordinates": [ 121.318626403808594, 31.385480880737305 ] } },
{ "type": "Feature", "properties": { "city": "shanghai", "candidate_source": "place_village_hamlet_locality", "id": "11124400220", "osm_type": "node", "place": "hamlet", "landuse": "None", "residential": "None", "name": "None" }, "geometry": { "type": "Point", "coordinates": [ 121.291572570800781, 31.385507583618164 ] } },
{ "type": "Feature", "properties": { "city": "shanghai", "candidate_source": "place_village_hamlet_locality", "id": "11124373949", "osm_type": "node", "place": "hamlet", "landuse": "None", "residential": "None", "name": "None" }, "geometry": { "type": "Point", "coordinates": [ 121.323768615722656, 31.387849807739258 ] } },
{ "type": "Feature", "properties": { "city": "shanghai", "candidate_source": "place_village_hamlet_locality", "id": "11124373943", "osm_type": "node", "place": "hamlet", "landuse": "None", "residential": "None", "name": "None" }, "geometry": { "type": "Point", "coordinates": [ 121.311065673828125, 31.388900756835938 ] } },
{ "type": "Feature", "properties": { "city": "shanghai", "candidate_source": "place_village_hamlet_locality", "id": "11124373944", "osm_type": "node", "place": "hamlet", "landuse": "None", "residential": "None", "name": "None" }, "geometry": { "type": "Point", "coordinates": [ 121.312355041503906, 31.391632080078125 ] } },
{ "type": "Feature", "properties": { "city": "shanghai", "candidate_source": "place_village_hamlet_locality", "id": "11124397803", "osm_type": "node", "place": "hamlet", "landuse": "None", "residential": "None", "name": "None" }, "geometry": { "type": "Point", "coordinates": [ 121.285575866699219, 31.393867492675781 ] } },
{ "type": "Feature", "properties": { "city": "shanghai", "candidate_source": "place_village_hamlet_locality", "id": "11124397802", "osm_type": "node", "place": "hamlet", "landuse": "None", "residential": "None", "name": "None" }, "geometry": { "type": "Point", "coordinates": [ 121.2830810546875, 31.395341873168945 ] } },
{ "type": "Feature", "properties": { "city": "shanghai", "candidate_source": "place_village_hamlet_locality", "id": "11124373953", "osm_type": "node", "place": "hamlet", "landuse": "None", "residential": "None", "name": "None" }, "geometry": { "type": "Point", "coordinates": [ 121.289451599121094, 31.396949768066406 ] } },
{ "type": "Feature", "properties": { "city": "shanghai", "candidate_source": "place_village_hamlet_locality", "id": "11124373951", "osm_type": "node", "place": "hamlet", "landuse": "None", "residential": "None", "name": "None" }, "geometry": { "type": "Point", "coordinates": [ 121.314933776855469, 31.397747039794922 ] } },
{ "type": "Feature", "properties": { "city": "shanghai", "candidate_source": "place_village_hamlet_locality", "id": "11124311326", "osm_type": "node", "place": "hamlet", "landuse": "None", "residential": "None", "name": "None" }, "geometry": { "type": "Point", "coordinates": [ 121.309799194335938, 31.398223876953125 ] } },
{ "type": "Feature", "properties": { "city": "shanghai", "candidate_source": "place_village_hamlet_locality", "id": "11124373950", "osm_type": "node", "place": "hamlet", "landuse": "None", "residential": "None", "name": "None" }, "geometry": { "type": "Point", "coordinates": [ 121.319633483886719, 31.399196624755859 ] } },
{ "type": "Feature", "properties": { "city": "shanghai", "candidate_source": "place_village_hamlet_locality", "id": "11124373954", "osm_type": "node", "place": "hamlet", "landuse": "None", "residential": "None", "name": "None" }, "geometry": { "type": "Point", "coordinates": [ 121.28741455078125, 31.399801254272461 ] } },
{ "type": "Feature", "properties": { "city": "shanghai", "candidate_source": "place_village_hamlet_locality", "id": "11124373952", "osm_type": "node", "place": "hamlet", "landuse": "None", "residential": "None", "name": "None" }, "geometry": { "type": "Point", "coordinates": [ 121.292922973632812, 31.401710510253906 ] } },
{ "type": "Feature", "properties": { "city": "shanghai", "candidate_source": "place_village_hamlet_locality", "id": "11124311327", "osm_type": "node", "place": "hamlet", "landuse": "None", "residential": "None", "name": "None" }, "geometry": { "type": "Point", "coordinates": [ 121.318824768066406, 31.402042388916016 ] } },
{ "type": "Feature", "properties": { "city": "shanghai", "candidate_source": "place_village_hamlet_locality", "id": "11124311328", "osm_type": "node", "place": "hamlet", "landuse": "None", "residential": "None", "name": "None" }, "geometry": { "type": "Point", "coordinates": [ 121.313377380371094, 31.402463912963867 ] } },
{ "type": "Feature", "properties": { "city": "shanghai", "candidate_source": "place_village_hamlet_locality", "id": "11124311320", "osm_type": "node", "place": "hamlet", "landuse": "None", "residential": "None", "name": "None" }, "geometry": { "type": "Point", "coordinates": [ 121.326522827148438, 31.404207229614258 ] } },
{ "type": "Feature", "properties": { "city": "shanghai", "candidate_source": "place_village_hamlet_locality", "id": "13300289515", "osm_type": "node", "place": "village", "landuse": "None", "residential": "None", "name": "None" }, "geometry": { "type": "Point", "coordinates": [ 121.275199890136719, 31.323419570922852 ] } },
{ "type": "Feature", "properties": { "city": "shanghai", "candidate_source": "place_village_hamlet_locality", "id": "11124400216", "osm_type": "node", "place": "hamlet", "landuse": "None", "residential": "None", "name": "None" }, "geometry": { "type": "Point", "coordinates": [ 121.277542114257812, 31.384273529052734 ] } },
{ "type": "Feature", "properties": { "city": "shanghai", "candidate_source": "place_village_hamlet_locality", "id": "11124400214", "osm_type": "node", "place": "hamlet", "landuse": "None", "residential": "None", "name": "None" }, "geometry": { "type": "Point", "coordinates": [ 121.279212951660156, 31.386968612670898 ] } },
{ "type": "Feature", "properties": { "city": "shanghai", "candidate_source": "place_village_hamlet_locality", "id": "11124400215", "osm_type": "node", "place": "hamlet", "landuse": "None", "residential": "None", "name": "None" }, "geometry": { "type": "Point", "coordinates": [ 121.2763671875, 31.388504028320312 ] } },
{ "type": "Feature", "properties": { "city": "shanghai", "candidate_source": "place_village_hamlet_locality", "id": "11124397804", "osm_type": "node", "place": "hamlet", "landuse": "None", "residential": "None", "name": "None" }, "geometry": { "type": "Point", "coordinates": [ 121.277435302734375, 31.392829895019531 ] } },
{ "type": "Feature", "properties": { "city": "shanghai", "candidate_source": "place_village_hamlet_locality", "id": "11124400205", "osm_type": "node", "place": "hamlet", "landuse": "None", "residential": "None", "name": "None" }, "geometry": { "type": "Point", "coordinates": [ 121.280105590820312, 31.398065567016602 ] } },
{ "type": "Feature", "properties": { "city": "shanghai", "candidate_source": "place_village_hamlet_locality", "id": "10225457261", "osm_type": "node", "place": "hamlet", "landuse": "None", "residential": "None", "name": "None" }, "geometry": { "type": "Point", "coordinates": [ 121.256080627441406, 31.479209899902344 ] } },
{ "type": "Feature", "properties": { "city": "shanghai", "candidate_source": "place_village_hamlet_locality", "id": "10225457265", "osm_type": "node", "place": "hamlet", "landuse": "None", "residential": "None", "name": "None" }, "geometry": { "type": "Point", "coordinates": [ 121.236854553222656, 31.484321594238281 ] } },
{ "type": "Feature", "properties": { "city": "shanghai", "candidate_source": "place_village_hamlet_locality", "id": "11124311329", "osm_type": "node", "place": "hamlet", "landuse": "None", "residential": "None", "name": "None" }, "geometry": { "type": "Point", "coordinates": [ 121.317184448242188, 31.40443229675293 ] } },
{ "type": "Feature", "properties": { "city": "shanghai", "candidate_source": "place_village_hamlet_locality", "id": "11124311323", "osm_type": "node", "place": "locality", "landuse": "None", "residential": "None", "name": "None" }, "geometry": { "type": "Point", "coordinates": [ 121.308731079101562, 31.40495491027832 ] } },
{ "type": "Feature", "properties": { "city": "shanghai", "candidate_source": "place_village_hamlet_locality", "id": "11124311325", "osm_type": "node", "place": "hamlet", "landuse": "None", "residential": "None", "name": "None" }, "geometry": { "type": "Point", "coordinates": [ 121.301544189453125, 31.405649185180664 ] } },
{ "type": "Feature", "properties": { "city": "shanghai", "candidate_source": "place_village_hamlet_locality", "id": "11124311322", "osm_type": "node", "place": "hamlet", "landuse": "None", "residential": "None", "name": "None" }, "geometry": { "type": "Point", "coordinates": [ 121.333412170410156, 31.406906127929688 ] } },
{ "type": "Feature", "properties": { "city": "shanghai", "candidate_source": "place_village_hamlet_locality", "id": "11124311324", "osm_type": "node", "place": "hamlet", "landuse": "None", "residential": "None", "name": "None" }, "geometry": { "type": "Point", "coordinates": [ 121.308815002441406, 31.40753173828125 ] } },
{ "type": "Feature", "properties": { "city": "shanghai", "candidate_source": "place_village_hamlet_locality", "id": "11124311330", "osm_type": "node", "place": "village", "landuse": "None", "residential": "None", "name": "None" }, "geometry": { "type": "Point", "coordinates": [ 121.318672180175781, 31.408185958862305 ] } },
{ "type": "Feature", "properties": { "city": "shanghai", "candidate_source": "place_village_hamlet_locality", "id": "11124311321", "osm_type": "node", "place": "hamlet", "landuse": "None", "residential": "None", "name": "None" }, "geometry": { "type": "Point", "coordinates": [ 121.33917236328125, 31.408403396606445 ] } },
{ "type": "Feature", "properties": { "city": "shanghai", "candidate_source": "place_village_hamlet_locality", "id": "11124311319", "osm_type": "node", "place": "hamlet", "landuse": "None", "residential": "None", "name": "None" }, "geometry": { "type": "Point", "coordinates": [ 121.324226379394531, 31.410259246826172 ] } },
{ "type": "Feature", "properties": { "city": "shanghai", "candidate_source": "place_village_hamlet_locality", "id": "10225457264", "osm_type": "node", "place": "hamlet", "landuse": "None", "residential": "None", "name": "None" }, "geometry": { "type": "Point", "coordinates": [ 121.228782653808594, 31.487482070922852 ] } },
{ "type": "Feature", "properties": { "city": "shanghai", "candidate_source": "place_village_hamlet_locality", "id": "10225457266", "osm_type": "node", "place": "hamlet", "landuse": "None", "residential": "None", "name": "None" }, "geometry": { "type": "Point", "coordinates": [ 121.234046936035156, 31.491847991943359 ] } },
{ "type": "Feature", "properties": { "city": "shanghai", "candidate_source": "place_village_hamlet_locality", "id": "10225457293", "osm_type": "node", "place": "hamlet", "landuse": "None", "residential": "None", "name": "None" }, "geometry": { "type": "Point", "coordinates": [ 121.304481506347656, 31.498594284057617 ] } },
{ "type": "Feature", "properties": { "city": "shanghai", "candidate_source": "place_village_hamlet_locality", "id": "10225457292", "osm_type": "node", "place": "hamlet", "landuse": "None", "residential": "None", "name": "None" }, "geometry": { "type": "Point", "coordinates": [ 121.319587707519531, 31.501045227050781 ] } },
{ "type": "Feature", "properties": { "city": "shanghai", "candidate_source": "place_village_hamlet_locality", "id": "10225457288", "osm_type": "node", "place": "hamlet", "landuse": "None", "residential": "None", "name": "None" }, "geometry": { "type": "Point", "coordinates": [ 121.299705505371094, 31.501838684082031 ] } },
{ "type": "Feature", "properties": { "city": "shanghai", "candidate_source": "place_village_hamlet_locality", "id": "10225457287", "osm_type": "node", "place": "hamlet", "landuse": "None", "residential": "None", "name": "None" }, "geometry": { "type": "Point", "coordinates": [ 121.301437377929688, 31.504583358764648 ] } },
{ "type": "Feature", "properties": { "city": "shanghai", "candidate_source": "place_village_hamlet_locality", "id": "10225457289", "osm_type": "node", "place": "hamlet", "landuse": "None", "residential": "None", "name": "None" }, "geometry": { "type": "Point", "coordinates": [ 121.306900024414062, 31.505252838134766 ] } },
{ "type": "Feature", "properties": { "city": "shanghai", "candidate_source": "place_village_hamlet_locality", "id": "5903602725", "osm_type": "node", "place": "village", "landuse": "None", "residential": "None", "name": "None" }, "geometry": { "type": "Point", "coordinates": [ 121.350852966308594, 30.721269607543945 ] } },
{ "type": "Feature", "properties": { "city": "shanghai", "candidate_source": "place_village_hamlet_locality", "id": "5903602724", "osm_type": "node", "place": "village", "landuse": "None", "residential": "None", "name": "None" }, "geometry": { "type": "Point", "coordinates": [ 121.368186950683594, 30.734043121337891 ] } },
{ "type": "Feature", "properties": { "city": "shanghai", "candidate_source": "place_village_hamlet_locality", "id": "5491231076", "osm_type": "node", "place": "hamlet", "landuse": "None", "residential": "None", "name": "None" }, "geometry": { "type": "Point", "coordinates": [ 121.371475219726562, 30.734867095947266 ] } },
{ "type": "Feature", "properties": { "city": "shanghai", "candidate_source": "place_village_hamlet_locality", "id": "5842067707", "osm_type": "node", "place": "hamlet", "landuse": "None", "residential": "None", "name": "None" }, "geometry": { "type": "Point", "coordinates": [ 121.350570678710938, 30.748970031738281 ] } },
{ "type": "Feature", "properties": { "city": "shanghai", "candidate_source": "place_village_hamlet_locality", "id": "11657232512", "osm_type": "node", "place": "village", "landuse": "None", "residential": "None", "name": "None" }, "geometry": { "type": "Point", "coordinates": [ 121.379653930664062, 30.774936676025391 ] } },
{ "type": "Feature", "properties": { "city": "shanghai", "candidate_source": "place_village_hamlet_locality", "id": "11657232442", "osm_type": "node", "place": "village", "landuse": "None", "residential": "None", "name": "None" }, "geometry": { "type": "Point", "coordinates": [ 121.386878967285156, 30.789417266845703 ] } },
{ "type": "Feature", "properties": { "city": "shanghai", "candidate_source": "place_village_hamlet_locality", "id": "11657231980", "osm_type": "node", "place": "village", "landuse": "None", "residential": "None", "name": "None" }, "geometry": { "type": "Point", "coordinates": [ 121.391609191894531, 30.82664680480957 ] } },
{ "type": "Feature", "properties": { "city": "shanghai", "candidate_source": "place_village_hamlet_locality", "id": "11076699029", "osm_type": "node", "place": "village", "landuse": "None", "residential": "None", "name": "None" }, "geometry": { "type": "Point", "coordinates": [ 121.348968505859375, 30.847084045410156 ] } },
{ "type": "Feature", "properties": { "city": "shanghai", "candidate_source": "place_village_hamlet_locality", "id": "11076699030", "osm_type": "node", "place": "village", "landuse": "None", "residential": "None", "name": "None" }, "geometry": { "type": "Point", "coordinates": [ 121.356040954589844, 30.849939346313477 ] } },
{ "type": "Feature", "properties": { "city": "shanghai", "candidate_source": "place_village_hamlet_locality", "id": "11076729173", "osm_type": "node", "place": "village", "landuse": "None", "residential": "None", "name": "None" }, "geometry": { "type": "Point", "coordinates": [ 121.375106811523438, 30.852573394775391 ] } },
{ "type": "Feature", "properties": { "city": "shanghai", "candidate_source": "place_village_hamlet_locality", "id": "11076699028", "osm_type": "node", "place": "village", "landuse": "None", "residential": "None", "name": "None" }, "geometry": { "type": "Point", "coordinates": [ 121.349662780761719, 30.864555358886719 ] } },
{ "type": "Feature", "properties": { "city": "shanghai", "candidate_source": "place_village_hamlet_locality", "id": "1070286782", "osm_type": "node", "place": "village", "landuse": "None", "residential": "None", "name": "None" }, "geometry": { "type": "Point", "coordinates": [ 121.456069946289062, 30.865850448608398 ] } },
{ "type": "Feature", "properties": { "city": "shanghai", "candidate_source": "place_village_hamlet_locality", "id": "11657315559", "osm_type": "node", "place": "village", "landuse": "None", "residential": "None", "name": "None" }, "geometry": { "type": "Point", "coordinates": [ 121.400932312011719, 30.879421234130859 ] } },
{ "type": "Feature", "properties": { "city": "shanghai", "candidate_source": "place_village_hamlet_locality", "id": "11555991211", "osm_type": "node", "place": "village", "landuse": "None", "residential": "None", "name": "None" }, "geometry": { "type": "Point", "coordinates": [ 121.42779541015625, 30.892078399658203 ] } },
{ "type": "Feature", "properties": { "city": "shanghai", "candidate_source": "place_village_hamlet_locality", "id": "11129522846", "osm_type": "node", "place": "village", "landuse": "None", "residential": "None", "name": "None" }, "geometry": { "type": "Point", "coordinates": [ 121.346961975097656, 30.893209457397461 ] } },
{ "type": "Feature", "properties": { "city": "shanghai", "candidate_source": "place_village_hamlet_locality", "id": "11555991087", "osm_type": "node", "place": "village", "landuse": "None", "residential": "None", "name": "None" }, "geometry": { "type": "Point", "coordinates": [ 121.447647094726562, 30.898654937744141 ] } },
{ "type": "Feature", "properties": { "city": "shanghai", "candidate_source": "place_village_hamlet_locality", "id": "11610886128", "osm_type": "node", "place": "village", "landuse": "None", "residential": "None", "name": "None" }, "geometry": { "type": "Point", "coordinates": [ 121.3583984375, 30.928157806396484 ] } },
{ "type": "Feature", "properties": { "city": "shanghai", "candidate_source": "place_village_hamlet_locality", "id": "11612527126", "osm_type": "node", "place": "village", "landuse": "None", "residential": "None", "name": "None" }, "geometry": { "type": "Point", "coordinates": [ 121.442253112792969, 30.93304443359375 ] } },
{ "type": "Feature", "properties": { "city": "shanghai", "candidate_source": "place_village_hamlet_locality", "id": "11612559015", "osm_type": "node", "place": "village", "landuse": "None", "residential": "None", "name": "None" }, "geometry": { "type": "Point", "coordinates": [ 121.398445129394531, 30.937589645385742 ] } },
{ "type": "Feature", "properties": { "city": "shanghai", "candidate_source": "place_village_hamlet_locality", "id": "11610886079", "osm_type": "node", "place": "village", "landuse": "None", "residential": "None", "name": "None" }, "geometry": { "type": "Point", "coordinates": [ 121.342430114746094, 30.93994140625 ] } },
{ "type": "Feature", "properties": { "city": "shanghai", "candidate_source": "place_village_hamlet_locality", "id": "11612558989", "osm_type": "node", "place": "village", "landuse": "None", "residential": "None", "name": "None" }, "geometry": { "type": "Point", "coordinates": [ 121.394752502441406, 30.942995071411133 ] } },
{ "type": "Feature", "properties": { "city": "shanghai", "candidate_source": "place_village_hamlet_locality", "id": "11612533145", "osm_type": "node", "place": "village", "landuse": "None", "residential": "None", "name": "None" }, "geometry": { "type": "Point", "coordinates": [ 121.37164306640625, 30.960344314575195 ] } },
{ "type": "Feature", "properties": { "city": "shanghai", "candidate_source": "place_village_hamlet_locality", "id": "11612558873", "osm_type": "node", "place": "village", "landuse": "None", "residential": "None", "name": "None" }, "geometry": { "type": "Point", "coordinates": [ 121.39080810546875, 30.969297409057617 ] } },
{ "type": "Feature", "properties": { "city": "shanghai", "candidate_source": "place_village_hamlet_locality", "id": "8895467504", "osm_type": "node", "place": "village", "landuse": "None", "residential": "None", "name": "None" }, "geometry": { "type": "Point", "coordinates": [ 121.367027282714844, 30.987289428710938 ] } },
{ "type": "Feature", "properties": { "city": "shanghai", "candidate_source": "place_village_hamlet_locality", "id": "8895467322", "osm_type": "node", "place": "village", "landuse": "None", "residential": "None", "name": "None" }, "geometry": { "type": "Point", "coordinates": [ 121.380271911621094, 30.992937088012695 ] } },
{ "type": "Feature", "properties": { "city": "shanghai", "candidate_source": "place_village_hamlet_locality", "id": "7550630808", "osm_type": "node", "place": "village", "landuse": "None", "residential": "None", "name": "None" }, "geometry": { "type": "Point", "coordinates": [ 121.492393493652344, 31.004730224609375 ] } },
{ "type": "Feature", "properties": { "city": "shanghai", "candidate_source": "place_village_hamlet_locality", "id": "11552985617", "osm_type": "node", "place": "village", "landuse": "None", "residential": "None", "name": "None" }, "geometry": { "type": "Point", "coordinates": [ 121.495704650878906, 31.018230438232422 ] } },
{ "type": "Feature", "properties": { "city": "shanghai", "candidate_source": "place_village_hamlet_locality", "id": "5954127733", "osm_type": "node", "place": "locality", "landuse": "None", "residential": "None", "name": "None" }, "geometry": { "type": "Point", "coordinates": [ 121.49267578125, 31.018535614013672 ] } },
{ "type": "Feature", "properties": { "city": "shanghai", "candidate_source": "place_village_hamlet_locality", "id": "3013800721", "osm_type": "node", "place": "hamlet", "landuse": "None", "residential": "None", "name": "None" }, "geometry": { "type": "Point", "coordinates": [ 121.479148864746094, 31.020513534545898 ] } },
{ "type": "Feature", "properties": { "city": "shanghai", "candidate_source": "place_village_hamlet_locality", "id": "3013800722", "osm_type": "node", "place": "hamlet", "landuse": "None", "residential": "None", "name": "None" }, "geometry": { "type": "Point", "coordinates": [ 121.45672607421875, 31.029533386230469 ] } },
{ "type": "Feature", "properties": { "city": "shanghai", "candidate_source": "place_village_hamlet_locality", "id": "11555948378", "osm_type": "node", "place": "village", "landuse": "None", "residential": "None", "name": "None" }, "geometry": { "type": "Point", "coordinates": [ 121.523139953613281, 30.946861267089844 ] } },
{ "type": "Feature", "properties": { "city": "shanghai", "candidate_source": "place_village_hamlet_locality", "id": "11555869071", "osm_type": "node", "place": "village", "landuse": "None", "residential": "None", "name": "None" }, "geometry": { "type": "Point", "coordinates": [ 121.522064208984375, 30.965053558349609 ] } },
{ "type": "Feature", "properties": { "city": "shanghai", "candidate_source": "place_village_hamlet_locality", "id": "11552985649", "osm_type": "node", "place": "village", "landuse": "None", "residential": "None", "name": "None" }, "geometry": { "type": "Point", "coordinates": [ 121.530242919921875, 31.004802703857422 ] } },
{ "type": "Feature", "properties": { "city": "shanghai", "candidate_source": "place_village_hamlet_locality", "id": "11546185666", "osm_type": "node", "place": "village", "landuse": "None", "residential": "None", "name": "None" }, "geometry": { "type": "Point", "coordinates": [ 121.588821411132812, 31.015405654907227 ] } },
{ "type": "Feature", "properties": { "city": "shanghai", "candidate_source": "place_village_hamlet_locality", "id": "5954127732", "osm_type": "node", "place": "village", "landuse": "None", "residential": "None", "name": "None" }, "geometry": { "type": "Point", "coordinates": [ 121.52972412109375, 31.021341323852539 ] } },
{ "type": "Feature", "properties": { "city": "shanghai", "candidate_source": "place_village_hamlet_locality", "id": "11546185615", "osm_type": "node", "place": "hamlet", "landuse": "None", "residential": "None", "name": "None" }, "geometry": { "type": "Point", "coordinates": [ 121.564353942871094, 31.031614303588867 ] } },
{ "type": "Feature", "properties": { "city": "shanghai", "candidate_source": "place_village_hamlet_locality", "id": "9111333079", "osm_type": "node", "place": "village", "landuse": "None", "residential": "None", "name": "None" }, "geometry": { "type": "Point", "coordinates": [ 121.536399841308594, 31.036264419555664 ] } },
{ "type": "Feature", "properties": { "city": "shanghai", "candidate_source": "place_village_hamlet_locality", "id": "9111333078", "osm_type": "node", "place": "village", "landuse": "None", "residential": "None", "name": "None" }, "geometry": { "type": "Point", "coordinates": [ 121.526252746582031, 31.038118362426758 ] } },
{ "type": "Feature", "properties": { "city": "shanghai", "candidate_source": "place_village_hamlet_locality", "id": "13589707911", "osm_type": "node", "place": "village", "landuse": "None", "residential": "None", "name": "None" }, "geometry": { "type": "Point", "coordinates": [ 121.547615051269531, 31.046133041381836 ] } },
{ "type": "Feature", "properties": { "city": "shanghai", "candidate_source": "place_village_hamlet_locality", "id": "11549890831", "osm_type": "node", "place": "village", "landuse": "None", "residential": "None", "name": "None" }, "geometry": { "type": "Point", "coordinates": [ 121.583992004394531, 31.047992706298828 ] } },
{ "type": "Feature", "properties": { "city": "shanghai", "candidate_source": "place_village_hamlet_locality", "id": "9104563466", "osm_type": "node", "place": "village", "landuse": "None", "residential": "None", "name": "None" }, "geometry": { "type": "Point", "coordinates": [ 121.485260009765625, 31.044897079467773 ] } },
{ "type": "Feature", "properties": { "city": "shanghai", "candidate_source": "place_village_hamlet_locality", "id": "9104563467", "osm_type": "node", "place": "village", "landuse": "None", "residential": "None", "name": "None" }, "geometry": { "type": "Point", "coordinates": [ 121.485183715820312, 31.051443099975586 ] } },
{ "type": "Feature", "properties": { "city": "shanghai", "candidate_source": "place_village_hamlet_locality", "id": "3013800723", "osm_type": "node", "place": "hamlet", "landuse": "None", "residential": "None", "name": "None" }, "geometry": { "type": "Point", "coordinates": [ 121.457328796386719, 31.051475524902344 ] } },
{ "type": "Feature", "properties": { "city": "shanghai", "candidate_source": "place_village_hamlet_locality", "id": "526294691", "osm_type": "way", "place": "village", "landuse": "None", "residential": "None", "name": "None" }, "geometry": { "type": "Polygon", "coordinates": [ [ [ 121.488166809082031, 31.056930541992188 ], [ 121.489730834960938, 31.057342529296875 ], [ 121.490234375, 31.057476043701172 ], [ 121.492820739746094, 31.058158874511719 ], [ 121.493034362792969, 31.056949615478516 ], [ 121.497055053710938, 31.058082580566406 ], [ 121.4970703125, 31.055255889892578 ], [ 121.496803283691406, 31.054876327514648 ], [ 121.487236022949219, 31.053604125976562 ], [ 121.486473083496094, 31.056482315063477 ], [ 121.488166809082031, 31.056930541992188 ] ] ] } },
{ "type": "Feature", "properties": { "city": "shanghai", "candidate_source": "place_village_hamlet_locality", "id": "3013800724", "osm_type": "node", "place": "village", "landuse": "None", "residential": "None", "name": "None" }, "geometry": { "type": "Point", "coordinates": [ 121.437522888183594, 31.057558059692383 ] } },
{ "type": "Feature", "properties": { "city": "shanghai", "candidate_source": "place_village_hamlet_locality", "id": "9104563468", "osm_type": "node", "place": "village", "landuse": "None", "residential": "None", "name": "None" }, "geometry": { "type": "Point", "coordinates": [ 121.485092163085938, 31.061635971069336 ] } },
{ "type": "Feature", "properties": { "city": "shanghai", "candidate_source": "place_village_hamlet_locality", "id": "3013800725", "osm_type": "node", "place": "hamlet", "landuse": "None", "residential": "None", "name": "None" }, "geometry": { "type": "Point", "coordinates": [ 121.441261291503906, 31.065452575683594 ] } },
{ "type": "Feature", "properties": { "city": "shanghai", "candidate_source": "place_village_hamlet_locality", "id": "13652877275", "osm_type": "node", "place": "hamlet", "landuse": "None", "residential": "None", "name": "None" }, "geometry": { "type": "Point", "coordinates": [ 121.433029174804688, 31.068904876708984 ] } },
{ "type": "Feature", "properties": { "city": "shanghai", "candidate_source": "place_village_hamlet_locality", "id": "890839408", "osm_type": "way", "place": "village", "landuse": "None", "residential": "None", "name": "None" }, "geometry": { "type": "Polygon", "coordinates": [ [ [ 121.433479309082031, 31.071386337280273 ], [ 121.435646057128906, 31.072059631347656 ], [ 121.436187744140625, 31.070314407348633 ], [ 121.436691284179688, 31.068550109863281 ], [ 121.437110900878906, 31.067150115966797 ], [ 121.43707275390625, 31.067100524902344 ], [ 121.435783386230469, 31.067008972167969 ], [ 121.435081481933594, 31.066904067993164 ], [ 121.434844970703125, 31.067264556884766 ], [ 121.434089660644531, 31.067035675048828 ], [ 121.432632446289062, 31.066728591918945 ], [ 121.432228088378906, 31.066736221313477 ], [ 121.430824279785156, 31.070510864257812 ], [ 121.430915832519531, 31.070573806762695 ], [ 121.433479309082031, 31.071386337280273 ] ] ] } },
{ "type": "Feature", "properties": { "city": "shanghai", "candidate_source": "place_village_hamlet_locality", "id": "13652877274", "osm_type": "node", "place": "hamlet", "landuse": "None", "residential": "None", "name": "None" }, "geometry": { "type": "Point", "coordinates": [ 121.4305419921875, 31.072210311889648 ] } },
{ "type": "Feature", "properties": { "city": "shanghai", "candidate_source": "place_village_hamlet_locality", "id": "9111333080", "osm_type": "node", "place": "village", "landuse": "None", "residential": "None", "name": "None" }, "geometry": { "type": "Point", "coordinates": [ 121.511436462402344, 31.050529479980469 ] } },
{ "type": "Feature", "properties": { "city": "shanghai", "candidate_source": "place_village_hamlet_locality", "id": "12554091325", "osm_type": "node", "place": "hamlet", "landuse": "None", "residential": "None", "name": "None" }, "geometry": { "type": "Point", "coordinates": [ 121.508735656738281, 31.052751541137695 ] } },
{ "type": "Feature", "properties": { "city": "shanghai", "candidate_source": "place_village_hamlet_locality", "id": "9172178081", "osm_type": "node", "place": "village", "landuse": "None", "residential": "None", "name": "None" }, "geometry": { "type": "Point", "coordinates": [ 121.552658081054688, 31.055030822753906 ] } },
{ "type": "Feature", "properties": { "city": "shanghai", "candidate_source": "place_village_hamlet_locality", "id": "11546487543", "osm_type": "node", "place": "village", "landuse": "None", "residential": "None", "name": "None" }, "geometry": { "type": "Point", "coordinates": [ 121.5931396484375, 31.056865692138672 ] } },
{ "type": "Feature", "properties": { "city": "shanghai", "candidate_source": "place_village_hamlet_locality", "id": "13589707912", "osm_type": "node", "place": "village", "landuse": "None", "residential": "None", "name": "None" }, "geometry": { "type": "Point", "coordinates": [ 121.543495178222656, 31.065135955810547 ] } },
{ "type": "Feature", "properties": { "city": "shanghai", "candidate_source": "place_village_hamlet_locality", "id": "13589707913", "osm_type": "node", "place": "hamlet", "landuse": "None", "residential": "None", "name": "None" }, "geometry": { "type": "Point", "coordinates": [ 121.548423767089844, 31.065505981445312 ] } },
{ "type": "Feature", "properties": { "city": "shanghai", "candidate_source": "place_village_hamlet_locality", "id": "5954127729", "osm_type": "node", "place": "village", "landuse": "None", "residential": "None", "name": "None" }, "geometry": { "type": "Point", "coordinates": [ 121.522125244140625, 31.066368103027344 ] } },
{ "type": "Feature", "properties": { "city": "shanghai", "candidate_source": "place_village_hamlet_locality", "id": "9111333077", "osm_type": "node", "place": "village", "landuse": "None", "residential": "None", "name": "None" }, "geometry": { "type": "Point", "coordinates": [ 121.522903442382812, 31.069644927978516 ] } },
{ "type": "Feature", "properties": { "city": "shanghai", "candidate_source": "place_village_hamlet_locality", "id": "13096715174", "osm_type": "node", "place": "hamlet", "landuse": "None", "residential": "None", "name": "None" }, "geometry": { "type": "Point", "coordinates": [ 121.541366577148438, 31.076423645019531 ] } },
{ "type": "Feature", "properties": { "city": "shanghai", "candidate_source": "place_village_hamlet_locality", "id": "9111333076", "osm_type": "node", "place": "village", "landuse": "None", "residential": "None", "name": "None" }, "geometry": { "type": "Point", "coordinates": [ 121.537017822265625, 31.077865600585938 ] } },
{ "type": "Feature", "properties": { "city": "shanghai", "candidate_source": "place_village_hamlet_locality", "id": "9111333073", "osm_type": "node", "place": "village", "landuse": "None", "residential": "None", "name": "None" }, "geometry": { "type": "Point", "coordinates": [ 121.482124328613281, 31.078248977661133 ] } },
{ "type": "Feature", "properties": { "city": "shanghai", "candidate_source": "place_village_hamlet_locality", "id": "13652877272", "osm_type": "node", "place": "village", "landuse": "None", "residential": "None", "name": "None" }, "geometry": { "type": "Point", "coordinates": [ 121.42596435546875, 31.080886840820312 ] } },
{ "type": "Feature", "properties": { "city": "shanghai", "candidate_source": "place_village_hamlet_locality", "id": "13652877273", "osm_type": "node", "place": "hamlet", "landuse": "None", "residential": "None", "name": "None" }, "geometry": { "type": "Point", "coordinates": [ 121.430641174316406, 31.081611633300781 ] } },
{ "type": "Feature", "properties": { "city": "shanghai", "candidate_source": "place_village_hamlet_locality", "id": "13652877256", "osm_type": "node", "place": "village", "landuse": "None", "residential": "None", "name": "None" }, "geometry": { "type": "Point", "coordinates": [ 121.444122314453125, 31.084754943847656 ] } },
{ "type": "Feature", "properties": { "city": "shanghai", "candidate_source": "place_village_hamlet_locality", "id": "9104526274", "osm_type": "node", "place": "village", "landuse": "None", "residential": "None", "name": "None" }, "geometry": { "type": "Point", "coordinates": [ 121.478958129882812, 31.085077285766602 ] } },
{ "type": "Feature", "properties": { "city": "shanghai", "candidate_source": "place_village_hamlet_locality", "id": "5954127730", "osm_type": "node", "place": "village", "landuse": "None", "residential": "None", "name": "None" }, "geometry": { "type": "Point", "coordinates": [ 121.471450805664062, 31.089014053344727 ] } },
{ "type": "Feature", "properties": { "city": "shanghai", "candidate_source": "place_village_hamlet_locality", "id": "4741754039", "osm_type": "node", "place": "locality", "landuse": "None", "residential": "None", "name": "None" }, "geometry": { "type": "Point", "coordinates": [ 121.392646789550781, 31.090154647827148 ] } },
{ "type": "Feature", "properties": { "city": "shanghai", "candidate_source": "place_village_hamlet_locality", "id": "3166475212", "osm_type": "node", "place": "village", "landuse": "None", "residential": "None", "name": "None" }, "geometry": { "type": "Point", "coordinates": [ 121.432479858398438, 31.09208869934082 ] } },
{ "type": "Feature", "properties": { "city": "shanghai", "candidate_source": "place_village_hamlet_locality", "id": "5954127731", "osm_type": "node", "place": "village", "landuse": "None", "residential": "None", "name": "None" }, "geometry": { "type": "Point", "coordinates": [ 121.494606018066406, 31.093244552612305 ] } },
{ "type": "Feature", "properties": { "city": "shanghai", "candidate_source": "place_village_hamlet_locality", "id": "9111333074", "osm_type": "node", "place": "village", "landuse": "None", "residential": "None", "name": "None" }, "geometry": { "type": "Point", "coordinates": [ 121.477584838867188, 31.094436645507812 ] } },
{ "type": "Feature", "properties": { "city": "shanghai", "candidate_source": "place_village_hamlet_locality", "id": "11127466606", "osm_type": "node", "place": "village", "landuse": "None", "residential": "None", "name": "None" }, "geometry": { "type": "Point", "coordinates": [ 121.596122741699219, 31.079240798950195 ] } },
{ "type": "Feature", "properties": { "city": "shanghai", "candidate_source": "place_village_hamlet_locality", "id": "9104563465", "osm_type": "node", "place": "village", "landuse": "None", "residential": "None", "name": "None" }, "geometry": { "type": "Point", "coordinates": [ 121.552597045898438, 31.080787658691406 ] } },
{ "type": "Feature", "properties": { "city": "shanghai", "candidate_source": "place_village_hamlet_locality", "id": "6069996720", "osm_type": "node", "place": "village", "landuse": "None", "residential": "None", "name": "None" }, "geometry": { "type": "Point", "coordinates": [ 121.580276489257812, 31.087711334228516 ] } },
{ "type": "Feature", "properties": { "city": "shanghai", "candidate_source": "place_village_hamlet_locality", "id": "9111333075", "osm_type": "node", "place": "village", "landuse": "None", "residential": "None", "name": "None" }, "geometry": { "type": "Point", "coordinates": [ 121.539680480957031, 31.087917327880859 ] } },
{ "type": "Feature", "properties": { "city": "shanghai", "candidate_source": "place_village_hamlet_locality", "id": "9104563463", "osm_type": "node", "place": "village", "landuse": "None", "residential": "None", "name": "None" }, "geometry": { "type": "Point", "coordinates": [ 121.554740905761719, 31.090503692626953 ] } },
{ "type": "Feature", "properties": { "city": "shanghai", "candidate_source": "place_village_hamlet_locality", "id": "9104563464", "osm_type": "node", "place": "village", "landuse": "None", "residential": "None", "name": "None" }, "geometry": { "type": "Point", "coordinates": [ 121.546531677246094, 31.096853256225586 ] } },
{ "type": "Feature", "properties": { "city": "shanghai", "candidate_source": "place_village_hamlet_locality", "id": "6126536681", "osm_type": "node", "place": "village", "landuse": "None", "residential": "None", "name": "None" }, "geometry": { "type": "Point", "coordinates": [ 121.515876770019531, 31.103412628173828 ] } },
{ "type": "Feature", "properties": { "city": "shanghai", "candidate_source": "place_village_hamlet_locality", "id": "6126536682", "osm_type": "node", "place": "village", "landuse": "None", "residential": "None", "name": "None" }, "geometry": { "type": "Point", "coordinates": [ 121.529197692871094, 31.111125946044922 ] } },
{ "type": "Feature", "properties": { "city": "shanghai", "candidate_source": "place_village_hamlet_locality", "id": "13195512548", "osm_type": "node", "place": "village", "landuse": "None", "residential": "None", "name": "None" }, "geometry": { "type": "Point", "coordinates": [ 121.512214660644531, 31.123025894165039 ] } },
{ "type": "Feature", "properties": { "city": "shanghai", "candidate_source": "place_village_hamlet_locality", "id": "11127466610", "osm_type": "node", "place": "village", "landuse": "None", "residential": "None", "name": "None" }, "geometry": { "type": "Point", "coordinates": [ 121.518295288085938, 31.129144668579102 ] } },
{ "type": "Feature", "properties": { "city": "shanghai", "candidate_source": "place_village_hamlet_locality", "id": "11127466632", "osm_type": "node", "place": "village", "landuse": "None", "residential": "None", "name": "None" }, "geometry": { "type": "Point", "coordinates": [ 121.449363708496094, 31.097583770751953 ] } },
{ "type": "Feature", "properties": { "city": "shanghai", "candidate_source": "place_village_hamlet_locality", "id": "9104526275", "osm_type": "node", "place": "village", "landuse": "None", "residential": "None", "name": "None" }, "geometry": { "type": "Point", "coordinates": [ 121.472007751464844, 31.10246467590332 ] } },
{ "type": "Feature", "properties": { "city": "shanghai", "candidate_source": "place_village_hamlet_locality", "id": "13076098960", "osm_type": "node", "place": "hamlet", "landuse": "None", "residential": "None", "name": "None" }, "geometry": { "type": "Point", "coordinates": [ 121.468544006347656, 31.105741500854492 ] } },
{ "type": "Feature", "properties": { "city": "shanghai", "candidate_source": "place_village_hamlet_locality", "id": "13652877255", "osm_type": "node", "place": "village", "landuse": "None", "residential": "None", "name": "None" }, "geometry": { "type": "Point", "coordinates": [ 121.437911987304688, 31.107671737670898 ] } },
{ "type": "Feature", "properties": { "city": "shanghai", "candidate_source": "place_village_hamlet_locality", "id": "11107321271", "osm_type": "node", "place": "village", "landuse": "None", "residential": "None", "name": "None" }, "geometry": { "type": "Point", "coordinates": [ 121.450218200683594, 31.10774040222168 ] } },
{ "type": "Feature", "properties": { "city": "shanghai", "candidate_source": "place_village_hamlet_locality", "id": "9104526276", "osm_type": "node", "place": "village", "landuse": "None", "residential": "None", "name": "None" }, "geometry": { "type": "Point", "coordinates": [ 121.468429565429688, 31.108623504638672 ] } },
{ "type": "Feature", "properties": { "city": "shanghai", "candidate_source": "place_village_hamlet_locality", "id": "13076098959", "osm_type": "node", "place": "hamlet", "landuse": "None", "residential": "None", "name": "None" }, "geometry": { "type": "Point", "coordinates": [ 121.465461730957031, 31.11039924621582 ] } },
{ "type": "Feature", "properties": { "city": "shanghai", "candidate_source": "place_village_hamlet_locality", "id": "9104526277", "osm_type": "node", "place": "village", "landuse": "None", "residential": "None", "name": "None" }, "geometry": { "type": "Point", "coordinates": [ 121.471458435058594, 31.112516403198242 ] } },
{ "type": "Feature", "properties": { "city": "shanghai", "candidate_source": "place_village_hamlet_locality", "id": "13650283563", "osm_type": "node", "place": "hamlet", "landuse": "None", "residential": "None", "name": "None" }, "geometry": { "type": "Point", "coordinates": [ 121.471015930175781, 31.116933822631836 ] } },
{ "type": "Feature", "properties": { "city": "shanghai", "candidate_source": "place_village_hamlet_locality", "id": "13076098958", "osm_type": "node", "place": "hamlet", "landuse": "None", "residential": "None", "name": "None" }, "geometry": { "type": "Point", "coordinates": [ 121.471351623535156, 31.118412017822266 ] } },
{ "type": "Feature", "properties": { "city": "shanghai", "candidate_source": "place_village_hamlet_locality", "id": "12500776174", "osm_type": "node", "place": "hamlet", "landuse": "None", "residential": "None", "name": "None" }, "geometry": { "type": "Point", "coordinates": [ 121.468170166015625, 31.120023727416992 ] } },
{ "type": "Feature", "properties": { "city": "shanghai", "candidate_source": "place_village_hamlet_locality", "id": "12500776175", "osm_type": "node", "place": "hamlet", "landuse": "None", "residential": "None", "name": "None" }, "geometry": { "type": "Point", "coordinates": [ 121.473777770996094, 31.121603012084961 ] } },
{ "type": "Feature", "properties": { "city": "shanghai", "candidate_source": "place_village_hamlet_locality", "id": "13649664973", "osm_type": "node", "place": "village", "landuse": "None", "residential": "None", "name": "None" }, "geometry": { "type": "Point", "coordinates": [ 121.483711242675781, 31.123628616333008 ] } },
{ "type": "Feature", "properties": { "city": "shanghai", "candidate_source": "place_village_hamlet_locality", "id": "12500776172", "osm_type": "node", "place": "village", "landuse": "None", "residential": "None", "name": "None" }, "geometry": { "type": "Point", "coordinates": [ 121.472930908203125, 31.125202178955078 ] } },
{ "type": "Feature", "properties": { "city": "shanghai", "candidate_source": "place_village_hamlet_locality", "id": "12500776173", "osm_type": "node", "place": "hamlet", "landuse": "None", "residential": "None", "name": "None" }, "geometry": { "type": "Point", "coordinates": [ 121.478057861328125, 31.125835418701172 ] } },
{ "type": "Feature", "properties": { "city": "shanghai", "candidate_source": "place_village_hamlet_locality", "id": "12500776171", "osm_type": "node", "place": "hamlet", "landuse": "None", "residential": "None", "name": "None" }, "geometry": { "type": "Point", "coordinates": [ 121.470489501953125, 31.126161575317383 ] } },
{ "type": "Feature", "properties": { "city": "shanghai", "candidate_source": "place_village_hamlet_locality", "id": "13649664974", "osm_type": "node", "place": "hamlet", "landuse": "None", "residential": "None", "name": "None" }, "geometry": { "type": "Point", "coordinates": [ 121.478080749511719, 31.128406524658203 ] } },
{ "type": "Feature", "properties": { "city": "shanghai", "candidate_source": "place_village_hamlet_locality", "id": "13649664975", "osm_type": "node", "place": "village", "landuse": "None", "residential": "None", "name": "None" }, "geometry": { "type": "Point", "coordinates": [ 121.497077941894531, 31.130353927612305 ] } },
{ "type": "Feature", "properties": { "city": "shanghai", "candidate_source": "place_village_hamlet_locality", "id": "11389791967", "osm_type": "node", "place": "village", "landuse": "None", "residential": "None", "name": "None" }, "geometry": { "type": "Point", "coordinates": [ 121.349403381347656, 31.136455535888672 ] } },
{ "type": "Feature", "properties": { "city": "shanghai", "candidate_source": "place_village_hamlet_locality", "id": "11516418789", "osm_type": "node", "place": "village", "landuse": "None", "residential": "None", "name": "None" }, "geometry": { "type": "Point", "coordinates": [ 121.344154357910156, 31.144184112548828 ] } },
{ "type": "Feature", "properties": { "city": "shanghai", "candidate_source": "place_village_hamlet_locality", "id": "11701066852", "osm_type": "node", "place": "village", "landuse": "None", "residential": "None", "name": "None" }, "geometry": { "type": "Point", "coordinates": [ 121.812187194824219, 30.955337524414062 ] } },
{ "type": "Feature", "properties": { "city": "shanghai", "candidate_source": "place_village_hamlet_locality", "id": "11701066422", "osm_type": "node", "place": "village", "landuse": "None", "residential": "None", "name": "None" }, "geometry": { "type": "Point", "coordinates": [ 121.802345275878906, 30.962808609008789 ] } },
{ "type": "Feature", "properties": { "city": "shanghai", "candidate_source": "place_village_hamlet_locality", "id": "11127466613", "osm_type": "node", "place": "village", "landuse": "None", "residential": "None", "name": "None" }, "geometry": { "type": "Point", "coordinates": [ 121.752716064453125, 30.993930816650391 ] } },
{ "type": "Feature", "properties": { "city": "shanghai", "candidate_source": "place_village_hamlet_locality", "id": "11704231556", "osm_type": "node", "place": "village", "landuse": "None", "residential": "None", "name": "None" }, "geometry": { "type": "Point", "coordinates": [ 121.822990417480469, 31.023771286010742 ] } },
{ "type": "Feature", "properties": { "city": "shanghai", "candidate_source": "place_village_hamlet_locality", "id": "11127466612", "osm_type": "node", "place": "village", "landuse": "None", "residential": "None", "name": "None" }, "geometry": { "type": "Point", "coordinates": [ 121.772743225097656, 31.026784896850586 ] } },
{ "type": "Feature", "properties": { "city": "shanghai", "candidate_source": "place_village_hamlet_locality", "id": "11687663928", "osm_type": "node", "place": "village", "landuse": "None", "residential": "None", "name": "None" }, "geometry": { "type": "Point", "coordinates": [ 121.704421997070312, 31.050048828125 ] } },
{ "type": "Feature", "properties": { "city": "shanghai", "candidate_source": "place_village_hamlet_locality", "id": "11704231536", "osm_type": "node", "place": "village", "landuse": "None", "residential": "None", "name": "None" }, "geometry": { "type": "Point", "coordinates": [ 121.80206298828125, 31.051776885986328 ] } },
{ "type": "Feature", "properties": { "city": "shanghai", "candidate_source": "place_village_hamlet_locality", "id": "11681987940", "osm_type": "node", "place": "hamlet", "landuse": "None", "residential": "None", "name": "None" }, "geometry": { "type": "Point", "coordinates": [ 121.744010925292969, 31.05388069152832 ] } },
{ "type": "Feature", "properties": { "city": "shanghai", "candidate_source": "place_village_hamlet_locality", "id": "10011387632", "osm_type": "node", "place": "village", "landuse": "None", "residential": "None", "name": "None" }, "geometry": { "type": "Point", "coordinates": [ 121.693351745605469, 31.117574691772461 ] } },
{ "type": "Feature", "properties": { "city": "shanghai", "candidate_source": "place_village_hamlet_locality", "id": "11444007793", "osm_type": "node", "place": "village", "landuse": "None", "residential": "None", "name": "None" }, "geometry": { "type": "Point", "coordinates": [ 121.76318359375, 31.128580093383789 ] } },
{ "type": "Feature", "properties": { "city": "shanghai", "candidate_source": "place_village_hamlet_locality", "id": "9060594026", "osm_type": "node", "place": "village", "landuse": "None", "residential": "None", "name": "None" }, "geometry": { "type": "Point", "coordinates": [ 121.6431884765625, 31.075769424438477 ] } },
{ "type": "Feature", "properties": { "city": "shanghai", "candidate_source": "place_village_hamlet_locality", "id": "11127466605", "osm_type": "node", "place": "village", "landuse": "None", "residential": "None", "name": "None" }, "geometry": { "type": "Point", "coordinates": [ 121.650314331054688, 31.110601425170898 ] } },
{ "type": "Feature", "properties": { "city": "shanghai", "candidate_source": "place_village_hamlet_locality", "id": "328312304", "osm_type": "way", "place": "locality", "landuse": "None", "residential": "None", "name": "None" }, "geometry": { "type": "Polygon", "coordinates": [ [ [ 121.650566101074219, 31.152379989624023 ], [ 121.653236389160156, 31.152496337890625 ], [ 121.654624938964844, 31.152597427368164 ], [ 121.655960083007812, 31.152738571166992 ], [ 121.657302856445312, 31.152942657470703 ], [ 121.658309936523438, 31.153106689453125 ], [ 121.659339904785156, 31.153318405151367 ], [ 121.660171508789062, 31.153499603271484 ], [ 121.66204833984375, 31.154024124145508 ], [ 121.663398742675781, 31.154390335083008 ], [ 121.664764404296875, 31.154775619506836 ], [ 121.666961669921875, 31.155380249023438 ], [ 121.669876098632812, 31.156192779541016 ], [ 121.671768188476562, 31.156734466552734 ], [ 121.672073364257812, 31.156814575195312 ], [ 121.672142028808594, 31.156826019287109 ], [ 121.672210693359375, 31.156822204589844 ], [ 121.67230224609375, 31.156808853149414 ], [ 121.67236328125, 31.156772613525391 ], [ 121.672401428222656, 31.156711578369141 ], [ 121.672531127929688, 31.156375885009766 ], [ 121.672607421875, 31.156154632568359 ], [ 121.672843933105469, 31.155502319335938 ], [ 121.673233032226562, 31.154550552368164 ], [ 121.674041748046875, 31.152494430541992 ], [ 121.675056457519531, 31.149967193603516 ], [ 121.675796508789062, 31.148107528686523 ], [ 121.676750183105469, 31.145732879638672 ], [ 121.677375793457031, 31.144166946411133 ], [ 121.677841186523438, 31.143051147460938 ], [ 121.678718566894531, 31.140848159790039 ], [ 121.679367065429688, 31.139223098754883 ], [ 121.679397583007812, 31.139135360717773 ], [ 121.679389953613281, 31.139026641845703 ], [ 121.679351806640625, 31.138940811157227 ], [ 121.679290771484375, 31.138864517211914 ], [ 121.67919921875, 31.138813018798828 ], [ 121.679046630859375, 31.138755798339844 ], [ 121.67889404296875, 31.138702392578125 ], [ 121.672431945800781, 31.136425018310547 ], [ 121.669776916503906, 31.135473251342773 ], [ 121.667129516601562, 31.134557723999023 ], [ 121.665054321289062, 31.133909225463867 ], [ 121.663002014160156, 31.133308410644531 ], [ 121.659477233886719, 31.132331848144531 ], [ 121.655509948730469, 31.131229400634766 ], [ 121.651313781738281, 31.130039215087891 ], [ 121.651176452636719, 31.13001823425293 ], [ 121.651077270507812, 31.130020141601562 ], [ 121.650985717773438, 31.13005256652832 ], [ 121.650917053222656, 31.130115509033203 ], [ 121.650848388671875, 31.13020133972168 ], [ 121.650634765625, 31.130830764770508 ], [ 121.649955749511719, 31.132848739624023 ], [ 121.649124145507812, 31.135183334350586 ], [ 121.6485595703125, 31.136806488037109 ], [ 121.648170471191406, 31.137908935546875 ], [ 121.6470947265625, 31.140918731689453 ], [ 121.646636962890625, 31.142215728759766 ], [ 121.646156311035156, 31.143671035766602 ], [ 121.645805358886719, 31.144933700561523 ], [ 121.645591735839844, 31.145790100097656 ], [ 121.645393371582031, 31.146669387817383 ], [ 121.645263671875, 31.147415161132812 ], [ 121.645133972167969, 31.148218154907227 ], [ 121.645050048828125, 31.148786544799805 ], [ 121.644973754882812, 31.149393081665039 ], [ 121.644866943359375, 31.150550842285156 ], [ 121.64483642578125, 31.15101432800293 ], [ 121.644821166992188, 31.15147590637207 ], [ 121.644828796386719, 31.151901245117188 ], [ 121.64483642578125, 31.151954650878906 ], [ 121.644851684570312, 31.151996612548828 ], [ 121.644882202148438, 31.152040481567383 ], [ 121.644927978515625, 31.152078628540039 ], [ 121.644981384277344, 31.152111053466797 ], [ 121.645034790039062, 31.152132034301758 ], [ 121.645111083984375, 31.152143478393555 ], [ 121.645278930664062, 31.152154922485352 ], [ 121.650566101074219, 31.152379989624023 ] ] ] } },
{ "type": "Feature", "properties": { "city": "shanghai", "candidate_source": "place_village_hamlet_locality", "id": "5599528010", "osm_type": "node", "place": "locality", "landuse": "None", "residential": "None", "name": "None" }, "geometry": { "type": "Point", "coordinates": [ 121.6531982421875, 31.143945693969727 ] } },
{ "type": "Feature", "properties": { "city": "shanghai", "candidate_source": "place_village_hamlet_locality", "id": "4072448992", "osm_type": "node", "place": "locality", "landuse": "None", "residential": "None", "name": "None" }, "geometry": { "type": "Point", "coordinates": [ 121.656341552734375, 31.144832611083984 ] } },
{ "type": "Feature", "properties": { "city": "shanghai", "candidate_source": "place_village_hamlet_locality", "id": "5599528011", "osm_type": "node", "place": "locality", "landuse": "None", "residential": "None", "name": "None" }, "geometry": { "type": "Point", "coordinates": [ 121.65960693359375, 31.145456314086914 ] } },
{ "type": "Feature", "properties": { "city": "shanghai", "candidate_source": "place_village_hamlet_locality", "id": "5599527804", "osm_type": "node", "place": "locality", "landuse": "None", "residential": "None", "name": "None" }, "geometry": { "type": "Point", "coordinates": [ 121.652496337890625, 31.145763397216797 ] } },
{ "type": "Feature", "properties": { "city": "shanghai", "candidate_source": "place_village_hamlet_locality", "id": "4072448993", "osm_type": "node", "place": "locality", "landuse": "None", "residential": "None", "name": "None" }, "geometry": { "type": "Point", "coordinates": [ 121.653953552246094, 31.146896362304688 ] } },
{ "type": "Feature", "properties": { "city": "shanghai", "candidate_source": "place_village_hamlet_locality", "id": "4072448991", "osm_type": "node", "place": "locality", "landuse": "None", "residential": "None", "name": "None" }, "geometry": { "type": "Point", "coordinates": [ 121.658470153808594, 31.147367477416992 ] } },
{ "type": "Feature", "properties": { "city": "shanghai", "candidate_source": "place_village_hamlet_locality", "id": "13126396529", "osm_type": "node", "place": "locality", "landuse": "None", "residential": "None", "name": "None" }, "geometry": { "type": "Point", "coordinates": [ 121.652366638183594, 31.148536682128906 ] } },
{ "type": "Feature", "properties": { "city": "shanghai", "candidate_source": "place_village_hamlet_locality", "id": "6829343257", "osm_type": "node", "place": "village", "landuse": "None", "residential": "None", "name": "None" }, "geometry": { "type": "Point", "coordinates": [ 121.756111145019531, 31.14253044128418 ] } },
{ "type": "Feature", "properties": { "city": "shanghai", "candidate_source": "place_village_hamlet_locality", "id": "6829343256", "osm_type": "node", "place": "village", "landuse": "None", "residential": "None", "name": "None" }, "geometry": { "type": "Point", "coordinates": [ 121.752403259277344, 31.152975082397461 ] } },
{ "type": "Feature", "properties": { "city": "shanghai", "candidate_source": "place_village_hamlet_locality", "id": "11135920708", "osm_type": "node", "place": "village", "landuse": "None", "residential": "None", "name": "None" }, "geometry": { "type": "Point", "coordinates": [ 121.7164306640625, 31.155828475952148 ] } },
{ "type": "Feature", "properties": { "city": "shanghai", "candidate_source": "place_village_hamlet_locality", "id": "11429043342", "osm_type": "node", "place": "village", "landuse": "None", "residential": "None", "name": "None" }, "geometry": { "type": "Point", "coordinates": [ 121.739173889160156, 31.164003372192383 ] } },
{ "type": "Feature", "properties": { "city": "shanghai", "candidate_source": "place_village_hamlet_locality", "id": "7123725514", "osm_type": "node", "place": "village", "landuse": "None", "residential": "None", "name": "None" }, "geometry": { "type": "Point", "coordinates": [ 121.665077209472656, 31.165843963623047 ] } },
{ "type": "Feature", "properties": { "city": "shanghai", "candidate_source": "place_village_hamlet_locality", "id": "12613176589", "osm_type": "node", "place": "village", "landuse": "None", "residential": "None", "name": "None" }, "geometry": { "type": "Point", "coordinates": [ 121.67987060546875, 31.176740646362305 ] } },
{ "type": "Feature", "properties": { "city": "shanghai", "candidate_source": "place_village_hamlet_locality", "id": "6829343255", "osm_type": "node", "place": "village", "landuse": "None", "residential": "None", "name": "None" }, "geometry": { "type": "Point", "coordinates": [ 121.741035461425781, 31.177574157714844 ] } },
{ "type": "Feature", "properties": { "city": "shanghai", "candidate_source": "place_village_hamlet_locality", "id": "11401138783", "osm_type": "node", "place": "village", "landuse": "None", "residential": "None", "name": "None" }, "geometry": { "type": "Point", "coordinates": [ 121.735198974609375, 31.191173553466797 ] } },
{ "type": "Feature", "properties": { "city": "shanghai", "candidate_source": "place_village_hamlet_locality", "id": "11401138784", "osm_type": "node", "place": "village", "landuse": "None", "residential": "None", "name": "None" }, "geometry": { "type": "Point", "coordinates": [ 121.743438720703125, 31.192583084106445 ] } },
{ "type": "Feature", "properties": { "city": "shanghai", "candidate_source": "place_village_hamlet_locality", "id": "6829343254", "osm_type": "node", "place": "village", "landuse": "None", "residential": "None", "name": "None" }, "geometry": { "type": "Point", "coordinates": [ 121.731826782226562, 31.197332382202148 ] } },
{ "type": "Feature", "properties": { "city": "shanghai", "candidate_source": "place_village_hamlet_locality", "id": "11549933805", "osm_type": "node", "place": "village", "landuse": "None", "residential": "None", "name": "None" }, "geometry": { "type": "Point", "coordinates": [ 121.636878967285156, 31.040515899658203 ] } },
{ "type": "Feature", "properties": { "city": "shanghai", "candidate_source": "place_village_hamlet_locality", "id": "1612053447", "osm_type": "node", "place": "village", "landuse": "None", "residential": "None", "name": "None" }, "geometry": { "type": "Point", "coordinates": [ 121.636009216308594, 31.153970718383789 ] } },
{ "type": "Feature", "properties": { "city": "shanghai", "candidate_source": "place_village_hamlet_locality", "id": "11127460404", "osm_type": "node", "place": "village", "landuse": "None", "residential": "None", "name": "None" }, "geometry": { "type": "Point", "coordinates": [ 121.626556396484375, 31.180065155029297 ] } },
{ "type": "Feature", "properties": { "city": "shanghai", "candidate_source": "place_village_hamlet_locality", "id": "11083625176", "osm_type": "node", "place": "village", "landuse": "None", "residential": "None", "name": "None" }, "geometry": { "type": "Point", "coordinates": [ 121.636688232421875, 31.219741821289062 ] } },
{ "type": "Feature", "properties": { "city": "shanghai", "candidate_source": "place_village_hamlet_locality", "id": "11210600302", "osm_type": "node", "place": "village", "landuse": "None", "residential": "None", "name": "None" }, "geometry": { "type": "Point", "coordinates": [ 121.631629943847656, 31.244531631469727 ] } },
{ "type": "Feature", "properties": { "city": "shanghai", "candidate_source": "place_village_hamlet_locality", "id": "6682588816", "osm_type": "node", "place": "village", "landuse": "None", "residential": "None", "name": "None" }, "geometry": { "type": "Point", "coordinates": [ 121.6251220703125, 31.25282096862793 ] } },
{ "type": "Feature", "properties": { "city": "shanghai", "candidate_source": "place_village_hamlet_locality", "id": "9256969656", "osm_type": "node", "place": "village", "landuse": "None", "residential": "None", "name": "None" }, "geometry": { "type": "Point", "coordinates": [ 121.629615783691406, 31.307794570922852 ] } },
{ "type": "Feature", "properties": { "city": "shanghai", "candidate_source": "place_village_hamlet_locality", "id": "11125971683", "osm_type": "node", "place": "village", "landuse": "None", "residential": "None", "name": "None" }, "geometry": { "type": "Point", "coordinates": [ 121.677207946777344, 31.205339431762695 ] } },
{ "type": "Feature", "properties": { "city": "shanghai", "candidate_source": "place_village_hamlet_locality", "id": "6829343253", "osm_type": "node", "place": "village", "landuse": "None", "residential": "None", "name": "None" }, "geometry": { "type": "Point", "coordinates": [ 121.723091125488281, 31.215600967407227 ] } },
{ "type": "Feature", "properties": { "city": "shanghai", "candidate_source": "place_village_hamlet_locality", "id": "6829343251", "osm_type": "node", "place": "village", "landuse": "None", "residential": "None", "name": "None" }, "geometry": { "type": "Point", "coordinates": [ 121.690963745117188, 31.220989227294922 ] } },
{ "type": "Feature", "properties": { "city": "shanghai", "candidate_source": "place_village_hamlet_locality", "id": "11401138645", "osm_type": "node", "place": "village", "landuse": "None", "residential": "None", "name": "None" }, "geometry": { "type": "Point", "coordinates": [ 121.718292236328125, 31.224431991577148 ] } },
{ "type": "Feature", "properties": { "city": "shanghai", "candidate_source": "place_village_hamlet_locality", "id": "11135889804", "osm_type": "node", "place": "village", "landuse": "None", "residential": "None", "name": "None" }, "geometry": { "type": "Point", "coordinates": [ 121.718452453613281, 31.226066589355469 ] } },
{ "type": "Feature", "properties": { "city": "shanghai", "candidate_source": "place_village_hamlet_locality", "id": "8196409719", "osm_type": "node", "place": "village", "landuse": "None", "residential": "None", "name": "None" }, "geometry": { "type": "Point", "coordinates": [ 121.686683654785156, 31.232061386108398 ] } },
{ "type": "Feature", "properties": { "city": "shanghai", "candidate_source": "place_village_hamlet_locality", "id": "6829343250", "osm_type": "node", "place": "village", "landuse": "None", "residential": "None", "name": "None" }, "geometry": { "type": "Point", "coordinates": [ 121.673248291015625, 31.235675811767578 ] } },
{ "type": "Feature", "properties": { "city": "shanghai", "candidate_source": "place_village_hamlet_locality", "id": "11401138593", "osm_type": "node", "place": "village", "landuse": "None", "residential": "None", "name": "None" }, "geometry": { "type": "Point", "coordinates": [ 121.714111328125, 31.236852645874023 ] } },
{ "type": "Feature", "properties": { "city": "shanghai", "candidate_source": "place_village_hamlet_locality", "id": "11401138466", "osm_type": "node", "place": "village", "landuse": "None", "residential": "None", "name": "None" }, "geometry": { "type": "Point", "coordinates": [ 121.678733825683594, 31.246206283569336 ] } },
{ "type": "Feature", "properties": { "city": "shanghai", "candidate_source": "place_village_hamlet_locality", "id": "11218195819", "osm_type": "node", "place": "village", "landuse": "None", "residential": "None", "name": "None" }, "geometry": { "type": "Point", "coordinates": [ 121.668792724609375, 31.256446838378906 ] } },
{ "type": "Feature", "properties": { "city": "shanghai", "candidate_source": "place_village_hamlet_locality", "id": "11463020882", "osm_type": "node", "place": "locality", "landuse": "None", "residential": "None", "name": "None" }, "geometry": { "type": "Point", "coordinates": [ 121.655426025390625, 31.148571014404297 ] } },
{ "type": "Feature", "properties": { "city": "shanghai", "candidate_source": "place_village_hamlet_locality", "id": "11210600176", "osm_type": "node", "place": "village", "landuse": "None", "residential": "None", "name": "None" }, "geometry": { "type": "Point", "coordinates": [ 121.644035339355469, 31.24506950378418 ] } },
{ "type": "Feature", "properties": { "city": "shanghai", "candidate_source": "place_village_hamlet_locality", "id": "11210600211", "osm_type": "node", "place": "village", "landuse": "None", "residential": "None", "name": "None" }, "geometry": { "type": "Point", "coordinates": [ 121.655670166015625, 31.262245178222656 ] } },
{ "type": "Feature", "properties": { "city": "shanghai", "candidate_source": "place_village_hamlet_locality", "id": "4173792077", "osm_type": "node", "place": "village", "landuse": "None", "residential": "None", "name": "None" }, "geometry": { "type": "Point", "coordinates": [ 121.659347534179688, 31.295902252197266 ] } },
{ "type": "Feature", "properties": { "city": "shanghai", "candidate_source": "place_village_hamlet_locality", "id": "11135920711", "osm_type": "node", "place": "village", "landuse": "None", "residential": "None", "name": "None" }, "geometry": { "type": "Point", "coordinates": [ 121.700080871582031, 31.258411407470703 ] } },
{ "type": "Feature", "properties": { "city": "shanghai", "candidate_source": "place_village_hamlet_locality", "id": "11162668077", "osm_type": "node", "place": "village", "landuse": "None", "residential": "None", "name": "None" }, "geometry": { "type": "Point", "coordinates": [ 121.720809936523438, 31.259201049804688 ] } },
{ "type": "Feature", "properties": { "city": "shanghai", "candidate_source": "place_village_hamlet_locality", "id": "11162668254", "osm_type": "node", "place": "hamlet", "landuse": "None", "residential": "None", "name": "None" }, "geometry": { "type": "Point", "coordinates": [ 121.692878723144531, 31.261957168579102 ] } },
{ "type": "Feature", "properties": { "city": "shanghai", "candidate_source": "place_village_hamlet_locality", "id": "11251296548", "osm_type": "node", "place": "village", "landuse": "None", "residential": "None", "name": "None" }, "geometry": { "type": "Point", "coordinates": [ 121.695938110351562, 31.262744903564453 ] } },
{ "type": "Feature", "properties": { "city": "shanghai", "candidate_source": "place_village_hamlet_locality", "id": "4173792087", "osm_type": "node", "place": "village", "landuse": "None", "residential": "None", "name": "None" }, "geometry": { "type": "Point", "coordinates": [ 121.678245544433594, 31.263891220092773 ] } },
{ "type": "Feature", "properties": { "city": "shanghai", "candidate_source": "place_village_hamlet_locality", "id": "11210600221", "osm_type": "node", "place": "village", "landuse": "None", "residential": "None", "name": "None" }, "geometry": { "type": "Point", "coordinates": [ 121.66888427734375, 31.266962051391602 ] } },
{ "type": "Feature", "properties": { "city": "shanghai", "candidate_source": "place_village_hamlet_locality", "id": "11195364989", "osm_type": "node", "place": "village", "landuse": "None", "residential": "None", "name": "None" }, "geometry": { "type": "Point", "coordinates": [ 121.689682006835938, 31.278017044067383 ] } },
{ "type": "Feature", "properties": { "city": "shanghai", "candidate_source": "place_village_hamlet_locality", "id": "11195364987", "osm_type": "node", "place": "village", "landuse": "None", "residential": "None", "name": "None" }, "geometry": { "type": "Point", "coordinates": [ 121.685722351074219, 31.28303337097168 ] } },
{ "type": "Feature", "properties": { "city": "shanghai", "candidate_source": "place_village_hamlet_locality", "id": "13647897244", "osm_type": "node", "place": "village", "landuse": "None", "residential": "None", "name": "None" }, "geometry": { "type": "Point", "coordinates": [ 121.666351318359375, 31.303678512573242 ] } },
{ "type": "Feature", "properties": { "city": "shanghai", "candidate_source": "place_village_hamlet_locality", "id": "5263855484", "osm_type": "node", "place": "village", "landuse": "None", "residential": "None", "name": "None" }, "geometry": { "type": "Point", "coordinates": [ 121.445442199707031, 31.145038604736328 ] } },
{ "type": "Feature", "properties": { "city": "shanghai", "candidate_source": "place_village_hamlet_locality", "id": "11522142777", "osm_type": "node", "place": "village", "landuse": "None", "residential": "None", "name": "None" }, "geometry": { "type": "Point", "coordinates": [ 121.354446411132812, 31.154605865478516 ] } },
{ "type": "Feature", "properties": { "city": "shanghai", "candidate_source": "place_village_hamlet_locality", "id": "11473230580", "osm_type": "node", "place": "village", "landuse": "None", "residential": "None", "name": "None" }, "geometry": { "type": "Point", "coordinates": [ 121.369049072265625, 31.157047271728516 ] } },
{ "type": "Feature", "properties": { "city": "shanghai", "candidate_source": "place_village_hamlet_locality", "id": "5273535397", "osm_type": "node", "place": "village", "landuse": "None", "residential": "None", "name": "None" }, "geometry": { "type": "Point", "coordinates": [ 121.48895263671875, 31.164031982421875 ] } },
{ "type": "Feature", "properties": { "city": "shanghai", "candidate_source": "place_village_hamlet_locality", "id": "11125971675", "osm_type": "node", "place": "village", "landuse": "None", "residential": "None", "name": "None" }, "geometry": { "type": "Point", "coordinates": [ 121.488243103027344, 31.189193725585938 ] } },
{ "type": "Feature", "properties": { "city": "shanghai", "candidate_source": "place_village_hamlet_locality", "id": "11125971689", "osm_type": "node", "place": "village", "landuse": "None", "residential": "None", "name": "None" }, "geometry": { "type": "Point", "coordinates": [ 121.421958923339844, 31.205966949462891 ] } },
{ "type": "Feature", "properties": { "city": "shanghai", "candidate_source": "place_village_hamlet_locality", "id": "8280452400", "osm_type": "node", "place": "locality", "landuse": "None", "residential": "None", "name": "None" }, "geometry": { "type": "Point", "coordinates": [ 121.34881591796875, 31.210269927978516 ] } },
{ "type": "Feature", "properties": { "city": "shanghai", "candidate_source": "place_village_hamlet_locality", "id": "3001439046", "osm_type": "node", "place": "hamlet", "landuse": "None", "residential": "None", "name": "None" }, "geometry": { "type": "Point", "coordinates": [ 121.36639404296875, 31.22596549987793 ] } },
{ "type": "Feature", "properties": { "city": "shanghai", "candidate_source": "place_village_hamlet_locality", "id": "5679921520", "osm_type": "node", "place": "locality", "landuse": "None", "residential": "None", "name": "None" }, "geometry": { "type": "Point", "coordinates": [ 121.488227844238281, 31.227882385253906 ] } },
{ "type": "Feature", "properties": { "city": "shanghai", "candidate_source": "place_village_hamlet_locality", "id": "5259148576", "osm_type": "node", "place": "village", "landuse": "None", "residential": "None", "name": "None" }, "geometry": { "type": "Point", "coordinates": [ 121.422630310058594, 31.231679916381836 ] } },
{ "type": "Feature", "properties": { "city": "shanghai", "candidate_source": "place_village_hamlet_locality", "id": "11127466611", "osm_type": "node", "place": "village", "landuse": "None", "residential": "None", "name": "None" }, "geometry": { "type": "Point", "coordinates": [ 121.559623718261719, 31.137022018432617 ] } },
{ "type": "Feature", "properties": { "city": "shanghai", "candidate_source": "place_village_hamlet_locality", "id": "11107321266", "osm_type": "node", "place": "village", "landuse": "None", "residential": "None", "name": "None" }, "geometry": { "type": "Point", "coordinates": [ 121.560966491699219, 31.155832290649414 ] } },
{ "type": "Feature", "properties": { "city": "shanghai", "candidate_source": "place_village_hamlet_locality", "id": "1270542157", "osm_type": "way", "place": "village", "landuse": "None", "residential": "None", "name": "None" }, "geometry": { "type": "Polygon", "coordinates": [ [ [ 121.516624450683594, 31.166805267333984 ], [ 121.516860961914062, 31.165948867797852 ], [ 121.515937805175781, 31.165836334228516 ], [ 121.515632629394531, 31.166690826416016 ], [ 121.516624450683594, 31.166805267333984 ] ] ] } },
{ "type": "Feature", "properties": { "city": "shanghai", "candidate_source": "place_village_hamlet_locality", "id": "1211523868", "osm_type": "way", "place": "village", "landuse": "None", "residential": "None", "name": "None" }, "geometry": { "type": "Polygon", "coordinates": [ [ [ 121.536056518554688, 31.169357299804688 ], [ 121.537948608398438, 31.170120239257812 ], [ 121.539413452148438, 31.167572021484375 ], [ 121.539413452148438, 31.167472839355469 ], [ 121.539306640625, 31.167448043823242 ], [ 121.536811828613281, 31.167415618896484 ], [ 121.536643981933594, 31.167665481567383 ], [ 121.536300659179688, 31.168117523193359 ], [ 121.535911560058594, 31.168733596801758 ], [ 121.535636901855469, 31.169193267822266 ], [ 121.536056518554688, 31.169357299804688 ] ] ] } },
{ "type": "Feature", "properties": { "city": "shanghai", "candidate_source": "place_village_hamlet_locality", "id": "9520905814", "osm_type": "node", "place": "village", "landuse": "None", "residential": "None", "name": "None" }, "geometry": { "type": "Point", "coordinates": [ 121.513099670410156, 31.18896484375 ] } },
{ "type": "Feature", "properties": { "city": "shanghai", "candidate_source": "place_village_hamlet_locality", "id": "11125971670", "osm_type": "node", "place": "locality", "landuse": "None", "residential": "None", "name": "None" }, "geometry": { "type": "Point", "coordinates": [ 121.541580200195312, 31.202308654785156 ] } },
{ "type": "Feature", "properties": { "city": "shanghai", "candidate_source": "place_village_hamlet_locality", "id": "11107321258", "osm_type": "node", "place": "village", "landuse": "None", "residential": "None", "name": "None" }, "geometry": { "type": "Point", "coordinates": [ 121.532432556152344, 31.209850311279297 ] } },
{ "type": "Feature", "properties": { "city": "shanghai", "candidate_source": "place_village_hamlet_locality", "id": "11107321270", "osm_type": "node", "place": "village", "landuse": "None", "residential": "None", "name": "None" }, "geometry": { "type": "Point", "coordinates": [ 121.514671325683594, 31.211854934692383 ] } },
{ "type": "Feature", "properties": { "city": "shanghai", "candidate_source": "place_village_hamlet_locality", "id": "11125971666", "osm_type": "node", "place": "locality", "landuse": "None", "residential": "None", "name": "None" }, "geometry": { "type": "Point", "coordinates": [ 121.534538269042969, 31.235752105712891 ] } },
{ "type": "Feature", "properties": { "city": "shanghai", "candidate_source": "place_village_hamlet_locality", "id": "10961041533", "osm_type": "node", "place": "village", "landuse": "None", "residential": "None", "name": "None" }, "geometry": { "type": "Point", "coordinates": [ 121.546897888183594, 31.243526458740234 ] } },
{ "type": "Feature", "properties": { "city": "shanghai", "candidate_source": "place_village_hamlet_locality", "id": "11546487507", "osm_type": "node", "place": "village", "landuse": "None", "residential": "None", "name": "None" }, "geometry": { "type": "Point", "coordinates": [ 121.61419677734375, 31.045034408569336 ] } },
{ "type": "Feature", "properties": { "city": "shanghai", "candidate_source": "place_village_hamlet_locality", "id": "11546487544", "osm_type": "node", "place": "village", "landuse": "None", "residential": "None", "name": "None" }, "geometry": { "type": "Point", "coordinates": [ 121.61346435546875, 31.070873260498047 ] } },
{ "type": "Feature", "properties": { "city": "shanghai", "candidate_source": "place_village_hamlet_locality", "id": "11524916669", "osm_type": "node", "place": "hamlet", "landuse": "None", "residential": "None", "name": "None" }, "geometry": { "type": "Point", "coordinates": [ 121.622581481933594, 31.141632080078125 ] } },
{ "type": "Feature", "properties": { "city": "shanghai", "candidate_source": "place_village_hamlet_locality", "id": "11125971676", "osm_type": "node", "place": "village", "landuse": "None", "residential": "None", "name": "None" }, "geometry": { "type": "Point", "coordinates": [ 121.598495483398438, 31.233697891235352 ] } },
{ "type": "Feature", "properties": { "city": "shanghai", "candidate_source": "place_village_hamlet_locality", "id": "11107321290", "osm_type": "node", "place": "village", "landuse": "None", "residential": "None", "name": "None" }, "geometry": { "type": "Point", "coordinates": [ 121.397598266601562, 31.250446319580078 ] } },
{ "type": "Feature", "properties": { "city": "shanghai", "candidate_source": "place_village_hamlet_locality", "id": "7633938115", "osm_type": "node", "place": "hamlet", "landuse": "None", "residential": "None", "name": "None" }, "geometry": { "type": "Point", "coordinates": [ 121.467765808105469, 31.251775741577148 ] } },
{ "type": "Feature", "properties": { "city": "shanghai", "candidate_source": "place_village_hamlet_locality", "id": "7633938107", "osm_type": "node", "place": "hamlet", "landuse": "None", "residential": "None", "name": "None" }, "geometry": { "type": "Point", "coordinates": [ 121.467849731445312, 31.252357482910156 ] } },
{ "type": "Feature", "properties": { "city": "shanghai", "candidate_source": "place_village_hamlet_locality", "id": "11107321298", "osm_type": "node", "place": "village", "landuse": "None", "residential": "None", "name": "None" }, "geometry": { "type": "Point", "coordinates": [ 121.376411437988281, 31.32135009765625 ] } },
{ "type": "Feature", "properties": { "city": "shanghai", "candidate_source": "place_village_hamlet_locality", "id": "11124095636", "osm_type": "node", "place": "hamlet", "landuse": "None", "residential": "None", "name": "None" }, "geometry": { "type": "Point", "coordinates": [ 121.376571655273438, 31.363052368164062 ] } },
{ "type": "Feature", "properties": { "city": "shanghai", "candidate_source": "place_village_hamlet_locality", "id": "11124095637", "osm_type": "node", "place": "hamlet", "landuse": "None", "residential": "None", "name": "None" }, "geometry": { "type": "Point", "coordinates": [ 121.379524230957031, 31.36445426940918 ] } },
{ "type": "Feature", "properties": { "city": "shanghai", "candidate_source": "place_village_hamlet_locality", "id": "11124095638", "osm_type": "node", "place": "hamlet", "landuse": "None", "residential": "None", "name": "None" }, "geometry": { "type": "Point", "coordinates": [ 121.372154235839844, 31.367385864257812 ] } },
{ "type": "Feature", "properties": { "city": "shanghai", "candidate_source": "place_village_hamlet_locality", "id": "11124095645", "osm_type": "node", "place": "hamlet", "landuse": "None", "residential": "None", "name": "None" }, "geometry": { "type": "Point", "coordinates": [ 121.374046325683594, 31.371065139770508 ] } },
{ "type": "Feature", "properties": { "city": "shanghai", "candidate_source": "place_village_hamlet_locality", "id": "11124095639", "osm_type": "node", "place": "hamlet", "landuse": "None", "residential": "None", "name": "None" }, "geometry": { "type": "Point", "coordinates": [ 121.368919372558594, 31.372522354125977 ] } },
{ "type": "Feature", "properties": { "city": "shanghai", "candidate_source": "place_village_hamlet_locality", "id": "11124400225", "osm_type": "node", "place": "hamlet", "landuse": "None", "residential": "None", "name": "None" }, "geometry": { "type": "Point", "coordinates": [ 121.342369079589844, 31.372922897338867 ] } },
{ "type": "Feature", "properties": { "city": "shanghai", "candidate_source": "place_village_hamlet_locality", "id": "11125971664", "osm_type": "node", "place": "locality", "landuse": "None", "residential": "None", "name": "None" }, "geometry": { "type": "Point", "coordinates": [ 121.557991027832031, 31.245790481567383 ] } },
{ "type": "Feature", "properties": { "city": "shanghai", "candidate_source": "place_village_hamlet_locality", "id": "3462763162", "osm_type": "node", "place": "village", "landuse": "None", "residential": "None", "name": "None" }, "geometry": { "type": "Point", "coordinates": [ 121.587005615234375, 31.254270553588867 ] } },
{ "type": "Feature", "properties": { "city": "shanghai", "candidate_source": "place_village_hamlet_locality", "id": "11125971673", "osm_type": "node", "place": "hamlet", "landuse": "None", "residential": "None", "name": "None" }, "geometry": { "type": "Point", "coordinates": [ 121.555984497070312, 31.262218475341797 ] } },
{ "type": "Feature", "properties": { "city": "shanghai", "candidate_source": "place_village_hamlet_locality", "id": "6829343245", "osm_type": "node", "place": "village", "landuse": "None", "residential": "None", "name": "None" }, "geometry": { "type": "Point", "coordinates": [ 121.571495056152344, 31.292608261108398 ] } },
{ "type": "Feature", "properties": { "city": "shanghai", "candidate_source": "place_village_hamlet_locality", "id": "11149799669", "osm_type": "node", "place": "village", "landuse": "None", "residential": "None", "name": "None" }, "geometry": { "type": "Point", "coordinates": [ 121.52801513671875, 31.351446151733398 ] } },
{ "type": "Feature", "properties": { "city": "shanghai", "candidate_source": "place_village_hamlet_locality", "id": "9060530505", "osm_type": "node", "place": "village", "landuse": "None", "residential": "None", "name": "None" }, "geometry": { "type": "Point", "coordinates": [ 121.537818908691406, 31.367507934570312 ] } },
{ "type": "Feature", "properties": { "city": "shanghai", "candidate_source": "place_village_hamlet_locality", "id": "631339416", "osm_type": "node", "place": "village", "landuse": "None", "residential": "None", "name": "None" }, "geometry": { "type": "Point", "coordinates": [ 121.504043579101562, 31.373260498046875 ] } },
{ "type": "Feature", "properties": { "city": "shanghai", "candidate_source": "residential_rural", "id": "851987802", "osm_type": "way", "place": "None", "landuse": "residential", "residential": "rural", "name": "None" }, "geometry": { "type": "Polygon", "coordinates": [ [ [ 121.527168273925781, 31.374135971069336 ], [ 121.527076721191406, 31.374065399169922 ], [ 121.526985168457031, 31.374137878417969 ], [ 121.527076721191406, 31.374210357666016 ], [ 121.527168273925781, 31.374135971069336 ] ] ] } },
{ "type": "Feature", "properties": { "city": "shanghai", "candidate_source": "place_village_hamlet_locality", "id": "11124400226", "osm_type": "node", "place": "hamlet", "landuse": "None", "residential": "None", "name": "None" }, "geometry": { "type": "Point", "coordinates": [ 121.354843139648438, 31.374422073364258 ] } },
{ "type": "Feature", "properties": { "city": "shanghai", "candidate_source": "place_village_hamlet_locality", "id": "11124095643", "osm_type": "node", "place": "hamlet", "landuse": "None", "residential": "None", "name": "None" }, "geometry": { "type": "Point", "coordinates": [ 121.380455017089844, 31.374887466430664 ] } },
{ "type": "Feature", "properties": { "city": "shanghai", "candidate_source": "place_village_hamlet_locality", "id": "11124095641", "osm_type": "node", "place": "hamlet", "landuse": "None", "residential": "None", "name": "None" }, "geometry": { "type": "Point", "coordinates": [ 121.375831604003906, 31.374906539916992 ] } },
{ "type": "Feature", "properties": { "city": "shanghai", "candidate_source": "place_village_hamlet_locality", "id": "11124400224", "osm_type": "node", "place": "hamlet", "landuse": "None", "residential": "None", "name": "None" }, "geometry": { "type": "Point", "coordinates": [ 121.349082946777344, 31.376102447509766 ] } },
{ "type": "Feature", "properties": { "city": "shanghai", "candidate_source": "place_village_hamlet_locality", "id": "11124095644", "osm_type": "node", "place": "hamlet", "landuse": "None", "residential": "None", "name": "None" }, "geometry": { "type": "Point", "coordinates": [ 121.3841552734375, 31.376873016357422 ] } },
{ "type": "Feature", "properties": { "city": "shanghai", "candidate_source": "place_village_hamlet_locality", "id": "11124095642", "osm_type": "node", "place": "hamlet", "landuse": "None", "residential": "None", "name": "None" }, "geometry": { "type": "Point", "coordinates": [ 121.387382507324219, 31.376958847045898 ] } },
{ "type": "Feature", "properties": { "city": "shanghai", "candidate_source": "place_village_hamlet_locality", "id": "11124400223", "osm_type": "node", "place": "hamlet", "landuse": "None", "residential": "None", "name": "None" }, "geometry": { "type": "Point", "coordinates": [ 121.344017028808594, 31.377328872680664 ] } },
{ "type": "Feature", "properties": { "city": "shanghai", "candidate_source": "place_village_hamlet_locality", "id": "11124095640", "osm_type": "node", "place": "hamlet", "landuse": "None", "residential": "None", "name": "None" }, "geometry": { "type": "Point", "coordinates": [ 121.372184753417969, 31.378454208374023 ] } },
{ "type": "Feature", "properties": { "city": "shanghai", "candidate_source": "place_village_hamlet_locality", "id": "11124095646", "osm_type": "node", "place": "hamlet", "landuse": "None", "residential": "None", "name": "None" }, "geometry": { "type": "Point", "coordinates": [ 121.3646240234375, 31.378850936889648 ] } },
{ "type": "Feature", "properties": { "city": "shanghai", "candidate_source": "place_village_hamlet_locality", "id": "11124095647", "osm_type": "node", "place": "hamlet", "landuse": "None", "residential": "None", "name": "None" }, "geometry": { "type": "Point", "coordinates": [ 121.3692626953125, 31.38612174987793 ] } },
{ "type": "Feature", "properties": { "city": "shanghai", "candidate_source": "place_village_hamlet_locality", "id": "11124095648", "osm_type": "node", "place": "hamlet", "landuse": "None", "residential": "None", "name": "None" }, "geometry": { "type": "Point", "coordinates": [ 121.3818359375, 31.390134811401367 ] } },
{ "type": "Feature", "properties": { "city": "shanghai", "candidate_source": "residential_rural", "id": "1503535931", "osm_type": "way", "place": "None", "landuse": "residential", "residential": "rural", "name": "None" }, "geometry": { "type": "Polygon", "coordinates": [ [ [ 121.400527954101562, 31.42329216003418 ], [ 121.400871276855469, 31.422464370727539 ], [ 121.399726867675781, 31.422142028808594 ], [ 121.399505615234375, 31.422540664672852 ], [ 121.399871826171875, 31.422691345214844 ], [ 121.399742126464844, 31.423049926757812 ], [ 121.400527954101562, 31.42329216003418 ] ] ] } },
{ "type": "Feature", "properties": { "city": "shanghai", "candidate_source": "place_village_hamlet_locality", "id": "11149799620", "osm_type": "node", "place": "village", "landuse": "None", "residential": "None", "name": "None" }, "geometry": { "type": "Point", "coordinates": [ 121.399147033691406, 31.453495025634766 ] } }
]
}
