{
"type": "FeatureCollection",
"name": "shenzhen_candidates",
"crs": { "type": "name", "properties": { "name": "urn:ogc:def:crs:OGC:1.3:CRS84" } },
"features": [
{ "type": "Feature", "properties": { "city": "shenzhen", "candidate_source": "place_village_hamlet_locality", "id": "6062366351", "osm_type": "node", "place": "locality", "landuse": "None", "residential": "None", "name": "None" }, "geometry": { "type": "Point", "coordinates": [ 114.51531982421875, 22.456340789794922 ] } },
{ "type": "Feature", "properties": { "city": "shenzhen", "candidate_source": "place_village_hamlet_locality", "id": "6514716376", "osm_type": "node", "place": "hamlet", "landuse": "None", "residential": "None", "name": "None" }, "geometry": { "type": "Point", "coordinates": [ 114.516571044921875, 22.47456169128418 ] } },
{ "type": "Feature", "properties": { "city": "shenzhen", "candidate_source": "place_village_hamlet_locality", "id": "6514716377", "osm_type": "node", "place": "hamlet", "landuse": "None", "residential": "None", "name": "None" }, "geometry": { "type": "Point", "coordinates": [ 114.517967224121094, 22.481719970703125 ] } },
{ "type": "Feature", "properties": { "city": "shenzhen", "candidate_source": "place_village_hamlet_locality", "id": "6514716375", "osm_type": "node", "place": "hamlet", "landuse": "None", "residential": "None", "name": "None" }, "geometry": { "type": "Point", "coordinates": [ 114.52642822265625, 22.482250213623047 ] } },
{ "type": "Feature", "properties": { "city": "shenzhen", "candidate_source": "place_village_hamlet_locality", "id": "5779477237", "osm_type": "node", "place": "hamlet", "landuse": "None", "residential": "None", "name": "None" }, "geometry": { "type": "Point", "coordinates": [ 114.495414733886719, 22.485313415527344 ] } },
{ "type": "Feature", "properties": { "city": "shenzhen", "candidate_source": "place_village_hamlet_locality", "id": "5982563621", "osm_type": "node", "place": "locality", "landuse": "None", "residential": "None", "name": "None" }, "geometry": { "type": "Point", "coordinates": [ 114.51739501953125, 22.485733032226562 ] } },
{ "type": "Feature", "properties": { "city": "shenzhen", "candidate_source": "place_village_hamlet_locality", "id": "5909047923", "osm_type": "node", "place": "hamlet", "landuse": "None", "residential": "None", "name": "None" }, "geometry": { "type": "Point", "coordinates": [ 114.519561767578125, 22.486455917358398 ] } },
{ "type": "Feature", "properties": { "city": "shenzhen", "candidate_source": "place_village_hamlet_locality", "id": "5982563616", "osm_type": "node", "place": "hamlet", "landuse": "None", "residential": "None", "name": "None" }, "geometry": { "type": "Point", "coordinates": [ 114.533317565917969, 22.488040924072266 ] } },
{ "type": "Feature", "properties": { "city": "shenzhen", "candidate_source": "place_village_hamlet_locality", "id": "5447184741", "osm_type": "node", "place": "hamlet", "landuse": "None", "residential": "None", "name": "None" }, "geometry": { "type": "Point", "coordinates": [ 114.519012451171875, 22.488378524780273 ] } },
{ "type": "Feature", "properties": { "city": "shenzhen", "candidate_source": "place_village_hamlet_locality", "id": "5909047922", "osm_type": "node", "place": "locality", "landuse": "None", "residential": "None", "name": "None" }, "geometry": { "type": "Point", "coordinates": [ 114.531639099121094, 22.488521575927734 ] } },
{ "type": "Feature", "properties": { "city": "shenzhen", "candidate_source": "place_village_hamlet_locality", "id": "6514718413", "osm_type": "node", "place": "hamlet", "landuse": "None", "residential": "None", "name": "None" }, "geometry": { "type": "Point", "coordinates": [ 114.57818603515625, 22.491817474365234 ] } },
{ "type": "Feature", "properties": { "city": "shenzhen", "candidate_source": "residential_rural", "id": "406435929", "osm_type": "way", "place": "None", "landuse": "residential", "residential": "rural", "name": "None" }, "geometry": { "type": "Polygon", "coordinates": [ [ [ 114.577384948730469, 22.491596221923828 ], [ 114.57733154296875, 22.491722106933594 ], [ 114.577316284179688, 22.491891860961914 ], [ 114.57720947265625, 22.492439270019531 ], [ 114.577049255371094, 22.492744445800781 ], [ 114.576927185058594, 22.492891311645508 ], [ 114.576789855957031, 22.492942810058594 ], [ 114.576652526855469, 22.493009567260742 ], [ 114.576461791992188, 22.493059158325195 ], [ 114.57635498046875, 22.493179321289062 ], [ 114.576179504394531, 22.493297576904297 ], [ 114.576087951660156, 22.493381500244141 ], [ 114.576034545898438, 22.493488311767578 ], [ 114.575958251953125, 22.493715286254883 ], [ 114.575881958007812, 22.493862152099609 ], [ 114.575843811035156, 22.494049072265625 ], [ 114.575859069824219, 22.494226455688477 ], [ 114.575897216796875, 22.49443244934082 ], [ 114.575920104980469, 22.494573593139648 ], [ 114.576042175292969, 22.494777679443359 ], [ 114.575935363769531, 22.494808197021484 ], [ 114.57568359375, 22.494739532470703 ], [ 114.575584411621094, 22.494701385498047 ], [ 114.575454711914062, 22.494644165039062 ], [ 114.575370788574219, 22.494609832763672 ], [ 114.575294494628906, 22.49458122253418 ], [ 114.575210571289062, 22.494560241699219 ], [ 114.575126647949219, 22.494546890258789 ], [ 114.5750732421875, 22.494543075561523 ], [ 114.574996948242188, 22.494543075561523 ], [ 114.574913024902344, 22.494550704956055 ], [ 114.574836730957031, 22.494565963745117 ], [ 114.57470703125, 22.494607925415039 ], [ 114.5745849609375, 22.494653701782227 ], [ 114.573867797851562, 22.494968414306641 ], [ 114.573677062988281, 22.49505615234375 ], [ 114.573486328125, 22.495149612426758 ], [ 114.573158264160156, 22.495317459106445 ], [ 114.573127746582031, 22.495334625244141 ], [ 114.573089599609375, 22.495353698730469 ], [ 114.573036193847656, 22.495382308959961 ], [ 114.572998046875, 22.495412826538086 ], [ 114.572952270507812, 22.495447158813477 ], [ 114.572891235351562, 22.495494842529297 ], [ 114.572837829589844, 22.49554443359375 ], [ 114.572769165039062, 22.495622634887695 ], [ 114.572601318359375, 22.495830535888672 ], [ 114.572563171386719, 22.495870590209961 ], [ 114.572525024414062, 22.495916366577148 ], [ 114.572463989257812, 22.495965957641602 ], [ 114.572402954101562, 22.496004104614258 ], [ 114.572288513183594, 22.496059417724609 ], [ 114.57220458984375, 22.496086120605469 ], [ 114.572128295898438, 22.496101379394531 ], [ 114.572113037109375, 22.496103286743164 ], [ 114.571914672851562, 22.496120452880859 ], [ 114.571685791015625, 22.496139526367188 ], [ 114.571586608886719, 22.49614143371582 ], [ 114.57147216796875, 22.496135711669922 ], [ 114.571426391601562, 22.496129989624023 ], [ 114.571365356445312, 22.496120452880859 ], [ 114.570335388183594, 22.495986938476562 ], [ 114.570243835449219, 22.495977401733398 ], [ 114.570198059082031, 22.495975494384766 ], [ 114.570152282714844, 22.495975494384766 ], [ 114.569976806640625, 22.49598503112793 ], [ 114.569900512695312, 22.495988845825195 ], [ 114.56982421875, 22.495996475219727 ], [ 114.569686889648438, 22.496025085449219 ], [ 114.56903076171875, 22.496160507202148 ], [ 114.5689697265625, 22.496171951293945 ], [ 114.568641662597656, 22.49622917175293 ], [ 114.567855834960938, 22.496419906616211 ], [ 114.567184448242188, 22.496498107910156 ], [ 114.566848754882812, 22.496749877929688 ], [ 114.567947387695312, 22.497781753540039 ], [ 114.569122314453125, 22.497333526611328 ], [ 114.569328308105469, 22.497520446777344 ], [ 114.569778442382812, 22.497463226318359 ], [ 114.571174621582031, 22.497087478637695 ], [ 114.571571350097656, 22.496622085571289 ], [ 114.572288513183594, 22.496551513671875 ], [ 114.572708129882812, 22.496889114379883 ], [ 114.573722839355469, 22.496896743774414 ], [ 114.573806762695312, 22.496898651123047 ], [ 114.573921203613281, 22.496898651123047 ], [ 114.57440185546875, 22.496591567993164 ], [ 114.574180603027344, 22.496267318725586 ], [ 114.574699401855469, 22.496173858642578 ], [ 114.575096130371094, 22.496122360229492 ], [ 114.575782775878906, 22.495861053466797 ], [ 114.576004028320312, 22.495599746704102 ], [ 114.576194763183594, 22.495273590087891 ], [ 114.576271057128906, 22.495370864868164 ], [ 114.576591491699219, 22.495180130004883 ], [ 114.577751159667969, 22.495254516601562 ], [ 114.578887939453125, 22.4949951171875 ], [ 114.57891845703125, 22.494808197021484 ], [ 114.57940673828125, 22.494516372680664 ], [ 114.579292297363281, 22.494239807128906 ], [ 114.579193115234375, 22.494041442871094 ], [ 114.579017639160156, 22.493869781494141 ], [ 114.57891845703125, 22.493682861328125 ], [ 114.578834533691406, 22.493492126464844 ], [ 114.578437805175781, 22.492532730102539 ], [ 114.577949523925781, 22.491966247558594 ], [ 114.577934265136719, 22.491786956787109 ], [ 114.578125, 22.491550445556641 ], [ 114.578346252441406, 22.49131965637207 ], [ 114.57855224609375, 22.491100311279297 ], [ 114.578620910644531, 22.491147994995117 ], [ 114.578788757324219, 22.490932464599609 ], [ 114.578765869140625, 22.490444183349609 ], [ 114.578704833984375, 22.490177154541016 ], [ 114.578636169433594, 22.490102767944336 ], [ 114.578575134277344, 22.490015029907227 ], [ 114.578437805175781, 22.489889144897461 ], [ 114.578208923339844, 22.490100860595703 ], [ 114.578117370605469, 22.490205764770508 ], [ 114.578094482421875, 22.49024772644043 ], [ 114.578109741210938, 22.490257263183594 ], [ 114.578033447265625, 22.490428924560547 ], [ 114.577926635742188, 22.490633010864258 ], [ 114.577781677246094, 22.490854263305664 ], [ 114.577590942382812, 22.491067886352539 ], [ 114.577484130859375, 22.491199493408203 ], [ 114.577461242675781, 22.491277694702148 ], [ 114.577476501464844, 22.491283416748047 ], [ 114.577438354492188, 22.491395950317383 ], [ 114.577384948730469, 22.491596221923828 ] ] ] } },
{ "type": "Feature", "properties": { "city": "shenzhen", "candidate_source": "place_village_hamlet_locality", "id": "6514718414", "osm_type": "node", "place": "hamlet", "landuse": "None", "residential": "None", "name": "None" }, "geometry": { "type": "Point", "coordinates": [ 114.577720642089844, 22.494314193725586 ] } },
{ "type": "Feature", "properties": { "city": "shenzhen", "candidate_source": "place_village_hamlet_locality", "id": "6514718286", "osm_type": "node", "place": "hamlet", "landuse": "None", "residential": "None", "name": "None" }, "geometry": { "type": "Point", "coordinates": [ 114.54156494140625, 22.495088577270508 ] } },
{ "type": "Feature", "properties": { "city": "shenzhen", "candidate_source": "place_village_hamlet_locality", "id": "5784498223", "osm_type": "node", "place": "locality", "landuse": "None", "residential": "None", "name": "None" }, "geometry": { "type": "Point", "coordinates": [ 114.532020568847656, 22.501501083374023 ] } },
{ "type": "Feature", "properties": { "city": "shenzhen", "candidate_source": "place_village_hamlet_locality", "id": "5982563620", "osm_type": "node", "place": "locality", "landuse": "None", "residential": "None", "name": "None" }, "geometry": { "type": "Point", "coordinates": [ 114.532852172851562, 22.503217697143555 ] } },
{ "type": "Feature", "properties": { "city": "shenzhen", "candidate_source": "place_village_hamlet_locality", "id": "6482339016", "osm_type": "node", "place": "hamlet", "landuse": "None", "residential": "None", "name": "None" }, "geometry": { "type": "Point", "coordinates": [ 114.521575927734375, 22.509750366210938 ] } },
{ "type": "Feature", "properties": { "city": "shenzhen", "candidate_source": "place_village_hamlet_locality", "id": "5626333485", "osm_type": "node", "place": "hamlet", "landuse": "None", "residential": "None", "name": "None" }, "geometry": { "type": "Point", "coordinates": [ 114.497215270996094, 22.515491485595703 ] } },
{ "type": "Feature", "properties": { "city": "shenzhen", "candidate_source": "place_village_hamlet_locality", "id": "5982563619", "osm_type": "node", "place": "hamlet", "landuse": "None", "residential": "None", "name": "None" }, "geometry": { "type": "Point", "coordinates": [ 114.508079528808594, 22.521289825439453 ] } },
{ "type": "Feature", "properties": { "city": "shenzhen", "candidate_source": "place_village_hamlet_locality", "id": "5779477236", "osm_type": "node", "place": "hamlet", "landuse": "None", "residential": "None", "name": "None" }, "geometry": { "type": "Point", "coordinates": [ 114.486732482910156, 22.526569366455078 ] } },
{ "type": "Feature", "properties": { "city": "shenzhen", "candidate_source": "place_village_hamlet_locality", "id": "5982563618", "osm_type": "node", "place": "locality", "landuse": "None", "residential": "None", "name": "None" }, "geometry": { "type": "Point", "coordinates": [ 114.503364562988281, 22.529645919799805 ] } },
{ "type": "Feature", "properties": { "city": "shenzhen", "candidate_source": "place_village_hamlet_locality", "id": "5781007563", "osm_type": "node", "place": "hamlet", "landuse": "None", "residential": "None", "name": "None" }, "geometry": { "type": "Point", "coordinates": [ 114.517509460449219, 22.53211784362793 ] } },
{ "type": "Feature", "properties": { "city": "shenzhen", "candidate_source": "place_village_hamlet_locality", "id": "6482339041", "osm_type": "node", "place": "hamlet", "landuse": "None", "residential": "None", "name": "None" }, "geometry": { "type": "Point", "coordinates": [ 114.487922668457031, 22.53270149230957 ] } },
{ "type": "Feature", "properties": { "city": "shenzhen", "candidate_source": "place_village_hamlet_locality", "id": "11142926684", "osm_type": "node", "place": "village", "landuse": "None", "residential": "None", "name": "None" }, "geometry": { "type": "Point", "coordinates": [ 114.510101318359375, 22.533700942993164 ] } },
{ "type": "Feature", "properties": { "city": "shenzhen", "candidate_source": "place_village_hamlet_locality", "id": "11142926685", "osm_type": "node", "place": "village", "landuse": "None", "residential": "None", "name": "None" }, "geometry": { "type": "Point", "coordinates": [ 114.511825561523438, 22.53485107421875 ] } },
{ "type": "Feature", "properties": { "city": "shenzhen", "candidate_source": "place_village_hamlet_locality", "id": "6482339017", "osm_type": "node", "place": "hamlet", "landuse": "None", "residential": "None", "name": "None" }, "geometry": { "type": "Point", "coordinates": [ 114.491722106933594, 22.537044525146484 ] } },
{ "type": "Feature", "properties": { "city": "shenzhen", "candidate_source": "place_village_hamlet_locality", "id": "5982563613", "osm_type": "node", "place": "locality", "landuse": "None", "residential": "None", "name": "None" }, "geometry": { "type": "Point", "coordinates": [ 114.595138549804688, 22.538814544677734 ] } },
{ "type": "Feature", "properties": { "city": "shenzhen", "candidate_source": "place_village_hamlet_locality", "id": "6482339042", "osm_type": "node", "place": "hamlet", "landuse": "None", "residential": "None", "name": "None" }, "geometry": { "type": "Point", "coordinates": [ 114.488784790039062, 22.539058685302734 ] } },
{ "type": "Feature", "properties": { "city": "shenzhen", "candidate_source": "place_village_hamlet_locality", "id": "5982563614", "osm_type": "node", "place": "locality", "landuse": "None", "residential": "None", "name": "None" }, "geometry": { "type": "Point", "coordinates": [ 114.598541259765625, 22.540594100952148 ] } },
{ "type": "Feature", "properties": { "city": "shenzhen", "candidate_source": "place_village_hamlet_locality", "id": "6482339015", "osm_type": "node", "place": "hamlet", "landuse": "None", "residential": "None", "name": "None" }, "geometry": { "type": "Point", "coordinates": [ 114.480476379394531, 22.540985107421875 ] } },
{ "type": "Feature", "properties": { "city": "shenzhen", "candidate_source": "place_village_hamlet_locality", "id": "5626329894", "osm_type": "node", "place": "locality", "landuse": "None", "residential": "None", "name": "None" }, "geometry": { "type": "Point", "coordinates": [ 114.520950317382812, 22.545072555541992 ] } },
{ "type": "Feature", "properties": { "city": "shenzhen", "candidate_source": "place_village_hamlet_locality", "id": "6482339001", "osm_type": "node", "place": "hamlet", "landuse": "None", "residential": "None", "name": "None" }, "geometry": { "type": "Point", "coordinates": [ 114.48638916015625, 22.545343399047852 ] } },
{ "type": "Feature", "properties": { "city": "shenzhen", "candidate_source": "place_village_hamlet_locality", "id": "5214053378", "osm_type": "node", "place": "hamlet", "landuse": "None", "residential": "None", "name": "None" }, "geometry": { "type": "Point", "coordinates": [ 114.566383361816406, 22.5474853515625 ] } },
{ "type": "Feature", "properties": { "city": "shenzhen", "candidate_source": "place_village_hamlet_locality", "id": "11521409554", "osm_type": "node", "place": "hamlet", "landuse": "None", "residential": "None", "name": "None" }, "geometry": { "type": "Point", "coordinates": [ 114.538795471191406, 22.549613952636719 ] } },
{ "type": "Feature", "properties": { "city": "shenzhen", "candidate_source": "place_village_hamlet_locality", "id": "6482338997", "osm_type": "node", "place": "hamlet", "landuse": "None", "residential": "None", "name": "None" }, "geometry": { "type": "Point", "coordinates": [ 114.521919250488281, 22.554119110107422 ] } },
{ "type": "Feature", "properties": { "city": "shenzhen", "candidate_source": "place_village_hamlet_locality", "id": "6482338990", "osm_type": "node", "place": "hamlet", "landuse": "None", "residential": "None", "name": "None" }, "geometry": { "type": "Point", "coordinates": [ 114.539886474609375, 22.55712890625 ] } },
{ "type": "Feature", "properties": { "city": "shenzhen", "candidate_source": "place_village_hamlet_locality", "id": "6482338996", "osm_type": "node", "place": "hamlet", "landuse": "None", "residential": "None", "name": "None" }, "geometry": { "type": "Point", "coordinates": [ 114.533798217773438, 22.558433532714844 ] } },
{ "type": "Feature", "properties": { "city": "shenzhen", "candidate_source": "place_village_hamlet_locality", "id": "6482338989", "osm_type": "node", "place": "hamlet", "landuse": "None", "residential": "None", "name": "None" }, "geometry": { "type": "Point", "coordinates": [ 114.537185668945312, 22.559480667114258 ] } },
{ "type": "Feature", "properties": { "city": "shenzhen", "candidate_source": "place_village_hamlet_locality", "id": "11521773827", "osm_type": "node", "place": "locality", "landuse": "None", "residential": "None", "name": "None" }, "geometry": { "type": "Point", "coordinates": [ 114.5396728515625, 22.562931060791016 ] } },
{ "type": "Feature", "properties": { "city": "shenzhen", "candidate_source": "place_village_hamlet_locality", "id": "4987618779", "osm_type": "node", "place": "locality", "landuse": "None", "residential": "None", "name": "None" }, "geometry": { "type": "Point", "coordinates": [ 114.192176818847656, 22.554882049560547 ] } },
{ "type": "Feature", "properties": { "city": "shenzhen", "candidate_source": "residential_rural", "id": "1235967374", "osm_type": "way", "place": "None", "landuse": "residential", "residential": "rural", "name": "None" }, "geometry": { "type": "Polygon", "coordinates": [ [ [ 114.288841247558594, 22.589738845825195 ], [ 114.288726806640625, 22.589738845825195 ], [ 114.288726806640625, 22.589727401733398 ], [ 114.288688659667969, 22.589715957641602 ], [ 114.288612365722656, 22.589756011962891 ], [ 114.288429260253906, 22.589714050292969 ], [ 114.288368225097656, 22.58967399597168 ], [ 114.288162231445312, 22.589614868164062 ], [ 114.287918090820312, 22.589565277099609 ], [ 114.287643432617188, 22.589527130126953 ], [ 114.287384033203125, 22.589502334594727 ], [ 114.287345886230469, 22.589509963989258 ], [ 114.287307739257812, 22.589521408081055 ], [ 114.287277221679688, 22.58953857421875 ], [ 114.287246704101562, 22.589580535888672 ], [ 114.287216186523438, 22.58964729309082 ], [ 114.287193298339844, 22.589700698852539 ], [ 114.287178039550781, 22.589752197265625 ], [ 114.287178039550781, 22.589805603027344 ], [ 114.28717041015625, 22.589920043945312 ], [ 114.287162780761719, 22.590005874633789 ], [ 114.287147521972656, 22.590082168579102 ], [ 114.287132263183594, 22.590158462524414 ], [ 114.287094116210938, 22.590274810791016 ], [ 114.287078857421875, 22.590297698974609 ], [ 114.287071228027344, 22.590311050415039 ], [ 114.28704833984375, 22.590322494506836 ], [ 114.287025451660156, 22.590330123901367 ], [ 114.287010192871094, 22.59034538269043 ], [ 114.286994934082031, 22.590372085571289 ], [ 114.286994934082031, 22.590394973754883 ], [ 114.286994934082031, 22.590417861938477 ], [ 114.287010192871094, 22.590435028076172 ], [ 114.287017822265625, 22.590457916259766 ], [ 114.287017822265625, 22.590488433837891 ], [ 114.287017822265625, 22.590513229370117 ], [ 114.286933898925781, 22.590816497802734 ], [ 114.28692626953125, 22.590829849243164 ], [ 114.286918640136719, 22.590841293334961 ], [ 114.286903381347656, 22.590848922729492 ], [ 114.286888122558594, 22.590848922729492 ], [ 114.286872863769531, 22.590843200683594 ], [ 114.286827087402344, 22.590824127197266 ], [ 114.286781311035156, 22.590923309326172 ], [ 114.286964416503906, 22.591030120849609 ], [ 114.286712646484375, 22.591468811035156 ], [ 114.286849975585938, 22.591665267944336 ], [ 114.287155151367188, 22.591888427734375 ], [ 114.287239074707031, 22.591930389404297 ], [ 114.287498474121094, 22.592016220092773 ], [ 114.287643432617188, 22.591968536376953 ], [ 114.287666320800781, 22.591886520385742 ], [ 114.287673950195312, 22.591806411743164 ], [ 114.287712097167969, 22.591762542724609 ], [ 114.287704467773438, 22.591739654541016 ], [ 114.287734985351562, 22.591707229614258 ], [ 114.287590026855469, 22.591630935668945 ], [ 114.287635803222656, 22.591535568237305 ], [ 114.287696838378906, 22.591543197631836 ], [ 114.287750244140625, 22.591531753540039 ], [ 114.287811279296875, 22.59150505065918 ], [ 114.287803649902344, 22.591464996337891 ], [ 114.287864685058594, 22.591445922851562 ], [ 114.287925720214844, 22.591451644897461 ], [ 114.287971496582031, 22.591499328613281 ], [ 114.288040161132812, 22.591426849365234 ], [ 114.288063049316406, 22.591325759887695 ], [ 114.288070678710938, 22.591259002685547 ], [ 114.2880859375, 22.591236114501953 ], [ 114.288078308105469, 22.591154098510742 ], [ 114.288162231445312, 22.591196060180664 ], [ 114.288360595703125, 22.590858459472656 ], [ 114.288368225097656, 22.590837478637695 ], [ 114.288360595703125, 22.5908203125 ], [ 114.288360595703125, 22.590803146362305 ], [ 114.288337707519531, 22.590789794921875 ], [ 114.288352966308594, 22.590764999389648 ], [ 114.288414001464844, 22.590744018554688 ], [ 114.288436889648438, 22.590726852416992 ], [ 114.288726806640625, 22.590263366699219 ], [ 114.288787841796875, 22.590143203735352 ], [ 114.288833618164062, 22.590019226074219 ], [ 114.288848876953125, 22.589912414550781 ], [ 114.288848876953125, 22.589799880981445 ], [ 114.288841247558594, 22.589738845825195 ] ] ] } },
{ "type": "Feature", "properties": { "city": "shenzhen", "candidate_source": "place_village_hamlet_locality", "id": "11039650170", "osm_type": "node", "place": "locality", "landuse": "None", "residential": "None", "name": "None" }, "geometry": { "type": "Point", "coordinates": [ 114.110481262207031, 22.559276580810547 ] } },
{ "type": "Feature", "properties": { "city": "shenzhen", "candidate_source": "residential_rural", "id": "1266682166", "osm_type": "way", "place": "None", "landuse": "residential", "residential": "rural", "name": "None" }, "geometry": { "type": "Polygon", "coordinates": [ [ [ 114.095771789550781, 22.570217132568359 ], [ 114.095680236816406, 22.570714950561523 ], [ 114.095863342285156, 22.570838928222656 ], [ 114.096275329589844, 22.570066452026367 ], [ 114.096572875976562, 22.570192337036133 ], [ 114.096900939941406, 22.569578170776367 ], [ 114.0955810546875, 22.569055557250977 ], [ 114.095291137695312, 22.5689697265625 ], [ 114.09521484375, 22.569000244140625 ], [ 114.095130920410156, 22.569290161132812 ], [ 114.095077514648438, 22.569456100463867 ], [ 114.095039367675781, 22.569559097290039 ], [ 114.095771789550781, 22.570217132568359 ] ] ] } },
{ "type": "Feature", "properties": { "city": "shenzhen", "candidate_source": "place_village_hamlet_locality", "id": "6482359934", "osm_type": "node", "place": "locality", "landuse": "None", "residential": "None", "name": "None" }, "geometry": { "type": "Point", "coordinates": [ 114.150985717773438, 22.554794311523438 ] } },
{ "type": "Feature", "properties": { "city": "shenzhen", "candidate_source": "place_village_hamlet_locality", "id": "3290027625", "osm_type": "node", "place": "hamlet", "landuse": "None", "residential": "None", "name": "None" }, "geometry": { "type": "Point", "coordinates": [ 114.169235229492188, 22.599422454833984 ] } },
{ "type": "Feature", "properties": { "city": "shenzhen", "candidate_source": "residential_rural", "id": "1287930518", "osm_type": "way", "place": "None", "landuse": "residential", "residential": "rural", "name": "None" }, "geometry": { "type": "Polygon", "coordinates": [ [ [ 114.163139343261719, 22.606122970581055 ], [ 114.163711547851562, 22.606399536132812 ], [ 114.163909912109375, 22.60651969909668 ], [ 114.164276123046875, 22.606874465942383 ], [ 114.164535522460938, 22.606729507446289 ], [ 114.164756774902344, 22.606557846069336 ], [ 114.164863586425781, 22.606412887573242 ], [ 114.16510009765625, 22.606281280517578 ], [ 114.165237426757812, 22.606058120727539 ], [ 114.16534423828125, 22.60582160949707 ], [ 114.165275573730469, 22.605789184570312 ], [ 114.165031433105469, 22.605688095092773 ], [ 114.164703369140625, 22.605566024780273 ], [ 114.164192199707031, 22.605401992797852 ], [ 114.163772583007812, 22.605297088623047 ], [ 114.163604736328125, 22.605327606201172 ], [ 114.162910461425781, 22.605955123901367 ], [ 114.163139343261719, 22.606122970581055 ] ] ] } },
{ "type": "Feature", "properties": { "city": "shenzhen", "candidate_source": "place_village_hamlet_locality", "id": "3290027623", "osm_type": "node", "place": "hamlet", "landuse": "None", "residential": "None", "name": "None" }, "geometry": { "type": "Point", "coordinates": [ 114.167152404785156, 22.606956481933594 ] } },
{ "type": "Feature", "properties": { "city": "shenzhen", "candidate_source": "residential_rural", "id": "1287964220", "osm_type": "way", "place": "None", "landuse": "residential", "residential": "rural", "name": "None" }, "geometry": { "type": "Polygon", "coordinates": [ [ [ 114.167953491210938, 22.606426239013672 ], [ 114.168014526367188, 22.606544494628906 ], [ 114.168693542480469, 22.607566833496094 ], [ 114.168724060058594, 22.607940673828125 ], [ 114.168800354003906, 22.608116149902344 ], [ 114.169090270996094, 22.607852935791016 ], [ 114.169990539550781, 22.607454299926758 ], [ 114.170761108398438, 22.607181549072266 ], [ 114.170631408691406, 22.606613159179688 ], [ 114.17041015625, 22.605936050415039 ], [ 114.1702880859375, 22.605987548828125 ], [ 114.170135498046875, 22.606094360351562 ], [ 114.16973876953125, 22.606407165527344 ], [ 114.16949462890625, 22.606502532958984 ], [ 114.169181823730469, 22.606502532958984 ], [ 114.168830871582031, 22.606361389160156 ], [ 114.168670654296875, 22.606317520141602 ], [ 114.168319702148438, 22.606290817260742 ], [ 114.167984008789062, 22.606344223022461 ], [ 114.167953491210938, 22.606426239013672 ] ] ] } },
{ "type": "Feature", "properties": { "city": "shenzhen", "candidate_source": "residential_rural", "id": "1287964221", "osm_type": "way", "place": "None", "landuse": "residential", "residential": "rural", "name": "None" }, "geometry": { "type": "Polygon", "coordinates": [ [ [ 114.1651611328125, 22.606283187866211 ], [ 114.164924621582031, 22.606481552124023 ], [ 114.164634704589844, 22.606773376464844 ], [ 114.164337158203125, 22.606945037841797 ], [ 114.164535522460938, 22.607151031494141 ], [ 114.164894104003906, 22.607383728027344 ], [ 114.165390014648438, 22.607515335083008 ], [ 114.165740966796875, 22.607524871826172 ], [ 114.166168212890625, 22.607706069946289 ], [ 114.166671752929688, 22.608074188232422 ], [ 114.166831970214844, 22.608455657958984 ], [ 114.166847229003906, 22.608894348144531 ], [ 114.167007446289062, 22.609004974365234 ], [ 114.167778015136719, 22.608913421630859 ], [ 114.167800903320312, 22.608619689941406 ], [ 114.168205261230469, 22.608583450317383 ], [ 114.168304443359375, 22.608575820922852 ], [ 114.168350219726562, 22.608572006225586 ], [ 114.168556213378906, 22.608345031738281 ], [ 114.168586730957031, 22.608154296875 ], [ 114.168663024902344, 22.607999801635742 ], [ 114.168647766113281, 22.607606887817383 ], [ 114.168594360351562, 22.607517242431641 ], [ 114.168388366699219, 22.607185363769531 ], [ 114.167915344238281, 22.606464385986328 ], [ 114.167915344238281, 22.606334686279297 ], [ 114.167404174804688, 22.60630989074707 ], [ 114.167129516601562, 22.606256484985352 ], [ 114.166831970214844, 22.606203079223633 ], [ 114.166473388671875, 22.606210708618164 ], [ 114.166191101074219, 22.606193542480469 ], [ 114.165885925292969, 22.606124877929688 ], [ 114.165351867675781, 22.605901718139648 ], [ 114.1651611328125, 22.606283187866211 ] ] ] } },
{ "type": "Feature", "properties": { "city": "shenzhen", "candidate_source": "residential_rural", "id": "380977112", "osm_type": "way", "place": "None", "landuse": "residential", "residential": "rural", "name": "None" }, "geometry": { "type": "Polygon", "coordinates": [ [ [ 114.107826232910156, 22.567661285400391 ], [ 114.107810974121094, 22.568231582641602 ], [ 114.107795715332031, 22.56962776184082 ], [ 114.107810974121094, 22.570732116699219 ], [ 114.107902526855469, 22.571170806884766 ], [ 114.108085632324219, 22.572103500366211 ], [ 114.108123779296875, 22.572284698486328 ], [ 114.109848022460938, 22.573301315307617 ], [ 114.110450744628906, 22.573665618896484 ], [ 114.110176086425781, 22.570358276367188 ], [ 114.110481262207031, 22.569721221923828 ], [ 114.110931396484375, 22.569801330566406 ], [ 114.110931396484375, 22.569561004638672 ], [ 114.110816955566406, 22.568258285522461 ], [ 114.110687255859375, 22.567876815795898 ], [ 114.110458374023438, 22.56733512878418 ], [ 114.110267639160156, 22.566768646240234 ], [ 114.110191345214844, 22.566537857055664 ], [ 114.109848022460938, 22.566577911376953 ], [ 114.109184265136719, 22.566658020019531 ], [ 114.108779907226562, 22.566701889038086 ], [ 114.108406066894531, 22.566741943359375 ], [ 114.108154296875, 22.566768646240234 ], [ 114.107933044433594, 22.566793441772461 ], [ 114.107803344726562, 22.566806793212891 ], [ 114.107658386230469, 22.566972732543945 ], [ 114.107826232910156, 22.567661285400391 ] ] ] } },
{ "type": "Feature", "properties": { "city": "shenzhen", "candidate_source": "residential_rural", "id": "1266682167", "osm_type": "way", "place": "None", "landuse": "residential", "residential": "rural", "name": "None" }, "geometry": { "type": "Polygon", "coordinates": [ [ [ 114.095680236816406, 22.570714950561523 ], [ 114.095680236816406, 22.571084976196289 ], [ 114.095626831054688, 22.571462631225586 ], [ 114.095649719238281, 22.571683883666992 ], [ 114.095672607421875, 22.571861267089844 ], [ 114.096031188964844, 22.57231330871582 ], [ 114.096412658691406, 22.571628570556641 ], [ 114.096199035644531, 22.571231842041016 ], [ 114.095863342285156, 22.570838928222656 ], [ 114.095680236816406, 22.570714950561523 ] ] ] } },
{ "type": "Feature", "properties": { "city": "shenzhen", "candidate_source": "place_village_hamlet_locality", "id": "11422543268", "osm_type": "node", "place": "hamlet", "landuse": "None", "residential": "None", "name": "None" }, "geometry": { "type": "Point", "coordinates": [ 114.102272033691406, 22.592689514160156 ] } },
{ "type": "Feature", "properties": { "city": "shenzhen", "candidate_source": "place_village_hamlet_locality", "id": "11422511115", "osm_type": "node", "place": "hamlet", "landuse": "None", "residential": "None", "name": "None" }, "geometry": { "type": "Point", "coordinates": [ 114.111351013183594, 22.602483749389648 ] } },
{ "type": "Feature", "properties": { "city": "shenzhen", "candidate_source": "place_village_hamlet_locality", "id": "11422512738", "osm_type": "node", "place": "hamlet", "landuse": "None", "residential": "None", "name": "None" }, "geometry": { "type": "Point", "coordinates": [ 114.100296020507812, 22.602531433105469 ] } },
{ "type": "Feature", "properties": { "city": "shenzhen", "candidate_source": "place_village_hamlet_locality", "id": "9398203044", "osm_type": "node", "place": "hamlet", "landuse": "None", "residential": "None", "name": "None" }, "geometry": { "type": "Point", "coordinates": [ 114.10186767578125, 22.605619430541992 ] } },
{ "type": "Feature", "properties": { "city": "shenzhen", "candidate_source": "place_village_hamlet_locality", "id": "9398221203", "osm_type": "node", "place": "hamlet", "landuse": "None", "residential": "None", "name": "None" }, "geometry": { "type": "Point", "coordinates": [ 114.103446960449219, 22.608095169067383 ] } },
{ "type": "Feature", "properties": { "city": "shenzhen", "candidate_source": "place_village_hamlet_locality", "id": "11422521593", "osm_type": "node", "place": "hamlet", "landuse": "None", "residential": "None", "name": "None" }, "geometry": { "type": "Point", "coordinates": [ 114.109054565429688, 22.608217239379883 ] } },
{ "type": "Feature", "properties": { "city": "shenzhen", "candidate_source": "place_village_hamlet_locality", "id": "11422544069", "osm_type": "node", "place": "hamlet", "landuse": "None", "residential": "None", "name": "None" }, "geometry": { "type": "Point", "coordinates": [ 114.095939636230469, 22.608423233032227 ] } },
{ "type": "Feature", "properties": { "city": "shenzhen", "candidate_source": "place_village_hamlet_locality", "id": "11422539597", "osm_type": "node", "place": "hamlet", "landuse": "None", "residential": "None", "name": "None" }, "geometry": { "type": "Point", "coordinates": [ 114.096778869628906, 22.612201690673828 ] } },
{ "type": "Feature", "properties": { "city": "shenzhen", "candidate_source": "place_village_hamlet_locality", "id": "995436676", "osm_type": "way", "place": "village", "landuse": "None", "residential": "None", "name": "None" }, "geometry": { "type": "Polygon", "coordinates": [ [ [ 114.318840026855469, 22.603357315063477 ], [ 114.318977355957031, 22.603593826293945 ], [ 114.318778991699219, 22.603689193725586 ], [ 114.318901062011719, 22.603855133056641 ], [ 114.318740844726562, 22.603925704956055 ], [ 114.318656921386719, 22.604101181030273 ], [ 114.318023681640625, 22.6043701171875 ], [ 114.317825317382812, 22.604021072387695 ], [ 114.317298889160156, 22.604164123535156 ], [ 114.317062377929688, 22.604352951049805 ], [ 114.317070007324219, 22.604396820068359 ], [ 114.318107604980469, 22.605398178100586 ], [ 114.318168640136719, 22.60536003112793 ], [ 114.318191528320312, 22.605319976806641 ], [ 114.318344116210938, 22.605224609375 ], [ 114.318527221679688, 22.605199813842773 ], [ 114.318740844726562, 22.605251312255859 ], [ 114.318748474121094, 22.605398178100586 ], [ 114.318840026855469, 22.60554313659668 ], [ 114.319198608398438, 22.605718612670898 ], [ 114.319473266601562, 22.605424880981445 ], [ 114.31976318359375, 22.605531692504883 ], [ 114.319816589355469, 22.60546875 ], [ 114.319915771484375, 22.605560302734375 ], [ 114.319984436035156, 22.605533599853516 ], [ 114.320396423339844, 22.605783462524414 ], [ 114.320610046386719, 22.605598449707031 ], [ 114.320785522460938, 22.605667114257812 ], [ 114.320816040039062, 22.60563850402832 ], [ 114.321014404296875, 22.605297088623047 ], [ 114.320716857910156, 22.605083465576172 ], [ 114.321060180664062, 22.604709625244141 ], [ 114.320960998535156, 22.604629516601562 ], [ 114.320625305175781, 22.604362487792969 ], [ 114.320198059082031, 22.60395622253418 ], [ 114.320098876953125, 22.603996276855469 ], [ 114.319976806640625, 22.603975296020508 ], [ 114.319786071777344, 22.603809356689453 ], [ 114.319671630859375, 22.603630065917969 ], [ 114.319572448730469, 22.603462219238281 ], [ 114.319343566894531, 22.603267669677734 ], [ 114.319236755371094, 22.603174209594727 ], [ 114.318840026855469, 22.603357315063477 ] ] ] } },
{ "type": "Feature", "properties": { "city": "shenzhen", "candidate_source": "place_village_hamlet_locality", "id": "11495384172", "osm_type": "node", "place": "hamlet", "landuse": "None", "residential": "None", "name": "None" }, "geometry": { "type": "Point", "coordinates": [ 114.351005554199219, 22.611488342285156 ] } },
{ "type": "Feature", "properties": { "city": "shenzhen", "candidate_source": "place_village_hamlet_locality", "id": "5982563654", "osm_type": "node", "place": "hamlet", "landuse": "None", "residential": "None", "name": "None" }, "geometry": { "type": "Point", "coordinates": [ 114.44622802734375, 22.572521209716797 ] } },
{ "type": "Feature", "properties": { "city": "shenzhen", "candidate_source": "place_village_hamlet_locality", "id": "2065798740", "osm_type": "node", "place": "locality", "landuse": "None", "residential": "None", "name": "None" }, "geometry": { "type": "Point", "coordinates": [ 114.441253662109375, 22.587957382202148 ] } },
{ "type": "Feature", "properties": { "city": "shenzhen", "candidate_source": "place_village_hamlet_locality", "id": "6373445973", "osm_type": "node", "place": "hamlet", "landuse": "None", "residential": "None", "name": "None" }, "geometry": { "type": "Point", "coordinates": [ 114.411994934082031, 22.613740921020508 ] } },
{ "type": "Feature", "properties": { "city": "shenzhen", "candidate_source": "place_village_hamlet_locality", "id": "5756364025", "osm_type": "node", "place": "hamlet", "landuse": "None", "residential": "None", "name": "None" }, "geometry": { "type": "Point", "coordinates": [ 114.465118408203125, 22.567285537719727 ] } },
{ "type": "Feature", "properties": { "city": "shenzhen", "candidate_source": "place_village_hamlet_locality", "id": "6482227748", "osm_type": "node", "place": "hamlet", "landuse": "None", "residential": "None", "name": "None" }, "geometry": { "type": "Point", "coordinates": [ 114.500007629394531, 22.569137573242188 ] } },
{ "type": "Feature", "properties": { "city": "shenzhen", "candidate_source": "place_village_hamlet_locality", "id": "6482227752", "osm_type": "node", "place": "hamlet", "landuse": "None", "residential": "None", "name": "None" }, "geometry": { "type": "Point", "coordinates": [ 114.487152099609375, 22.574321746826172 ] } },
{ "type": "Feature", "properties": { "city": "shenzhen", "candidate_source": "place_village_hamlet_locality", "id": "6482227751", "osm_type": "node", "place": "hamlet", "landuse": "None", "residential": "None", "name": "None" }, "geometry": { "type": "Point", "coordinates": [ 114.482490539550781, 22.575290679931641 ] } },
{ "type": "Feature", "properties": { "city": "shenzhen", "candidate_source": "place_village_hamlet_locality", "id": "6482227750", "osm_type": "node", "place": "hamlet", "landuse": "None", "residential": "None", "name": "None" }, "geometry": { "type": "Point", "coordinates": [ 114.481681823730469, 22.575786590576172 ] } },
{ "type": "Feature", "properties": { "city": "shenzhen", "candidate_source": "place_village_hamlet_locality", "id": "6482227749", "osm_type": "node", "place": "hamlet", "landuse": "None", "residential": "None", "name": "None" }, "geometry": { "type": "Point", "coordinates": [ 114.480598449707031, 22.579841613769531 ] } },
{ "type": "Feature", "properties": { "city": "shenzhen", "candidate_source": "place_village_hamlet_locality", "id": "6482227753", "osm_type": "node", "place": "hamlet", "landuse": "None", "residential": "None", "name": "None" }, "geometry": { "type": "Point", "coordinates": [ 114.483497619628906, 22.583440780639648 ] } },
{ "type": "Feature", "properties": { "city": "shenzhen", "candidate_source": "place_village_hamlet_locality", "id": "2065856294", "osm_type": "node", "place": "hamlet", "landuse": "None", "residential": "None", "name": "None" }, "geometry": { "type": "Point", "coordinates": [ 114.476142883300781, 22.590520858764648 ] } },
{ "type": "Feature", "properties": { "city": "shenzhen", "candidate_source": "place_village_hamlet_locality", "id": "5094066074", "osm_type": "node", "place": "hamlet", "landuse": "None", "residential": "None", "name": "None" }, "geometry": { "type": "Point", "coordinates": [ 114.506118774414062, 22.592283248901367 ] } },
{ "type": "Feature", "properties": { "city": "shenzhen", "candidate_source": "place_village_hamlet_locality", "id": "5979090569", "osm_type": "node", "place": "locality", "landuse": "None", "residential": "None", "name": "None" }, "geometry": { "type": "Point", "coordinates": [ 114.468719482421875, 22.635257720947266 ] } },
{ "type": "Feature", "properties": { "city": "shenzhen", "candidate_source": "place_village_hamlet_locality", "id": "6440024872", "osm_type": "node", "place": "locality", "landuse": "None", "residential": "None", "name": "None" }, "geometry": { "type": "Point", "coordinates": [ 114.422584533691406, 22.622230529785156 ] } },
{ "type": "Feature", "properties": { "city": "shenzhen", "candidate_source": "place_village_hamlet_locality", "id": "6440024873", "osm_type": "node", "place": "hamlet", "landuse": "None", "residential": "None", "name": "None" }, "geometry": { "type": "Point", "coordinates": [ 114.416130065917969, 22.622255325317383 ] } },
{ "type": "Feature", "properties": { "city": "shenzhen", "candidate_source": "place_village_hamlet_locality", "id": "6440024856", "osm_type": "node", "place": "hamlet", "landuse": "None", "residential": "None", "name": "None" }, "geometry": { "type": "Point", "coordinates": [ 114.429550170898438, 22.622280120849609 ] } },
{ "type": "Feature", "properties": { "city": "shenzhen", "candidate_source": "place_village_hamlet_locality", "id": "6440024871", "osm_type": "node", "place": "locality", "landuse": "None", "residential": "None", "name": "None" }, "geometry": { "type": "Point", "coordinates": [ 114.423454284667969, 22.622913360595703 ] } },
{ "type": "Feature", "properties": { "city": "shenzhen", "candidate_source": "place_village_hamlet_locality", "id": "5979090570", "osm_type": "node", "place": "locality", "landuse": "None", "residential": "None", "name": "None" }, "geometry": { "type": "Point", "coordinates": [ 114.450309753417969, 22.627584457397461 ] } },
{ "type": "Feature", "properties": { "city": "shenzhen", "candidate_source": "place_village_hamlet_locality", "id": "6440024874", "osm_type": "node", "place": "hamlet", "landuse": "None", "residential": "None", "name": "None" }, "geometry": { "type": "Point", "coordinates": [ 114.416885375976562, 22.628881454467773 ] } },
{ "type": "Feature", "properties": { "city": "shenzhen", "candidate_source": "place_village_hamlet_locality", "id": "979753484", "osm_type": "way", "place": "hamlet", "landuse": "None", "residential": "None", "name": "None" }, "geometry": { "type": "Polygon", "coordinates": [ [ [ 114.404396057128906, 22.629465103149414 ], [ 114.404769897460938, 22.629489898681641 ], [ 114.404838562011719, 22.629283905029297 ], [ 114.405021667480469, 22.629278182983398 ], [ 114.405075073242188, 22.628902435302734 ], [ 114.404830932617188, 22.62877082824707 ], [ 114.404350280761719, 22.628728866577148 ], [ 114.40435791015625, 22.629415512084961 ], [ 114.404396057128906, 22.629465103149414 ] ] ] } },
{ "type": "Feature", "properties": { "city": "shenzhen", "candidate_source": "place_village_hamlet_locality", "id": "6440026094", "osm_type": "node", "place": "hamlet", "landuse": "None", "residential": "None", "name": "None" }, "geometry": { "type": "Point", "coordinates": [ 114.4208984375, 22.631132125854492 ] } },
{ "type": "Feature", "properties": { "city": "shenzhen", "candidate_source": "place_village_hamlet_locality", "id": "6440026086", "osm_type": "node", "place": "hamlet", "landuse": "None", "residential": "None", "name": "None" }, "geometry": { "type": "Point", "coordinates": [ 114.432037353515625, 22.63203239440918 ] } },
{ "type": "Feature", "properties": { "city": "shenzhen", "candidate_source": "place_village_hamlet_locality", "id": "6440026096", "osm_type": "node", "place": "hamlet", "landuse": "None", "residential": "None", "name": "None" }, "geometry": { "type": "Point", "coordinates": [ 114.420867919921875, 22.632587432861328 ] } },
{ "type": "Feature", "properties": { "city": "shenzhen", "candidate_source": "place_village_hamlet_locality", "id": "6440026087", "osm_type": "node", "place": "hamlet", "landuse": "None", "residential": "None", "name": "None" }, "geometry": { "type": "Point", "coordinates": [ 114.430953979492188, 22.632818222045898 ] } },
{ "type": "Feature", "properties": { "city": "shenzhen", "candidate_source": "place_village_hamlet_locality", "id": "6440026097", "osm_type": "node", "place": "hamlet", "landuse": "None", "residential": "None", "name": "None" }, "geometry": { "type": "Point", "coordinates": [ 114.420570373535156, 22.633167266845703 ] } },
{ "type": "Feature", "properties": { "city": "shenzhen", "candidate_source": "place_village_hamlet_locality", "id": "6440026090", "osm_type": "node", "place": "hamlet", "landuse": "None", "residential": "None", "name": "None" }, "geometry": { "type": "Point", "coordinates": [ 114.415969848632812, 22.634559631347656 ] } },
{ "type": "Feature", "properties": { "city": "shenzhen", "candidate_source": "place_village_hamlet_locality", "id": "6440026091", "osm_type": "node", "place": "hamlet", "landuse": "None", "residential": "None", "name": "None" }, "geometry": { "type": "Point", "coordinates": [ 114.414352416992188, 22.634624481201172 ] } },
{ "type": "Feature", "properties": { "city": "shenzhen", "candidate_source": "place_village_hamlet_locality", "id": "6440026092", "osm_type": "node", "place": "hamlet", "landuse": "None", "residential": "None", "name": "None" }, "geometry": { "type": "Point", "coordinates": [ 114.420372009277344, 22.634870529174805 ] } },
{ "type": "Feature", "properties": { "city": "shenzhen", "candidate_source": "place_village_hamlet_locality", "id": "6440026098", "osm_type": "node", "place": "hamlet", "landuse": "None", "residential": "None", "name": "None" }, "geometry": { "type": "Point", "coordinates": [ 114.419334411621094, 22.635034561157227 ] } },
{ "type": "Feature", "properties": { "city": "shenzhen", "candidate_source": "place_village_hamlet_locality", "id": "6440026093", "osm_type": "node", "place": "hamlet", "landuse": "None", "residential": "None", "name": "None" }, "geometry": { "type": "Point", "coordinates": [ 114.421188354492188, 22.636032104492188 ] } },
{ "type": "Feature", "properties": { "city": "shenzhen", "candidate_source": "place_village_hamlet_locality", "id": "2065797555", "osm_type": "node", "place": "hamlet", "landuse": "None", "residential": "None", "name": "None" }, "geometry": { "type": "Point", "coordinates": [ 114.4163818359375, 22.638019561767578 ] } },
{ "type": "Feature", "properties": { "city": "shenzhen", "candidate_source": "place_village_hamlet_locality", "id": "6440026095", "osm_type": "node", "place": "hamlet", "landuse": "None", "residential": "None", "name": "None" }, "geometry": { "type": "Point", "coordinates": [ 114.418350219726562, 22.638893127441406 ] } },
{ "type": "Feature", "properties": { "city": "shenzhen", "candidate_source": "place_village_hamlet_locality", "id": "6035444608", "osm_type": "node", "place": "hamlet", "landuse": "None", "residential": "None", "name": "None" }, "geometry": { "type": "Point", "coordinates": [ 114.440269470214844, 22.642311096191406 ] } },
{ "type": "Feature", "properties": { "city": "shenzhen", "candidate_source": "place_village_hamlet_locality", "id": "6440024848", "osm_type": "node", "place": "hamlet", "landuse": "None", "residential": "None", "name": "None" }, "geometry": { "type": "Point", "coordinates": [ 114.355964660644531, 22.611778259277344 ] } },
{ "type": "Feature", "properties": { "city": "shenzhen", "candidate_source": "place_village_hamlet_locality", "id": "6341177672", "osm_type": "node", "place": "hamlet", "landuse": "None", "residential": "None", "name": "None" }, "geometry": { "type": "Point", "coordinates": [ 114.344062805175781, 22.613920211791992 ] } },
{ "type": "Feature", "properties": { "city": "shenzhen", "candidate_source": "place_village_hamlet_locality", "id": "5360670266", "osm_type": "node", "place": "locality", "landuse": "None", "residential": "None", "name": "None" }, "geometry": { "type": "Point", "coordinates": [ 114.364051818847656, 22.615734100341797 ] } },
{ "type": "Feature", "properties": { "city": "shenzhen", "candidate_source": "place_village_hamlet_locality", "id": "912671497", "osm_type": "way", "place": "hamlet", "landuse": "None", "residential": "None", "name": "None" }, "geometry": { "type": "Polygon", "coordinates": [ [ [ 114.329017639160156, 22.637308120727539 ], [ 114.328773498535156, 22.637107849121094 ], [ 114.328399658203125, 22.636960983276367 ], [ 114.328330993652344, 22.637138366699219 ], [ 114.32861328125, 22.637241363525391 ], [ 114.328659057617188, 22.637311935424805 ], [ 114.328849792480469, 22.637474060058594 ], [ 114.329017639160156, 22.637308120727539 ] ] ] } },
{ "type": "Feature", "properties": { "city": "shenzhen", "candidate_source": "place_village_hamlet_locality", "id": "2065888995", "osm_type": "node", "place": "hamlet", "landuse": "None", "residential": "None", "name": "None" }, "geometry": { "type": "Point", "coordinates": [ 114.327262878417969, 22.639095306396484 ] } },
{ "type": "Feature", "properties": { "city": "shenzhen", "candidate_source": "place_village_hamlet_locality", "id": "8478257182", "osm_type": "node", "place": "hamlet", "landuse": "None", "residential": "None", "name": "None" }, "geometry": { "type": "Point", "coordinates": [ 114.349044799804688, 22.640468597412109 ] } },
{ "type": "Feature", "properties": { "city": "shenzhen", "candidate_source": "place_village_hamlet_locality", "id": "5982509067", "osm_type": "node", "place": "hamlet", "landuse": "None", "residential": "None", "name": "None" }, "geometry": { "type": "Point", "coordinates": [ 114.329154968261719, 22.641937255859375 ] } },
{ "type": "Feature", "properties": { "city": "shenzhen", "candidate_source": "place_village_hamlet_locality", "id": "8478257181", "osm_type": "node", "place": "hamlet", "landuse": "None", "residential": "None", "name": "None" }, "geometry": { "type": "Point", "coordinates": [ 114.348777770996094, 22.64307975769043 ] } },
{ "type": "Feature", "properties": { "city": "shenzhen", "candidate_source": "place_village_hamlet_locality", "id": "8842065527", "osm_type": "node", "place": "hamlet", "landuse": "None", "residential": "None", "name": "None" }, "geometry": { "type": "Point", "coordinates": [ 114.309967041015625, 22.643667221069336 ] } },
{ "type": "Feature", "properties": { "city": "shenzhen", "candidate_source": "place_village_hamlet_locality", "id": "7262711528", "osm_type": "node", "place": "hamlet", "landuse": "None", "residential": "None", "name": "None" }, "geometry": { "type": "Point", "coordinates": [ 114.313377380371094, 22.663398742675781 ] } },
{ "type": "Feature", "properties": { "city": "shenzhen", "candidate_source": "place_village_hamlet_locality", "id": "7254802459", "osm_type": "node", "place": "locality", "landuse": "None", "residential": "None", "name": "None" }, "geometry": { "type": "Point", "coordinates": [ 114.503639221191406, 22.635417938232422 ] } },
{ "type": "Feature", "properties": { "city": "shenzhen", "candidate_source": "place_village_hamlet_locality", "id": "7254802460", "osm_type": "node", "place": "locality", "landuse": "None", "residential": "None", "name": "None" }, "geometry": { "type": "Point", "coordinates": [ 114.50189208984375, 22.635753631591797 ] } },
{ "type": "Feature", "properties": { "city": "shenzhen", "candidate_source": "place_village_hamlet_locality", "id": "10042527488", "osm_type": "node", "place": "locality", "landuse": "None", "residential": "None", "name": "None" }, "geometry": { "type": "Point", "coordinates": [ 114.503242492675781, 22.636119842529297 ] } },
{ "type": "Feature", "properties": { "city": "shenzhen", "candidate_source": "place_village_hamlet_locality", "id": "6440026089", "osm_type": "node", "place": "locality", "landuse": "None", "residential": "None", "name": "None" }, "geometry": { "type": "Point", "coordinates": [ 114.476394653320312, 22.638921737670898 ] } },
{ "type": "Feature", "properties": { "city": "shenzhen", "candidate_source": "place_village_hamlet_locality", "id": "11245510458", "osm_type": "node", "place": "locality", "landuse": "None", "residential": "None", "name": "None" }, "geometry": { "type": "Point", "coordinates": [ 114.495658874511719, 22.643562316894531 ] } },
{ "type": "Feature", "properties": { "city": "shenzhen", "candidate_source": "place_village_hamlet_locality", "id": "5979090565", "osm_type": "node", "place": "locality", "landuse": "None", "residential": "None", "name": "None" }, "geometry": { "type": "Point", "coordinates": [ 114.510704040527344, 22.645156860351562 ] } },
{ "type": "Feature", "properties": { "city": "shenzhen", "candidate_source": "place_village_hamlet_locality", "id": "7254802346", "osm_type": "node", "place": "locality", "landuse": "None", "residential": "None", "name": "None" }, "geometry": { "type": "Point", "coordinates": [ 114.492813110351562, 22.647815704345703 ] } },
{ "type": "Feature", "properties": { "city": "shenzhen", "candidate_source": "place_village_hamlet_locality", "id": "7254802298", "osm_type": "node", "place": "hamlet", "landuse": "None", "residential": "None", "name": "None" }, "geometry": { "type": "Point", "coordinates": [ 114.531181335449219, 22.648128509521484 ] } },
{ "type": "Feature", "properties": { "city": "shenzhen", "candidate_source": "place_village_hamlet_locality", "id": "5979090566", "osm_type": "node", "place": "locality", "landuse": "None", "residential": "None", "name": "None" }, "geometry": { "type": "Point", "coordinates": [ 114.539192199707031, 22.648281097412109 ] } },
{ "type": "Feature", "properties": { "city": "shenzhen", "candidate_source": "place_village_hamlet_locality", "id": "10042527545", "osm_type": "node", "place": "locality", "landuse": "None", "residential": "None", "name": "None" }, "geometry": { "type": "Point", "coordinates": [ 114.519012451171875, 22.648513793945312 ] } },
{ "type": "Feature", "properties": { "city": "shenzhen", "candidate_source": "place_village_hamlet_locality", "id": "5979090567", "osm_type": "node", "place": "locality", "landuse": "None", "residential": "None", "name": "None" }, "geometry": { "type": "Point", "coordinates": [ 114.546157836914062, 22.649127960205078 ] } },
{ "type": "Feature", "properties": { "city": "shenzhen", "candidate_source": "place_village_hamlet_locality", "id": "5858973047", "osm_type": "node", "place": "locality", "landuse": "None", "residential": "None", "name": "None" }, "geometry": { "type": "Point", "coordinates": [ 114.555992126464844, 22.650590896606445 ] } },
{ "type": "Feature", "properties": { "city": "shenzhen", "candidate_source": "place_village_hamlet_locality", "id": "7254802348", "osm_type": "node", "place": "locality", "landuse": "None", "residential": "None", "name": "None" }, "geometry": { "type": "Point", "coordinates": [ 114.489158630371094, 22.651691436767578 ] } },
{ "type": "Feature", "properties": { "city": "shenzhen", "candidate_source": "place_village_hamlet_locality", "id": "5979090556", "osm_type": "node", "place": "locality", "landuse": "None", "residential": "None", "name": "None" }, "geometry": { "type": "Point", "coordinates": [ 114.493492126464844, 22.652639389038086 ] } },
{ "type": "Feature", "properties": { "city": "shenzhen", "candidate_source": "place_village_hamlet_locality", "id": "7254802347", "osm_type": "node", "place": "locality", "landuse": "None", "residential": "None", "name": "None" }, "geometry": { "type": "Point", "coordinates": [ 114.491676330566406, 22.653173446655273 ] } },
{ "type": "Feature", "properties": { "city": "shenzhen", "candidate_source": "place_village_hamlet_locality", "id": "10042527323", "osm_type": "node", "place": "locality", "landuse": "None", "residential": "None", "name": "None" }, "geometry": { "type": "Point", "coordinates": [ 114.491897583007812, 22.653413772583008 ] } },
{ "type": "Feature", "properties": { "city": "shenzhen", "candidate_source": "place_village_hamlet_locality", "id": "7254802302", "osm_type": "node", "place": "locality", "landuse": "None", "residential": "None", "name": "None" }, "geometry": { "type": "Point", "coordinates": [ 114.525825500488281, 22.653739929199219 ] } },
{ "type": "Feature", "properties": { "city": "shenzhen", "candidate_source": "place_village_hamlet_locality", "id": "10042527322", "osm_type": "node", "place": "locality", "landuse": "None", "residential": "None", "name": "None" }, "geometry": { "type": "Point", "coordinates": [ 114.492210388183594, 22.6541748046875 ] } },
{ "type": "Feature", "properties": { "city": "shenzhen", "candidate_source": "place_village_hamlet_locality", "id": "5979090558", "osm_type": "node", "place": "locality", "landuse": "None", "residential": "None", "name": "None" }, "geometry": { "type": "Point", "coordinates": [ 114.492401123046875, 22.654392242431641 ] } },
{ "type": "Feature", "properties": { "city": "shenzhen", "candidate_source": "place_village_hamlet_locality", "id": "10042527321", "osm_type": "node", "place": "locality", "landuse": "None", "residential": "None", "name": "None" }, "geometry": { "type": "Point", "coordinates": [ 114.493095397949219, 22.655181884765625 ] } },
{ "type": "Feature", "properties": { "city": "shenzhen", "candidate_source": "place_village_hamlet_locality", "id": "10042527320", "osm_type": "node", "place": "locality", "landuse": "None", "residential": "None", "name": "None" }, "geometry": { "type": "Point", "coordinates": [ 114.492660522460938, 22.65565299987793 ] } },
{ "type": "Feature", "properties": { "city": "shenzhen", "candidate_source": "place_village_hamlet_locality", "id": "5979090557", "osm_type": "node", "place": "locality", "landuse": "None", "residential": "None", "name": "None" }, "geometry": { "type": "Point", "coordinates": [ 114.492698669433594, 22.65611457824707 ] } },
{ "type": "Feature", "properties": { "city": "shenzhen", "candidate_source": "place_village_hamlet_locality", "id": "7106615040", "osm_type": "node", "place": "locality", "landuse": "None", "residential": "None", "name": "None" }, "geometry": { "type": "Point", "coordinates": [ 114.4912109375, 22.656167984008789 ] } },
{ "type": "Feature", "properties": { "city": "shenzhen", "candidate_source": "place_village_hamlet_locality", "id": "6482134259", "osm_type": "node", "place": "hamlet", "landuse": "None", "residential": "None", "name": "None" }, "geometry": { "type": "Point", "coordinates": [ 114.585762023925781, 22.657642364501953 ] } },
{ "type": "Feature", "properties": { "city": "shenzhen", "candidate_source": "place_village_hamlet_locality", "id": "5979090555", "osm_type": "node", "place": "locality", "landuse": "None", "residential": "None", "name": "None" }, "geometry": { "type": "Point", "coordinates": [ 114.493949890136719, 22.659149169921875 ] } },
{ "type": "Feature", "properties": { "city": "shenzhen", "candidate_source": "place_village_hamlet_locality", "id": "6035444601", "osm_type": "node", "place": "locality", "landuse": "None", "residential": "None", "name": "None" }, "geometry": { "type": "Point", "coordinates": [ 114.498710632324219, 22.661264419555664 ] } },
{ "type": "Feature", "properties": { "city": "shenzhen", "candidate_source": "place_village_hamlet_locality", "id": "10042450807", "osm_type": "node", "place": "locality", "landuse": "None", "residential": "None", "name": "None" }, "geometry": { "type": "Point", "coordinates": [ 114.496116638183594, 22.661378860473633 ] } },
{ "type": "Feature", "properties": { "city": "shenzhen", "candidate_source": "place_village_hamlet_locality", "id": "7656479710", "osm_type": "node", "place": "hamlet", "landuse": "None", "residential": "None", "name": "None" }, "geometry": { "type": "Point", "coordinates": [ 114.3629150390625, 22.664333343505859 ] } },
{ "type": "Feature", "properties": { "city": "shenzhen", "candidate_source": "place_village_hamlet_locality", "id": "7262711529", "osm_type": "node", "place": "hamlet", "landuse": "None", "residential": "None", "name": "None" }, "geometry": { "type": "Point", "coordinates": [ 114.313652038574219, 22.665367126464844 ] } },
{ "type": "Feature", "properties": { "city": "shenzhen", "candidate_source": "place_village_hamlet_locality", "id": "7656479766", "osm_type": "node", "place": "hamlet", "landuse": "None", "residential": "None", "name": "None" }, "geometry": { "type": "Point", "coordinates": [ 114.364006042480469, 22.666301727294922 ] } },
{ "type": "Feature", "properties": { "city": "shenzhen", "candidate_source": "place_village_hamlet_locality", "id": "7262711541", "osm_type": "node", "place": "hamlet", "landuse": "None", "residential": "None", "name": "None" }, "geometry": { "type": "Point", "coordinates": [ 114.322052001953125, 22.671897888183594 ] } },
{ "type": "Feature", "properties": { "city": "shenzhen", "candidate_source": "place_village_hamlet_locality", "id": "7656479767", "osm_type": "node", "place": "hamlet", "landuse": "None", "residential": "None", "name": "None" }, "geometry": { "type": "Point", "coordinates": [ 114.351600646972656, 22.675247192382812 ] } },
{ "type": "Feature", "properties": { "city": "shenzhen", "candidate_source": "residential_rural", "id": "1255938279", "osm_type": "way", "place": "None", "landuse": "residential", "residential": "rural", "name": "None" }, "geometry": { "type": "Polygon", "coordinates": [ [ [ 114.319389343261719, 22.677040100097656 ], [ 114.320159912109375, 22.677082061767578 ], [ 114.321044921875, 22.677331924438477 ], [ 114.321266174316406, 22.676794052124023 ], [ 114.320518493652344, 22.676609039306641 ], [ 114.320411682128906, 22.676923751831055 ], [ 114.319541931152344, 22.676647186279297 ], [ 114.319503784179688, 22.676328659057617 ], [ 114.319747924804688, 22.676406860351562 ], [ 114.3199462890625, 22.676031112670898 ], [ 114.320320129394531, 22.676061630249023 ], [ 114.320938110351562, 22.675621032714844 ], [ 114.320083618164062, 22.675008773803711 ], [ 114.319320678710938, 22.675708770751953 ], [ 114.319084167480469, 22.676095962524414 ], [ 114.319107055664062, 22.67631721496582 ], [ 114.318489074707031, 22.676469802856445 ], [ 114.318389892578125, 22.676113128662109 ], [ 114.317222595214844, 22.676078796386719 ], [ 114.317146301269531, 22.676273345947266 ], [ 114.319389343261719, 22.677040100097656 ] ] ] } },
{ "type": "Feature", "properties": { "city": "shenzhen", "candidate_source": "place_village_hamlet_locality", "id": "7262711531", "osm_type": "node", "place": "hamlet", "landuse": "None", "residential": "None", "name": "None" }, "geometry": { "type": "Point", "coordinates": [ 114.323646545410156, 22.677467346191406 ] } },
{ "type": "Feature", "properties": { "city": "shenzhen", "candidate_source": "place_village_hamlet_locality", "id": "7262711524", "osm_type": "node", "place": "hamlet", "landuse": "None", "residential": "None", "name": "None" }, "geometry": { "type": "Point", "coordinates": [ 114.318206787109375, 22.677518844604492 ] } },
{ "type": "Feature", "properties": { "city": "shenzhen", "candidate_source": "place_village_hamlet_locality", "id": "7656479777", "osm_type": "node", "place": "locality", "landuse": "None", "residential": "None", "name": "None" }, "geometry": { "type": "Point", "coordinates": [ 114.355117797851562, 22.67802619934082 ] } },
{ "type": "Feature", "properties": { "city": "shenzhen", "candidate_source": "place_village_hamlet_locality", "id": "7652465444", "osm_type": "node", "place": "hamlet", "landuse": "None", "residential": "None", "name": "None" }, "geometry": { "type": "Point", "coordinates": [ 114.334739685058594, 22.678585052490234 ] } },
{ "type": "Feature", "properties": { "city": "shenzhen", "candidate_source": "place_village_hamlet_locality", "id": "5432509901", "osm_type": "node", "place": "locality", "landuse": "None", "residential": "None", "name": "None" }, "geometry": { "type": "Point", "coordinates": [ 113.9237060546875, 22.484855651855469 ] } },
{ "type": "Feature", "properties": { "city": "shenzhen", "candidate_source": "place_village_hamlet_locality", "id": "13650287659", "osm_type": "node", "place": "locality", "landuse": "None", "residential": "None", "name": "None" }, "geometry": { "type": "Point", "coordinates": [ 113.875228881835938, 22.494020462036133 ] } },
{ "type": "Feature", "properties": { "city": "shenzhen", "candidate_source": "place_village_hamlet_locality", "id": "5951296013", "osm_type": "node", "place": "hamlet", "landuse": "None", "residential": "None", "name": "None" }, "geometry": { "type": "Point", "coordinates": [ 113.842330932617188, 22.515901565551758 ] } },
{ "type": "Feature", "properties": { "city": "shenzhen", "candidate_source": "place_village_hamlet_locality", "id": "5474807511", "osm_type": "node", "place": "locality", "landuse": "None", "residential": "None", "name": "None" }, "geometry": { "type": "Point", "coordinates": [ 113.9625244140625, 22.535604476928711 ] } },
{ "type": "Feature", "properties": { "city": "shenzhen", "candidate_source": "place_village_hamlet_locality", "id": "5474807509", "osm_type": "node", "place": "locality", "landuse": "None", "residential": "None", "name": "None" }, "geometry": { "type": "Point", "coordinates": [ 113.963668823242188, 22.536930084228516 ] } },
{ "type": "Feature", "properties": { "city": "shenzhen", "candidate_source": "place_village_hamlet_locality", "id": "5474807510", "osm_type": "node", "place": "locality", "landuse": "None", "residential": "None", "name": "None" }, "geometry": { "type": "Point", "coordinates": [ 113.963111877441406, 22.538032531738281 ] } },
{ "type": "Feature", "properties": { "city": "shenzhen", "candidate_source": "place_village_hamlet_locality", "id": "5474807512", "osm_type": "node", "place": "locality", "landuse": "None", "residential": "None", "name": "None" }, "geometry": { "type": "Point", "coordinates": [ 113.962150573730469, 22.538244247436523 ] } },
{ "type": "Feature", "properties": { "city": "shenzhen", "candidate_source": "place_village_hamlet_locality", "id": "8831279378", "osm_type": "node", "place": "village", "landuse": "None", "residential": "None", "name": "None" }, "geometry": { "type": "Point", "coordinates": [ 113.911529541015625, 22.542160034179688 ] } },
{ "type": "Feature", "properties": { "city": "shenzhen", "candidate_source": "place_village_hamlet_locality", "id": "8509045369", "osm_type": "node", "place": "locality", "landuse": "None", "residential": "None", "name": "None" }, "geometry": { "type": "Point", "coordinates": [ 113.934600830078125, 22.54547119140625 ] } },
{ "type": "Feature", "properties": { "city": "shenzhen", "candidate_source": "place_village_hamlet_locality", "id": "5474807507", "osm_type": "node", "place": "locality", "landuse": "None", "residential": "None", "name": "None" }, "geometry": { "type": "Point", "coordinates": [ 113.9652099609375, 22.53546142578125 ] } },
{ "type": "Feature", "properties": { "city": "shenzhen", "candidate_source": "place_village_hamlet_locality", "id": "5474807508", "osm_type": "node", "place": "locality", "landuse": "None", "residential": "None", "name": "None" }, "geometry": { "type": "Point", "coordinates": [ 113.963973999023438, 22.536195755004883 ] } },
{ "type": "Feature", "properties": { "city": "shenzhen", "candidate_source": "place_village_hamlet_locality", "id": "11422511001", "osm_type": "node", "place": "hamlet", "landuse": "None", "residential": "None", "name": "None" }, "geometry": { "type": "Point", "coordinates": [ 113.969902038574219, 22.562917709350586 ] } },
{ "type": "Feature", "properties": { "city": "shenzhen", "candidate_source": "place_village_hamlet_locality", "id": "8597463645", "osm_type": "node", "place": "locality", "landuse": "None", "residential": "None", "name": "None" }, "geometry": { "type": "Point", "coordinates": [ 113.965179443359375, 22.586267471313477 ] } },
{ "type": "Feature", "properties": { "city": "shenzhen", "candidate_source": "place_village_hamlet_locality", "id": "11422499808", "osm_type": "node", "place": "hamlet", "landuse": "None", "residential": "None", "name": "None" }, "geometry": { "type": "Point", "coordinates": [ 113.985076904296875, 22.591123580932617 ] } },
{ "type": "Feature", "properties": { "city": "shenzhen", "candidate_source": "place_village_hamlet_locality", "id": "2065797280", "osm_type": "node", "place": "locality", "landuse": "None", "residential": "None", "name": "None" }, "geometry": { "type": "Point", "coordinates": [ 113.986198425292969, 22.615999221801758 ] } },
{ "type": "Feature", "properties": { "city": "shenzhen", "candidate_source": "residential_rural", "id": "269610374", "osm_type": "way", "place": "None", "landuse": "residential", "residential": "rural", "name": "None" }, "geometry": { "type": "Polygon", "coordinates": [ [ [ 113.984375, 22.666646957397461 ], [ 113.985214233398438, 22.666852951049805 ], [ 113.985321044921875, 22.666732788085938 ], [ 113.98529052734375, 22.666706085205078 ], [ 113.986030578613281, 22.665927886962891 ], [ 113.98602294921875, 22.665903091430664 ], [ 113.986015319824219, 22.665872573852539 ], [ 113.986045837402344, 22.665840148925781 ], [ 113.986106872558594, 22.665767669677734 ], [ 113.986160278320312, 22.665706634521484 ], [ 113.986167907714844, 22.665702819824219 ], [ 113.986198425292969, 22.665668487548828 ], [ 113.98651123046875, 22.665336608886719 ], [ 113.986846923828125, 22.664976119995117 ], [ 113.987068176269531, 22.664745330810547 ], [ 113.986907958984375, 22.664529800415039 ], [ 113.986320495605469, 22.66374397277832 ], [ 113.98590087890625, 22.663293838500977 ], [ 113.985588073730469, 22.663562774658203 ], [ 113.985504150390625, 22.663614273071289 ], [ 113.985481262207031, 22.663644790649414 ], [ 113.985450744628906, 22.663726806640625 ], [ 113.985404968261719, 22.663789749145508 ], [ 113.98529052734375, 22.66387939453125 ], [ 113.985221862792969, 22.663913726806641 ], [ 113.98516845703125, 22.663911819458008 ], [ 113.985122680664062, 22.663913726806641 ], [ 113.985061645507812, 22.663909912109375 ], [ 113.985038757324219, 22.663913726806641 ], [ 113.985000610351562, 22.663925170898438 ], [ 113.984954833984375, 22.663982391357422 ], [ 113.984870910644531, 22.664070129394531 ], [ 113.984809875488281, 22.664152145385742 ], [ 113.984642028808594, 22.664310455322266 ], [ 113.984443664550781, 22.664531707763672 ], [ 113.984428405761719, 22.664554595947266 ], [ 113.984390258789062, 22.664585113525391 ], [ 113.984306335449219, 22.66468620300293 ], [ 113.984161376953125, 22.664833068847656 ], [ 113.984039306640625, 22.664974212646484 ], [ 113.983833312988281, 22.665258407592773 ], [ 113.9837646484375, 22.665382385253906 ], [ 113.98370361328125, 22.665498733520508 ], [ 113.983657836914062, 22.665630340576172 ], [ 113.983627319335938, 22.665655136108398 ], [ 113.983489990234375, 22.665857315063477 ], [ 113.983619689941406, 22.665969848632812 ], [ 113.984375, 22.666646957397461 ] ] ] } },
{ "type": "Feature", "properties": { "city": "shenzhen", "candidate_source": "place_village_hamlet_locality", "id": "11422520129", "osm_type": "node", "place": "locality", "landuse": "None", "residential": "None", "name": "None" }, "geometry": { "type": "Point", "coordinates": [ 113.911033630371094, 22.559309005737305 ] } },
{ "type": "Feature", "properties": { "city": "shenzhen", "candidate_source": "place_village_hamlet_locality", "id": "11422541183", "osm_type": "node", "place": "hamlet", "landuse": "None", "residential": "None", "name": "None" }, "geometry": { "type": "Point", "coordinates": [ 113.917747497558594, 22.570314407348633 ] } },
{ "type": "Feature", "properties": { "city": "shenzhen", "candidate_source": "place_village_hamlet_locality", "id": "13111278892", "osm_type": "node", "place": "village", "landuse": "None", "residential": "None", "name": "None" }, "geometry": { "type": "Point", "coordinates": [ 113.962242126464844, 22.572063446044922 ] } },
{ "type": "Feature", "properties": { "city": "shenzhen", "candidate_source": "place_village_hamlet_locality", "id": "11422538103", "osm_type": "node", "place": "hamlet", "landuse": "None", "residential": "None", "name": "None" }, "geometry": { "type": "Point", "coordinates": [ 113.948654174804688, 22.576494216918945 ] } },
{ "type": "Feature", "properties": { "city": "shenzhen", "candidate_source": "place_village_hamlet_locality", "id": "11422489233", "osm_type": "node", "place": "hamlet", "landuse": "None", "residential": "None", "name": "None" }, "geometry": { "type": "Point", "coordinates": [ 113.947319030761719, 22.584882736206055 ] } },
{ "type": "Feature", "properties": { "city": "shenzhen", "candidate_source": "place_village_hamlet_locality", "id": "237807338", "osm_type": "way", "place": "village", "landuse": "None", "residential": "None", "name": "None" }, "geometry": { "type": "Polygon", "coordinates": [ [ [ 113.950271606445312, 22.588420867919922 ], [ 113.9512939453125, 22.588504791259766 ], [ 113.951461791992188, 22.588235855102539 ], [ 113.951499938964844, 22.587936401367188 ], [ 113.952262878417969, 22.587890625 ], [ 113.952232360839844, 22.587442398071289 ], [ 113.953422546386719, 22.587329864501953 ], [ 113.953590393066406, 22.587133407592773 ], [ 113.9537353515625, 22.587045669555664 ], [ 113.953758239746094, 22.586967468261719 ], [ 113.953598022460938, 22.585868835449219 ], [ 113.951362609863281, 22.586074829101562 ], [ 113.950462341308594, 22.586402893066406 ], [ 113.95013427734375, 22.586427688598633 ], [ 113.95025634765625, 22.588218688964844 ], [ 113.950271606445312, 22.588420867919922 ] ] ] } },
{ "type": "Feature", "properties": { "city": "shenzhen", "candidate_source": "place_village_hamlet_locality", "id": "11422505450", "osm_type": "node", "place": "hamlet", "landuse": "None", "residential": "None", "name": "None" }, "geometry": { "type": "Point", "coordinates": [ 113.962059020996094, 22.58795166015625 ] } },
{ "type": "Feature", "properties": { "city": "shenzhen", "candidate_source": "place_village_hamlet_locality", "id": "11405270952", "osm_type": "node", "place": "hamlet", "landuse": "None", "residential": "None", "name": "None" }, "geometry": { "type": "Point", "coordinates": [ 113.926406860351562, 22.588184356689453 ] } },
{ "type": "Feature", "properties": { "city": "shenzhen", "candidate_source": "place_village_hamlet_locality", "id": "11405252964", "osm_type": "node", "place": "hamlet", "landuse": "None", "residential": "None", "name": "None" }, "geometry": { "type": "Point", "coordinates": [ 113.941215515136719, 22.591318130493164 ] } },
{ "type": "Feature", "properties": { "city": "shenzhen", "candidate_source": "place_village_hamlet_locality", "id": "11405257131", "osm_type": "node", "place": "locality", "landuse": "None", "residential": "None", "name": "None" }, "geometry": { "type": "Point", "coordinates": [ 113.956268310546875, 22.612926483154297 ] } },
{ "type": "Feature", "properties": { "city": "shenzhen", "candidate_source": "place_village_hamlet_locality", "id": "11533772095", "osm_type": "node", "place": "hamlet", "landuse": "None", "residential": "None", "name": "None" }, "geometry": { "type": "Point", "coordinates": [ 113.923721313476562, 22.618368148803711 ] } },
{ "type": "Feature", "properties": { "city": "shenzhen", "candidate_source": "place_village_hamlet_locality", "id": "11422546770", "osm_type": "node", "place": "hamlet", "landuse": "None", "residential": "None", "name": "None" }, "geometry": { "type": "Point", "coordinates": [ 113.837478637695312, 22.625802993774414 ] } },
{ "type": "Feature", "properties": { "city": "shenzhen", "candidate_source": "place_village_hamlet_locality", "id": "11422544072", "osm_type": "node", "place": "hamlet", "landuse": "None", "residential": "None", "name": "None" }, "geometry": { "type": "Point", "coordinates": [ 113.834869384765625, 22.625848770141602 ] } },
{ "type": "Feature", "properties": { "city": "shenzhen", "candidate_source": "place_village_hamlet_locality", "id": "11245469506", "osm_type": "node", "place": "hamlet", "landuse": "None", "residential": "None", "name": "None" }, "geometry": { "type": "Point", "coordinates": [ 113.936492919921875, 22.626392364501953 ] } },
{ "type": "Feature", "properties": { "city": "shenzhen", "candidate_source": "place_village_hamlet_locality", "id": "11405254907", "osm_type": "node", "place": "hamlet", "landuse": "None", "residential": "None", "name": "None" }, "geometry": { "type": "Point", "coordinates": [ 113.855186462402344, 22.627838134765625 ] } },
{ "type": "Feature", "properties": { "city": "shenzhen", "candidate_source": "place_village_hamlet_locality", "id": "11422493856", "osm_type": "node", "place": "hamlet", "landuse": "None", "residential": "None", "name": "None" }, "geometry": { "type": "Point", "coordinates": [ 113.838478088378906, 22.62806510925293 ] } },
{ "type": "Feature", "properties": { "city": "shenzhen", "candidate_source": "place_village_hamlet_locality", "id": "11422545198", "osm_type": "node", "place": "hamlet", "landuse": "None", "residential": "None", "name": "None" }, "geometry": { "type": "Point", "coordinates": [ 113.840667724609375, 22.629888534545898 ] } },
{ "type": "Feature", "properties": { "city": "shenzhen", "candidate_source": "place_village_hamlet_locality", "id": "11422541409", "osm_type": "node", "place": "hamlet", "landuse": "None", "residential": "None", "name": "None" }, "geometry": { "type": "Point", "coordinates": [ 113.826179504394531, 22.63914680480957 ] } },
{ "type": "Feature", "properties": { "city": "shenzhen", "candidate_source": "place_village_hamlet_locality", "id": "11262411826", "osm_type": "node", "place": "hamlet", "landuse": "None", "residential": "None", "name": "None" }, "geometry": { "type": "Point", "coordinates": [ 113.948677062988281, 22.639348983764648 ] } },
{ "type": "Feature", "properties": { "city": "shenzhen", "candidate_source": "place_village_hamlet_locality", "id": "11142858319", "osm_type": "node", "place": "village", "landuse": "None", "residential": "None", "name": "None" }, "geometry": { "type": "Point", "coordinates": [ 113.95965576171875, 22.639858245849609 ] } },
{ "type": "Feature", "properties": { "city": "shenzhen", "candidate_source": "place_village_hamlet_locality", "id": "11142858324", "osm_type": "node", "place": "hamlet", "landuse": "None", "residential": "None", "name": "None" }, "geometry": { "type": "Point", "coordinates": [ 113.940238952636719, 22.646804809570312 ] } },
{ "type": "Feature", "properties": { "city": "shenzhen", "candidate_source": "place_village_hamlet_locality", "id": "11581044890", "osm_type": "node", "place": "hamlet", "landuse": "None", "residential": "None", "name": "None" }, "geometry": { "type": "Point", "coordinates": [ 113.859642028808594, 22.647989273071289 ] } },
{ "type": "Feature", "properties": { "city": "shenzhen", "candidate_source": "place_village_hamlet_locality", "id": "11581098568", "osm_type": "node", "place": "locality", "landuse": "None", "residential": "None", "name": "None" }, "geometry": { "type": "Point", "coordinates": [ 113.901618957519531, 22.648590087890625 ] } },
{ "type": "Feature", "properties": { "city": "shenzhen", "candidate_source": "place_village_hamlet_locality", "id": "11422522058", "osm_type": "node", "place": "locality", "landuse": "None", "residential": "None", "name": "None" }, "geometry": { "type": "Point", "coordinates": [ 113.881294250488281, 22.651525497436523 ] } },
{ "type": "Feature", "properties": { "city": "shenzhen", "candidate_source": "place_village_hamlet_locality", "id": "2065800610", "osm_type": "node", "place": "hamlet", "landuse": "None", "residential": "None", "name": "None" }, "geometry": { "type": "Point", "coordinates": [ 113.857841491699219, 22.651960372924805 ] } },
{ "type": "Feature", "properties": { "city": "shenzhen", "candidate_source": "place_village_hamlet_locality", "id": "11422501465", "osm_type": "node", "place": "locality", "landuse": "None", "residential": "None", "name": "None" }, "geometry": { "type": "Point", "coordinates": [ 113.889785766601562, 22.652070999145508 ] } },
{ "type": "Feature", "properties": { "city": "shenzhen", "candidate_source": "place_village_hamlet_locality", "id": "2065819528", "osm_type": "node", "place": "hamlet", "landuse": "None", "residential": "None", "name": "None" }, "geometry": { "type": "Point", "coordinates": [ 113.920539855957031, 22.652114868164062 ] } },
{ "type": "Feature", "properties": { "city": "shenzhen", "candidate_source": "place_village_hamlet_locality", "id": "11422538104", "osm_type": "node", "place": "locality", "landuse": "None", "residential": "None", "name": "None" }, "geometry": { "type": "Point", "coordinates": [ 113.887977600097656, 22.654485702514648 ] } },
{ "type": "Feature", "properties": { "city": "shenzhen", "candidate_source": "residential_rural", "id": "1308113006", "osm_type": "way", "place": "None", "landuse": "residential", "residential": "rural", "name": "None" }, "geometry": { "type": "Polygon", "coordinates": [ [ [ 113.909782409667969, 22.658395767211914 ], [ 113.909812927246094, 22.658483505249023 ], [ 113.911018371582031, 22.658424377441406 ], [ 113.911201477050781, 22.658288955688477 ], [ 113.911224365234375, 22.658134460449219 ], [ 113.9112548828125, 22.657983779907227 ], [ 113.91131591796875, 22.657838821411133 ], [ 113.911384582519531, 22.657697677612305 ], [ 113.911468505859375, 22.657566070556641 ], [ 113.91363525390625, 22.654901504516602 ], [ 113.912986755371094, 22.65443229675293 ], [ 113.913429260253906, 22.653717041015625 ], [ 113.91278076171875, 22.653450012207031 ], [ 113.912399291992188, 22.653293609619141 ], [ 113.912223815917969, 22.65367317199707 ], [ 113.912124633789062, 22.653928756713867 ], [ 113.911842346191406, 22.654090881347656 ], [ 113.911628723144531, 22.654346466064453 ], [ 113.911514282226562, 22.654733657836914 ], [ 113.911529541015625, 22.655759811401367 ], [ 113.911781311035156, 22.655988693237305 ], [ 113.911468505859375, 22.656436920166016 ], [ 113.911392211914062, 22.656389236450195 ], [ 113.911277770996094, 22.656532287597656 ], [ 113.911155700683594, 22.656450271606445 ], [ 113.909858703613281, 22.658342361450195 ], [ 113.909782409667969, 22.658395767211914 ] ] ] } },
{ "type": "Feature", "properties": { "city": "shenzhen", "candidate_source": "place_village_hamlet_locality", "id": "11142858320", "osm_type": "node", "place": "locality", "landuse": "None", "residential": "None", "name": "None" }, "geometry": { "type": "Point", "coordinates": [ 113.956832885742188, 22.661163330078125 ] } },
{ "type": "Feature", "properties": { "city": "shenzhen", "candidate_source": "place_village_hamlet_locality", "id": "11581038196", "osm_type": "node", "place": "hamlet", "landuse": "None", "residential": "None", "name": "None" }, "geometry": { "type": "Point", "coordinates": [ 113.858009338378906, 22.661338806152344 ] } },
{ "type": "Feature", "properties": { "city": "shenzhen", "candidate_source": "residential_rural", "id": "268835745", "osm_type": "way", "place": "None", "landuse": "residential", "residential": "rural", "name": "None" }, "geometry": { "type": "Polygon", "coordinates": [ [ [ 113.913902282714844, 22.663976669311523 ], [ 113.913902282714844, 22.663772583007812 ], [ 113.913925170898438, 22.661943435668945 ], [ 113.913192749023438, 22.661510467529297 ], [ 113.91204833984375, 22.660839080810547 ], [ 113.911766052246094, 22.660833358764648 ], [ 113.911941528320312, 22.663936614990234 ], [ 113.913902282714844, 22.663976669311523 ] ] ] } },
{ "type": "Feature", "properties": { "city": "shenzhen", "candidate_source": "place_village_hamlet_locality", "id": "2065805869", "osm_type": "node", "place": "hamlet", "landuse": "None", "residential": "None", "name": "None" }, "geometry": { "type": "Point", "coordinates": [ 113.912704467773438, 22.662515640258789 ] } },
{ "type": "Feature", "properties": { "city": "shenzhen", "candidate_source": "place_village_hamlet_locality", "id": "6354202228", "osm_type": "node", "place": "locality", "landuse": "None", "residential": "None", "name": "None" }, "geometry": { "type": "Point", "coordinates": [ 113.96380615234375, 22.665187835693359 ] } },
{ "type": "Feature", "properties": { "city": "shenzhen", "candidate_source": "place_village_hamlet_locality", "id": "11245538370", "osm_type": "node", "place": "locality", "landuse": "None", "residential": "None", "name": "None" }, "geometry": { "type": "Point", "coordinates": [ 113.926261901855469, 22.665678024291992 ] } },
{ "type": "Feature", "properties": { "city": "shenzhen", "candidate_source": "place_village_hamlet_locality", "id": "11245513822", "osm_type": "node", "place": "hamlet", "landuse": "None", "residential": "None", "name": "None" }, "geometry": { "type": "Point", "coordinates": [ 113.942718505859375, 22.669399261474609 ] } },
{ "type": "Feature", "properties": { "city": "shenzhen", "candidate_source": "place_village_hamlet_locality", "id": "11340915707", "osm_type": "node", "place": "hamlet", "landuse": "None", "residential": "None", "name": "None" }, "geometry": { "type": "Point", "coordinates": [ 113.886726379394531, 22.671003341674805 ] } },
{ "type": "Feature", "properties": { "city": "shenzhen", "candidate_source": "place_village_hamlet_locality", "id": "13093819129", "osm_type": "node", "place": "village", "landuse": "None", "residential": "None", "name": "None" }, "geometry": { "type": "Point", "coordinates": [ 113.931594848632812, 22.673973083496094 ] } },
{ "type": "Feature", "properties": { "city": "shenzhen", "candidate_source": "place_village_hamlet_locality", "id": "11422528690", "osm_type": "node", "place": "village", "landuse": "None", "residential": "None", "name": "None" }, "geometry": { "type": "Point", "coordinates": [ 113.929161071777344, 22.675174713134766 ] } },
{ "type": "Feature", "properties": { "city": "shenzhen", "candidate_source": "place_village_hamlet_locality", "id": "11704691313", "osm_type": "node", "place": "hamlet", "landuse": "None", "residential": "None", "name": "None" }, "geometry": { "type": "Point", "coordinates": [ 113.936050415039062, 22.675912857055664 ] } },
{ "type": "Feature", "properties": { "city": "shenzhen", "candidate_source": "place_village_hamlet_locality", "id": "10669078174", "osm_type": "node", "place": "hamlet", "landuse": "None", "residential": "None", "name": "None" }, "geometry": { "type": "Point", "coordinates": [ 114.046455383300781, 22.523471832275391 ] } },
{ "type": "Feature", "properties": { "city": "shenzhen", "candidate_source": "place_village_hamlet_locality", "id": "10669078190", "osm_type": "node", "place": "hamlet", "landuse": "None", "residential": "None", "name": "None" }, "geometry": { "type": "Point", "coordinates": [ 114.041847229003906, 22.529144287109375 ] } },
{ "type": "Feature", "properties": { "city": "shenzhen", "candidate_source": "residential_rural", "id": "1258137627", "osm_type": "way", "place": "None", "landuse": "residential", "residential": "rural", "name": "None" }, "geometry": { "type": "Polygon", "coordinates": [ [ [ 114.0899658203125, 22.539199829101562 ], [ 114.090560913085938, 22.539215087890625 ], [ 114.090576171875, 22.538303375244141 ], [ 114.090011596679688, 22.538288116455078 ], [ 114.089981079101562, 22.538566589355469 ], [ 114.0899658203125, 22.539199829101562 ] ] ] } },
{ "type": "Feature", "properties": { "city": "shenzhen", "candidate_source": "place_village_hamlet_locality", "id": "13233950686", "osm_type": "node", "place": "locality", "landuse": "None", "residential": "None", "name": "None" }, "geometry": { "type": "Point", "coordinates": [ 114.054779052734375, 22.529024124145508 ] } },
{ "type": "Feature", "properties": { "city": "shenzhen", "candidate_source": "place_village_hamlet_locality", "id": "13233950687", "osm_type": "node", "place": "locality", "landuse": "None", "residential": "None", "name": "None" }, "geometry": { "type": "Point", "coordinates": [ 114.055030822753906, 22.529245376586914 ] } },
{ "type": "Feature", "properties": { "city": "shenzhen", "candidate_source": "place_village_hamlet_locality", "id": "11389587445", "osm_type": "node", "place": "hamlet", "landuse": "None", "residential": "None", "name": "None" }, "geometry": { "type": "Point", "coordinates": [ 114.058174133300781, 22.615123748779297 ] } },
{ "type": "Feature", "properties": { "city": "shenzhen", "candidate_source": "place_village_hamlet_locality", "id": "11389594386", "osm_type": "node", "place": "hamlet", "landuse": "None", "residential": "None", "name": "None" }, "geometry": { "type": "Point", "coordinates": [ 114.058128356933594, 22.621784210205078 ] } },
{ "type": "Feature", "properties": { "city": "shenzhen", "candidate_source": "place_village_hamlet_locality", "id": "11389603259", "osm_type": "node", "place": "hamlet", "landuse": "None", "residential": "None", "name": "None" }, "geometry": { "type": "Point", "coordinates": [ 114.061103820800781, 22.624181747436523 ] } },
{ "type": "Feature", "properties": { "city": "shenzhen", "candidate_source": "place_village_hamlet_locality", "id": "11422520809", "osm_type": "node", "place": "hamlet", "landuse": "None", "residential": "None", "name": "None" }, "geometry": { "type": "Point", "coordinates": [ 114.06805419921875, 22.624931335449219 ] } },
{ "type": "Feature", "properties": { "city": "shenzhen", "candidate_source": "place_village_hamlet_locality", "id": "11422543782", "osm_type": "node", "place": "hamlet", "landuse": "None", "residential": "None", "name": "None" }, "geometry": { "type": "Point", "coordinates": [ 114.069061279296875, 22.626562118530273 ] } },
{ "type": "Feature", "properties": { "city": "shenzhen", "candidate_source": "place_village_hamlet_locality", "id": "11262208531", "osm_type": "node", "place": "hamlet", "landuse": "None", "residential": "None", "name": "None" }, "geometry": { "type": "Point", "coordinates": [ 114.057929992675781, 22.626832962036133 ] } },
{ "type": "Feature", "properties": { "city": "shenzhen", "candidate_source": "place_village_hamlet_locality", "id": "11422528688", "osm_type": "node", "place": "hamlet", "landuse": "None", "residential": "None", "name": "None" }, "geometry": { "type": "Point", "coordinates": [ 114.067848205566406, 22.628385543823242 ] } },
{ "type": "Feature", "properties": { "city": "shenzhen", "candidate_source": "place_village_hamlet_locality", "id": "1425710363", "osm_type": "way", "place": "village", "landuse": "None", "residential": "None", "name": "None" }, "geometry": { "type": "Polygon", "coordinates": [ [ [ 114.065475463867188, 22.634185791015625 ], [ 114.066551208496094, 22.634197235107422 ], [ 114.06658935546875, 22.633125305175781 ], [ 114.06793212890625, 22.633096694946289 ], [ 114.067916870117188, 22.63337516784668 ], [ 114.0693359375, 22.633430480957031 ], [ 114.069549560546875, 22.632240295410156 ], [ 114.069938659667969, 22.632268905639648 ], [ 114.069877624511719, 22.631807327270508 ], [ 114.069480895996094, 22.630828857421875 ], [ 114.065689086914062, 22.630802154541016 ], [ 114.065597534179688, 22.632223129272461 ], [ 114.065238952636719, 22.633148193359375 ], [ 114.064155578613281, 22.635601043701172 ], [ 114.064804077148438, 22.635801315307617 ], [ 114.065475463867188, 22.634185791015625 ] ] ] } },
{ "type": "Feature", "properties": { "city": "shenzhen", "candidate_source": "place_village_hamlet_locality", "id": "11015858969", "osm_type": "node", "place": "hamlet", "landuse": "None", "residential": "None", "name": "None" }, "geometry": { "type": "Point", "coordinates": [ 114.046134948730469, 22.600744247436523 ] } },
{ "type": "Feature", "properties": { "city": "shenzhen", "candidate_source": "place_village_hamlet_locality", "id": "10976892639", "osm_type": "node", "place": "hamlet", "landuse": "None", "residential": "None", "name": "None" }, "geometry": { "type": "Point", "coordinates": [ 114.031974792480469, 22.607095718383789 ] } },
{ "type": "Feature", "properties": { "city": "shenzhen", "candidate_source": "place_village_hamlet_locality", "id": "10976899881", "osm_type": "node", "place": "hamlet", "landuse": "None", "residential": "None", "name": "None" }, "geometry": { "type": "Point", "coordinates": [ 114.040328979492188, 22.610933303833008 ] } },
{ "type": "Feature", "properties": { "city": "shenzhen", "candidate_source": "place_village_hamlet_locality", "id": "11246784032", "osm_type": "node", "place": "locality", "landuse": "None", "residential": "None", "name": "None" }, "geometry": { "type": "Point", "coordinates": [ 114.031150817871094, 22.613258361816406 ] } },
{ "type": "Feature", "properties": { "city": "shenzhen", "candidate_source": "place_village_hamlet_locality", "id": "11246784033", "osm_type": "node", "place": "locality", "landuse": "None", "residential": "None", "name": "None" }, "geometry": { "type": "Point", "coordinates": [ 114.034072875976562, 22.615333557128906 ] } },
{ "type": "Feature", "properties": { "city": "shenzhen", "candidate_source": "place_village_hamlet_locality", "id": "11262426275", "osm_type": "node", "place": "hamlet", "landuse": "None", "residential": "None", "name": "None" }, "geometry": { "type": "Point", "coordinates": [ 114.034431457519531, 22.618867874145508 ] } },
{ "type": "Feature", "properties": { "city": "shenzhen", "candidate_source": "place_village_hamlet_locality", "id": "10976894979", "osm_type": "node", "place": "hamlet", "landuse": "None", "residential": "None", "name": "None" }, "geometry": { "type": "Point", "coordinates": [ 114.0313720703125, 22.620449066162109 ] } },
{ "type": "Feature", "properties": { "city": "shenzhen", "candidate_source": "place_village_hamlet_locality", "id": "10976883952", "osm_type": "node", "place": "hamlet", "landuse": "None", "residential": "None", "name": "None" }, "geometry": { "type": "Point", "coordinates": [ 114.037765502929688, 22.622461318969727 ] } },
{ "type": "Feature", "properties": { "city": "shenzhen", "candidate_source": "place_village_hamlet_locality", "id": "13015528873", "osm_type": "node", "place": "hamlet", "landuse": "None", "residential": "None", "name": "None" }, "geometry": { "type": "Point", "coordinates": [ 114.025314331054688, 22.624868392944336 ] } },
{ "type": "Feature", "properties": { "city": "shenzhen", "candidate_source": "place_village_hamlet_locality", "id": "10976901233", "osm_type": "node", "place": "locality", "landuse": "None", "residential": "None", "name": "None" }, "geometry": { "type": "Point", "coordinates": [ 114.029243469238281, 22.625713348388672 ] } },
{ "type": "Feature", "properties": { "city": "shenzhen", "candidate_source": "residential_rural", "id": "1266682165", "osm_type": "way", "place": "None", "landuse": "residential", "residential": "rural", "name": "None" }, "geometry": { "type": "Polygon", "coordinates": [ [ [ 114.091949462890625, 22.569595336914062 ], [ 114.091995239257812, 22.569561004638672 ], [ 114.092147827148438, 22.569677352905273 ], [ 114.092277526855469, 22.569677352905273 ], [ 114.092453002929688, 22.569795608520508 ], [ 114.092582702636719, 22.569942474365234 ], [ 114.092582702636719, 22.570096969604492 ], [ 114.093132019042969, 22.570158004760742 ], [ 114.093284606933594, 22.570158004760742 ], [ 114.094306945800781, 22.569963455200195 ], [ 114.094406127929688, 22.569934844970703 ], [ 114.094459533691406, 22.569906234741211 ], [ 114.094512939453125, 22.569866180419922 ], [ 114.094841003417969, 22.569501876831055 ], [ 114.094879150390625, 22.569442749023438 ], [ 114.095001220703125, 22.569047927856445 ], [ 114.095001220703125, 22.568887710571289 ], [ 114.09417724609375, 22.568914413452148 ], [ 114.093368530273438, 22.569087982177734 ], [ 114.091751098632812, 22.569406509399414 ], [ 114.091949462890625, 22.569595336914062 ] ] ] } },
{ "type": "Feature", "properties": { "city": "shenzhen", "candidate_source": "residential_rural", "id": "1266682173", "osm_type": "way", "place": "None", "landuse": "residential", "residential": "rural", "name": "None" }, "geometry": { "type": "Polygon", "coordinates": [ [ [ 114.094306945800781, 22.570104598999023 ], [ 114.093299865722656, 22.570323944091797 ], [ 114.093315124511719, 22.570436477661133 ], [ 114.093345642089844, 22.570516586303711 ], [ 114.093467712402344, 22.570819854736328 ], [ 114.093742370605469, 22.571054458618164 ], [ 114.0938720703125, 22.571050643920898 ], [ 114.093971252441406, 22.571065902709961 ], [ 114.094047546386719, 22.571121215820312 ], [ 114.094093322753906, 22.571310043334961 ], [ 114.094474792480469, 22.571701049804688 ], [ 114.09454345703125, 22.57151985168457 ], [ 114.094619750976562, 22.571479797363281 ], [ 114.094757080078125, 22.570465087890625 ], [ 114.094413757324219, 22.570135116577148 ], [ 114.094306945800781, 22.570104598999023 ] ] ] } },
{ "type": "Feature", "properties": { "city": "shenzhen", "candidate_source": "place_village_hamlet_locality", "id": "11262407654", "osm_type": "node", "place": "locality", "landuse": "None", "residential": "None", "name": "None" }, "geometry": { "type": "Point", "coordinates": [ 114.086769104003906, 22.592319488525391 ] } },
{ "type": "Feature", "properties": { "city": "shenzhen", "candidate_source": "place_village_hamlet_locality", "id": "11262231063", "osm_type": "node", "place": "locality", "landuse": "None", "residential": "None", "name": "None" }, "geometry": { "type": "Point", "coordinates": [ 114.078910827636719, 22.596155166625977 ] } },
{ "type": "Feature", "properties": { "city": "shenzhen", "candidate_source": "place_village_hamlet_locality", "id": "11262416442", "osm_type": "node", "place": "hamlet", "landuse": "None", "residential": "None", "name": "None" }, "geometry": { "type": "Point", "coordinates": [ 114.070625305175781, 22.624517440795898 ] } },
{ "type": "Feature", "properties": { "city": "shenzhen", "candidate_source": "place_village_hamlet_locality", "id": "11422543124", "osm_type": "node", "place": "hamlet", "landuse": "None", "residential": "None", "name": "None" }, "geometry": { "type": "Point", "coordinates": [ 114.0784912109375, 22.648349761962891 ] } },
{ "type": "Feature", "properties": { "city": "shenzhen", "candidate_source": "place_village_hamlet_locality", "id": "11422493854", "osm_type": "node", "place": "hamlet", "landuse": "None", "residential": "None", "name": "None" }, "geometry": { "type": "Point", "coordinates": [ 114.076499938964844, 22.653221130371094 ] } },
{ "type": "Feature", "properties": { "city": "shenzhen", "candidate_source": "place_village_hamlet_locality", "id": "2065840614", "osm_type": "node", "place": "hamlet", "landuse": "None", "residential": "None", "name": "None" }, "geometry": { "type": "Point", "coordinates": [ 114.076896667480469, 22.683385848999023 ] } },
{ "type": "Feature", "properties": { "city": "shenzhen", "candidate_source": "place_village_hamlet_locality", "id": "11262221235", "osm_type": "node", "place": "hamlet", "landuse": "None", "residential": "None", "name": "None" }, "geometry": { "type": "Point", "coordinates": [ 114.071319580078125, 22.688396453857422 ] } },
{ "type": "Feature", "properties": { "city": "shenzhen", "candidate_source": "place_village_hamlet_locality", "id": "12597583991", "osm_type": "node", "place": "hamlet", "landuse": "None", "residential": "None", "name": "None" }, "geometry": { "type": "Point", "coordinates": [ 114.09283447265625, 22.694065093994141 ] } },
{ "type": "Feature", "properties": { "city": "shenzhen", "candidate_source": "place_village_hamlet_locality", "id": "11422532276", "osm_type": "node", "place": "locality", "landuse": "None", "residential": "None", "name": "None" }, "geometry": { "type": "Point", "coordinates": [ 114.005241394042969, 22.594915390014648 ] } },
{ "type": "Feature", "properties": { "city": "shenzhen", "candidate_source": "place_village_hamlet_locality", "id": "11015900120", "osm_type": "node", "place": "hamlet", "landuse": "None", "residential": "None", "name": "None" }, "geometry": { "type": "Point", "coordinates": [ 114.010215759277344, 22.63313102722168 ] } },
{ "type": "Feature", "properties": { "city": "shenzhen", "candidate_source": "place_village_hamlet_locality", "id": "11245469507", "osm_type": "node", "place": "hamlet", "landuse": "None", "residential": "None", "name": "None" }, "geometry": { "type": "Point", "coordinates": [ 114.005714416503906, 22.63444709777832 ] } },
{ "type": "Feature", "properties": { "city": "shenzhen", "candidate_source": "place_village_hamlet_locality", "id": "10962689190", "osm_type": "node", "place": "hamlet", "landuse": "None", "residential": "None", "name": "None" }, "geometry": { "type": "Point", "coordinates": [ 114.018852233886719, 22.635257720947266 ] } },
{ "type": "Feature", "properties": { "city": "shenzhen", "candidate_source": "place_village_hamlet_locality", "id": "11405363598", "osm_type": "node", "place": "hamlet", "landuse": "None", "residential": "None", "name": "None" }, "geometry": { "type": "Point", "coordinates": [ 114.013679504394531, 22.638174057006836 ] } },
{ "type": "Feature", "properties": { "city": "shenzhen", "candidate_source": "place_village_hamlet_locality", "id": "11262411503", "osm_type": "node", "place": "hamlet", "landuse": "None", "residential": "None", "name": "None" }, "geometry": { "type": "Point", "coordinates": [ 114.016059875488281, 22.639730453491211 ] } },
{ "type": "Feature", "properties": { "city": "shenzhen", "candidate_source": "place_village_hamlet_locality", "id": "11178906907", "osm_type": "node", "place": "locality", "landuse": "None", "residential": "None", "name": "None" }, "geometry": { "type": "Point", "coordinates": [ 114.002067565917969, 22.60148811340332 ] } },
{ "type": "Feature", "properties": { "city": "shenzhen", "candidate_source": "place_village_hamlet_locality", "id": "11015858970", "osm_type": "node", "place": "locality", "landuse": "None", "residential": "None", "name": "None" }, "geometry": { "type": "Point", "coordinates": [ 113.996696472167969, 22.641590118408203 ] } },
{ "type": "Feature", "properties": { "city": "shenzhen", "candidate_source": "place_village_hamlet_locality", "id": "11262412826", "osm_type": "node", "place": "hamlet", "landuse": "None", "residential": "None", "name": "None" }, "geometry": { "type": "Point", "coordinates": [ 113.999809265136719, 22.649393081665039 ] } },
{ "type": "Feature", "properties": { "city": "shenzhen", "candidate_source": "place_village_hamlet_locality", "id": "10976908514", "osm_type": "node", "place": "hamlet", "landuse": "None", "residential": "None", "name": "None" }, "geometry": { "type": "Point", "coordinates": [ 113.998687744140625, 22.651634216308594 ] } },
{ "type": "Feature", "properties": { "city": "shenzhen", "candidate_source": "place_village_hamlet_locality", "id": "11178906904", "osm_type": "node", "place": "locality", "landuse": "None", "residential": "None", "name": "None" }, "geometry": { "type": "Point", "coordinates": [ 113.993560791015625, 22.597341537475586 ] } },
{ "type": "Feature", "properties": { "city": "shenzhen", "candidate_source": "place_village_hamlet_locality", "id": "11178906906", "osm_type": "node", "place": "locality", "landuse": "None", "residential": "None", "name": "None" }, "geometry": { "type": "Point", "coordinates": [ 113.993728637695312, 22.602262496948242 ] } },
{ "type": "Feature", "properties": { "city": "shenzhen", "candidate_source": "place_village_hamlet_locality", "id": "10946039599", "osm_type": "node", "place": "hamlet", "landuse": "None", "residential": "None", "name": "None" }, "geometry": { "type": "Point", "coordinates": [ 113.99066162109375, 22.666965484619141 ] } },
{ "type": "Feature", "properties": { "city": "shenzhen", "candidate_source": "place_village_hamlet_locality", "id": "10994579782", "osm_type": "node", "place": "locality", "landuse": "None", "residential": "None", "name": "None" }, "geometry": { "type": "Point", "coordinates": [ 113.990463256835938, 22.670783996582031 ] } },
{ "type": "Feature", "properties": { "city": "shenzhen", "candidate_source": "place_village_hamlet_locality", "id": "11038341009", "osm_type": "node", "place": "hamlet", "landuse": "None", "residential": "None", "name": "None" }, "geometry": { "type": "Point", "coordinates": [ 113.989097595214844, 22.671989440917969 ] } },
{ "type": "Feature", "properties": { "city": "shenzhen", "candidate_source": "place_village_hamlet_locality", "id": "11262406010", "osm_type": "node", "place": "hamlet", "landuse": "None", "residential": "None", "name": "None" }, "geometry": { "type": "Point", "coordinates": [ 114.015739440917969, 22.640645980834961 ] } },
{ "type": "Feature", "properties": { "city": "shenzhen", "candidate_source": "place_village_hamlet_locality", "id": "11262399296", "osm_type": "node", "place": "hamlet", "landuse": "None", "residential": "None", "name": "None" }, "geometry": { "type": "Point", "coordinates": [ 114.017898559570312, 22.64067268371582 ] } },
{ "type": "Feature", "properties": { "city": "shenzhen", "candidate_source": "place_village_hamlet_locality", "id": "11262414205", "osm_type": "node", "place": "hamlet", "landuse": "None", "residential": "None", "name": "None" }, "geometry": { "type": "Point", "coordinates": [ 114.017578125, 22.64630126953125 ] } },
{ "type": "Feature", "properties": { "city": "shenzhen", "candidate_source": "place_village_hamlet_locality", "id": "11262416441", "osm_type": "node", "place": "hamlet", "landuse": "None", "residential": "None", "name": "None" }, "geometry": { "type": "Point", "coordinates": [ 114.015838623046875, 22.646795272827148 ] } },
{ "type": "Feature", "properties": { "city": "shenzhen", "candidate_source": "place_village_hamlet_locality", "id": "11015876439", "osm_type": "node", "place": "hamlet", "landuse": "None", "residential": "None", "name": "None" }, "geometry": { "type": "Point", "coordinates": [ 114.004875183105469, 22.651090621948242 ] } },
{ "type": "Feature", "properties": { "city": "shenzhen", "candidate_source": "place_village_hamlet_locality", "id": "11245522872", "osm_type": "node", "place": "hamlet", "landuse": "None", "residential": "None", "name": "None" }, "geometry": { "type": "Point", "coordinates": [ 114.007980346679688, 22.654441833496094 ] } },
{ "type": "Feature", "properties": { "city": "shenzhen", "candidate_source": "place_village_hamlet_locality", "id": "11245499250", "osm_type": "node", "place": "hamlet", "landuse": "None", "residential": "None", "name": "None" }, "geometry": { "type": "Point", "coordinates": [ 114.003250122070312, 22.657207489013672 ] } },
{ "type": "Feature", "properties": { "city": "shenzhen", "candidate_source": "place_village_hamlet_locality", "id": "11422501467", "osm_type": "node", "place": "locality", "landuse": "None", "residential": "None", "name": "None" }, "geometry": { "type": "Point", "coordinates": [ 114.009452819824219, 22.657907485961914 ] } },
{ "type": "Feature", "properties": { "city": "shenzhen", "candidate_source": "place_village_hamlet_locality", "id": "11245536524", "osm_type": "node", "place": "hamlet", "landuse": "None", "residential": "None", "name": "None" }, "geometry": { "type": "Point", "coordinates": [ 114.020301818847656, 22.658866882324219 ] } },
{ "type": "Feature", "properties": { "city": "shenzhen", "candidate_source": "place_village_hamlet_locality", "id": "11245517871", "osm_type": "node", "place": "locality", "landuse": "None", "residential": "None", "name": "None" }, "geometry": { "type": "Point", "coordinates": [ 114.006813049316406, 22.659072875976562 ] } },
{ "type": "Feature", "properties": { "city": "shenzhen", "candidate_source": "place_village_hamlet_locality", "id": "11245517872", "osm_type": "node", "place": "hamlet", "landuse": "None", "residential": "None", "name": "None" }, "geometry": { "type": "Point", "coordinates": [ 114.005279541015625, 22.660396575927734 ] } },
{ "type": "Feature", "properties": { "city": "shenzhen", "candidate_source": "place_village_hamlet_locality", "id": "11245511581", "osm_type": "node", "place": "hamlet", "landuse": "None", "residential": "None", "name": "None" }, "geometry": { "type": "Point", "coordinates": [ 114.0101318359375, 22.661661148071289 ] } },
{ "type": "Feature", "properties": { "city": "shenzhen", "candidate_source": "place_village_hamlet_locality", "id": "11245469508", "osm_type": "node", "place": "hamlet", "landuse": "None", "residential": "None", "name": "None" }, "geometry": { "type": "Point", "coordinates": [ 114.004142761230469, 22.661947250366211 ] } },
{ "type": "Feature", "properties": { "city": "shenzhen", "candidate_source": "place_village_hamlet_locality", "id": "2065820049", "osm_type": "node", "place": "hamlet", "landuse": "None", "residential": "None", "name": "None" }, "geometry": { "type": "Point", "coordinates": [ 114.023750305175781, 22.662649154663086 ] } },
{ "type": "Feature", "properties": { "city": "shenzhen", "candidate_source": "place_village_hamlet_locality", "id": "11245489466", "osm_type": "node", "place": "hamlet", "landuse": "None", "residential": "None", "name": "None" }, "geometry": { "type": "Point", "coordinates": [ 114.009490966796875, 22.662862777709961 ] } },
{ "type": "Feature", "properties": { "city": "shenzhen", "candidate_source": "place_village_hamlet_locality", "id": "11245513823", "osm_type": "node", "place": "hamlet", "landuse": "None", "residential": "None", "name": "None" }, "geometry": { "type": "Point", "coordinates": [ 114.017387390136719, 22.66563606262207 ] } },
{ "type": "Feature", "properties": { "city": "shenzhen", "candidate_source": "place_village_hamlet_locality", "id": "11245504423", "osm_type": "node", "place": "hamlet", "landuse": "None", "residential": "None", "name": "None" }, "geometry": { "type": "Point", "coordinates": [ 114.012863159179688, 22.665756225585938 ] } },
{ "type": "Feature", "properties": { "city": "shenzhen", "candidate_source": "place_village_hamlet_locality", "id": "2065797602", "osm_type": "node", "place": "hamlet", "landuse": "None", "residential": "None", "name": "None" }, "geometry": { "type": "Point", "coordinates": [ 114.014060974121094, 22.667539596557617 ] } },
{ "type": "Feature", "properties": { "city": "shenzhen", "candidate_source": "place_village_hamlet_locality", "id": "11245518914", "osm_type": "node", "place": "hamlet", "landuse": "None", "residential": "None", "name": "None" }, "geometry": { "type": "Point", "coordinates": [ 114.003860473632812, 22.673080444335938 ] } },
{ "type": "Feature", "properties": { "city": "shenzhen", "candidate_source": "place_village_hamlet_locality", "id": "11245535771", "osm_type": "node", "place": "hamlet", "landuse": "None", "residential": "None", "name": "None" }, "geometry": { "type": "Point", "coordinates": [ 114.008392333984375, 22.674150466918945 ] } },
{ "type": "Feature", "properties": { "city": "shenzhen", "candidate_source": "place_village_hamlet_locality", "id": "11468870603", "osm_type": "node", "place": "locality", "landuse": "None", "residential": "None", "name": "None" }, "geometry": { "type": "Point", "coordinates": [ 113.9964599609375, 22.652231216430664 ] } },
{ "type": "Feature", "properties": { "city": "shenzhen", "candidate_source": "place_village_hamlet_locality", "id": "10923701690", "osm_type": "node", "place": "hamlet", "landuse": "None", "residential": "None", "name": "None" }, "geometry": { "type": "Point", "coordinates": [ 113.997901916503906, 22.654266357421875 ] } },
{ "type": "Feature", "properties": { "city": "shenzhen", "candidate_source": "place_village_hamlet_locality", "id": "10943572172", "osm_type": "node", "place": "hamlet", "landuse": "None", "residential": "None", "name": "None" }, "geometry": { "type": "Point", "coordinates": [ 113.999908447265625, 22.656000137329102 ] } },
{ "type": "Feature", "properties": { "city": "shenzhen", "candidate_source": "place_village_hamlet_locality", "id": "11056952742", "osm_type": "node", "place": "hamlet", "landuse": "None", "residential": "None", "name": "None" }, "geometry": { "type": "Point", "coordinates": [ 114.0001220703125, 22.660995483398438 ] } },
{ "type": "Feature", "properties": { "city": "shenzhen", "candidate_source": "place_village_hamlet_locality", "id": "11245534666", "osm_type": "node", "place": "locality", "landuse": "None", "residential": "None", "name": "None" }, "geometry": { "type": "Point", "coordinates": [ 113.993873596191406, 22.662338256835938 ] } },
{ "type": "Feature", "properties": { "city": "shenzhen", "candidate_source": "place_village_hamlet_locality", "id": "10943572171", "osm_type": "node", "place": "hamlet", "landuse": "None", "residential": "None", "name": "None" }, "geometry": { "type": "Point", "coordinates": [ 113.997230529785156, 22.667045593261719 ] } },
{ "type": "Feature", "properties": { "city": "shenzhen", "candidate_source": "place_village_hamlet_locality", "id": "11245504422", "osm_type": "node", "place": "hamlet", "landuse": "None", "residential": "None", "name": "None" }, "geometry": { "type": "Point", "coordinates": [ 113.997406005859375, 22.686954498291016 ] } },
{ "type": "Feature", "properties": { "city": "shenzhen", "candidate_source": "place_village_hamlet_locality", "id": "11245469995", "osm_type": "node", "place": "hamlet", "landuse": "None", "residential": "None", "name": "None" }, "geometry": { "type": "Point", "coordinates": [ 114.000518798828125, 22.69032096862793 ] } },
{ "type": "Feature", "properties": { "city": "shenzhen", "candidate_source": "place_village_hamlet_locality", "id": "11245536522", "osm_type": "node", "place": "hamlet", "landuse": "None", "residential": "None", "name": "None" }, "geometry": { "type": "Point", "coordinates": [ 113.996139526367188, 22.692089080810547 ] } },
{ "type": "Feature", "properties": { "city": "shenzhen", "candidate_source": "place_village_hamlet_locality", "id": "11015887955", "osm_type": "node", "place": "locality", "landuse": "None", "residential": "None", "name": "None" }, "geometry": { "type": "Point", "coordinates": [ 113.996734619140625, 22.692399978637695 ] } },
{ "type": "Feature", "properties": { "city": "shenzhen", "candidate_source": "place_village_hamlet_locality", "id": "11245510459", "osm_type": "node", "place": "hamlet", "landuse": "None", "residential": "None", "name": "None" }, "geometry": { "type": "Point", "coordinates": [ 114.021385192871094, 22.674350738525391 ] } },
{ "type": "Feature", "properties": { "city": "shenzhen", "candidate_source": "place_village_hamlet_locality", "id": "11262404080", "osm_type": "node", "place": "hamlet", "landuse": "None", "residential": "None", "name": "None" }, "geometry": { "type": "Point", "coordinates": [ 114.012649536132812, 22.67518424987793 ] } },
{ "type": "Feature", "properties": { "city": "shenzhen", "candidate_source": "place_village_hamlet_locality", "id": "11735967734", "osm_type": "node", "place": "hamlet", "landuse": "None", "residential": "None", "name": "None" }, "geometry": { "type": "Point", "coordinates": [ 114.003395080566406, 22.682598114013672 ] } },
{ "type": "Feature", "properties": { "city": "shenzhen", "candidate_source": "place_village_hamlet_locality", "id": "11735965424", "osm_type": "node", "place": "hamlet", "landuse": "None", "residential": "None", "name": "None" }, "geometry": { "type": "Point", "coordinates": [ 114.004684448242188, 22.68983268737793 ] } },
{ "type": "Feature", "properties": { "city": "shenzhen", "candidate_source": "place_village_hamlet_locality", "id": "11001204519", "osm_type": "node", "place": "hamlet", "landuse": "None", "residential": "None", "name": "None" }, "geometry": { "type": "Point", "coordinates": [ 114.023368835449219, 22.692363739013672 ] } },
{ "type": "Feature", "properties": { "city": "shenzhen", "candidate_source": "place_village_hamlet_locality", "id": "11389545265", "osm_type": "node", "place": "hamlet", "landuse": "None", "residential": "None", "name": "None" }, "geometry": { "type": "Point", "coordinates": [ 114.022392272949219, 22.712396621704102 ] } },
{ "type": "Feature", "properties": { "city": "shenzhen", "candidate_source": "place_village_hamlet_locality", "id": "11389550365", "osm_type": "node", "place": "hamlet", "landuse": "None", "residential": "None", "name": "None" }, "geometry": { "type": "Point", "coordinates": [ 114.024742126464844, 22.713771820068359 ] } },
{ "type": "Feature", "properties": { "city": "shenzhen", "candidate_source": "place_village_hamlet_locality", "id": "11389592146", "osm_type": "node", "place": "hamlet", "landuse": "None", "residential": "None", "name": "None" }, "geometry": { "type": "Point", "coordinates": [ 114.019805908203125, 22.72271728515625 ] } },
{ "type": "Feature", "properties": { "city": "shenzhen", "candidate_source": "place_village_hamlet_locality", "id": "11847601378", "osm_type": "node", "place": "hamlet", "landuse": "None", "residential": "None", "name": "None" }, "geometry": { "type": "Point", "coordinates": [ 114.016716003417969, 22.731151580810547 ] } },
{ "type": "Feature", "properties": { "city": "shenzhen", "candidate_source": "place_village_hamlet_locality", "id": "2065866370", "osm_type": "node", "place": "hamlet", "landuse": "None", "residential": "None", "name": "None" }, "geometry": { "type": "Point", "coordinates": [ 114.01239013671875, 22.751350402832031 ] } },
{ "type": "Feature", "properties": { "city": "shenzhen", "candidate_source": "place_village_hamlet_locality", "id": "11735967735", "osm_type": "node", "place": "hamlet", "landuse": "None", "residential": "None", "name": "None" }, "geometry": { "type": "Point", "coordinates": [ 114.001228332519531, 22.692497253417969 ] } },
{ "type": "Feature", "properties": { "city": "shenzhen", "candidate_source": "place_village_hamlet_locality", "id": "11245536521", "osm_type": "node", "place": "hamlet", "landuse": "None", "residential": "None", "name": "None" }, "geometry": { "type": "Point", "coordinates": [ 113.998764038085938, 22.692892074584961 ] } },
{ "type": "Feature", "properties": { "city": "shenzhen", "candidate_source": "place_village_hamlet_locality", "id": "11735965423", "osm_type": "node", "place": "hamlet", "landuse": "None", "residential": "None", "name": "None" }, "geometry": { "type": "Point", "coordinates": [ 113.995010375976562, 22.695510864257812 ] } },
{ "type": "Feature", "properties": { "city": "shenzhen", "candidate_source": "place_village_hamlet_locality", "id": "11389603258", "osm_type": "node", "place": "hamlet", "landuse": "None", "residential": "None", "name": "None" }, "geometry": { "type": "Point", "coordinates": [ 114.001266479492188, 22.731952667236328 ] } },
{ "type": "Feature", "properties": { "city": "shenzhen", "candidate_source": "place_village_hamlet_locality", "id": "7223781165", "osm_type": "node", "place": "hamlet", "landuse": "None", "residential": "None", "name": "None" }, "geometry": { "type": "Point", "coordinates": [ 113.994400024414062, 22.740976333618164 ] } },
{ "type": "Feature", "properties": { "city": "shenzhen", "candidate_source": "place_village_hamlet_locality", "id": "11735967854", "osm_type": "node", "place": "hamlet", "landuse": "None", "residential": "None", "name": "None" }, "geometry": { "type": "Point", "coordinates": [ 113.989524841308594, 22.694923400878906 ] } },
{ "type": "Feature", "properties": { "city": "shenzhen", "candidate_source": "place_village_hamlet_locality", "id": "11735965425", "osm_type": "node", "place": "hamlet", "landuse": "None", "residential": "None", "name": "None" }, "geometry": { "type": "Point", "coordinates": [ 113.991485595703125, 22.698331832885742 ] } },
{ "type": "Feature", "properties": { "city": "shenzhen", "candidate_source": "place_village_hamlet_locality", "id": "7223880017", "osm_type": "node", "place": "hamlet", "landuse": "None", "residential": "None", "name": "None" }, "geometry": { "type": "Point", "coordinates": [ 113.991767883300781, 22.739288330078125 ] } },
{ "type": "Feature", "properties": { "city": "shenzhen", "candidate_source": "place_village_hamlet_locality", "id": "7223781166", "osm_type": "node", "place": "hamlet", "landuse": "None", "residential": "None", "name": "None" }, "geometry": { "type": "Point", "coordinates": [ 113.993568420410156, 22.742853164672852 ] } },
{ "type": "Feature", "properties": { "city": "shenzhen", "candidate_source": "place_village_hamlet_locality", "id": "7223781167", "osm_type": "node", "place": "hamlet", "landuse": "None", "residential": "None", "name": "None" }, "geometry": { "type": "Point", "coordinates": [ 113.99090576171875, 22.745519638061523 ] } },
{ "type": "Feature", "properties": { "city": "shenzhen", "candidate_source": "place_village_hamlet_locality", "id": "11389574624", "osm_type": "node", "place": "hamlet", "landuse": "None", "residential": "None", "name": "None" }, "geometry": { "type": "Point", "coordinates": [ 114.033393859863281, 22.626331329345703 ] } },
{ "type": "Feature", "properties": { "city": "shenzhen", "candidate_source": "place_village_hamlet_locality", "id": "11245510350", "osm_type": "node", "place": "hamlet", "landuse": "None", "residential": "None", "name": "None" }, "geometry": { "type": "Point", "coordinates": [ 114.02545166015625, 22.626483917236328 ] } },
{ "type": "Feature", "properties": { "city": "shenzhen", "candidate_source": "place_village_hamlet_locality", "id": "10976896496", "osm_type": "node", "place": "hamlet", "landuse": "None", "residential": "None", "name": "None" }, "geometry": { "type": "Point", "coordinates": [ 114.032341003417969, 22.62681770324707 ] } },
{ "type": "Feature", "properties": { "city": "shenzhen", "candidate_source": "place_village_hamlet_locality", "id": "10957473473", "osm_type": "node", "place": "hamlet", "landuse": "None", "residential": "None", "name": "None" }, "geometry": { "type": "Point", "coordinates": [ 114.034011840820312, 22.629354476928711 ] } },
{ "type": "Feature", "properties": { "city": "shenzhen", "candidate_source": "place_village_hamlet_locality", "id": "10996469849", "osm_type": "node", "place": "hamlet", "landuse": "None", "residential": "None", "name": "None" }, "geometry": { "type": "Point", "coordinates": [ 114.030685424804688, 22.629890441894531 ] } },
{ "type": "Feature", "properties": { "city": "shenzhen", "candidate_source": "place_village_hamlet_locality", "id": "11245522870", "osm_type": "node", "place": "hamlet", "landuse": "None", "residential": "None", "name": "None" }, "geometry": { "type": "Point", "coordinates": [ 114.049468994140625, 22.632152557373047 ] } },
{ "type": "Feature", "properties": { "city": "shenzhen", "candidate_source": "place_village_hamlet_locality", "id": "11422506979", "osm_type": "node", "place": "hamlet", "landuse": "None", "residential": "None", "name": "None" }, "geometry": { "type": "Point", "coordinates": [ 114.054176330566406, 22.633955001831055 ] } },
{ "type": "Feature", "properties": { "city": "shenzhen", "candidate_source": "place_village_hamlet_locality", "id": "11422544987", "osm_type": "node", "place": "hamlet", "landuse": "None", "residential": "None", "name": "None" }, "geometry": { "type": "Point", "coordinates": [ 114.033348083496094, 22.636892318725586 ] } },
{ "type": "Feature", "properties": { "city": "shenzhen", "candidate_source": "place_village_hamlet_locality", "id": "10996469852", "osm_type": "node", "place": "hamlet", "landuse": "None", "residential": "None", "name": "None" }, "geometry": { "type": "Point", "coordinates": [ 114.03106689453125, 22.637392044067383 ] } },
{ "type": "Feature", "properties": { "city": "shenzhen", "candidate_source": "place_village_hamlet_locality", "id": "11245446098", "osm_type": "node", "place": "hamlet", "landuse": "None", "residential": "None", "name": "None" }, "geometry": { "type": "Point", "coordinates": [ 114.045219421386719, 22.638322830200195 ] } },
{ "type": "Feature", "properties": { "city": "shenzhen", "candidate_source": "place_village_hamlet_locality", "id": "11422501867", "osm_type": "node", "place": "hamlet", "landuse": "None", "residential": "None", "name": "None" }, "geometry": { "type": "Point", "coordinates": [ 114.056304931640625, 22.634725570678711 ] } },
{ "type": "Feature", "properties": { "city": "shenzhen", "candidate_source": "place_village_hamlet_locality", "id": "11422506895", "osm_type": "node", "place": "hamlet", "landuse": "None", "residential": "None", "name": "None" }, "geometry": { "type": "Point", "coordinates": [ 114.063995361328125, 22.637544631958008 ] } },
{ "type": "Feature", "properties": { "city": "shenzhen", "candidate_source": "place_village_hamlet_locality", "id": "11422501868", "osm_type": "node", "place": "hamlet", "landuse": "None", "residential": "None", "name": "None" }, "geometry": { "type": "Point", "coordinates": [ 114.056526184082031, 22.639064788818359 ] } },
{ "type": "Feature", "properties": { "city": "shenzhen", "candidate_source": "place_village_hamlet_locality", "id": "11422543750", "osm_type": "node", "place": "hamlet", "landuse": "None", "residential": "None", "name": "None" }, "geometry": { "type": "Point", "coordinates": [ 114.061119079589844, 22.63996696472168 ] } },
{ "type": "Feature", "properties": { "city": "shenzhen", "candidate_source": "place_village_hamlet_locality", "id": "11422521592", "osm_type": "node", "place": "hamlet", "landuse": "None", "residential": "None", "name": "None" }, "geometry": { "type": "Point", "coordinates": [ 114.063255310058594, 22.640588760375977 ] } },
{ "type": "Feature", "properties": { "city": "shenzhen", "candidate_source": "place_village_hamlet_locality", "id": "11422530746", "osm_type": "node", "place": "hamlet", "landuse": "None", "residential": "None", "name": "None" }, "geometry": { "type": "Point", "coordinates": [ 114.066329956054688, 22.641143798828125 ] } },
{ "type": "Feature", "properties": { "city": "shenzhen", "candidate_source": "place_village_hamlet_locality", "id": "11422501737", "osm_type": "node", "place": "hamlet", "landuse": "None", "residential": "None", "name": "None" }, "geometry": { "type": "Point", "coordinates": [ 114.066307067871094, 22.654684066772461 ] } },
{ "type": "Feature", "properties": { "city": "shenzhen", "candidate_source": "place_village_hamlet_locality", "id": "11422543267", "osm_type": "node", "place": "hamlet", "landuse": "None", "residential": "None", "name": "None" }, "geometry": { "type": "Point", "coordinates": [ 114.060386657714844, 22.655702590942383 ] } },
{ "type": "Feature", "properties": { "city": "shenzhen", "candidate_source": "place_village_hamlet_locality", "id": "11422530745", "osm_type": "node", "place": "hamlet", "landuse": "None", "residential": "None", "name": "None" }, "geometry": { "type": "Point", "coordinates": [ 114.065460205078125, 22.657365798950195 ] } },
{ "type": "Feature", "properties": { "city": "shenzhen", "candidate_source": "place_village_hamlet_locality", "id": "11389605432", "osm_type": "node", "place": "hamlet", "landuse": "None", "residential": "None", "name": "None" }, "geometry": { "type": "Point", "coordinates": [ 114.062812805175781, 22.658824920654297 ] } },
{ "type": "Feature", "properties": { "city": "shenzhen", "candidate_source": "place_village_hamlet_locality", "id": "10996469850", "osm_type": "node", "place": "hamlet", "landuse": "None", "residential": "None", "name": "None" }, "geometry": { "type": "Point", "coordinates": [ 114.038238525390625, 22.639923095703125 ] } },
{ "type": "Feature", "properties": { "city": "shenzhen", "candidate_source": "place_village_hamlet_locality", "id": "11422506893", "osm_type": "node", "place": "hamlet", "landuse": "None", "residential": "None", "name": "None" }, "geometry": { "type": "Point", "coordinates": [ 114.053535461425781, 22.643056869506836 ] } },
{ "type": "Feature", "properties": { "city": "shenzhen", "candidate_source": "place_village_hamlet_locality", "id": "11422506981", "osm_type": "node", "place": "hamlet", "landuse": "None", "residential": "None", "name": "None" }, "geometry": { "type": "Point", "coordinates": [ 114.035102844238281, 22.644439697265625 ] } },
{ "type": "Feature", "properties": { "city": "shenzhen", "candidate_source": "place_village_hamlet_locality", "id": "11422541596", "osm_type": "node", "place": "hamlet", "landuse": "None", "residential": "None", "name": "None" }, "geometry": { "type": "Point", "coordinates": [ 114.036827087402344, 22.64622688293457 ] } },
{ "type": "Feature", "properties": { "city": "shenzhen", "candidate_source": "place_village_hamlet_locality", "id": "10976899882", "osm_type": "node", "place": "hamlet", "landuse": "None", "residential": "None", "name": "None" }, "geometry": { "type": "Point", "coordinates": [ 114.034126281738281, 22.654321670532227 ] } },
{ "type": "Feature", "properties": { "city": "shenzhen", "candidate_source": "place_village_hamlet_locality", "id": "10994581441", "osm_type": "node", "place": "hamlet", "landuse": "None", "residential": "None", "name": "None" }, "geometry": { "type": "Point", "coordinates": [ 114.037956237792969, 22.655397415161133 ] } },
{ "type": "Feature", "properties": { "city": "shenzhen", "candidate_source": "place_village_hamlet_locality", "id": "11245538144", "osm_type": "node", "place": "hamlet", "landuse": "None", "residential": "None", "name": "None" }, "geometry": { "type": "Point", "coordinates": [ 114.039207458496094, 22.657979965209961 ] } },
{ "type": "Feature", "properties": { "city": "shenzhen", "candidate_source": "place_village_hamlet_locality", "id": "11015920291", "osm_type": "node", "place": "hamlet", "landuse": "None", "residential": "None", "name": "None" }, "geometry": { "type": "Point", "coordinates": [ 114.042472839355469, 22.672357559204102 ] } },
{ "type": "Feature", "properties": { "city": "shenzhen", "candidate_source": "place_village_hamlet_locality", "id": "11245436607", "osm_type": "node", "place": "hamlet", "landuse": "None", "residential": "None", "name": "None" }, "geometry": { "type": "Point", "coordinates": [ 114.02655029296875, 22.676273345947266 ] } },
{ "type": "Feature", "properties": { "city": "shenzhen", "candidate_source": "place_village_hamlet_locality", "id": "11405267760", "osm_type": "node", "place": "hamlet", "landuse": "None", "residential": "None", "name": "None" }, "geometry": { "type": "Point", "coordinates": [ 114.034217834472656, 22.685218811035156 ] } },
{ "type": "Feature", "properties": { "city": "shenzhen", "candidate_source": "place_village_hamlet_locality", "id": "11262391407", "osm_type": "node", "place": "hamlet", "landuse": "None", "residential": "None", "name": "None" }, "geometry": { "type": "Point", "coordinates": [ 114.0460205078125, 22.690279006958008 ] } },
{ "type": "Feature", "properties": { "city": "shenzhen", "candidate_source": "place_village_hamlet_locality", "id": "11015894519", "osm_type": "node", "place": "hamlet", "landuse": "None", "residential": "None", "name": "None" }, "geometry": { "type": "Point", "coordinates": [ 114.034187316894531, 22.693569183349609 ] } },
{ "type": "Feature", "properties": { "city": "shenzhen", "candidate_source": "place_village_hamlet_locality", "id": "11262208529", "osm_type": "node", "place": "hamlet", "landuse": "None", "residential": "None", "name": "None" }, "geometry": { "type": "Point", "coordinates": [ 114.045845031738281, 22.703121185302734 ] } },
{ "type": "Feature", "properties": { "city": "shenzhen", "candidate_source": "place_village_hamlet_locality", "id": "11262416440", "osm_type": "node", "place": "hamlet", "landuse": "None", "residential": "None", "name": "None" }, "geometry": { "type": "Point", "coordinates": [ 114.038597106933594, 22.704322814941406 ] } },
{ "type": "Feature", "properties": { "city": "shenzhen", "candidate_source": "place_village_hamlet_locality", "id": "11262423009", "osm_type": "node", "place": "hamlet", "landuse": "None", "residential": "None", "name": "None" }, "geometry": { "type": "Point", "coordinates": [ 114.042892456054688, 22.705068588256836 ] } },
{ "type": "Feature", "properties": { "city": "shenzhen", "candidate_source": "place_village_hamlet_locality", "id": "11847601405", "osm_type": "node", "place": "hamlet", "landuse": "None", "residential": "None", "name": "None" }, "geometry": { "type": "Point", "coordinates": [ 114.037338256835938, 22.70899772644043 ] } },
{ "type": "Feature", "properties": { "city": "shenzhen", "candidate_source": "place_village_hamlet_locality", "id": "11262231062", "osm_type": "node", "place": "hamlet", "landuse": "None", "residential": "None", "name": "None" }, "geometry": { "type": "Point", "coordinates": [ 114.043472290039062, 22.711227416992188 ] } },
{ "type": "Feature", "properties": { "city": "shenzhen", "candidate_source": "place_village_hamlet_locality", "id": "11262406011", "osm_type": "node", "place": "hamlet", "landuse": "None", "residential": "None", "name": "None" }, "geometry": { "type": "Point", "coordinates": [ 114.053314208984375, 22.711391448974609 ] } },
{ "type": "Feature", "properties": { "city": "shenzhen", "candidate_source": "place_village_hamlet_locality", "id": "11262208530", "osm_type": "node", "place": "hamlet", "landuse": "None", "residential": "None", "name": "None" }, "geometry": { "type": "Point", "coordinates": [ 114.037612915039062, 22.711681365966797 ] } },
{ "type": "Feature", "properties": { "city": "shenzhen", "candidate_source": "place_village_hamlet_locality", "id": "11262399297", "osm_type": "node", "place": "hamlet", "landuse": "None", "residential": "None", "name": "None" }, "geometry": { "type": "Point", "coordinates": [ 114.037338256835938, 22.713470458984375 ] } },
{ "type": "Feature", "properties": { "city": "shenzhen", "candidate_source": "place_village_hamlet_locality", "id": "11422487691", "osm_type": "node", "place": "hamlet", "landuse": "None", "residential": "None", "name": "None" }, "geometry": { "type": "Point", "coordinates": [ 114.08782958984375, 22.69622802734375 ] } },
{ "type": "Feature", "properties": { "city": "shenzhen", "candidate_source": "place_village_hamlet_locality", "id": "11422697170", "osm_type": "node", "place": "hamlet", "landuse": "None", "residential": "None", "name": "None" }, "geometry": { "type": "Point", "coordinates": [ 114.082969665527344, 22.701187133789062 ] } },
{ "type": "Feature", "properties": { "city": "shenzhen", "candidate_source": "place_village_hamlet_locality", "id": "11422538713", "osm_type": "node", "place": "hamlet", "landuse": "None", "residential": "None", "name": "None" }, "geometry": { "type": "Point", "coordinates": [ 114.090835571289062, 22.701257705688477 ] } },
{ "type": "Feature", "properties": { "city": "shenzhen", "candidate_source": "place_village_hamlet_locality", "id": "11422540549", "osm_type": "node", "place": "locality", "landuse": "None", "residential": "None", "name": "None" }, "geometry": { "type": "Point", "coordinates": [ 114.088935852050781, 22.714216232299805 ] } },
{ "type": "Feature", "properties": { "city": "shenzhen", "candidate_source": "place_village_hamlet_locality", "id": "11422501321", "osm_type": "node", "place": "hamlet", "landuse": "None", "residential": "None", "name": "None" }, "geometry": { "type": "Point", "coordinates": [ 114.093894958496094, 22.715120315551758 ] } },
{ "type": "Feature", "properties": { "city": "shenzhen", "candidate_source": "place_village_hamlet_locality", "id": "11422541594", "osm_type": "node", "place": "hamlet", "landuse": "None", "residential": "None", "name": "None" }, "geometry": { "type": "Point", "coordinates": [ 114.092681884765625, 22.715499877929688 ] } },
{ "type": "Feature", "properties": { "city": "shenzhen", "candidate_source": "place_village_hamlet_locality", "id": "11422511445", "osm_type": "node", "place": "hamlet", "landuse": "None", "residential": "None", "name": "None" }, "geometry": { "type": "Point", "coordinates": [ 114.090957641601562, 22.717512130737305 ] } },
{ "type": "Feature", "properties": { "city": "shenzhen", "candidate_source": "place_village_hamlet_locality", "id": "11422460120", "osm_type": "node", "place": "hamlet", "landuse": "None", "residential": "None", "name": "None" }, "geometry": { "type": "Point", "coordinates": [ 114.090263366699219, 22.719072341918945 ] } },
{ "type": "Feature", "properties": { "city": "shenzhen", "candidate_source": "place_village_hamlet_locality", "id": "11422511000", "osm_type": "node", "place": "hamlet", "landuse": "None", "residential": "None", "name": "None" }, "geometry": { "type": "Point", "coordinates": [ 114.092353820800781, 22.722393035888672 ] } },
{ "type": "Feature", "properties": { "city": "shenzhen", "candidate_source": "place_village_hamlet_locality", "id": "11422541759", "osm_type": "node", "place": "hamlet", "landuse": "None", "residential": "None", "name": "None" }, "geometry": { "type": "Point", "coordinates": [ 114.0826416015625, 22.722681045532227 ] } },
{ "type": "Feature", "properties": { "city": "shenzhen", "candidate_source": "place_village_hamlet_locality", "id": "11422541276", "osm_type": "node", "place": "hamlet", "landuse": "None", "residential": "None", "name": "None" }, "geometry": { "type": "Point", "coordinates": [ 114.0587158203125, 22.6607666015625 ] } },
{ "type": "Feature", "properties": { "city": "shenzhen", "candidate_source": "place_village_hamlet_locality", "id": "11422506980", "osm_type": "node", "place": "hamlet", "landuse": "None", "residential": "None", "name": "None" }, "geometry": { "type": "Point", "coordinates": [ 114.054672241210938, 22.662452697753906 ] } },
{ "type": "Feature", "properties": { "city": "shenzhen", "candidate_source": "place_village_hamlet_locality", "id": "11422506894", "osm_type": "node", "place": "hamlet", "landuse": "None", "residential": "None", "name": "None" }, "geometry": { "type": "Point", "coordinates": [ 114.05914306640625, 22.663202285766602 ] } },
{ "type": "Feature", "properties": { "city": "shenzhen", "candidate_source": "place_village_hamlet_locality", "id": "2065810136", "osm_type": "node", "place": "hamlet", "landuse": "None", "residential": "None", "name": "None" }, "geometry": { "type": "Point", "coordinates": [ 114.068222045898438, 22.71929931640625 ] } },
{ "type": "Feature", "properties": { "city": "shenzhen", "candidate_source": "place_village_hamlet_locality", "id": "11422489236", "osm_type": "node", "place": "hamlet", "landuse": "None", "residential": "None", "name": "None" }, "geometry": { "type": "Point", "coordinates": [ 114.063911437988281, 22.721475601196289 ] } },
{ "type": "Feature", "properties": { "city": "shenzhen", "candidate_source": "place_village_hamlet_locality", "id": "11262407091", "osm_type": "node", "place": "hamlet", "landuse": "None", "residential": "None", "name": "None" }, "geometry": { "type": "Point", "coordinates": [ 114.061050415039062, 22.721548080444336 ] } },
{ "type": "Feature", "properties": { "city": "shenzhen", "candidate_source": "place_village_hamlet_locality", "id": "11422537885", "osm_type": "node", "place": "hamlet", "landuse": "None", "residential": "None", "name": "None" }, "geometry": { "type": "Point", "coordinates": [ 114.054954528808594, 22.730405807495117 ] } },
{ "type": "Feature", "properties": { "city": "shenzhen", "candidate_source": "place_village_hamlet_locality", "id": "11422489232", "osm_type": "node", "place": "hamlet", "landuse": "None", "residential": "None", "name": "None" }, "geometry": { "type": "Point", "coordinates": [ 114.057914733886719, 22.737714767456055 ] } },
{ "type": "Feature", "properties": { "city": "shenzhen", "candidate_source": "place_village_hamlet_locality", "id": "11422520128", "osm_type": "node", "place": "hamlet", "landuse": "None", "residential": "None", "name": "None" }, "geometry": { "type": "Point", "coordinates": [ 114.055465698242188, 22.742361068725586 ] } },
{ "type": "Feature", "properties": { "city": "shenzhen", "candidate_source": "place_village_hamlet_locality", "id": "11389587444", "osm_type": "node", "place": "hamlet", "landuse": "None", "residential": "None", "name": "None" }, "geometry": { "type": "Point", "coordinates": [ 114.032218933105469, 22.714384078979492 ] } },
{ "type": "Feature", "properties": { "city": "shenzhen", "candidate_source": "place_village_hamlet_locality", "id": "11389552653", "osm_type": "node", "place": "hamlet", "landuse": "None", "residential": "None", "name": "None" }, "geometry": { "type": "Point", "coordinates": [ 114.039527893066406, 22.715124130249023 ] } },
{ "type": "Feature", "properties": { "city": "shenzhen", "candidate_source": "place_village_hamlet_locality", "id": "11847590621", "osm_type": "node", "place": "hamlet", "landuse": "None", "residential": "None", "name": "None" }, "geometry": { "type": "Point", "coordinates": [ 114.035438537597656, 22.717245101928711 ] } },
{ "type": "Feature", "properties": { "city": "shenzhen", "candidate_source": "place_village_hamlet_locality", "id": "11262411825", "osm_type": "node", "place": "hamlet", "landuse": "None", "residential": "None", "name": "None" }, "geometry": { "type": "Point", "coordinates": [ 114.036842346191406, 22.718271255493164 ] } },
{ "type": "Feature", "properties": { "city": "shenzhen", "candidate_source": "place_village_hamlet_locality", "id": "11262427184", "osm_type": "node", "place": "hamlet", "landuse": "None", "residential": "None", "name": "None" }, "geometry": { "type": "Point", "coordinates": [ 114.053482055664062, 22.720111846923828 ] } },
{ "type": "Feature", "properties": { "city": "shenzhen", "candidate_source": "place_village_hamlet_locality", "id": "11422499807", "osm_type": "node", "place": "hamlet", "landuse": "None", "residential": "None", "name": "None" }, "geometry": { "type": "Point", "coordinates": [ 114.046295166015625, 22.720819473266602 ] } },
{ "type": "Feature", "properties": { "city": "shenzhen", "candidate_source": "place_village_hamlet_locality", "id": "11617904781", "osm_type": "node", "place": "hamlet", "landuse": "None", "residential": "None", "name": "None" }, "geometry": { "type": "Point", "coordinates": [ 114.049301147460938, 22.72125244140625 ] } },
{ "type": "Feature", "properties": { "city": "shenzhen", "candidate_source": "place_village_hamlet_locality", "id": "11422513311", "osm_type": "node", "place": "hamlet", "landuse": "None", "residential": "None", "name": "None" }, "geometry": { "type": "Point", "coordinates": [ 114.049102783203125, 22.721626281738281 ] } },
{ "type": "Feature", "properties": { "city": "shenzhen", "candidate_source": "place_village_hamlet_locality", "id": "11617900398", "osm_type": "node", "place": "hamlet", "landuse": "None", "residential": "None", "name": "None" }, "geometry": { "type": "Point", "coordinates": [ 114.051536560058594, 22.72529411315918 ] } },
{ "type": "Feature", "properties": { "city": "shenzhen", "candidate_source": "place_village_hamlet_locality", "id": "11422541590", "osm_type": "node", "place": "hamlet", "landuse": "None", "residential": "None", "name": "None" }, "geometry": { "type": "Point", "coordinates": [ 114.0526123046875, 22.727479934692383 ] } },
{ "type": "Feature", "properties": { "city": "shenzhen", "candidate_source": "place_village_hamlet_locality", "id": "12107687092", "osm_type": "node", "place": "hamlet", "landuse": "None", "residential": "None", "name": "None" }, "geometry": { "type": "Point", "coordinates": [ 114.085578918457031, 22.724246978759766 ] } },
{ "type": "Feature", "properties": { "city": "shenzhen", "candidate_source": "place_village_hamlet_locality", "id": "11422543398", "osm_type": "node", "place": "hamlet", "landuse": "None", "residential": "None", "name": "None" }, "geometry": { "type": "Point", "coordinates": [ 114.084053039550781, 22.724800109863281 ] } },
{ "type": "Feature", "properties": { "city": "shenzhen", "candidate_source": "place_village_hamlet_locality", "id": "11422501466", "osm_type": "node", "place": "hamlet", "landuse": "None", "residential": "None", "name": "None" }, "geometry": { "type": "Point", "coordinates": [ 114.087600708007812, 22.726232528686523 ] } },
{ "type": "Feature", "properties": { "city": "shenzhen", "candidate_source": "place_village_hamlet_locality", "id": "2065855350", "osm_type": "node", "place": "hamlet", "landuse": "None", "residential": "None", "name": "None" }, "geometry": { "type": "Point", "coordinates": [ 114.083023071289062, 22.728349685668945 ] } },
{ "type": "Feature", "properties": { "city": "shenzhen", "candidate_source": "place_village_hamlet_locality", "id": "11422538716", "osm_type": "node", "place": "hamlet", "landuse": "None", "residential": "None", "name": "None" }, "geometry": { "type": "Point", "coordinates": [ 114.080917358398438, 22.728790283203125 ] } },
{ "type": "Feature", "properties": { "city": "shenzhen", "candidate_source": "place_village_hamlet_locality", "id": "11422487692", "osm_type": "node", "place": "hamlet", "landuse": "None", "residential": "None", "name": "None" }, "geometry": { "type": "Point", "coordinates": [ 114.075775146484375, 22.731918334960938 ] } },
{ "type": "Feature", "properties": { "city": "shenzhen", "candidate_source": "place_village_hamlet_locality", "id": "11422501322", "osm_type": "node", "place": "hamlet", "landuse": "None", "residential": "None", "name": "None" }, "geometry": { "type": "Point", "coordinates": [ 114.083183288574219, 22.744596481323242 ] } },
{ "type": "Feature", "properties": { "city": "shenzhen", "candidate_source": "place_village_hamlet_locality", "id": "2065819523", "osm_type": "node", "place": "hamlet", "landuse": "None", "residential": "None", "name": "None" }, "geometry": { "type": "Point", "coordinates": [ 114.032379150390625, 22.738309860229492 ] } },
{ "type": "Feature", "properties": { "city": "shenzhen", "candidate_source": "place_village_hamlet_locality", "id": "11262414206", "osm_type": "node", "place": "hamlet", "landuse": "None", "residential": "None", "name": "None" }, "geometry": { "type": "Point", "coordinates": [ 114.0311279296875, 22.759246826171875 ] } },
{ "type": "Feature", "properties": { "city": "shenzhen", "candidate_source": "place_village_hamlet_locality", "id": "11262202096", "osm_type": "node", "place": "hamlet", "landuse": "None", "residential": "None", "name": "None" }, "geometry": { "type": "Point", "coordinates": [ 113.972160339355469, 22.624904632568359 ] } },
{ "type": "Feature", "properties": { "city": "shenzhen", "candidate_source": "place_village_hamlet_locality", "id": "11422545845", "osm_type": "node", "place": "hamlet", "landuse": "None", "residential": "None", "name": "None" }, "geometry": { "type": "Point", "coordinates": [ 113.966255187988281, 22.632272720336914 ] } },
{ "type": "Feature", "properties": { "city": "shenzhen", "candidate_source": "place_village_hamlet_locality", "id": "12122426624", "osm_type": "node", "place": "locality", "landuse": "None", "residential": "None", "name": "None" }, "geometry": { "type": "Point", "coordinates": [ 113.967239379882812, 22.651695251464844 ] } },
{ "type": "Feature", "properties": { "city": "shenzhen", "candidate_source": "place_village_hamlet_locality", "id": "6354202233", "osm_type": "node", "place": "locality", "landuse": "None", "residential": "None", "name": "None" }, "geometry": { "type": "Point", "coordinates": [ 113.968025207519531, 22.662145614624023 ] } },
{ "type": "Feature", "properties": { "city": "shenzhen", "candidate_source": "place_village_hamlet_locality", "id": "11580949256", "osm_type": "node", "place": "locality", "landuse": "None", "residential": "None", "name": "None" }, "geometry": { "type": "Point", "coordinates": [ 113.977607727050781, 22.664226531982422 ] } },
{ "type": "Feature", "properties": { "city": "shenzhen", "candidate_source": "place_village_hamlet_locality", "id": "10979180647", "osm_type": "node", "place": "locality", "landuse": "None", "residential": "None", "name": "None" }, "geometry": { "type": "Point", "coordinates": [ 113.973762512207031, 22.678182601928711 ] } },
{ "type": "Feature", "properties": { "city": "shenzhen", "candidate_source": "place_village_hamlet_locality", "id": "11015859061", "osm_type": "node", "place": "hamlet", "landuse": "None", "residential": "None", "name": "None" }, "geometry": { "type": "Point", "coordinates": [ 113.974349975585938, 22.682046890258789 ] } },
{ "type": "Feature", "properties": { "city": "shenzhen", "candidate_source": "place_village_hamlet_locality", "id": "2065804494", "osm_type": "node", "place": "hamlet", "landuse": "None", "residential": "None", "name": "None" }, "geometry": { "type": "Point", "coordinates": [ 113.97698974609375, 22.682226181030273 ] } },
{ "type": "Feature", "properties": { "city": "shenzhen", "candidate_source": "place_village_hamlet_locality", "id": "11313769054", "osm_type": "node", "place": "locality", "landuse": "None", "residential": "None", "name": "None" }, "geometry": { "type": "Point", "coordinates": [ 113.965057373046875, 22.683721542358398 ] } },
{ "type": "Feature", "properties": { "city": "shenzhen", "candidate_source": "place_village_hamlet_locality", "id": "11405263741", "osm_type": "node", "place": "locality", "landuse": "None", "residential": "None", "name": "None" }, "geometry": { "type": "Point", "coordinates": [ 113.979461669921875, 22.729188919067383 ] } },
{ "type": "Feature", "properties": { "city": "shenzhen", "candidate_source": "place_village_hamlet_locality", "id": "11245519905", "osm_type": "node", "place": "locality", "landuse": "None", "residential": "None", "name": "None" }, "geometry": { "type": "Point", "coordinates": [ 113.949249267578125, 22.676113128662109 ] } },
{ "type": "Feature", "properties": { "city": "shenzhen", "candidate_source": "place_village_hamlet_locality", "id": "11245505900", "osm_type": "node", "place": "village", "landuse": "None", "residential": "None", "name": "None" }, "geometry": { "type": "Point", "coordinates": [ 113.930046081542969, 22.676166534423828 ] } },
{ "type": "Feature", "properties": { "city": "shenzhen", "candidate_source": "place_village_hamlet_locality", "id": "13093819143", "osm_type": "node", "place": "village", "landuse": "None", "residential": "None", "name": "None" }, "geometry": { "type": "Point", "coordinates": [ 113.927070617675781, 22.676265716552734 ] } },
{ "type": "Feature", "properties": { "city": "shenzhen", "candidate_source": "place_village_hamlet_locality", "id": "13093819130", "osm_type": "node", "place": "village", "landuse": "None", "residential": "None", "name": "None" }, "geometry": { "type": "Point", "coordinates": [ 113.933448791503906, 22.676422119140625 ] } },
{ "type": "Feature", "properties": { "city": "shenzhen", "candidate_source": "place_village_hamlet_locality", "id": "11581113374", "osm_type": "node", "place": "hamlet", "landuse": "None", "residential": "None", "name": "None" }, "geometry": { "type": "Point", "coordinates": [ 113.895790100097656, 22.677400588989258 ] } },
{ "type": "Feature", "properties": { "city": "shenzhen", "candidate_source": "place_village_hamlet_locality", "id": "11405272097", "osm_type": "node", "place": "hamlet", "landuse": "None", "residential": "None", "name": "None" }, "geometry": { "type": "Point", "coordinates": [ 113.93994140625, 22.679178237915039 ] } },
{ "type": "Feature", "properties": { "city": "shenzhen", "candidate_source": "place_village_hamlet_locality", "id": "11422489924", "osm_type": "node", "place": "hamlet", "landuse": "None", "residential": "None", "name": "None" }, "geometry": { "type": "Point", "coordinates": [ 113.928504943847656, 22.679868698120117 ] } },
{ "type": "Feature", "properties": { "city": "shenzhen", "candidate_source": "place_village_hamlet_locality", "id": "11581107286", "osm_type": "node", "place": "hamlet", "landuse": "None", "residential": "None", "name": "None" }, "geometry": { "type": "Point", "coordinates": [ 113.931007385253906, 22.680009841918945 ] } },
{ "type": "Feature", "properties": { "city": "shenzhen", "candidate_source": "place_village_hamlet_locality", "id": "2065862002", "osm_type": "node", "place": "hamlet", "landuse": "None", "residential": "None", "name": "None" }, "geometry": { "type": "Point", "coordinates": [ 113.9305419921875, 22.680459976196289 ] } },
{ "type": "Feature", "properties": { "city": "shenzhen", "candidate_source": "place_village_hamlet_locality", "id": "11245499376", "osm_type": "node", "place": "hamlet", "landuse": "None", "residential": "None", "name": "None" }, "geometry": { "type": "Point", "coordinates": [ 113.947410583496094, 22.680828094482422 ] } },
{ "type": "Feature", "properties": { "city": "shenzhen", "candidate_source": "place_village_hamlet_locality", "id": "11743232094", "osm_type": "node", "place": "locality", "landuse": "None", "residential": "None", "name": "None" }, "geometry": { "type": "Point", "coordinates": [ 113.987335205078125, 22.665260314941406 ] } },
{ "type": "Feature", "properties": { "city": "shenzhen", "candidate_source": "place_village_hamlet_locality", "id": "10946039600", "osm_type": "node", "place": "locality", "landuse": "None", "residential": "None", "name": "None" }, "geometry": { "type": "Point", "coordinates": [ 113.985404968261719, 22.665304183959961 ] } },
{ "type": "Feature", "properties": { "city": "shenzhen", "candidate_source": "place_village_hamlet_locality", "id": "10946039601", "osm_type": "node", "place": "hamlet", "landuse": "None", "residential": "None", "name": "None" }, "geometry": { "type": "Point", "coordinates": [ 113.988235473632812, 22.666814804077148 ] } },
{ "type": "Feature", "properties": { "city": "shenzhen", "candidate_source": "place_village_hamlet_locality", "id": "11015881776", "osm_type": "node", "place": "hamlet", "landuse": "None", "residential": "None", "name": "None" }, "geometry": { "type": "Point", "coordinates": [ 113.982353210449219, 22.675512313842773 ] } },
{ "type": "Feature", "properties": { "city": "shenzhen", "candidate_source": "place_village_hamlet_locality", "id": "11245454695", "osm_type": "node", "place": "hamlet", "landuse": "None", "residential": "None", "name": "None" }, "geometry": { "type": "Point", "coordinates": [ 113.988365173339844, 22.699007034301758 ] } },
{ "type": "Feature", "properties": { "city": "shenzhen", "candidate_source": "place_village_hamlet_locality", "id": "11389578306", "osm_type": "node", "place": "hamlet", "landuse": "None", "residential": "None", "name": "None" }, "geometry": { "type": "Point", "coordinates": [ 113.932151794433594, 22.683572769165039 ] } },
{ "type": "Feature", "properties": { "city": "shenzhen", "candidate_source": "place_village_hamlet_locality", "id": "11580923436", "osm_type": "node", "place": "hamlet", "landuse": "None", "residential": "None", "name": "None" }, "geometry": { "type": "Point", "coordinates": [ 113.93170166015625, 22.68379020690918 ] } },
{ "type": "Feature", "properties": { "city": "shenzhen", "candidate_source": "place_village_hamlet_locality", "id": "11581107285", "osm_type": "node", "place": "hamlet", "landuse": "None", "residential": "None", "name": "None" }, "geometry": { "type": "Point", "coordinates": [ 113.930168151855469, 22.684343338012695 ] } },
{ "type": "Feature", "properties": { "city": "shenzhen", "candidate_source": "place_village_hamlet_locality", "id": "11245475381", "osm_type": "node", "place": "hamlet", "landuse": "None", "residential": "None", "name": "None" }, "geometry": { "type": "Point", "coordinates": [ 113.938980102539062, 22.684772491455078 ] } },
{ "type": "Feature", "properties": { "city": "shenzhen", "candidate_source": "place_village_hamlet_locality", "id": "11581038195", "osm_type": "node", "place": "hamlet", "landuse": "None", "residential": "None", "name": "None" }, "geometry": { "type": "Point", "coordinates": [ 113.929214477539062, 22.685335159301758 ] } },
{ "type": "Feature", "properties": { "city": "shenzhen", "candidate_source": "place_village_hamlet_locality", "id": "10978076941", "osm_type": "node", "place": "hamlet", "landuse": "None", "residential": "None", "name": "None" }, "geometry": { "type": "Point", "coordinates": [ 113.95013427734375, 22.686710357666016 ] } },
{ "type": "Feature", "properties": { "city": "shenzhen", "candidate_source": "place_village_hamlet_locality", "id": "11389581676", "osm_type": "node", "place": "hamlet", "landuse": "None", "residential": "None", "name": "None" }, "geometry": { "type": "Point", "coordinates": [ 113.932273864746094, 22.686738967895508 ] } },
{ "type": "Feature", "properties": { "city": "shenzhen", "candidate_source": "place_village_hamlet_locality", "id": "11581108030", "osm_type": "node", "place": "hamlet", "landuse": "None", "residential": "None", "name": "None" }, "geometry": { "type": "Point", "coordinates": [ 113.929969787597656, 22.687734603881836 ] } },
{ "type": "Feature", "properties": { "city": "shenzhen", "candidate_source": "place_village_hamlet_locality", "id": "10978076942", "osm_type": "node", "place": "hamlet", "landuse": "None", "residential": "None", "name": "None" }, "geometry": { "type": "Point", "coordinates": [ 113.954841613769531, 22.68779182434082 ] } },
{ "type": "Feature", "properties": { "city": "shenzhen", "candidate_source": "place_village_hamlet_locality", "id": "2065838488", "osm_type": "node", "place": "locality", "landuse": "None", "residential": "None", "name": "None" }, "geometry": { "type": "Point", "coordinates": [ 113.803466796875, 22.688959121704102 ] } },
{ "type": "Feature", "properties": { "city": "shenzhen", "candidate_source": "place_village_hamlet_locality", "id": "11389594491", "osm_type": "node", "place": "hamlet", "landuse": "None", "residential": "None", "name": "None" }, "geometry": { "type": "Point", "coordinates": [ 113.935981750488281, 22.68914794921875 ] } },
{ "type": "Feature", "properties": { "city": "shenzhen", "candidate_source": "place_village_hamlet_locality", "id": "11389594492", "osm_type": "node", "place": "hamlet", "landuse": "None", "residential": "None", "name": "None" }, "geometry": { "type": "Point", "coordinates": [ 113.935005187988281, 22.689916610717773 ] } },
{ "type": "Feature", "properties": { "city": "shenzhen", "candidate_source": "place_village_hamlet_locality", "id": "11422506899", "osm_type": "node", "place": "hamlet", "landuse": "None", "residential": "None", "name": "None" }, "geometry": { "type": "Point", "coordinates": [ 113.930809020996094, 22.691862106323242 ] } },
{ "type": "Feature", "properties": { "city": "shenzhen", "candidate_source": "place_village_hamlet_locality", "id": "11389550366", "osm_type": "node", "place": "hamlet", "landuse": "None", "residential": "None", "name": "None" }, "geometry": { "type": "Point", "coordinates": [ 113.936630249023438, 22.692426681518555 ] } },
{ "type": "Feature", "properties": { "city": "shenzhen", "candidate_source": "place_village_hamlet_locality", "id": "11389600448", "osm_type": "node", "place": "hamlet", "landuse": "None", "residential": "None", "name": "None" }, "geometry": { "type": "Point", "coordinates": [ 113.933921813964844, 22.69575309753418 ] } },
{ "type": "Feature", "properties": { "city": "shenzhen", "candidate_source": "place_village_hamlet_locality", "id": "11245522871", "osm_type": "node", "place": "locality", "landuse": "None", "residential": "None", "name": "None" }, "geometry": { "type": "Point", "coordinates": [ 113.892288208007812, 22.697906494140625 ] } },
{ "type": "Feature", "properties": { "city": "shenzhen", "candidate_source": "place_village_hamlet_locality", "id": "11032984521", "osm_type": "node", "place": "hamlet", "landuse": "None", "residential": "None", "name": "None" }, "geometry": { "type": "Point", "coordinates": [ 113.963172912597656, 22.701837539672852 ] } },
{ "type": "Feature", "properties": { "city": "shenzhen", "candidate_source": "place_village_hamlet_locality", "id": "9428471277", "osm_type": "node", "place": "locality", "landuse": "None", "residential": "None", "name": "None" }, "geometry": { "type": "Point", "coordinates": [ 113.755027770996094, 22.716426849365234 ] } },
{ "type": "Feature", "properties": { "city": "shenzhen", "candidate_source": "place_village_hamlet_locality", "id": "11389601821", "osm_type": "node", "place": "locality", "landuse": "None", "residential": "None", "name": "None" }, "geometry": { "type": "Point", "coordinates": [ 113.938873291015625, 22.728216171264648 ] } },
{ "type": "Feature", "properties": { "city": "shenzhen", "candidate_source": "place_village_hamlet_locality", "id": "2065858624", "osm_type": "node", "place": "hamlet", "landuse": "None", "residential": "None", "name": "None" }, "geometry": { "type": "Point", "coordinates": [ 113.913665771484375, 22.736677169799805 ] } },
{ "type": "Feature", "properties": { "city": "shenzhen", "candidate_source": "place_village_hamlet_locality", "id": "11422545199", "osm_type": "node", "place": "hamlet", "landuse": "None", "residential": "None", "name": "None" }, "geometry": { "type": "Point", "coordinates": [ 113.898406982421875, 22.749792098999023 ] } },
{ "type": "Feature", "properties": { "city": "shenzhen", "candidate_source": "place_village_hamlet_locality", "id": "11422528239", "osm_type": "node", "place": "hamlet", "landuse": "None", "residential": "None", "name": "None" }, "geometry": { "type": "Point", "coordinates": [ 113.899681091308594, 22.752092361450195 ] } },
{ "type": "Feature", "properties": { "city": "shenzhen", "candidate_source": "place_village_hamlet_locality", "id": "11422544073", "osm_type": "node", "place": "hamlet", "landuse": "None", "residential": "None", "name": "None" }, "geometry": { "type": "Point", "coordinates": [ 113.899093627929688, 22.75535774230957 ] } },
{ "type": "Feature", "properties": { "city": "shenzhen", "candidate_source": "place_village_hamlet_locality", "id": "12615812962", "osm_type": "node", "place": "hamlet", "landuse": "None", "residential": "None", "name": "None" }, "geometry": { "type": "Point", "coordinates": [ 113.947784423828125, 22.755708694458008 ] } },
{ "type": "Feature", "properties": { "city": "shenzhen", "candidate_source": "place_village_hamlet_locality", "id": "11422520538", "osm_type": "node", "place": "hamlet", "landuse": "None", "residential": "None", "name": "None" }, "geometry": { "type": "Point", "coordinates": [ 113.896240234375, 22.756364822387695 ] } },
{ "type": "Feature", "properties": { "city": "shenzhen", "candidate_source": "place_village_hamlet_locality", "id": "7223736684", "osm_type": "node", "place": "hamlet", "landuse": "None", "residential": "None", "name": "None" }, "geometry": { "type": "Point", "coordinates": [ 113.947593688964844, 22.757287979125977 ] } },
{ "type": "Feature", "properties": { "city": "shenzhen", "candidate_source": "place_village_hamlet_locality", "id": "11422501740", "osm_type": "node", "place": "hamlet", "landuse": "None", "residential": "None", "name": "None" }, "geometry": { "type": "Point", "coordinates": [ 113.898033142089844, 22.7586669921875 ] } },
{ "type": "Feature", "properties": { "city": "shenzhen", "candidate_source": "place_village_hamlet_locality", "id": "11422501463", "osm_type": "node", "place": "hamlet", "landuse": "None", "residential": "None", "name": "None" }, "geometry": { "type": "Point", "coordinates": [ 113.911056518554688, 22.759288787841797 ] } },
{ "type": "Feature", "properties": { "city": "shenzhen", "candidate_source": "place_village_hamlet_locality", "id": "7223781097", "osm_type": "node", "place": "hamlet", "landuse": "None", "residential": "None", "name": "None" }, "geometry": { "type": "Point", "coordinates": [ 113.945350646972656, 22.761005401611328 ] } },
{ "type": "Feature", "properties": { "city": "shenzhen", "candidate_source": "place_village_hamlet_locality", "id": "7223781099", "osm_type": "node", "place": "hamlet", "landuse": "None", "residential": "None", "name": "None" }, "geometry": { "type": "Point", "coordinates": [ 113.953338623046875, 22.762243270874023 ] } },
{ "type": "Feature", "properties": { "city": "shenzhen", "candidate_source": "place_village_hamlet_locality", "id": "7223781151", "osm_type": "node", "place": "hamlet", "landuse": "None", "residential": "None", "name": "None" }, "geometry": { "type": "Point", "coordinates": [ 113.917877197265625, 22.763406753540039 ] } },
{ "type": "Feature", "properties": { "city": "shenzhen", "candidate_source": "place_village_hamlet_locality", "id": "7223781104", "osm_type": "node", "place": "hamlet", "landuse": "None", "residential": "None", "name": "None" }, "geometry": { "type": "Point", "coordinates": [ 113.951026916503906, 22.765186309814453 ] } },
{ "type": "Feature", "properties": { "city": "shenzhen", "candidate_source": "place_village_hamlet_locality", "id": "7223781107", "osm_type": "node", "place": "hamlet", "landuse": "None", "residential": "None", "name": "None" }, "geometry": { "type": "Point", "coordinates": [ 113.916511535644531, 22.766544342041016 ] } },
{ "type": "Feature", "properties": { "city": "shenzhen", "candidate_source": "place_village_hamlet_locality", "id": "7223781163", "osm_type": "node", "place": "hamlet", "landuse": "None", "residential": "None", "name": "None" }, "geometry": { "type": "Point", "coordinates": [ 113.933891296386719, 22.767551422119141 ] } },
{ "type": "Feature", "properties": { "city": "shenzhen", "candidate_source": "place_village_hamlet_locality", "id": "7223781105", "osm_type": "node", "place": "hamlet", "landuse": "None", "residential": "None", "name": "None" }, "geometry": { "type": "Point", "coordinates": [ 113.947624206542969, 22.772689819335938 ] } },
{ "type": "Feature", "properties": { "city": "shenzhen", "candidate_source": "place_village_hamlet_locality", "id": "11422536182", "osm_type": "node", "place": "hamlet", "landuse": "None", "residential": "None", "name": "None" }, "geometry": { "type": "Point", "coordinates": [ 113.923377990722656, 22.782341003417969 ] } },
{ "type": "Feature", "properties": { "city": "shenzhen", "candidate_source": "place_village_hamlet_locality", "id": "11389552655", "osm_type": "node", "place": "hamlet", "landuse": "None", "residential": "None", "name": "None" }, "geometry": { "type": "Point", "coordinates": [ 113.954612731933594, 22.793863296508789 ] } },
{ "type": "Feature", "properties": { "city": "shenzhen", "candidate_source": "place_village_hamlet_locality", "id": "11405362731", "osm_type": "node", "place": "hamlet", "landuse": "None", "residential": "None", "name": "None" }, "geometry": { "type": "Point", "coordinates": [ 113.942298889160156, 22.794109344482422 ] } },
{ "type": "Feature", "properties": { "city": "shenzhen", "candidate_source": "place_village_hamlet_locality", "id": "2065870760", "osm_type": "node", "place": "hamlet", "landuse": "None", "residential": "None", "name": "None" }, "geometry": { "type": "Point", "coordinates": [ 113.87139892578125, 22.801349639892578 ] } },
{ "type": "Feature", "properties": { "city": "shenzhen", "candidate_source": "place_village_hamlet_locality", "id": "2065854949", "osm_type": "node", "place": "hamlet", "landuse": "None", "residential": "None", "name": "None" }, "geometry": { "type": "Point", "coordinates": [ 113.860160827636719, 22.803459167480469 ] } },
{ "type": "Feature", "properties": { "city": "shenzhen", "candidate_source": "place_village_hamlet_locality", "id": "11027976467", "osm_type": "node", "place": "hamlet", "landuse": "None", "residential": "None", "name": "None" }, "geometry": { "type": "Point", "coordinates": [ 113.882987976074219, 22.803949356079102 ] } },
{ "type": "Feature", "properties": { "city": "shenzhen", "candidate_source": "place_village_hamlet_locality", "id": "7223781103", "osm_type": "node", "place": "hamlet", "landuse": "None", "residential": "None", "name": "None" }, "geometry": { "type": "Point", "coordinates": [ 113.964836120605469, 22.768232345581055 ] } },
{ "type": "Feature", "properties": { "city": "shenzhen", "candidate_source": "place_village_hamlet_locality", "id": "12055422217", "osm_type": "node", "place": "locality", "landuse": "None", "residential": "None", "name": "None" }, "geometry": { "type": "Point", "coordinates": [ 113.964004516601562, 22.802711486816406 ] } },
{ "type": "Feature", "properties": { "city": "shenzhen", "candidate_source": "place_village_hamlet_locality", "id": "2065878859", "osm_type": "node", "place": "hamlet", "landuse": "None", "residential": "None", "name": "None" }, "geometry": { "type": "Point", "coordinates": [ 113.89703369140625, 22.804180145263672 ] } },
{ "type": "Feature", "properties": { "city": "shenzhen", "candidate_source": "place_village_hamlet_locality", "id": "12055422216", "osm_type": "node", "place": "locality", "landuse": "None", "residential": "None", "name": "None" }, "geometry": { "type": "Point", "coordinates": [ 113.961593627929688, 22.805519104003906 ] } },
{ "type": "Feature", "properties": { "city": "shenzhen", "candidate_source": "place_village_hamlet_locality", "id": "7202926273", "osm_type": "node", "place": "hamlet", "landuse": "None", "residential": "None", "name": "None" }, "geometry": { "type": "Point", "coordinates": [ 113.9375, 22.808137893676758 ] } },
{ "type": "Feature", "properties": { "city": "shenzhen", "candidate_source": "place_village_hamlet_locality", "id": "7202926276", "osm_type": "node", "place": "hamlet", "landuse": "None", "residential": "None", "name": "None" }, "geometry": { "type": "Point", "coordinates": [ 113.958274841308594, 22.810070037841797 ] } },
{ "type": "Feature", "properties": { "city": "shenzhen", "candidate_source": "place_village_hamlet_locality", "id": "2065887945", "osm_type": "node", "place": "hamlet", "landuse": "None", "residential": "None", "name": "None" }, "geometry": { "type": "Point", "coordinates": [ 113.961921691894531, 22.814060211181641 ] } },
{ "type": "Feature", "properties": { "city": "shenzhen", "candidate_source": "place_village_hamlet_locality", "id": "6001914934", "osm_type": "node", "place": "hamlet", "landuse": "None", "residential": "None", "name": "None" }, "geometry": { "type": "Point", "coordinates": [ 113.930351257324219, 22.816978454589844 ] } },
{ "type": "Feature", "properties": { "city": "shenzhen", "candidate_source": "place_village_hamlet_locality", "id": "2065802935", "osm_type": "node", "place": "hamlet", "landuse": "None", "residential": "None", "name": "None" }, "geometry": { "type": "Point", "coordinates": [ 113.947792053222656, 22.818426132202148 ] } },
{ "type": "Feature", "properties": { "city": "shenzhen", "candidate_source": "place_village_hamlet_locality", "id": "7202926274", "osm_type": "node", "place": "hamlet", "landuse": "None", "residential": "None", "name": "None" }, "geometry": { "type": "Point", "coordinates": [ 113.939651489257812, 22.822341918945312 ] } },
{ "type": "Feature", "properties": { "city": "shenzhen", "candidate_source": "place_village_hamlet_locality", "id": "7202926275", "osm_type": "node", "place": "hamlet", "landuse": "None", "residential": "None", "name": "None" }, "geometry": { "type": "Point", "coordinates": [ 113.933479309082031, 22.822343826293945 ] } },
{ "type": "Feature", "properties": { "city": "shenzhen", "candidate_source": "place_village_hamlet_locality", "id": "7249340348", "osm_type": "node", "place": "hamlet", "landuse": "None", "residential": "None", "name": "None" }, "geometry": { "type": "Point", "coordinates": [ 114.394142150878906, 22.657554626464844 ] } },
{ "type": "Feature", "properties": { "city": "shenzhen", "candidate_source": "place_village_hamlet_locality", "id": "7249340370", "osm_type": "node", "place": "hamlet", "landuse": "None", "residential": "None", "name": "None" }, "geometry": { "type": "Point", "coordinates": [ 114.395095825195312, 22.659618377685547 ] } },
{ "type": "Feature", "properties": { "city": "shenzhen", "candidate_source": "place_village_hamlet_locality", "id": "7249340371", "osm_type": "node", "place": "hamlet", "landuse": "None", "residential": "None", "name": "None" }, "geometry": { "type": "Point", "coordinates": [ 114.390380859375, 22.661464691162109 ] } },
{ "type": "Feature", "properties": { "city": "shenzhen", "candidate_source": "place_village_hamlet_locality", "id": "7249340349", "osm_type": "node", "place": "hamlet", "landuse": "None", "residential": "None", "name": "None" }, "geometry": { "type": "Point", "coordinates": [ 114.419403076171875, 22.662399291992188 ] } },
{ "type": "Feature", "properties": { "city": "shenzhen", "candidate_source": "place_village_hamlet_locality", "id": "7249340360", "osm_type": "node", "place": "hamlet", "landuse": "None", "residential": "None", "name": "None" }, "geometry": { "type": "Point", "coordinates": [ 114.404197692871094, 22.662431716918945 ] } },
{ "type": "Feature", "properties": { "city": "shenzhen", "candidate_source": "place_village_hamlet_locality", "id": "7249340369", "osm_type": "node", "place": "hamlet", "landuse": "None", "residential": "None", "name": "None" }, "geometry": { "type": "Point", "coordinates": [ 114.408645629882812, 22.664154052734375 ] } },
{ "type": "Feature", "properties": { "city": "shenzhen", "candidate_source": "place_village_hamlet_locality", "id": "7249340359", "osm_type": "node", "place": "hamlet", "landuse": "None", "residential": "None", "name": "None" }, "geometry": { "type": "Point", "coordinates": [ 114.412757873535156, 22.665340423583984 ] } },
{ "type": "Feature", "properties": { "city": "shenzhen", "candidate_source": "place_village_hamlet_locality", "id": "7249340326", "osm_type": "node", "place": "hamlet", "landuse": "None", "residential": "None", "name": "None" }, "geometry": { "type": "Point", "coordinates": [ 114.380950927734375, 22.686321258544922 ] } },
{ "type": "Feature", "properties": { "city": "shenzhen", "candidate_source": "place_village_hamlet_locality", "id": "7249340322", "osm_type": "node", "place": "hamlet", "landuse": "None", "residential": "None", "name": "None" }, "geometry": { "type": "Point", "coordinates": [ 114.379898071289062, 22.69439697265625 ] } },
{ "type": "Feature", "properties": { "city": "shenzhen", "candidate_source": "place_village_hamlet_locality", "id": "7249340377", "osm_type": "node", "place": "hamlet", "landuse": "None", "residential": "None", "name": "None" }, "geometry": { "type": "Point", "coordinates": [ 114.403701782226562, 22.694538116455078 ] } },
{ "type": "Feature", "properties": { "city": "shenzhen", "candidate_source": "place_village_hamlet_locality", "id": "7262711525", "osm_type": "node", "place": "hamlet", "landuse": "None", "residential": "None", "name": "None" }, "geometry": { "type": "Point", "coordinates": [ 114.322174072265625, 22.679052352905273 ] } },
{ "type": "Feature", "properties": { "city": "shenzhen", "candidate_source": "place_village_hamlet_locality", "id": "7262711526", "osm_type": "node", "place": "hamlet", "landuse": "None", "residential": "None", "name": "None" }, "geometry": { "type": "Point", "coordinates": [ 114.313873291015625, 22.679262161254883 ] } },
{ "type": "Feature", "properties": { "city": "shenzhen", "candidate_source": "place_village_hamlet_locality", "id": "7262711530", "osm_type": "node", "place": "hamlet", "landuse": "None", "residential": "None", "name": "None" }, "geometry": { "type": "Point", "coordinates": [ 114.318939208984375, 22.67985725402832 ] } },
{ "type": "Feature", "properties": { "city": "shenzhen", "candidate_source": "place_village_hamlet_locality", "id": "7262711547", "osm_type": "node", "place": "hamlet", "landuse": "None", "residential": "None", "name": "None" }, "geometry": { "type": "Point", "coordinates": [ 114.314620971679688, 22.68077278137207 ] } },
{ "type": "Feature", "properties": { "city": "shenzhen", "candidate_source": "place_village_hamlet_locality", "id": "7652474300", "osm_type": "node", "place": "hamlet", "landuse": "None", "residential": "None", "name": "None" }, "geometry": { "type": "Point", "coordinates": [ 114.345626831054688, 22.681503295898438 ] } },
{ "type": "Feature", "properties": { "city": "shenzhen", "candidate_source": "place_village_hamlet_locality", "id": "7652465436", "osm_type": "node", "place": "hamlet", "landuse": "None", "residential": "None", "name": "None" }, "geometry": { "type": "Point", "coordinates": [ 114.330665588378906, 22.682029724121094 ] } },
{ "type": "Feature", "properties": { "city": "shenzhen", "candidate_source": "place_village_hamlet_locality", "id": "7652465455", "osm_type": "node", "place": "hamlet", "landuse": "None", "residential": "None", "name": "None" }, "geometry": { "type": "Point", "coordinates": [ 114.34442138671875, 22.682228088378906 ] } },
{ "type": "Feature", "properties": { "city": "shenzhen", "candidate_source": "place_village_hamlet_locality", "id": "7656479781", "osm_type": "node", "place": "hamlet", "landuse": "None", "residential": "None", "name": "None" }, "geometry": { "type": "Point", "coordinates": [ 114.347740173339844, 22.682518005371094 ] } },
{ "type": "Feature", "properties": { "city": "shenzhen", "candidate_source": "place_village_hamlet_locality", "id": "7724637797", "osm_type": "node", "place": "hamlet", "landuse": "None", "residential": "None", "name": "None" }, "geometry": { "type": "Point", "coordinates": [ 114.360816955566406, 22.684963226318359 ] } },
{ "type": "Feature", "properties": { "city": "shenzhen", "candidate_source": "place_village_hamlet_locality", "id": "7652465454", "osm_type": "node", "place": "hamlet", "landuse": "None", "residential": "None", "name": "None" }, "geometry": { "type": "Point", "coordinates": [ 114.337852478027344, 22.685237884521484 ] } },
{ "type": "Feature", "properties": { "city": "shenzhen", "candidate_source": "place_village_hamlet_locality", "id": "7899996303", "osm_type": "node", "place": "hamlet", "landuse": "None", "residential": "None", "name": "None" }, "geometry": { "type": "Point", "coordinates": [ 114.314804077148438, 22.686029434204102 ] } },
{ "type": "Feature", "properties": { "city": "shenzhen", "candidate_source": "place_village_hamlet_locality", "id": "7652474321", "osm_type": "node", "place": "hamlet", "landuse": "None", "residential": "None", "name": "None" }, "geometry": { "type": "Point", "coordinates": [ 114.345726013183594, 22.686067581176758 ] } },
{ "type": "Feature", "properties": { "city": "shenzhen", "candidate_source": "place_village_hamlet_locality", "id": "7724637861", "osm_type": "node", "place": "hamlet", "landuse": "None", "residential": "None", "name": "None" }, "geometry": { "type": "Point", "coordinates": [ 114.363296508789062, 22.68669319152832 ] } },
{ "type": "Feature", "properties": { "city": "shenzhen", "candidate_source": "place_village_hamlet_locality", "id": "7656479805", "osm_type": "node", "place": "hamlet", "landuse": "None", "residential": "None", "name": "None" }, "geometry": { "type": "Point", "coordinates": [ 114.349388122558594, 22.687694549560547 ] } },
{ "type": "Feature", "properties": { "city": "shenzhen", "candidate_source": "place_village_hamlet_locality", "id": "7652474354", "osm_type": "node", "place": "hamlet", "landuse": "None", "residential": "None", "name": "None" }, "geometry": { "type": "Point", "coordinates": [ 114.340232849121094, 22.687704086303711 ] } },
{ "type": "Feature", "properties": { "city": "shenzhen", "candidate_source": "place_village_hamlet_locality", "id": "7656479803", "osm_type": "node", "place": "locality", "landuse": "None", "residential": "None", "name": "None" }, "geometry": { "type": "Point", "coordinates": [ 114.353385925292969, 22.687803268432617 ] } },
{ "type": "Feature", "properties": { "city": "shenzhen", "candidate_source": "place_village_hamlet_locality", "id": "7899996380", "osm_type": "node", "place": "hamlet", "landuse": "None", "residential": "None", "name": "None" }, "geometry": { "type": "Point", "coordinates": [ 114.324188232421875, 22.68836784362793 ] } },
{ "type": "Feature", "properties": { "city": "shenzhen", "candidate_source": "place_village_hamlet_locality", "id": "7656479804", "osm_type": "node", "place": "locality", "landuse": "None", "residential": "None", "name": "None" }, "geometry": { "type": "Point", "coordinates": [ 114.352569580078125, 22.688413619995117 ] } },
{ "type": "Feature", "properties": { "city": "shenzhen", "candidate_source": "place_village_hamlet_locality", "id": "9065086675", "osm_type": "node", "place": "hamlet", "landuse": "None", "residential": "None", "name": "None" }, "geometry": { "type": "Point", "coordinates": [ 114.344261169433594, 22.689140319824219 ] } },
{ "type": "Feature", "properties": { "city": "shenzhen", "candidate_source": "place_village_hamlet_locality", "id": "7652474326", "osm_type": "node", "place": "hamlet", "landuse": "None", "residential": "None", "name": "None" }, "geometry": { "type": "Point", "coordinates": [ 114.342025756835938, 22.689353942871094 ] } },
{ "type": "Feature", "properties": { "city": "shenzhen", "candidate_source": "place_village_hamlet_locality", "id": "7724637789", "osm_type": "node", "place": "hamlet", "landuse": "None", "residential": "None", "name": "None" }, "geometry": { "type": "Point", "coordinates": [ 114.357215881347656, 22.689657211303711 ] } },
{ "type": "Feature", "properties": { "city": "shenzhen", "candidate_source": "place_village_hamlet_locality", "id": "7899996430", "osm_type": "node", "place": "hamlet", "landuse": "None", "residential": "None", "name": "None" }, "geometry": { "type": "Point", "coordinates": [ 114.330764770507812, 22.689666748046875 ] } },
{ "type": "Feature", "properties": { "city": "shenzhen", "candidate_source": "place_village_hamlet_locality", "id": "9065086685", "osm_type": "node", "place": "hamlet", "landuse": "None", "residential": "None", "name": "None" }, "geometry": { "type": "Point", "coordinates": [ 114.341262817382812, 22.689889907836914 ] } },
{ "type": "Feature", "properties": { "city": "shenzhen", "candidate_source": "place_village_hamlet_locality", "id": "7724637873", "osm_type": "node", "place": "hamlet", "landuse": "None", "residential": "None", "name": "None" }, "geometry": { "type": "Point", "coordinates": [ 114.363189697265625, 22.690141677856445 ] } },
{ "type": "Feature", "properties": { "city": "shenzhen", "candidate_source": "place_village_hamlet_locality", "id": "9065086680", "osm_type": "node", "place": "hamlet", "landuse": "None", "residential": "None", "name": "None" }, "geometry": { "type": "Point", "coordinates": [ 114.343742370605469, 22.690670013427734 ] } },
{ "type": "Feature", "properties": { "city": "shenzhen", "candidate_source": "place_village_hamlet_locality", "id": "9065086677", "osm_type": "node", "place": "hamlet", "landuse": "None", "residential": "None", "name": "None" }, "geometry": { "type": "Point", "coordinates": [ 114.3521728515625, 22.691139221191406 ] } },
{ "type": "Feature", "properties": { "city": "shenzhen", "candidate_source": "place_village_hamlet_locality", "id": "7652474341", "osm_type": "node", "place": "locality", "landuse": "None", "residential": "None", "name": "None" }, "geometry": { "type": "Point", "coordinates": [ 114.344917297363281, 22.691295623779297 ] } },
{ "type": "Feature", "properties": { "city": "shenzhen", "candidate_source": "place_village_hamlet_locality", "id": "9065086676", "osm_type": "node", "place": "hamlet", "landuse": "None", "residential": "None", "name": "None" }, "geometry": { "type": "Point", "coordinates": [ 114.348854064941406, 22.691299438476562 ] } },
{ "type": "Feature", "properties": { "city": "shenzhen", "candidate_source": "place_village_hamlet_locality", "id": "9065086679", "osm_type": "node", "place": "hamlet", "landuse": "None", "residential": "None", "name": "None" }, "geometry": { "type": "Point", "coordinates": [ 114.345977783203125, 22.691354751586914 ] } },
{ "type": "Feature", "properties": { "city": "shenzhen", "candidate_source": "place_village_hamlet_locality", "id": "7724637888", "osm_type": "node", "place": "hamlet", "landuse": "None", "residential": "None", "name": "None" }, "geometry": { "type": "Point", "coordinates": [ 114.359062194824219, 22.692071914672852 ] } },
{ "type": "Feature", "properties": { "city": "shenzhen", "candidate_source": "place_village_hamlet_locality", "id": "9065086678", "osm_type": "node", "place": "hamlet", "landuse": "None", "residential": "None", "name": "None" }, "geometry": { "type": "Point", "coordinates": [ 114.346992492675781, 22.692218780517578 ] } },
{ "type": "Feature", "properties": { "city": "shenzhen", "candidate_source": "place_village_hamlet_locality", "id": "7724637812", "osm_type": "node", "place": "hamlet", "landuse": "None", "residential": "None", "name": "None" }, "geometry": { "type": "Point", "coordinates": [ 114.36865234375, 22.69232177734375 ] } },
{ "type": "Feature", "properties": { "city": "shenzhen", "candidate_source": "place_village_hamlet_locality", "id": "7724637887", "osm_type": "node", "place": "hamlet", "landuse": "None", "residential": "None", "name": "None" }, "geometry": { "type": "Point", "coordinates": [ 114.357254028320312, 22.692405700683594 ] } },
{ "type": "Feature", "properties": { "city": "shenzhen", "candidate_source": "place_village_hamlet_locality", "id": "9065086683", "osm_type": "node", "place": "hamlet", "landuse": "None", "residential": "None", "name": "None" }, "geometry": { "type": "Point", "coordinates": [ 114.343353271484375, 22.692544937133789 ] } },
{ "type": "Feature", "properties": { "city": "shenzhen", "candidate_source": "place_village_hamlet_locality", "id": "7899996446", "osm_type": "node", "place": "hamlet", "landuse": "None", "residential": "None", "name": "None" }, "geometry": { "type": "Point", "coordinates": [ 114.336288452148438, 22.693214416503906 ] } },
{ "type": "Feature", "properties": { "city": "shenzhen", "candidate_source": "place_village_hamlet_locality", "id": "7899996508", "osm_type": "node", "place": "hamlet", "landuse": "None", "residential": "None", "name": "None" }, "geometry": { "type": "Point", "coordinates": [ 114.331016540527344, 22.693431854248047 ] } },
{ "type": "Feature", "properties": { "city": "shenzhen", "candidate_source": "place_village_hamlet_locality", "id": "9065086682", "osm_type": "node", "place": "hamlet", "landuse": "None", "residential": "None", "name": "None" }, "geometry": { "type": "Point", "coordinates": [ 114.344558715820312, 22.693449020385742 ] } },
{ "type": "Feature", "properties": { "city": "shenzhen", "candidate_source": "place_village_hamlet_locality", "id": "7724637836", "osm_type": "node", "place": "hamlet", "landuse": "None", "residential": "None", "name": "None" }, "geometry": { "type": "Point", "coordinates": [ 114.362136840820312, 22.693662643432617 ] } },
{ "type": "Feature", "properties": { "city": "shenzhen", "candidate_source": "place_village_hamlet_locality", "id": "7899996390", "osm_type": "node", "place": "hamlet", "landuse": "None", "residential": "None", "name": "None" }, "geometry": { "type": "Point", "coordinates": [ 114.31927490234375, 22.694576263427734 ] } },
{ "type": "Feature", "properties": { "city": "shenzhen", "candidate_source": "place_village_hamlet_locality", "id": "7249340328", "osm_type": "node", "place": "hamlet", "landuse": "None", "residential": "None", "name": "None" }, "geometry": { "type": "Point", "coordinates": [ 114.372566223144531, 22.694942474365234 ] } },
{ "type": "Feature", "properties": { "city": "shenzhen", "candidate_source": "place_village_hamlet_locality", "id": "7249340329", "osm_type": "node", "place": "hamlet", "landuse": "None", "residential": "None", "name": "None" }, "geometry": { "type": "Point", "coordinates": [ 114.384162902832031, 22.694570541381836 ] } },
{ "type": "Feature", "properties": { "city": "shenzhen", "candidate_source": "place_village_hamlet_locality", "id": "2065798056", "osm_type": "node", "place": "hamlet", "landuse": "None", "residential": "None", "name": "None" }, "geometry": { "type": "Point", "coordinates": [ 114.401123046875, 22.694753646850586 ] } },
{ "type": "Feature", "properties": { "city": "shenzhen", "candidate_source": "place_village_hamlet_locality", "id": "7249340379", "osm_type": "node", "place": "hamlet", "landuse": "None", "residential": "None", "name": "None" }, "geometry": { "type": "Point", "coordinates": [ 114.398643493652344, 22.694961547851562 ] } },
{ "type": "Feature", "properties": { "city": "shenzhen", "candidate_source": "place_village_hamlet_locality", "id": "7249340331", "osm_type": "node", "place": "hamlet", "landuse": "None", "residential": "None", "name": "None" }, "geometry": { "type": "Point", "coordinates": [ 114.388114929199219, 22.695127487182617 ] } },
{ "type": "Feature", "properties": { "city": "shenzhen", "candidate_source": "place_village_hamlet_locality", "id": "7249340383", "osm_type": "node", "place": "hamlet", "landuse": "None", "residential": "None", "name": "None" }, "geometry": { "type": "Point", "coordinates": [ 114.41455078125, 22.695493698120117 ] } },
{ "type": "Feature", "properties": { "city": "shenzhen", "candidate_source": "place_village_hamlet_locality", "id": "7249340378", "osm_type": "node", "place": "hamlet", "landuse": "None", "residential": "None", "name": "None" }, "geometry": { "type": "Point", "coordinates": [ 114.394424438476562, 22.695510864257812 ] } },
{ "type": "Feature", "properties": { "city": "shenzhen", "candidate_source": "place_village_hamlet_locality", "id": "7249340330", "osm_type": "node", "place": "hamlet", "landuse": "None", "residential": "None", "name": "None" }, "geometry": { "type": "Point", "coordinates": [ 114.389511108398438, 22.695556640625 ] } },
{ "type": "Feature", "properties": { "city": "shenzhen", "candidate_source": "place_village_hamlet_locality", "id": "7249340381", "osm_type": "node", "place": "hamlet", "landuse": "None", "residential": "None", "name": "None" }, "geometry": { "type": "Point", "coordinates": [ 114.418991088867188, 22.69563102722168 ] } },
{ "type": "Feature", "properties": { "city": "shenzhen", "candidate_source": "place_village_hamlet_locality", "id": "7249345095", "osm_type": "node", "place": "hamlet", "landuse": "None", "residential": "None", "name": "None" }, "geometry": { "type": "Point", "coordinates": [ 114.408172607421875, 22.695886611938477 ] } },
{ "type": "Feature", "properties": { "city": "shenzhen", "candidate_source": "place_village_hamlet_locality", "id": "7054970444", "osm_type": "node", "place": "hamlet", "landuse": "None", "residential": "None", "name": "None" }, "geometry": { "type": "Point", "coordinates": [ 114.429046630859375, 22.697097778320312 ] } },
{ "type": "Feature", "properties": { "city": "shenzhen", "candidate_source": "place_village_hamlet_locality", "id": "7899996457", "osm_type": "node", "place": "hamlet", "landuse": "None", "residential": "None", "name": "None" }, "geometry": { "type": "Point", "coordinates": [ 114.330970764160156, 22.696170806884766 ] } },
{ "type": "Feature", "properties": { "city": "shenzhen", "candidate_source": "place_village_hamlet_locality", "id": "7249340324", "osm_type": "node", "place": "hamlet", "landuse": "None", "residential": "None", "name": "None" }, "geometry": { "type": "Point", "coordinates": [ 114.37255859375, 22.697116851806641 ] } },
{ "type": "Feature", "properties": { "city": "shenzhen", "candidate_source": "place_village_hamlet_locality", "id": "7899996285", "osm_type": "node", "place": "hamlet", "landuse": "None", "residential": "None", "name": "None" }, "geometry": { "type": "Point", "coordinates": [ 114.336578369140625, 22.697490692138672 ] } },
{ "type": "Feature", "properties": { "city": "shenzhen", "candidate_source": "place_village_hamlet_locality", "id": "9065086684", "osm_type": "node", "place": "village", "landuse": "None", "residential": "None", "name": "None" }, "geometry": { "type": "Point", "coordinates": [ 114.347625732421875, 22.697668075561523 ] } },
{ "type": "Feature", "properties": { "city": "shenzhen", "candidate_source": "place_village_hamlet_locality", "id": "7899996286", "osm_type": "node", "place": "hamlet", "landuse": "None", "residential": "None", "name": "None" }, "geometry": { "type": "Point", "coordinates": [ 114.339317321777344, 22.698787689208984 ] } },
{ "type": "Feature", "properties": { "city": "shenzhen", "candidate_source": "place_village_hamlet_locality", "id": "7249340323", "osm_type": "node", "place": "hamlet", "landuse": "None", "residential": "None", "name": "None" }, "geometry": { "type": "Point", "coordinates": [ 114.373298645019531, 22.700649261474609 ] } },
{ "type": "Feature", "properties": { "city": "shenzhen", "candidate_source": "place_village_hamlet_locality", "id": "7899996458", "osm_type": "node", "place": "hamlet", "landuse": "None", "residential": "None", "name": "None" }, "geometry": { "type": "Point", "coordinates": [ 114.321022033691406, 22.701990127563477 ] } },
{ "type": "Feature", "properties": { "city": "shenzhen", "candidate_source": "place_village_hamlet_locality", "id": "7899996300", "osm_type": "node", "place": "hamlet", "landuse": "None", "residential": "None", "name": "None" }, "geometry": { "type": "Point", "coordinates": [ 114.338111877441406, 22.703605651855469 ] } },
{ "type": "Feature", "properties": { "city": "shenzhen", "candidate_source": "place_village_hamlet_locality", "id": "7899996299", "osm_type": "node", "place": "hamlet", "landuse": "None", "residential": "None", "name": "None" }, "geometry": { "type": "Point", "coordinates": [ 114.341766357421875, 22.703636169433594 ] } },
{ "type": "Feature", "properties": { "city": "shenzhen", "candidate_source": "place_village_hamlet_locality", "id": "7249340325", "osm_type": "node", "place": "hamlet", "landuse": "None", "residential": "None", "name": "None" }, "geometry": { "type": "Point", "coordinates": [ 114.372840881347656, 22.704565048217773 ] } },
{ "type": "Feature", "properties": { "city": "shenzhen", "candidate_source": "place_village_hamlet_locality", "id": "7249340382", "osm_type": "node", "place": "hamlet", "landuse": "None", "residential": "None", "name": "None" }, "geometry": { "type": "Point", "coordinates": [ 114.413566589355469, 22.697309494018555 ] } },
{ "type": "Feature", "properties": { "city": "shenzhen", "candidate_source": "place_village_hamlet_locality", "id": "7249340332", "osm_type": "node", "place": "hamlet", "landuse": "None", "residential": "None", "name": "None" }, "geometry": { "type": "Point", "coordinates": [ 114.389396667480469, 22.697565078735352 ] } },
{ "type": "Feature", "properties": { "city": "shenzhen", "candidate_source": "place_village_hamlet_locality", "id": "7249340327", "osm_type": "node", "place": "hamlet", "landuse": "None", "residential": "None", "name": "None" }, "geometry": { "type": "Point", "coordinates": [ 114.38140869140625, 22.698898315429688 ] } },
{ "type": "Feature", "properties": { "city": "shenzhen", "candidate_source": "place_village_hamlet_locality", "id": "7249345092", "osm_type": "node", "place": "locality", "landuse": "None", "residential": "None", "name": "None" }, "geometry": { "type": "Point", "coordinates": [ 114.406082153320312, 22.699995040893555 ] } },
{ "type": "Feature", "properties": { "city": "shenzhen", "candidate_source": "place_village_hamlet_locality", "id": "7249340384", "osm_type": "node", "place": "hamlet", "landuse": "None", "residential": "None", "name": "None" }, "geometry": { "type": "Point", "coordinates": [ 114.415687561035156, 22.700338363647461 ] } },
{ "type": "Feature", "properties": { "city": "shenzhen", "candidate_source": "place_village_hamlet_locality", "id": "7249340333", "osm_type": "node", "place": "hamlet", "landuse": "None", "residential": "None", "name": "None" }, "geometry": { "type": "Point", "coordinates": [ 114.379203796386719, 22.701665878295898 ] } },
{ "type": "Feature", "properties": { "city": "shenzhen", "candidate_source": "place_village_hamlet_locality", "id": "8196565061", "osm_type": "node", "place": "locality", "landuse": "None", "residential": "None", "name": "None" }, "geometry": { "type": "Point", "coordinates": [ 114.375343322753906, 22.704229354858398 ] } },
{ "type": "Feature", "properties": { "city": "shenzhen", "candidate_source": "place_village_hamlet_locality", "id": "8144902403", "osm_type": "node", "place": "locality", "landuse": "None", "residential": "None", "name": "None" }, "geometry": { "type": "Point", "coordinates": [ 114.382522583007812, 22.705682754516602 ] } },
{ "type": "Feature", "properties": { "city": "shenzhen", "candidate_source": "place_village_hamlet_locality", "id": "7249340376", "osm_type": "node", "place": "hamlet", "landuse": "None", "residential": "None", "name": "None" }, "geometry": { "type": "Point", "coordinates": [ 114.398529052734375, 22.705892562866211 ] } },
{ "type": "Feature", "properties": { "city": "shenzhen", "candidate_source": "place_village_hamlet_locality", "id": "7298079780", "osm_type": "node", "place": "hamlet", "landuse": "None", "residential": "None", "name": "None" }, "geometry": { "type": "Point", "coordinates": [ 114.382728576660156, 22.707546234130859 ] } },
{ "type": "Feature", "properties": { "city": "shenzhen", "candidate_source": "place_village_hamlet_locality", "id": "7357390142", "osm_type": "node", "place": "locality", "landuse": "None", "residential": "None", "name": "None" }, "geometry": { "type": "Point", "coordinates": [ 114.387840270996094, 22.708978652954102 ] } },
{ "type": "Feature", "properties": { "city": "shenzhen", "candidate_source": "place_village_hamlet_locality", "id": "7249345094", "osm_type": "node", "place": "hamlet", "landuse": "None", "residential": "None", "name": "None" }, "geometry": { "type": "Point", "coordinates": [ 114.408088684082031, 22.709171295166016 ] } },
{ "type": "Feature", "properties": { "city": "shenzhen", "candidate_source": "place_village_hamlet_locality", "id": "7298079774", "osm_type": "node", "place": "hamlet", "landuse": "None", "residential": "None", "name": "None" }, "geometry": { "type": "Point", "coordinates": [ 114.380325317382812, 22.709648132324219 ] } },
{ "type": "Feature", "properties": { "city": "shenzhen", "candidate_source": "place_village_hamlet_locality", "id": "7298079801", "osm_type": "node", "place": "hamlet", "landuse": "None", "residential": "None", "name": "None" }, "geometry": { "type": "Point", "coordinates": [ 114.393135070800781, 22.710906982421875 ] } },
{ "type": "Feature", "properties": { "city": "shenzhen", "candidate_source": "place_village_hamlet_locality", "id": "7249345093", "osm_type": "node", "place": "hamlet", "landuse": "None", "residential": "None", "name": "None" }, "geometry": { "type": "Point", "coordinates": [ 114.411308288574219, 22.711084365844727 ] } },
{ "type": "Feature", "properties": { "city": "shenzhen", "candidate_source": "place_village_hamlet_locality", "id": "7298079773", "osm_type": "node", "place": "hamlet", "landuse": "None", "residential": "None", "name": "None" }, "geometry": { "type": "Point", "coordinates": [ 114.378150939941406, 22.711105346679688 ] } },
{ "type": "Feature", "properties": { "city": "shenzhen", "candidate_source": "place_village_hamlet_locality", "id": "7298079789", "osm_type": "node", "place": "hamlet", "landuse": "None", "residential": "None", "name": "None" }, "geometry": { "type": "Point", "coordinates": [ 114.387458801269531, 22.711830139160156 ] } },
{ "type": "Feature", "properties": { "city": "shenzhen", "candidate_source": "place_village_hamlet_locality", "id": "7298079767", "osm_type": "node", "place": "hamlet", "landuse": "None", "residential": "None", "name": "None" }, "geometry": { "type": "Point", "coordinates": [ 114.387092590332031, 22.712409973144531 ] } },
{ "type": "Feature", "properties": { "city": "shenzhen", "candidate_source": "place_village_hamlet_locality", "id": "7298079802", "osm_type": "node", "place": "hamlet", "landuse": "None", "residential": "None", "name": "None" }, "geometry": { "type": "Point", "coordinates": [ 114.397842407226562, 22.712686538696289 ] } },
{ "type": "Feature", "properties": { "city": "shenzhen", "candidate_source": "residential_rural", "id": "1262790316", "osm_type": "way", "place": "None", "landuse": "residential", "residential": "rural", "name": "None" }, "geometry": { "type": "Polygon", "coordinates": [ [ [ 114.132408142089844, 22.544408798217773 ], [ 114.133041381835938, 22.544673919677734 ], [ 114.133537292480469, 22.544454574584961 ], [ 114.132926940917969, 22.543720245361328 ], [ 114.132431030273438, 22.54328727722168 ], [ 114.132423400878906, 22.543998718261719 ], [ 114.132408142089844, 22.544408798217773 ] ] ] } },
{ "type": "Feature", "properties": { "city": "shenzhen", "candidate_source": "residential_rural", "id": "1262790317", "osm_type": "way", "place": "None", "landuse": "residential", "residential": "rural", "name": "None" }, "geometry": { "type": "Polygon", "coordinates": [ [ [ 114.132232666015625, 22.544721603393555 ], [ 114.133293151855469, 22.545242309570312 ], [ 114.133674621582031, 22.544618606567383 ], [ 114.133537292480469, 22.544454574584961 ], [ 114.133041381835938, 22.544673919677734 ], [ 114.132408142089844, 22.544408798217773 ], [ 114.132232666015625, 22.544721603393555 ] ] ] } },
{ "type": "Feature", "properties": { "city": "shenzhen", "candidate_source": "place_village_hamlet_locality", "id": "3389289670", "osm_type": "node", "place": "locality", "landuse": "None", "residential": "None", "name": "None" }, "geometry": { "type": "Point", "coordinates": [ 114.139747619628906, 22.552740097045898 ] } },
{ "type": "Feature", "properties": { "city": "shenzhen", "candidate_source": "place_village_hamlet_locality", "id": "3373386570", "osm_type": "node", "place": "locality", "landuse": "None", "residential": "None", "name": "None" }, "geometry": { "type": "Point", "coordinates": [ 114.123344421386719, 22.558477401733398 ] } },
{ "type": "Feature", "properties": { "city": "shenzhen", "candidate_source": "place_village_hamlet_locality", "id": "11422493852", "osm_type": "node", "place": "hamlet", "landuse": "None", "residential": "None", "name": "None" }, "geometry": { "type": "Point", "coordinates": [ 114.133720397949219, 22.666099548339844 ] } },
{ "type": "Feature", "properties": { "city": "shenzhen", "candidate_source": "place_village_hamlet_locality", "id": "11422531688", "osm_type": "node", "place": "hamlet", "landuse": "None", "residential": "None", "name": "None" }, "geometry": { "type": "Point", "coordinates": [ 114.144798278808594, 22.670339584350586 ] } },
{ "type": "Feature", "properties": { "city": "shenzhen", "candidate_source": "place_village_hamlet_locality", "id": "11422541182", "osm_type": "node", "place": "hamlet", "landuse": "None", "residential": "None", "name": "None" }, "geometry": { "type": "Point", "coordinates": [ 114.122177124023438, 22.672107696533203 ] } },
{ "type": "Feature", "properties": { "city": "shenzhen", "candidate_source": "place_village_hamlet_locality", "id": "11422511116", "osm_type": "node", "place": "hamlet", "landuse": "None", "residential": "None", "name": "None" }, "geometry": { "type": "Point", "coordinates": [ 114.105728149414062, 22.61256217956543 ] } },
{ "type": "Feature", "properties": { "city": "shenzhen", "candidate_source": "place_village_hamlet_locality", "id": "11422530748", "osm_type": "node", "place": "hamlet", "landuse": "None", "residential": "None", "name": "None" }, "geometry": { "type": "Point", "coordinates": [ 114.108688354492188, 22.613656997680664 ] } },
{ "type": "Feature", "properties": { "city": "shenzhen", "candidate_source": "place_village_hamlet_locality", "id": "11422530747", "osm_type": "node", "place": "hamlet", "landuse": "None", "residential": "None", "name": "None" }, "geometry": { "type": "Point", "coordinates": [ 114.100921630859375, 22.614212036132812 ] } },
{ "type": "Feature", "properties": { "city": "shenzhen", "candidate_source": "place_village_hamlet_locality", "id": "11422543751", "osm_type": "node", "place": "hamlet", "landuse": "None", "residential": "None", "name": "None" }, "geometry": { "type": "Point", "coordinates": [ 114.1036376953125, 22.616968154907227 ] } },
{ "type": "Feature", "properties": { "city": "shenzhen", "candidate_source": "place_village_hamlet_locality", "id": "11422515958", "osm_type": "node", "place": "hamlet", "landuse": "None", "residential": "None", "name": "None" }, "geometry": { "type": "Point", "coordinates": [ 114.102020263671875, 22.62122917175293 ] } },
{ "type": "Feature", "properties": { "city": "shenzhen", "candidate_source": "place_village_hamlet_locality", "id": "11422541478", "osm_type": "node", "place": "hamlet", "landuse": "None", "residential": "None", "name": "None" }, "geometry": { "type": "Point", "coordinates": [ 114.100837707519531, 22.623479843139648 ] } },
{ "type": "Feature", "properties": { "city": "shenzhen", "candidate_source": "place_village_hamlet_locality", "id": "11422537887", "osm_type": "node", "place": "hamlet", "landuse": "None", "residential": "None", "name": "None" }, "geometry": { "type": "Point", "coordinates": [ 114.10455322265625, 22.623727798461914 ] } },
{ "type": "Feature", "properties": { "city": "shenzhen", "candidate_source": "place_village_hamlet_locality", "id": "11422527241", "osm_type": "node", "place": "hamlet", "landuse": "None", "residential": "None", "name": "None" }, "geometry": { "type": "Point", "coordinates": [ 114.110771179199219, 22.627418518066406 ] } },
{ "type": "Feature", "properties": { "city": "shenzhen", "candidate_source": "place_village_hamlet_locality", "id": "11422501738", "osm_type": "node", "place": "hamlet", "landuse": "None", "residential": "None", "name": "None" }, "geometry": { "type": "Point", "coordinates": [ 114.103347778320312, 22.630086898803711 ] } },
{ "type": "Feature", "properties": { "city": "shenzhen", "candidate_source": "place_village_hamlet_locality", "id": "11245536523", "osm_type": "node", "place": "hamlet", "landuse": "None", "residential": "None", "name": "None" }, "geometry": { "type": "Point", "coordinates": [ 114.099197387695312, 22.659172058105469 ] } },
{ "type": "Feature", "properties": { "city": "shenzhen", "candidate_source": "residential_rural", "id": "1256608455", "osm_type": "way", "place": "None", "landuse": "residential", "residential": "rural", "name": "None" }, "geometry": { "type": "Polygon", "coordinates": [ [ [ 114.1588134765625, 22.614311218261719 ], [ 114.159919738769531, 22.614748001098633 ], [ 114.16046142578125, 22.61479377746582 ], [ 114.160957336425781, 22.61346435546875 ], [ 114.1617431640625, 22.61372184753418 ], [ 114.162590026855469, 22.612245559692383 ], [ 114.161857604980469, 22.611507415771484 ], [ 114.162117004394531, 22.611255645751953 ], [ 114.161865234375, 22.61097526550293 ], [ 114.162139892578125, 22.610662460327148 ], [ 114.162147521972656, 22.609899520874023 ], [ 114.161689758300781, 22.60944938659668 ], [ 114.159111022949219, 22.609893798828125 ], [ 114.159095764160156, 22.610527038574219 ], [ 114.15826416015625, 22.612180709838867 ], [ 114.157608032226562, 22.614219665527344 ], [ 114.1588134765625, 22.614311218261719 ] ] ] } },
{ "type": "Feature", "properties": { "city": "shenzhen", "candidate_source": "residential_rural", "id": "1256608454", "osm_type": "way", "place": "None", "landuse": "residential", "residential": "rural", "name": "None" }, "geometry": { "type": "Polygon", "coordinates": [ [ [ 114.157508850097656, 22.613431930541992 ], [ 114.157737731933594, 22.612728118896484 ], [ 114.157958984375, 22.612039566040039 ], [ 114.158195495605469, 22.611333847045898 ], [ 114.15863037109375, 22.610815048217773 ], [ 114.158782958984375, 22.610435485839844 ], [ 114.1588134765625, 22.610202789306641 ], [ 114.158760070800781, 22.609962463378906 ], [ 114.158348083496094, 22.610034942626953 ], [ 114.157516479492188, 22.610374450683594 ], [ 114.157646179199219, 22.610746383666992 ], [ 114.157646179199219, 22.611183166503906 ], [ 114.15704345703125, 22.611526489257812 ], [ 114.156639099121094, 22.61140251159668 ], [ 114.156509399414062, 22.610906600952148 ], [ 114.156280517578125, 22.611057281494141 ], [ 114.155555725097656, 22.611013412475586 ], [ 114.155158996582031, 22.611263275146484 ], [ 114.154891967773438, 22.612155914306641 ], [ 114.154975891113281, 22.613048553466797 ], [ 114.155303955078125, 22.613729476928711 ], [ 114.155548095703125, 22.61412239074707 ], [ 114.156768798828125, 22.615127563476562 ], [ 114.157508850097656, 22.613431930541992 ] ] ] } },
{ "type": "Feature", "properties": { "city": "shenzhen", "candidate_source": "residential_rural", "id": "1256608457", "osm_type": "way", "place": "None", "landuse": "residential", "residential": "rural", "name": "None" }, "geometry": { "type": "Polygon", "coordinates": [ [ [ 114.152427673339844, 22.612958908081055 ], [ 114.152427673339844, 22.614538192749023 ], [ 114.153282165527344, 22.616146087646484 ], [ 114.153556823730469, 22.615999221801758 ], [ 114.154518127441406, 22.61529541015625 ], [ 114.154678344726562, 22.615089416503906 ], [ 114.154754638671875, 22.614757537841797 ], [ 114.154701232910156, 22.614450454711914 ], [ 114.154533386230469, 22.61419677734375 ], [ 114.15423583984375, 22.613960266113281 ], [ 114.153961181640625, 22.613412857055664 ], [ 114.153800964355469, 22.612688064575195 ], [ 114.153984069824219, 22.611761093139648 ], [ 114.153587341308594, 22.611791610717773 ], [ 114.153060913085938, 22.611631393432617 ], [ 114.152702331542969, 22.611356735229492 ], [ 114.152130126953125, 22.611518859863281 ], [ 114.151329040527344, 22.611682891845703 ], [ 114.151405334472656, 22.612174987792969 ], [ 114.151382446289062, 22.612960815429688 ], [ 114.152427673339844, 22.612958908081055 ] ] ] } },
{ "type": "Feature", "properties": { "city": "shenzhen", "candidate_source": "residential_rural", "id": "1256608456", "osm_type": "way", "place": "None", "landuse": "residential", "residential": "rural", "name": "None" }, "geometry": { "type": "Polygon", "coordinates": [ [ [ 114.157554626464844, 22.61871337890625 ], [ 114.157722473144531, 22.618240356445312 ], [ 114.157569885253906, 22.618120193481445 ], [ 114.157516479492188, 22.617996215820312 ], [ 114.15716552734375, 22.617565155029297 ], [ 114.156997680664062, 22.617237091064453 ], [ 114.156913757324219, 22.617029190063477 ], [ 114.156326293945312, 22.616653442382812 ], [ 114.156082153320312, 22.617204666137695 ], [ 114.155921936035156, 22.617708206176758 ], [ 114.1558837890625, 22.618473052978516 ], [ 114.157554626464844, 22.61871337890625 ] ] ] } },
{ "type": "Feature", "properties": { "city": "shenzhen", "candidate_source": "place_village_hamlet_locality", "id": "11422512737", "osm_type": "node", "place": "hamlet", "landuse": "None", "residential": "None", "name": "None" }, "geometry": { "type": "Point", "coordinates": [ 114.14739990234375, 22.665620803833008 ] } },
{ "type": "Feature", "properties": { "city": "shenzhen", "candidate_source": "place_village_hamlet_locality", "id": "11422528685", "osm_type": "node", "place": "hamlet", "landuse": "None", "residential": "None", "name": "None" }, "geometry": { "type": "Point", "coordinates": [ 114.130294799804688, 22.689548492431641 ] } },
{ "type": "Feature", "properties": { "city": "shenzhen", "candidate_source": "place_village_hamlet_locality", "id": "11422511443", "osm_type": "node", "place": "hamlet", "landuse": "None", "residential": "None", "name": "None" }, "geometry": { "type": "Point", "coordinates": [ 114.135566711425781, 22.691671371459961 ] } },
{ "type": "Feature", "properties": { "city": "shenzhen", "candidate_source": "place_village_hamlet_locality", "id": "11422519650", "osm_type": "node", "place": "hamlet", "landuse": "None", "residential": "None", "name": "None" }, "geometry": { "type": "Point", "coordinates": [ 114.132720947265625, 22.692354202270508 ] } },
{ "type": "Feature", "properties": { "city": "shenzhen", "candidate_source": "place_village_hamlet_locality", "id": "11422537886", "osm_type": "node", "place": "hamlet", "landuse": "None", "residential": "None", "name": "None" }, "geometry": { "type": "Point", "coordinates": [ 114.136093139648438, 22.692724227905273 ] } },
{ "type": "Feature", "properties": { "city": "shenzhen", "candidate_source": "place_village_hamlet_locality", "id": "11422536181", "osm_type": "node", "place": "locality", "landuse": "None", "residential": "None", "name": "None" }, "geometry": { "type": "Point", "coordinates": [ 114.12158203125, 22.693763732910156 ] } },
{ "type": "Feature", "properties": { "city": "shenzhen", "candidate_source": "place_village_hamlet_locality", "id": "11422527723", "osm_type": "node", "place": "hamlet", "landuse": "None", "residential": "None", "name": "None" }, "geometry": { "type": "Point", "coordinates": [ 114.132736206054688, 22.693809509277344 ] } },
{ "type": "Feature", "properties": { "city": "shenzhen", "candidate_source": "place_village_hamlet_locality", "id": "11422510094", "osm_type": "node", "place": "hamlet", "landuse": "None", "residential": "None", "name": "None" }, "geometry": { "type": "Point", "coordinates": [ 114.138458251953125, 22.693965911865234 ] } },
{ "type": "Feature", "properties": { "city": "shenzhen", "candidate_source": "place_village_hamlet_locality", "id": "11422541758", "osm_type": "node", "place": "locality", "landuse": "None", "residential": "None", "name": "None" }, "geometry": { "type": "Point", "coordinates": [ 114.121986389160156, 22.697425842285156 ] } },
{ "type": "Feature", "properties": { "city": "shenzhen", "candidate_source": "place_village_hamlet_locality", "id": "11422527722", "osm_type": "node", "place": "hamlet", "landuse": "None", "residential": "None", "name": "None" }, "geometry": { "type": "Point", "coordinates": [ 114.111228942871094, 22.687131881713867 ] } },
{ "type": "Feature", "properties": { "city": "shenzhen", "candidate_source": "place_village_hamlet_locality", "id": "11422540546", "osm_type": "node", "place": "hamlet", "landuse": "None", "residential": "None", "name": "None" }, "geometry": { "type": "Point", "coordinates": [ 114.120414733886719, 22.688266754150391 ] } },
{ "type": "Feature", "properties": { "city": "shenzhen", "candidate_source": "place_village_hamlet_locality", "id": "11422501461", "osm_type": "node", "place": "hamlet", "landuse": "None", "residential": "None", "name": "None" }, "geometry": { "type": "Point", "coordinates": [ 114.111137390136719, 22.693412780761719 ] } },
{ "type": "Feature", "properties": { "city": "shenzhen", "candidate_source": "place_village_hamlet_locality", "id": "11422540545", "osm_type": "node", "place": "hamlet", "landuse": "None", "residential": "None", "name": "None" }, "geometry": { "type": "Point", "coordinates": [ 114.10687255859375, 22.693517684936523 ] } },
{ "type": "Feature", "properties": { "city": "shenzhen", "candidate_source": "place_village_hamlet_locality", "id": "11422501866", "osm_type": "node", "place": "hamlet", "landuse": "None", "residential": "None", "name": "None" }, "geometry": { "type": "Point", "coordinates": [ 114.115081787109375, 22.704681396484375 ] } },
{ "type": "Feature", "properties": { "city": "shenzhen", "candidate_source": "place_village_hamlet_locality", "id": "11422522059", "osm_type": "node", "place": "hamlet", "landuse": "None", "residential": "None", "name": "None" }, "geometry": { "type": "Point", "coordinates": [ 114.098236083984375, 22.71807861328125 ] } },
{ "type": "Feature", "properties": { "city": "shenzhen", "candidate_source": "place_village_hamlet_locality", "id": "9485194973", "osm_type": "node", "place": "hamlet", "landuse": "None", "residential": "None", "name": "None" }, "geometry": { "type": "Point", "coordinates": [ 114.196907043457031, 22.561756134033203 ] } },
{ "type": "Feature", "properties": { "city": "shenzhen", "candidate_source": "place_village_hamlet_locality", "id": "7090396475", "osm_type": "node", "place": "hamlet", "landuse": "None", "residential": "None", "name": "None" }, "geometry": { "type": "Point", "coordinates": [ 114.186790466308594, 22.592189788818359 ] } },
{ "type": "Feature", "properties": { "city": "shenzhen", "candidate_source": "place_village_hamlet_locality", "id": "7090396474", "osm_type": "node", "place": "hamlet", "landuse": "None", "residential": "None", "name": "None" }, "geometry": { "type": "Point", "coordinates": [ 114.191383361816406, 22.59393310546875 ] } },
{ "type": "Feature", "properties": { "city": "shenzhen", "candidate_source": "place_village_hamlet_locality", "id": "7090396473", "osm_type": "node", "place": "hamlet", "landuse": "None", "residential": "None", "name": "None" }, "geometry": { "type": "Point", "coordinates": [ 114.187042236328125, 22.594366073608398 ] } },
{ "type": "Feature", "properties": { "city": "shenzhen", "candidate_source": "place_village_hamlet_locality", "id": "7090396478", "osm_type": "node", "place": "hamlet", "landuse": "None", "residential": "None", "name": "None" }, "geometry": { "type": "Point", "coordinates": [ 114.192909240722656, 22.595550537109375 ] } },
{ "type": "Feature", "properties": { "city": "shenzhen", "candidate_source": "place_village_hamlet_locality", "id": "7090396476", "osm_type": "node", "place": "hamlet", "landuse": "None", "residential": "None", "name": "None" }, "geometry": { "type": "Point", "coordinates": [ 114.183418273925781, 22.596431732177734 ] } },
{ "type": "Feature", "properties": { "city": "shenzhen", "candidate_source": "place_village_hamlet_locality", "id": "7090396479", "osm_type": "node", "place": "hamlet", "landuse": "None", "residential": "None", "name": "None" }, "geometry": { "type": "Point", "coordinates": [ 114.19378662109375, 22.597347259521484 ] } },
{ "type": "Feature", "properties": { "city": "shenzhen", "candidate_source": "place_village_hamlet_locality", "id": "7090396477", "osm_type": "node", "place": "hamlet", "landuse": "None", "residential": "None", "name": "None" }, "geometry": { "type": "Point", "coordinates": [ 114.181854248046875, 22.598844528198242 ] } },
{ "type": "Feature", "properties": { "city": "shenzhen", "candidate_source": "residential_rural", "id": "1256608473", "osm_type": "way", "place": "None", "landuse": "residential", "residential": "rural", "name": "None" }, "geometry": { "type": "Polygon", "coordinates": [ [ [ 114.171073913574219, 22.601116180419922 ], [ 114.172714233398438, 22.600854873657227 ], [ 114.172615051269531, 22.600742340087891 ], [ 114.173027038574219, 22.600765228271484 ], [ 114.172515869140625, 22.600090026855469 ], [ 114.172317504882812, 22.599285125732422 ], [ 114.172615051269531, 22.598892211914062 ], [ 114.172554016113281, 22.598770141601562 ], [ 114.172203063964844, 22.598848342895508 ], [ 114.171409606933594, 22.597806930541992 ], [ 114.171096801757812, 22.597068786621094 ], [ 114.170730590820312, 22.597074508666992 ], [ 114.170112609863281, 22.597324371337891 ], [ 114.169876098632812, 22.597341537475586 ], [ 114.169517517089844, 22.597610473632812 ], [ 114.169395446777344, 22.597568511962891 ], [ 114.168746948242188, 22.597410202026367 ], [ 114.168464660644531, 22.597557067871094 ], [ 114.168174743652344, 22.597543716430664 ], [ 114.1680908203125, 22.598199844360352 ], [ 114.167747497558594, 22.598123550415039 ], [ 114.167762756347656, 22.59834098815918 ], [ 114.167831420898438, 22.598709106445312 ], [ 114.167953491210938, 22.598814010620117 ], [ 114.168434143066406, 22.599102020263672 ], [ 114.169136047363281, 22.599498748779297 ], [ 114.169502258300781, 22.601051330566406 ], [ 114.170997619628906, 22.600759506225586 ], [ 114.171073913574219, 22.601116180419922 ] ] ] } },
{ "type": "Feature", "properties": { "city": "shenzhen", "candidate_source": "residential_rural", "id": "1283827911", "osm_type": "way", "place": "None", "landuse": "residential", "residential": "rural", "name": "None" }, "geometry": { "type": "Polygon", "coordinates": [ [ [ 114.171356201171875, 22.604433059692383 ], [ 114.171630859375, 22.604438781738281 ], [ 114.17303466796875, 22.603939056396484 ], [ 114.174049377441406, 22.603431701660156 ], [ 114.174110412597656, 22.603288650512695 ], [ 114.173629760742188, 22.60285758972168 ], [ 114.172111511230469, 22.60356330871582 ], [ 114.170677185058594, 22.603940963745117 ], [ 114.170783996582031, 22.604379653930664 ], [ 114.171356201171875, 22.604433059692383 ] ] ] } },
{ "type": "Feature", "properties": { "city": "shenzhen", "candidate_source": "residential_rural", "id": "1135957347", "osm_type": "way", "place": "None", "landuse": "residential", "residential": "rural", "name": "None" }, "geometry": { "type": "Polygon", "coordinates": [ [ [ 114.249443054199219, 22.591426849365234 ], [ 114.249221801757812, 22.591657638549805 ], [ 114.249961853027344, 22.5926513671875 ], [ 114.250839233398438, 22.592443466186523 ], [ 114.249610900878906, 22.591085433959961 ], [ 114.249351501464844, 22.591224670410156 ], [ 114.249443054199219, 22.591426849365234 ] ] ] } },
{ "type": "Feature", "properties": { "city": "shenzhen", "candidate_source": "place_village_hamlet_locality", "id": "5963698901", "osm_type": "node", "place": "locality", "landuse": "None", "residential": "None", "name": "None" }, "geometry": { "type": "Point", "coordinates": [ 114.282173156738281, 22.5941162109375 ] } },
{ "type": "Feature", "properties": { "city": "shenzhen", "candidate_source": "place_village_hamlet_locality", "id": "5982509070", "osm_type": "node", "place": "hamlet", "landuse": "None", "residential": "None", "name": "None" }, "geometry": { "type": "Point", "coordinates": [ 114.309120178222656, 22.631855010986328 ] } },
{ "type": "Feature", "properties": { "city": "shenzhen", "candidate_source": "place_village_hamlet_locality", "id": "5982509069", "osm_type": "node", "place": "hamlet", "landuse": "None", "residential": "None", "name": "None" }, "geometry": { "type": "Point", "coordinates": [ 114.307807922363281, 22.634084701538086 ] } },
{ "type": "Feature", "properties": { "city": "shenzhen", "candidate_source": "place_village_hamlet_locality", "id": "7262692375", "osm_type": "node", "place": "hamlet", "landuse": "None", "residential": "None", "name": "None" }, "geometry": { "type": "Point", "coordinates": [ 114.280998229980469, 22.662277221679688 ] } },
{ "type": "Feature", "properties": { "city": "shenzhen", "candidate_source": "place_village_hamlet_locality", "id": "7262692376", "osm_type": "node", "place": "hamlet", "landuse": "None", "residential": "None", "name": "None" }, "geometry": { "type": "Point", "coordinates": [ 114.280487060546875, 22.663738250732422 ] } },
{ "type": "Feature", "properties": { "city": "shenzhen", "candidate_source": "place_village_hamlet_locality", "id": "7262711523", "osm_type": "node", "place": "hamlet", "landuse": "None", "residential": "None", "name": "None" }, "geometry": { "type": "Point", "coordinates": [ 114.291122436523438, 22.665153503417969 ] } },
{ "type": "Feature", "properties": { "city": "shenzhen", "candidate_source": "place_village_hamlet_locality", "id": "7262692363", "osm_type": "node", "place": "hamlet", "landuse": "None", "residential": "None", "name": "None" }, "geometry": { "type": "Point", "coordinates": [ 114.298538208007812, 22.667747497558594 ] } },
{ "type": "Feature", "properties": { "city": "shenzhen", "candidate_source": "place_village_hamlet_locality", "id": "7262711491", "osm_type": "node", "place": "hamlet", "landuse": "None", "residential": "None", "name": "None" }, "geometry": { "type": "Point", "coordinates": [ 114.281585693359375, 22.668436050415039 ] } },
{ "type": "Feature", "properties": { "city": "shenzhen", "candidate_source": "place_village_hamlet_locality", "id": "7262692361", "osm_type": "node", "place": "hamlet", "landuse": "None", "residential": "None", "name": "None" }, "geometry": { "type": "Point", "coordinates": [ 114.30401611328125, 22.668928146362305 ] } },
{ "type": "Feature", "properties": { "city": "shenzhen", "candidate_source": "place_village_hamlet_locality", "id": "3290027624", "osm_type": "node", "place": "village", "landuse": "None", "residential": "None", "name": "None" }, "geometry": { "type": "Point", "coordinates": [ 114.17205810546875, 22.603961944580078 ] } },
{ "type": "Feature", "properties": { "city": "shenzhen", "candidate_source": "residential_rural", "id": "1283827913", "osm_type": "way", "place": "None", "landuse": "residential", "residential": "rural", "name": "None" }, "geometry": { "type": "Polygon", "coordinates": [ [ [ 114.17230224609375, 22.604835510253906 ], [ 114.172370910644531, 22.605100631713867 ], [ 114.172477722167969, 22.605308532714844 ], [ 114.172653198242188, 22.60594367980957 ], [ 114.172988891601562, 22.606245040893555 ], [ 114.173171997070312, 22.605968475341797 ], [ 114.173454284667969, 22.605979919433594 ], [ 114.173667907714844, 22.605676651000977 ], [ 114.173851013183594, 22.605739593505859 ], [ 114.174339294433594, 22.604984283447266 ], [ 114.174446105957031, 22.605009078979492 ], [ 114.174591064453125, 22.604408264160156 ], [ 114.17474365234375, 22.604427337646484 ], [ 114.174819946289062, 22.604047775268555 ], [ 114.17462158203125, 22.604000091552734 ], [ 114.174713134765625, 22.603509902954102 ], [ 114.174545288085938, 22.60345458984375 ], [ 114.174278259277344, 22.603437423706055 ], [ 114.174102783203125, 22.603466033935547 ], [ 114.173080444335938, 22.603986740112305 ], [ 114.171791076660156, 22.604471206665039 ], [ 114.17230224609375, 22.604835510253906 ] ] ] } },
{ "type": "Feature", "properties": { "city": "shenzhen", "candidate_source": "residential_rural", "id": "1283827916", "osm_type": "way", "place": "None", "landuse": "residential", "residential": "rural", "name": "None" }, "geometry": { "type": "Polygon", "coordinates": [ [ [ 114.171035766601562, 22.605506896972656 ], [ 114.171554565429688, 22.604961395263672 ], [ 114.172447204589844, 22.605686187744141 ], [ 114.172348022460938, 22.605424880981445 ], [ 114.172088623046875, 22.605144500732422 ], [ 114.171653747558594, 22.604772567749023 ], [ 114.171409606933594, 22.604732513427734 ], [ 114.171157836914062, 22.604772567749023 ], [ 114.1708984375, 22.604930877685547 ], [ 114.170799255371094, 22.605081558227539 ], [ 114.170738220214844, 22.605337142944336 ], [ 114.171035766601562, 22.605506896972656 ] ] ] } },
{ "type": "Feature", "properties": { "city": "shenzhen", "candidate_source": "residential_rural", "id": "1283855891", "osm_type": "way", "place": "None", "landuse": "residential", "residential": "rural", "name": "None" }, "geometry": { "type": "Polygon", "coordinates": [ [ [ 114.170600891113281, 22.606264114379883 ], [ 114.170761108398438, 22.606691360473633 ], [ 114.170845031738281, 22.607160568237305 ], [ 114.171867370605469, 22.606838226318359 ], [ 114.172164916992188, 22.606693267822266 ], [ 114.172004699707031, 22.6064453125 ], [ 114.171981811523438, 22.606311798095703 ], [ 114.171035766601562, 22.605777740478516 ], [ 114.170944213867188, 22.605756759643555 ], [ 114.170783996582031, 22.605777740478516 ], [ 114.170486450195312, 22.605890274047852 ], [ 114.170600891113281, 22.606264114379883 ] ] ] } },
{ "type": "Feature", "properties": { "city": "shenzhen", "candidate_source": "place_village_hamlet_locality", "id": "6035444585", "osm_type": "node", "place": "hamlet", "landuse": "None", "residential": "None", "name": "None" }, "geometry": { "type": "Point", "coordinates": [ 114.207405090332031, 22.671474456787109 ] } },
{ "type": "Feature", "properties": { "city": "shenzhen", "candidate_source": "place_village_hamlet_locality", "id": "7262711492", "osm_type": "node", "place": "hamlet", "landuse": "None", "residential": "None", "name": "None" }, "geometry": { "type": "Point", "coordinates": [ 114.283905029296875, 22.669683456420898 ] } },
{ "type": "Feature", "properties": { "city": "shenzhen", "candidate_source": "place_village_hamlet_locality", "id": "7262692357", "osm_type": "node", "place": "hamlet", "landuse": "None", "residential": "None", "name": "None" }, "geometry": { "type": "Point", "coordinates": [ 114.300018310546875, 22.669822692871094 ] } },
{ "type": "Feature", "properties": { "city": "shenzhen", "candidate_source": "place_village_hamlet_locality", "id": "7262692381", "osm_type": "node", "place": "hamlet", "landuse": "None", "residential": "None", "name": "None" }, "geometry": { "type": "Point", "coordinates": [ 114.288261413574219, 22.670412063598633 ] } },
{ "type": "Feature", "properties": { "city": "shenzhen", "candidate_source": "place_village_hamlet_locality", "id": "7262692372", "osm_type": "node", "place": "hamlet", "landuse": "None", "residential": "None", "name": "None" }, "geometry": { "type": "Point", "coordinates": [ 114.303604125976562, 22.670539855957031 ] } },
{ "type": "Feature", "properties": { "city": "shenzhen", "candidate_source": "place_village_hamlet_locality", "id": "7262692370", "osm_type": "node", "place": "hamlet", "landuse": "None", "residential": "None", "name": "None" }, "geometry": { "type": "Point", "coordinates": [ 114.295440673828125, 22.670867919921875 ] } },
{ "type": "Feature", "properties": { "city": "shenzhen", "candidate_source": "place_village_hamlet_locality", "id": "7262692374", "osm_type": "node", "place": "hamlet", "landuse": "None", "residential": "None", "name": "None" }, "geometry": { "type": "Point", "coordinates": [ 114.29949951171875, 22.671710968017578 ] } },
{ "type": "Feature", "properties": { "city": "shenzhen", "candidate_source": "place_village_hamlet_locality", "id": "7262692377", "osm_type": "node", "place": "hamlet", "landuse": "None", "residential": "None", "name": "None" }, "geometry": { "type": "Point", "coordinates": [ 114.290779113769531, 22.671745300292969 ] } },
{ "type": "Feature", "properties": { "city": "shenzhen", "candidate_source": "place_village_hamlet_locality", "id": "7262711522", "osm_type": "node", "place": "hamlet", "landuse": "None", "residential": "None", "name": "None" }, "geometry": { "type": "Point", "coordinates": [ 114.288307189941406, 22.671791076660156 ] } },
{ "type": "Feature", "properties": { "city": "shenzhen", "candidate_source": "place_village_hamlet_locality", "id": "7262692373", "osm_type": "node", "place": "hamlet", "landuse": "None", "residential": "None", "name": "None" }, "geometry": { "type": "Point", "coordinates": [ 114.298294067382812, 22.672761917114258 ] } },
{ "type": "Feature", "properties": { "city": "shenzhen", "candidate_source": "place_village_hamlet_locality", "id": "7262692362", "osm_type": "node", "place": "hamlet", "landuse": "None", "residential": "None", "name": "None" }, "geometry": { "type": "Point", "coordinates": [ 114.302703857421875, 22.672887802124023 ] } },
{ "type": "Feature", "properties": { "city": "shenzhen", "candidate_source": "place_village_hamlet_locality", "id": "6035444611", "osm_type": "node", "place": "locality", "landuse": "None", "residential": "None", "name": "None" }, "geometry": { "type": "Point", "coordinates": [ 114.243667602539062, 22.608619689941406 ] } },
{ "type": "Feature", "properties": { "city": "shenzhen", "candidate_source": "place_village_hamlet_locality", "id": "11431723289", "osm_type": "node", "place": "hamlet", "landuse": "None", "residential": "None", "name": "None" }, "geometry": { "type": "Point", "coordinates": [ 114.239120483398438, 22.694179534912109 ] } },
{ "type": "Feature", "properties": { "city": "shenzhen", "candidate_source": "residential_rural", "id": "1307191576", "osm_type": "way", "place": "None", "landuse": "residential", "residential": "rural", "name": "None" }, "geometry": { "type": "Polygon", "coordinates": [ [ [ 114.236885070800781, 22.703149795532227 ], [ 114.233406066894531, 22.705774307250977 ], [ 114.233390808105469, 22.705894470214844 ], [ 114.233856201171875, 22.706600189208984 ], [ 114.2347412109375, 22.707574844360352 ], [ 114.235687255859375, 22.708383560180664 ], [ 114.2357177734375, 22.708414077758789 ], [ 114.237174987792969, 22.706876754760742 ], [ 114.23675537109375, 22.70600700378418 ], [ 114.237174987792969, 22.705615997314453 ], [ 114.236770629882812, 22.705160140991211 ], [ 114.237869262695312, 22.704229354858398 ], [ 114.236885070800781, 22.703149795532227 ] ] ] } },
{ "type": "Feature", "properties": { "city": "shenzhen", "candidate_source": "place_village_hamlet_locality", "id": "1131804568", "osm_type": "way", "place": "village", "landuse": "None", "residential": "None", "name": "None" }, "geometry": { "type": "Polygon", "coordinates": [ [ [ 114.228096008300781, 22.736148834228516 ], [ 114.228096008300781, 22.735813140869141 ], [ 114.228141784667969, 22.735784530639648 ], [ 114.228248596191406, 22.735525131225586 ], [ 114.228202819824219, 22.735511779785156 ], [ 114.22821044921875, 22.735456466674805 ], [ 114.228187561035156, 22.735389709472656 ], [ 114.228057861328125, 22.735256195068359 ], [ 114.228057861328125, 22.734817504882812 ], [ 114.22772216796875, 22.734811782836914 ], [ 114.227592468261719, 22.734750747680664 ], [ 114.227073669433594, 22.734746932983398 ], [ 114.226104736328125, 22.734739303588867 ], [ 114.226089477539062, 22.736162185668945 ], [ 114.226516723632812, 22.736164093017578 ], [ 114.226837158203125, 22.736139297485352 ], [ 114.227012634277344, 22.736141204833984 ], [ 114.227371215820312, 22.73614501953125 ], [ 114.22796630859375, 22.73614501953125 ], [ 114.228096008300781, 22.736148834228516 ] ] ] } },
{ "type": "Feature", "properties": { "city": "shenzhen", "candidate_source": "place_village_hamlet_locality", "id": "9415385688", "osm_type": "node", "place": "hamlet", "landuse": "None", "residential": "None", "name": "None" }, "geometry": { "type": "Point", "coordinates": [ 114.233322143554688, 22.745965957641602 ] } },
{ "type": "Feature", "properties": { "city": "shenzhen", "candidate_source": "place_village_hamlet_locality", "id": "7262692360", "osm_type": "node", "place": "hamlet", "landuse": "None", "residential": "None", "name": "None" }, "geometry": { "type": "Point", "coordinates": [ 114.303382873535156, 22.673086166381836 ] } },
{ "type": "Feature", "properties": { "city": "shenzhen", "candidate_source": "place_village_hamlet_locality", "id": "7262692371", "osm_type": "node", "place": "hamlet", "landuse": "None", "residential": "None", "name": "None" }, "geometry": { "type": "Point", "coordinates": [ 114.301521301269531, 22.674856185913086 ] } },
{ "type": "Feature", "properties": { "city": "shenzhen", "candidate_source": "place_village_hamlet_locality", "id": "7262692358", "osm_type": "node", "place": "hamlet", "landuse": "None", "residential": "None", "name": "None" }, "geometry": { "type": "Point", "coordinates": [ 114.306671142578125, 22.675922393798828 ] } },
{ "type": "Feature", "properties": { "city": "shenzhen", "candidate_source": "place_village_hamlet_locality", "id": "7262711527", "osm_type": "node", "place": "hamlet", "landuse": "None", "residential": "None", "name": "None" }, "geometry": { "type": "Point", "coordinates": [ 114.309013366699219, 22.680456161499023 ] } },
{ "type": "Feature", "properties": { "city": "shenzhen", "candidate_source": "residential_rural", "id": "1255667646", "osm_type": "way", "place": "None", "landuse": "residential", "residential": "rural", "name": "None" }, "geometry": { "type": "Polygon", "coordinates": [ [ [ 114.278045654296875, 22.690584182739258 ], [ 114.278892517089844, 22.689140319824219 ], [ 114.277961730957031, 22.688779830932617 ], [ 114.277191162109375, 22.689067840576172 ], [ 114.276985168457031, 22.689807891845703 ], [ 114.277145385742188, 22.690122604370117 ], [ 114.278045654296875, 22.690584182739258 ] ] ] } },
{ "type": "Feature", "properties": { "city": "shenzhen", "candidate_source": "residential_rural", "id": "1255667732", "osm_type": "way", "place": "None", "landuse": "residential", "residential": "rural", "name": "None" }, "geometry": { "type": "Polygon", "coordinates": [ [ [ 114.2698974609375, 22.696891784667969 ], [ 114.270225524902344, 22.697502136230469 ], [ 114.270172119140625, 22.697910308837891 ], [ 114.270843505859375, 22.697957992553711 ], [ 114.271064758300781, 22.697883605957031 ], [ 114.270858764648438, 22.6973876953125 ], [ 114.2708740234375, 22.697031021118164 ], [ 114.270957946777344, 22.696765899658203 ], [ 114.271415710449219, 22.695377349853516 ], [ 114.271255493164062, 22.695211410522461 ], [ 114.270927429199219, 22.694780349731445 ], [ 114.270729064941406, 22.694149017333984 ], [ 114.268730163574219, 22.694118499755859 ], [ 114.268722534179688, 22.694540023803711 ], [ 114.269149780273438, 22.694791793823242 ], [ 114.269187927246094, 22.695003509521484 ], [ 114.2703857421875, 22.695756912231445 ], [ 114.270538330078125, 22.696226119995117 ], [ 114.269645690917969, 22.69642448425293 ], [ 114.2698974609375, 22.696891784667969 ] ] ] } },
{ "type": "Feature", "properties": { "city": "shenzhen", "candidate_source": "residential_rural", "id": "1255667731", "osm_type": "way", "place": "None", "landuse": "residential", "residential": "rural", "name": "None" }, "geometry": { "type": "Polygon", "coordinates": [ [ [ 114.272392272949219, 22.696306228637695 ], [ 114.272499084472656, 22.695035934448242 ], [ 114.27154541015625, 22.694780349731445 ], [ 114.271377563476562, 22.694169998168945 ], [ 114.270729064941406, 22.694149017333984 ], [ 114.270927429199219, 22.694780349731445 ], [ 114.271255493164062, 22.695211410522461 ], [ 114.271415710449219, 22.695377349853516 ], [ 114.270957946777344, 22.696765899658203 ], [ 114.2708740234375, 22.697031021118164 ], [ 114.270858764648438, 22.6973876953125 ], [ 114.271064758300781, 22.697883605957031 ], [ 114.271270751953125, 22.698207855224609 ], [ 114.272392272949219, 22.696306228637695 ] ] ] } },
{ "type": "Feature", "properties": { "city": "shenzhen", "candidate_source": "residential_rural", "id": "1255667728", "osm_type": "way", "place": "None", "landuse": "residential", "residential": "rural", "name": "None" }, "geometry": { "type": "Polygon", "coordinates": [ [ [ 114.274253845214844, 22.697900772094727 ], [ 114.275291442871094, 22.697288513183594 ], [ 114.274261474609375, 22.69615364074707 ], [ 114.273399353027344, 22.696681976318359 ], [ 114.274253845214844, 22.697900772094727 ] ] ] } },
{ "type": "Feature", "properties": { "city": "shenzhen", "candidate_source": "residential_rural", "id": "1255667735", "osm_type": "way", "place": "None", "landuse": "residential", "residential": "rural", "name": "None" }, "geometry": { "type": "Polygon", "coordinates": [ [ [ 114.266204833984375, 22.698516845703125 ], [ 114.268356323242188, 22.699731826782227 ], [ 114.269073486328125, 22.6988525390625 ], [ 114.266822814941406, 22.697479248046875 ], [ 114.266204833984375, 22.698516845703125 ] ] ] } },
{ "type": "Feature", "properties": { "city": "shenzhen", "candidate_source": "residential_rural", "id": "1255938221", "osm_type": "way", "place": "None", "landuse": "residential", "residential": "rural", "name": "None" }, "geometry": { "type": "Polygon", "coordinates": [ [ [ 114.302635192871094, 22.698831558227539 ], [ 114.303421020507812, 22.699480056762695 ], [ 114.303993225097656, 22.699359893798828 ], [ 114.304161071777344, 22.698930740356445 ], [ 114.304466247558594, 22.698846817016602 ], [ 114.304679870605469, 22.698297500610352 ], [ 114.304306030273438, 22.698068618774414 ], [ 114.303665161132812, 22.697910308837891 ], [ 114.303108215332031, 22.69780158996582 ], [ 114.302543640136719, 22.697782516479492 ], [ 114.302116394042969, 22.697807312011719 ], [ 114.301765441894531, 22.698459625244141 ], [ 114.302635192871094, 22.698831558227539 ] ] ] } },
{ "type": "Feature", "properties": { "city": "shenzhen", "candidate_source": "residential_rural", "id": "1255938220", "osm_type": "way", "place": "None", "landuse": "residential", "residential": "rural", "name": "None" }, "geometry": { "type": "Polygon", "coordinates": [ [ [ 114.304084777832031, 22.701284408569336 ], [ 114.304702758789062, 22.700607299804688 ], [ 114.304458618164062, 22.699741363525391 ], [ 114.304214477539062, 22.699487686157227 ], [ 114.303253173828125, 22.699586868286133 ], [ 114.302406311035156, 22.698965072631836 ], [ 114.302047729492188, 22.698816299438477 ], [ 114.301651000976562, 22.698881149291992 ], [ 114.301559448242188, 22.699913024902344 ], [ 114.304084777832031, 22.701284408569336 ] ] ] } },
{ "type": "Feature", "properties": { "city": "shenzhen", "candidate_source": "residential_rural", "id": "1255667751", "osm_type": "way", "place": "None", "landuse": "residential", "residential": "rural", "name": "None" }, "geometry": { "type": "Polygon", "coordinates": [ [ [ 114.295310974121094, 22.702127456665039 ], [ 114.295333862304688, 22.701595306396484 ], [ 114.294395446777344, 22.700933456420898 ], [ 114.293418884277344, 22.701086044311523 ], [ 114.293426513671875, 22.702104568481445 ], [ 114.295310974121094, 22.702127456665039 ] ] ] } },
{ "type": "Feature", "properties": { "city": "shenzhen", "candidate_source": "residential_rural", "id": "1255938252", "osm_type": "way", "place": "None", "landuse": "residential", "residential": "rural", "name": "None" }, "geometry": { "type": "Polygon", "coordinates": [ [ [ 114.304977416992188, 22.708707809448242 ], [ 114.304702758789062, 22.708183288574219 ], [ 114.303321838378906, 22.708536148071289 ], [ 114.303428649902344, 22.709405899047852 ], [ 114.304977416992188, 22.708707809448242 ] ] ] } },
{ "type": "Feature", "properties": { "city": "shenzhen", "candidate_source": "residential_rural", "id": "1255938254", "osm_type": "way", "place": "None", "landuse": "residential", "residential": "rural", "name": "None" }, "geometry": { "type": "Polygon", "coordinates": [ [ [ 114.307151794433594, 22.709419250488281 ], [ 114.305519104003906, 22.707904815673828 ], [ 114.304969787597656, 22.708078384399414 ], [ 114.306297302246094, 22.709877014160156 ], [ 114.307151794433594, 22.709419250488281 ] ] ] } },
{ "type": "Feature", "properties": { "city": "shenzhen", "candidate_source": "place_village_hamlet_locality", "id": "8432388368", "osm_type": "node", "place": "hamlet", "landuse": "None", "residential": "None", "name": "None" }, "geometry": { "type": "Point", "coordinates": [ 114.252532958984375, 22.711687088012695 ] } },
{ "type": "Feature", "properties": { "city": "shenzhen", "candidate_source": "place_village_hamlet_locality", "id": "8432388363", "osm_type": "node", "place": "hamlet", "landuse": "None", "residential": "None", "name": "None" }, "geometry": { "type": "Point", "coordinates": [ 114.255783081054688, 22.712093353271484 ] } },
{ "type": "Feature", "properties": { "city": "shenzhen", "candidate_source": "place_village_hamlet_locality", "id": "8432388379", "osm_type": "node", "place": "hamlet", "landuse": "None", "residential": "None", "name": "None" }, "geometry": { "type": "Point", "coordinates": [ 114.259880065917969, 22.715028762817383 ] } },
{ "type": "Feature", "properties": { "city": "shenzhen", "candidate_source": "place_village_hamlet_locality", "id": "8432388386", "osm_type": "node", "place": "hamlet", "landuse": "None", "residential": "None", "name": "None" }, "geometry": { "type": "Point", "coordinates": [ 114.262405395507812, 22.716361999511719 ] } },
{ "type": "Feature", "properties": { "city": "shenzhen", "candidate_source": "place_village_hamlet_locality", "id": "8432388347", "osm_type": "node", "place": "hamlet", "landuse": "None", "residential": "None", "name": "None" }, "geometry": { "type": "Point", "coordinates": [ 114.256912231445312, 22.71650505065918 ] } },
{ "type": "Feature", "properties": { "city": "shenzhen", "candidate_source": "place_village_hamlet_locality", "id": "9391938981", "osm_type": "node", "place": "village", "landuse": "None", "residential": "None", "name": "None" }, "geometry": { "type": "Point", "coordinates": [ 114.284400939941406, 22.717563629150391 ] } },
{ "type": "Feature", "properties": { "city": "shenzhen", "candidate_source": "place_village_hamlet_locality", "id": "9391939083", "osm_type": "node", "place": "village", "landuse": "None", "residential": "None", "name": "None" }, "geometry": { "type": "Point", "coordinates": [ 114.278099060058594, 22.71769905090332 ] } },
{ "type": "Feature", "properties": { "city": "shenzhen", "candidate_source": "place_village_hamlet_locality", "id": "8432388398", "osm_type": "node", "place": "hamlet", "landuse": "None", "residential": "None", "name": "None" }, "geometry": { "type": "Point", "coordinates": [ 114.267433166503906, 22.718233108520508 ] } },
{ "type": "Feature", "properties": { "city": "shenzhen", "candidate_source": "place_village_hamlet_locality", "id": "8432388343", "osm_type": "node", "place": "hamlet", "landuse": "None", "residential": "None", "name": "None" }, "geometry": { "type": "Point", "coordinates": [ 114.253303527832031, 22.719879150390625 ] } },
{ "type": "Feature", "properties": { "city": "shenzhen", "candidate_source": "place_village_hamlet_locality", "id": "9391939158", "osm_type": "node", "place": "hamlet", "landuse": "None", "residential": "None", "name": "None" }, "geometry": { "type": "Point", "coordinates": [ 114.279998779296875, 22.721811294555664 ] } },
{ "type": "Feature", "properties": { "city": "shenzhen", "candidate_source": "place_village_hamlet_locality", "id": "9391939214", "osm_type": "node", "place": "village", "landuse": "None", "residential": "None", "name": "None" }, "geometry": { "type": "Point", "coordinates": [ 114.279838562011719, 22.723428726196289 ] } },
{ "type": "Feature", "properties": { "city": "shenzhen", "candidate_source": "place_village_hamlet_locality", "id": "9391939213", "osm_type": "node", "place": "hamlet", "landuse": "None", "residential": "None", "name": "None" }, "geometry": { "type": "Point", "coordinates": [ 114.280815124511719, 22.725019454956055 ] } },
{ "type": "Feature", "properties": { "city": "shenzhen", "candidate_source": "residential_rural", "id": "1307191583", "osm_type": "way", "place": "None", "landuse": "residential", "residential": "rural", "name": "None" }, "geometry": { "type": "Polygon", "coordinates": [ [ [ 114.2659912109375, 22.725706100463867 ], [ 114.267951965332031, 22.726343154907227 ], [ 114.268707275390625, 22.724775314331055 ], [ 114.266830444335938, 22.724056243896484 ], [ 114.2659912109375, 22.725706100463867 ] ] ] } },
{ "type": "Feature", "properties": { "city": "shenzhen", "candidate_source": "place_village_hamlet_locality", "id": "9393459885", "osm_type": "node", "place": "village", "landuse": "None", "residential": "None", "name": "None" }, "geometry": { "type": "Point", "coordinates": [ 114.263908386230469, 22.741064071655273 ] } },
{ "type": "Feature", "properties": { "city": "shenzhen", "candidate_source": "place_village_hamlet_locality", "id": "7298079790", "osm_type": "node", "place": "hamlet", "landuse": "None", "residential": "None", "name": "None" }, "geometry": { "type": "Point", "coordinates": [ 114.387542724609375, 22.713199615478516 ] } },
{ "type": "Feature", "properties": { "city": "shenzhen", "candidate_source": "place_village_hamlet_locality", "id": "7298079791", "osm_type": "node", "place": "hamlet", "landuse": "None", "residential": "None", "name": "None" }, "geometry": { "type": "Point", "coordinates": [ 114.388145446777344, 22.714282989501953 ] } },
{ "type": "Feature", "properties": { "city": "shenzhen", "candidate_source": "place_village_hamlet_locality", "id": "7298079768", "osm_type": "node", "place": "hamlet", "landuse": "None", "residential": "None", "name": "None" }, "geometry": { "type": "Point", "coordinates": [ 114.375801086425781, 22.714466094970703 ] } },
{ "type": "Feature", "properties": { "city": "shenzhen", "candidate_source": "place_village_hamlet_locality", "id": "7899996298", "osm_type": "node", "place": "hamlet", "landuse": "None", "residential": "None", "name": "None" }, "geometry": { "type": "Point", "coordinates": [ 114.339797973632812, 22.705728530883789 ] } },
{ "type": "Feature", "properties": { "city": "shenzhen", "candidate_source": "place_village_hamlet_locality", "id": "7899996301", "osm_type": "node", "place": "hamlet", "landuse": "None", "residential": "None", "name": "None" }, "geometry": { "type": "Point", "coordinates": [ 114.331741333007812, 22.706409454345703 ] } },
{ "type": "Feature", "properties": { "city": "shenzhen", "candidate_source": "place_village_hamlet_locality", "id": "8196565133", "osm_type": "node", "place": "locality", "landuse": "None", "residential": "None", "name": "None" }, "geometry": { "type": "Point", "coordinates": [ 114.371833801269531, 22.707065582275391 ] } },
{ "type": "Feature", "properties": { "city": "shenzhen", "candidate_source": "place_village_hamlet_locality", "id": "8196565088", "osm_type": "node", "place": "locality", "landuse": "None", "residential": "None", "name": "None" }, "geometry": { "type": "Point", "coordinates": [ 114.371742248535156, 22.709470748901367 ] } },
{ "type": "Feature", "properties": { "city": "shenzhen", "candidate_source": "place_village_hamlet_locality", "id": "7298079763", "osm_type": "node", "place": "hamlet", "landuse": "None", "residential": "None", "name": "None" }, "geometry": { "type": "Point", "coordinates": [ 114.371810913085938, 22.712759017944336 ] } },
{ "type": "Feature", "properties": { "city": "shenzhen", "candidate_source": "place_village_hamlet_locality", "id": "7298037580", "osm_type": "node", "place": "hamlet", "landuse": "None", "residential": "None", "name": "None" }, "geometry": { "type": "Point", "coordinates": [ 114.3516845703125, 22.724872589111328 ] } },
{ "type": "Feature", "properties": { "city": "shenzhen", "candidate_source": "place_village_hamlet_locality", "id": "7424035148", "osm_type": "node", "place": "locality", "landuse": "None", "residential": "None", "name": "None" }, "geometry": { "type": "Point", "coordinates": [ 114.355331420898438, 22.725709915161133 ] } },
{ "type": "Feature", "properties": { "city": "shenzhen", "candidate_source": "place_village_hamlet_locality", "id": "7424035746", "osm_type": "node", "place": "locality", "landuse": "None", "residential": "None", "name": "None" }, "geometry": { "type": "Point", "coordinates": [ 114.358001708984375, 22.726934432983398 ] } },
{ "type": "Feature", "properties": { "city": "shenzhen", "candidate_source": "place_village_hamlet_locality", "id": "8395635133", "osm_type": "node", "place": "locality", "landuse": "None", "residential": "None", "name": "None" }, "geometry": { "type": "Point", "coordinates": [ 114.371559143066406, 22.729555130004883 ] } },
{ "type": "Feature", "properties": { "city": "shenzhen", "candidate_source": "place_village_hamlet_locality", "id": "8395635132", "osm_type": "node", "place": "locality", "landuse": "None", "residential": "None", "name": "None" }, "geometry": { "type": "Point", "coordinates": [ 114.363296508789062, 22.730585098266602 ] } },
{ "type": "Feature", "properties": { "city": "shenzhen", "candidate_source": "place_village_hamlet_locality", "id": "9271085217", "osm_type": "node", "place": "hamlet", "landuse": "None", "residential": "None", "name": "None" }, "geometry": { "type": "Point", "coordinates": [ 114.399429321289062, 22.72802734375 ] } },
{ "type": "Feature", "properties": { "city": "shenzhen", "candidate_source": "place_village_hamlet_locality", "id": "7298037582", "osm_type": "node", "place": "hamlet", "landuse": "None", "residential": "None", "name": "None" }, "geometry": { "type": "Point", "coordinates": [ 114.359657287597656, 22.731252670288086 ] } },
{ "type": "Feature", "properties": { "city": "shenzhen", "candidate_source": "place_village_hamlet_locality", "id": "8395635131", "osm_type": "node", "place": "locality", "landuse": "None", "residential": "None", "name": "None" }, "geometry": { "type": "Point", "coordinates": [ 114.364700317382812, 22.731468200683594 ] } },
{ "type": "Feature", "properties": { "city": "shenzhen", "candidate_source": "place_village_hamlet_locality", "id": "7302027884", "osm_type": "node", "place": "locality", "landuse": "None", "residential": "None", "name": "None" }, "geometry": { "type": "Point", "coordinates": [ 114.367057800292969, 22.733310699462891 ] } },
{ "type": "Feature", "properties": { "city": "shenzhen", "candidate_source": "place_village_hamlet_locality", "id": "7298037583", "osm_type": "node", "place": "hamlet", "landuse": "None", "residential": "None", "name": "None" }, "geometry": { "type": "Point", "coordinates": [ 114.364151000976562, 22.733913421630859 ] } },
{ "type": "Feature", "properties": { "city": "shenzhen", "candidate_source": "place_village_hamlet_locality", "id": "7298037581", "osm_type": "node", "place": "hamlet", "landuse": "None", "residential": "None", "name": "None" }, "geometry": { "type": "Point", "coordinates": [ 114.362785339355469, 22.735523223876953 ] } },
{ "type": "Feature", "properties": { "city": "shenzhen", "candidate_source": "place_village_hamlet_locality", "id": "7298037584", "osm_type": "node", "place": "hamlet", "landuse": "None", "residential": "None", "name": "None" }, "geometry": { "type": "Point", "coordinates": [ 114.368309020996094, 22.737497329711914 ] } },
{ "type": "Feature", "properties": { "city": "shenzhen", "candidate_source": "place_village_hamlet_locality", "id": "7298079762", "osm_type": "node", "place": "hamlet", "landuse": "None", "residential": "None", "name": "None" }, "geometry": { "type": "Point", "coordinates": [ 114.3494873046875, 22.73753547668457 ] } },
{ "type": "Feature", "properties": { "city": "shenzhen", "candidate_source": "place_village_hamlet_locality", "id": "7487649826", "osm_type": "node", "place": "locality", "landuse": "None", "residential": "None", "name": "None" }, "geometry": { "type": "Point", "coordinates": [ 114.3695068359375, 22.740907669067383 ] } },
{ "type": "Feature", "properties": { "city": "shenzhen", "candidate_source": "place_village_hamlet_locality", "id": "7311304814", "osm_type": "node", "place": "hamlet", "landuse": "None", "residential": "None", "name": "None" }, "geometry": { "type": "Point", "coordinates": [ 114.365287780761719, 22.741649627685547 ] } },
{ "type": "Feature", "properties": { "city": "shenzhen", "candidate_source": "place_village_hamlet_locality", "id": "7311300977", "osm_type": "node", "place": "hamlet", "landuse": "None", "residential": "None", "name": "None" }, "geometry": { "type": "Point", "coordinates": [ 114.369926452636719, 22.743358612060547 ] } },
{ "type": "Feature", "properties": { "city": "shenzhen", "candidate_source": "place_village_hamlet_locality", "id": "7311628633", "osm_type": "node", "place": "hamlet", "landuse": "None", "residential": "None", "name": "None" }, "geometry": { "type": "Point", "coordinates": [ 114.386360168457031, 22.740083694458008 ] } },
{ "type": "Feature", "properties": { "city": "shenzhen", "candidate_source": "place_village_hamlet_locality", "id": "7311628612", "osm_type": "node", "place": "hamlet", "landuse": "None", "residential": "None", "name": "None" }, "geometry": { "type": "Point", "coordinates": [ 114.39117431640625, 22.742486953735352 ] } },
{ "type": "Feature", "properties": { "city": "shenzhen", "candidate_source": "place_village_hamlet_locality", "id": "7311300976", "osm_type": "node", "place": "hamlet", "landuse": "None", "residential": "None", "name": "None" }, "geometry": { "type": "Point", "coordinates": [ 114.374885559082031, 22.742746353149414 ] } },
{ "type": "Feature", "properties": { "city": "shenzhen", "candidate_source": "place_village_hamlet_locality", "id": "7311628589", "osm_type": "node", "place": "hamlet", "landuse": "None", "residential": "None", "name": "None" }, "geometry": { "type": "Point", "coordinates": [ 114.384025573730469, 22.746400833129883 ] } },
{ "type": "Feature", "properties": { "city": "shenzhen", "candidate_source": "place_village_hamlet_locality", "id": "7311628600", "osm_type": "node", "place": "hamlet", "landuse": "None", "residential": "None", "name": "None" }, "geometry": { "type": "Point", "coordinates": [ 114.389823913574219, 22.746908187866211 ] } },
{ "type": "Feature", "properties": { "city": "shenzhen", "candidate_source": "place_village_hamlet_locality", "id": "7311304831", "osm_type": "node", "place": "hamlet", "landuse": "None", "residential": "None", "name": "None" }, "geometry": { "type": "Point", "coordinates": [ 114.374916076660156, 22.74757194519043 ] } },
{ "type": "Feature", "properties": { "city": "shenzhen", "candidate_source": "place_village_hamlet_locality", "id": "7311628674", "osm_type": "node", "place": "hamlet", "landuse": "None", "residential": "None", "name": "None" }, "geometry": { "type": "Point", "coordinates": [ 114.392478942871094, 22.748340606689453 ] } },
{ "type": "Feature", "properties": { "city": "shenzhen", "candidate_source": "place_village_hamlet_locality", "id": "7311300959", "osm_type": "node", "place": "hamlet", "landuse": "None", "residential": "None", "name": "None" }, "geometry": { "type": "Point", "coordinates": [ 114.371795654296875, 22.743423461914062 ] } },
{ "type": "Feature", "properties": { "city": "shenzhen", "candidate_source": "place_village_hamlet_locality", "id": "7311300936", "osm_type": "node", "place": "hamlet", "landuse": "None", "residential": "None", "name": "None" }, "geometry": { "type": "Point", "coordinates": [ 114.364967346191406, 22.744155883789062 ] } },
{ "type": "Feature", "properties": { "city": "shenzhen", "candidate_source": "place_village_hamlet_locality", "id": "7311300984", "osm_type": "node", "place": "hamlet", "landuse": "None", "residential": "None", "name": "None" }, "geometry": { "type": "Point", "coordinates": [ 114.371040344238281, 22.744331359863281 ] } },
{ "type": "Feature", "properties": { "city": "shenzhen", "candidate_source": "place_village_hamlet_locality", "id": "7311300955", "osm_type": "node", "place": "hamlet", "landuse": "None", "residential": "None", "name": "None" }, "geometry": { "type": "Point", "coordinates": [ 114.366218566894531, 22.744667053222656 ] } },
{ "type": "Feature", "properties": { "city": "shenzhen", "candidate_source": "place_village_hamlet_locality", "id": "7311300950", "osm_type": "node", "place": "hamlet", "landuse": "None", "residential": "None", "name": "None" }, "geometry": { "type": "Point", "coordinates": [ 114.367202758789062, 22.746124267578125 ] } },
{ "type": "Feature", "properties": { "city": "shenzhen", "candidate_source": "place_village_hamlet_locality", "id": "7311304837", "osm_type": "node", "place": "hamlet", "landuse": "None", "residential": "None", "name": "None" }, "geometry": { "type": "Point", "coordinates": [ 114.373298645019531, 22.747631072998047 ] } },
{ "type": "Feature", "properties": { "city": "shenzhen", "candidate_source": "place_village_hamlet_locality", "id": "7311300943", "osm_type": "node", "place": "hamlet", "landuse": "None", "residential": "None", "name": "None" }, "geometry": { "type": "Point", "coordinates": [ 114.366691589355469, 22.747631072998047 ] } },
{ "type": "Feature", "properties": { "city": "shenzhen", "candidate_source": "place_village_hamlet_locality", "id": "7311304797", "osm_type": "node", "place": "hamlet", "landuse": "None", "residential": "None", "name": "None" }, "geometry": { "type": "Point", "coordinates": [ 114.370903015136719, 22.748554229736328 ] } },
{ "type": "Feature", "properties": { "city": "shenzhen", "candidate_source": "place_village_hamlet_locality", "id": "7311741275", "osm_type": "node", "place": "hamlet", "landuse": "None", "residential": "None", "name": "None" }, "geometry": { "type": "Point", "coordinates": [ 114.367279052734375, 22.749996185302734 ] } },
{ "type": "Feature", "properties": { "city": "shenzhen", "candidate_source": "place_village_hamlet_locality", "id": "7311741283", "osm_type": "node", "place": "hamlet", "landuse": "None", "residential": "None", "name": "None" }, "geometry": { "type": "Point", "coordinates": [ 114.362480163574219, 22.750078201293945 ] } },
{ "type": "Feature", "properties": { "city": "shenzhen", "candidate_source": "place_village_hamlet_locality", "id": "8395647322", "osm_type": "node", "place": "locality", "landuse": "None", "residential": "None", "name": "None" }, "geometry": { "type": "Point", "coordinates": [ 114.395133972167969, 22.750043869018555 ] } },
{ "type": "Feature", "properties": { "city": "shenzhen", "candidate_source": "place_village_hamlet_locality", "id": "7311628676", "osm_type": "node", "place": "locality", "landuse": "None", "residential": "None", "name": "None" }, "geometry": { "type": "Point", "coordinates": [ 114.389350891113281, 22.750404357910156 ] } },
{ "type": "Feature", "properties": { "city": "shenzhen", "candidate_source": "place_village_hamlet_locality", "id": "7311628675", "osm_type": "node", "place": "locality", "landuse": "None", "residential": "None", "name": "None" }, "geometry": { "type": "Point", "coordinates": [ 114.391242980957031, 22.750713348388672 ] } },
{ "type": "Feature", "properties": { "city": "shenzhen", "candidate_source": "place_village_hamlet_locality", "id": "7311628639", "osm_type": "node", "place": "hamlet", "landuse": "None", "residential": "None", "name": "None" }, "geometry": { "type": "Point", "coordinates": [ 114.397697448730469, 22.752601623535156 ] } },
{ "type": "Feature", "properties": { "city": "shenzhen", "candidate_source": "place_village_hamlet_locality", "id": "7311628607", "osm_type": "node", "place": "hamlet", "landuse": "None", "residential": "None", "name": "None" }, "geometry": { "type": "Point", "coordinates": [ 114.392189025878906, 22.753952026367188 ] } },
{ "type": "Feature", "properties": { "city": "shenzhen", "candidate_source": "place_village_hamlet_locality", "id": "7311628668", "osm_type": "node", "place": "hamlet", "landuse": "None", "residential": "None", "name": "None" }, "geometry": { "type": "Point", "coordinates": [ 114.394996643066406, 22.756919860839844 ] } },
{ "type": "Feature", "properties": { "city": "shenzhen", "candidate_source": "place_village_hamlet_locality", "id": "7311749302", "osm_type": "node", "place": "hamlet", "landuse": "None", "residential": "None", "name": "None" }, "geometry": { "type": "Point", "coordinates": [ 114.357017517089844, 22.750734329223633 ] } },
{ "type": "Feature", "properties": { "city": "shenzhen", "candidate_source": "place_village_hamlet_locality", "id": "2065826893", "osm_type": "node", "place": "hamlet", "landuse": "None", "residential": "None", "name": "None" }, "geometry": { "type": "Point", "coordinates": [ 114.372718811035156, 22.750814437866211 ] } },
{ "type": "Feature", "properties": { "city": "shenzhen", "candidate_source": "place_village_hamlet_locality", "id": "7311749314", "osm_type": "node", "place": "hamlet", "landuse": "None", "residential": "None", "name": "None" }, "geometry": { "type": "Point", "coordinates": [ 114.356636047363281, 22.752843856811523 ] } },
{ "type": "Feature", "properties": { "city": "shenzhen", "candidate_source": "place_village_hamlet_locality", "id": "7311749301", "osm_type": "node", "place": "hamlet", "landuse": "None", "residential": "None", "name": "None" }, "geometry": { "type": "Point", "coordinates": [ 114.359504699707031, 22.753883361816406 ] } },
{ "type": "Feature", "properties": { "city": "shenzhen", "candidate_source": "place_village_hamlet_locality", "id": "7311749289", "osm_type": "node", "place": "hamlet", "landuse": "None", "residential": "None", "name": "None" }, "geometry": { "type": "Point", "coordinates": [ 114.362861633300781, 22.757452011108398 ] } },
{ "type": "Feature", "properties": { "city": "shenzhen", "candidate_source": "place_village_hamlet_locality", "id": "7311749317", "osm_type": "node", "place": "hamlet", "landuse": "None", "residential": "None", "name": "None" }, "geometry": { "type": "Point", "coordinates": [ 114.354522705078125, 22.758878707885742 ] } },
{ "type": "Feature", "properties": { "city": "shenzhen", "candidate_source": "place_village_hamlet_locality", "id": "7311749356", "osm_type": "node", "place": "hamlet", "landuse": "None", "residential": "None", "name": "None" }, "geometry": { "type": "Point", "coordinates": [ 114.345413208007812, 22.760478973388672 ] } },
{ "type": "Feature", "properties": { "city": "shenzhen", "candidate_source": "place_village_hamlet_locality", "id": "7311749355", "osm_type": "node", "place": "hamlet", "landuse": "None", "residential": "None", "name": "None" }, "geometry": { "type": "Point", "coordinates": [ 114.354095458984375, 22.76072883605957 ] } },
{ "type": "Feature", "properties": { "city": "shenzhen", "candidate_source": "place_village_hamlet_locality", "id": "7311749357", "osm_type": "node", "place": "hamlet", "landuse": "None", "residential": "None", "name": "None" }, "geometry": { "type": "Point", "coordinates": [ 114.34576416015625, 22.764949798583984 ] } },
{ "type": "Feature", "properties": { "city": "shenzhen", "candidate_source": "place_village_hamlet_locality", "id": "7311749333", "osm_type": "node", "place": "hamlet", "landuse": "None", "residential": "None", "name": "None" }, "geometry": { "type": "Point", "coordinates": [ 114.364875793457031, 22.765241622924805 ] } },
{ "type": "Feature", "properties": { "city": "shenzhen", "candidate_source": "place_village_hamlet_locality", "id": "7311664942", "osm_type": "node", "place": "hamlet", "landuse": "None", "residential": "None", "name": "None" }, "geometry": { "type": "Point", "coordinates": [ 114.406295776367188, 22.761796951293945 ] } },
{ "type": "Feature", "properties": { "city": "shenzhen", "candidate_source": "place_village_hamlet_locality", "id": "7311664864", "osm_type": "node", "place": "hamlet", "landuse": "None", "residential": "None", "name": "None" }, "geometry": { "type": "Point", "coordinates": [ 114.395439147949219, 22.761856079101562 ] } },
{ "type": "Feature", "properties": { "city": "shenzhen", "candidate_source": "place_village_hamlet_locality", "id": "7311664883", "osm_type": "node", "place": "locality", "landuse": "None", "residential": "None", "name": "None" }, "geometry": { "type": "Point", "coordinates": [ 114.392723083496094, 22.7652587890625 ] } },
{ "type": "Feature", "properties": { "city": "shenzhen", "candidate_source": "place_village_hamlet_locality", "id": "7311664878", "osm_type": "node", "place": "hamlet", "landuse": "None", "residential": "None", "name": "None" }, "geometry": { "type": "Point", "coordinates": [ 114.394950866699219, 22.765962600708008 ] } },
{ "type": "Feature", "properties": { "city": "shenzhen", "candidate_source": "place_village_hamlet_locality", "id": "7311664893", "osm_type": "node", "place": "locality", "landuse": "None", "residential": "None", "name": "None" }, "geometry": { "type": "Point", "coordinates": [ 114.396461486816406, 22.770811080932617 ] } },
{ "type": "Feature", "properties": { "city": "shenzhen", "candidate_source": "place_village_hamlet_locality", "id": "7311664903", "osm_type": "node", "place": "hamlet", "landuse": "None", "residential": "None", "name": "None" }, "geometry": { "type": "Point", "coordinates": [ 114.398178100585938, 22.7724609375 ] } },
{ "type": "Feature", "properties": { "city": "shenzhen", "candidate_source": "place_village_hamlet_locality", "id": "7311664910", "osm_type": "node", "place": "locality", "landuse": "None", "residential": "None", "name": "None" }, "geometry": { "type": "Point", "coordinates": [ 114.401992797851562, 22.775339126586914 ] } },
{ "type": "Feature", "properties": { "city": "shenzhen", "candidate_source": "place_village_hamlet_locality", "id": "7311664911", "osm_type": "node", "place": "locality", "landuse": "None", "residential": "None", "name": "None" }, "geometry": { "type": "Point", "coordinates": [ 114.403182983398438, 22.775751113891602 ] } },
{ "type": "Feature", "properties": { "city": "shenzhen", "candidate_source": "place_village_hamlet_locality", "id": "7311664912", "osm_type": "node", "place": "locality", "landuse": "None", "residential": "None", "name": "None" }, "geometry": { "type": "Point", "coordinates": [ 114.401817321777344, 22.776220321655273 ] } },
{ "type": "Feature", "properties": { "city": "shenzhen", "candidate_source": "place_village_hamlet_locality", "id": "7311664913", "osm_type": "node", "place": "locality", "landuse": "None", "residential": "None", "name": "None" }, "geometry": { "type": "Point", "coordinates": [ 114.399665832519531, 22.777688980102539 ] } },
{ "type": "Feature", "properties": { "city": "shenzhen", "candidate_source": "place_village_hamlet_locality", "id": "2065800213", "osm_type": "node", "place": "locality", "landuse": "None", "residential": "None", "name": "None" }, "geometry": { "type": "Point", "coordinates": [ 114.401802062988281, 22.778480529785156 ] } },
{ "type": "Feature", "properties": { "city": "shenzhen", "candidate_source": "place_village_hamlet_locality", "id": "9390993085", "osm_type": "node", "place": "hamlet", "landuse": "None", "residential": "None", "name": "None" }, "geometry": { "type": "Point", "coordinates": [ 114.328819274902344, 22.786426544189453 ] } },
{ "type": "Feature", "properties": { "city": "shenzhen", "candidate_source": "place_village_hamlet_locality", "id": "9004454426", "osm_type": "node", "place": "hamlet", "landuse": "None", "residential": "None", "name": "None" }, "geometry": { "type": "Point", "coordinates": [ 114.329627990722656, 22.789989471435547 ] } }
]
}
