{
"type": "FeatureCollection",
"name": "tianjin_candidates",
"crs": { "type": "name", "properties": { "name": "urn:ogc:def:crs:OGC:1.3:CRS84" } },
"features": [
{ "type": "Feature", "properties": { "city": "tianjin", "candidate_source": "place_village_hamlet_locality", "id": "11662169239", "osm_type": "node", "place": "village", "landuse": "None", "residential": "None", "name": "None" }, "geometry": { "type": "Point", "coordinates": [ 117.259666442871094, 38.572830200195312 ] } },
{ "type": "Feature", "properties": { "city": "tianjin", "candidate_source": "place_village_hamlet_locality", "id": "13844713095", "osm_type": "node", "place": "village", "landuse": "None", "residential": "None", "name": "None" }, "geometry": { "type": "Point", "coordinates": [ 117.326942443847656, 38.616386413574219 ] } },
{ "type": "Feature", "properties": { "city": "tianjin", "candidate_source": "place_village_hamlet_locality", "id": "1516216971", "osm_type": "way", "place": "village", "landuse": "None", "residential": "None", "name": "None" }, "geometry": { "type": "Polygon", "coordinates": [ [ [ 117.330879211425781, 38.616874694824219 ], [ 117.331192016601562, 38.616016387939453 ], [ 117.33026123046875, 38.61590576171875 ], [ 117.330520629882812, 38.614143371582031 ], [ 117.328956604003906, 38.613723754882812 ], [ 117.328903198242188, 38.613883972167969 ], [ 117.328643798828125, 38.613815307617188 ], [ 117.328445434570312, 38.613883972167969 ], [ 117.328292846679688, 38.613872528076172 ], [ 117.328048706054688, 38.614570617675781 ], [ 117.327735900878906, 38.614448547363281 ], [ 117.32794189453125, 38.613895416259766 ], [ 117.327095031738281, 38.613723754882812 ], [ 117.326652526855469, 38.614860534667969 ], [ 117.3251953125, 38.614276885986328 ], [ 117.325569152832031, 38.613704681396484 ], [ 117.3250732421875, 38.613456726074219 ], [ 117.32489013671875, 38.613742828369141 ], [ 117.324623107910156, 38.613643646240234 ], [ 117.324417114257812, 38.614006042480469 ], [ 117.324188232421875, 38.614479064941406 ], [ 117.323745727539062, 38.614383697509766 ], [ 117.323722839355469, 38.614475250244141 ], [ 117.323692321777344, 38.614471435546875 ], [ 117.323646545410156, 38.614467620849609 ], [ 117.323318481445312, 38.614452362060547 ], [ 117.323287963867188, 38.614448547363281 ], [ 117.323143005371094, 38.61444091796875 ], [ 117.323150634765625, 38.614383697509766 ], [ 117.322174072265625, 38.614208221435547 ], [ 117.322113037109375, 38.614269256591797 ], [ 117.3218994140625, 38.615287780761719 ], [ 117.326026916503906, 38.615898132324219 ], [ 117.326217651367188, 38.615924835205078 ], [ 117.326812744140625, 38.616039276123047 ], [ 117.326690673828125, 38.616420745849609 ], [ 117.326622009277344, 38.616413116455078 ], [ 117.326591491699219, 38.616523742675781 ], [ 117.327049255371094, 38.616626739501953 ], [ 117.327201843261719, 38.616119384765625 ], [ 117.327346801757812, 38.61614990234375 ], [ 117.329795837402344, 38.616626739501953 ], [ 117.329177856445312, 38.618015289306641 ], [ 117.328300476074219, 38.617809295654297 ], [ 117.328231811523438, 38.618019104003906 ], [ 117.327590942382812, 38.618923187255859 ], [ 117.327613830566406, 38.619003295898438 ], [ 117.329696655273438, 38.619537353515625 ], [ 117.329917907714844, 38.619029998779297 ], [ 117.330879211425781, 38.616874694824219 ] ] ] } },
{ "type": "Feature", "properties": { "city": "tianjin", "candidate_source": "place_village_hamlet_locality", "id": "1516216986", "osm_type": "way", "place": "village", "landuse": "None", "residential": "None", "name": "None" }, "geometry": { "type": "Polygon", "coordinates": [ [ [ 117.334014892578125, 38.616767883300781 ], [ 117.333778381347656, 38.617446899414062 ], [ 117.33306884765625, 38.617282867431641 ], [ 117.332839965820312, 38.617958068847656 ], [ 117.331863403320312, 38.617759704589844 ], [ 117.331649780273438, 38.618404388427734 ], [ 117.330551147460938, 38.618186950683594 ], [ 117.330131530761719, 38.619098663330078 ], [ 117.33074951171875, 38.619232177734375 ], [ 117.330810546875, 38.619117736816406 ], [ 117.331260681152344, 38.619186401367188 ], [ 117.331352233886719, 38.619194030761719 ], [ 117.331382751464844, 38.619152069091797 ], [ 117.331405639648438, 38.61907958984375 ], [ 117.331214904785156, 38.619041442871094 ], [ 117.331268310546875, 38.618915557861328 ], [ 117.33209228515625, 38.619029998779297 ], [ 117.332176208496094, 38.618782043457031 ], [ 117.332489013671875, 38.618736267089844 ], [ 117.332908630371094, 38.618743896484375 ], [ 117.333305358886719, 38.618789672851562 ], [ 117.333831787109375, 38.618888854980469 ], [ 117.334602355957031, 38.619174957275391 ], [ 117.334716796875, 38.619365692138672 ], [ 117.335060119628906, 38.619449615478516 ], [ 117.335205078125, 38.619544982910156 ], [ 117.335357666015625, 38.619712829589844 ], [ 117.335670471191406, 38.619773864746094 ], [ 117.33612060546875, 38.619895935058594 ], [ 117.336219787597656, 38.619625091552734 ], [ 117.336929321289062, 38.619789123535156 ], [ 117.336944580078125, 38.6197509765625 ], [ 117.338165283203125, 38.616584777832031 ], [ 117.33819580078125, 38.616512298583984 ], [ 117.334808349609375, 38.615798950195312 ], [ 117.334869384765625, 38.615642547607422 ], [ 117.334671020507812, 38.6156005859375 ], [ 117.334800720214844, 38.61529541015625 ], [ 117.334098815917969, 38.615127563476562 ], [ 117.334098815917969, 38.614994049072266 ], [ 117.334060668945312, 38.614799499511719 ], [ 117.333892822265625, 38.614727020263672 ], [ 117.333877563476562, 38.614593505859375 ], [ 117.33367919921875, 38.614459991455078 ], [ 117.332939147949219, 38.614322662353516 ], [ 117.332794189453125, 38.614799499511719 ], [ 117.332565307617188, 38.614761352539062 ], [ 117.332496643066406, 38.615074157714844 ], [ 117.332870483398438, 38.615116119384766 ], [ 117.332771301269531, 38.615516662597656 ], [ 117.332626342773438, 38.615501403808594 ], [ 117.332489013671875, 38.616035461425781 ], [ 117.332450866699219, 38.616127014160156 ], [ 117.332344055175781, 38.616447448730469 ], [ 117.334014892578125, 38.616767883300781 ] ] ] } },
{ "type": "Feature", "properties": { "city": "tianjin", "candidate_source": "place_village_hamlet_locality", "id": "1512675243", "osm_type": "way", "place": "village", "landuse": "None", "residential": "None", "name": "None" }, "geometry": { "type": "Polygon", "coordinates": [ [ [ 117.163681030273438, 38.629550933837891 ], [ 117.163688659667969, 38.629383087158203 ], [ 117.16455078125, 38.629325866699219 ], [ 117.16448974609375, 38.628765106201172 ], [ 117.164154052734375, 38.628765106201172 ], [ 117.164077758789062, 38.628231048583984 ], [ 117.164039611816406, 38.627918243408203 ], [ 117.164390563964844, 38.627864837646484 ], [ 117.164382934570312, 38.627716064453125 ], [ 117.164047241210938, 38.627735137939453 ], [ 117.164077758789062, 38.627513885498047 ], [ 117.164604187011719, 38.627525329589844 ], [ 117.16461181640625, 38.627212524414062 ], [ 117.164634704589844, 38.627067565917969 ], [ 117.164634704589844, 38.627033233642578 ], [ 117.164665222167969, 38.626918792724609 ], [ 117.164688110351562, 38.626739501953125 ], [ 117.164237976074219, 38.626728057861328 ], [ 117.164260864257812, 38.626510620117188 ], [ 117.164894104003906, 38.62652587890625 ], [ 117.165107727050781, 38.62652587890625 ], [ 117.165168762207031, 38.625831604003906 ], [ 117.1650390625, 38.625816345214844 ], [ 117.165092468261719, 38.6253662109375 ], [ 117.16510009765625, 38.625308990478516 ], [ 117.16522216796875, 38.625293731689453 ], [ 117.165260314941406, 38.624984741210938 ], [ 117.165130615234375, 38.624969482421875 ], [ 117.165153503417969, 38.624851226806641 ], [ 117.164886474609375, 38.624839782714844 ], [ 117.164901733398438, 38.624782562255859 ], [ 117.164764404296875, 38.624778747558594 ], [ 117.164840698242188, 38.623874664306641 ], [ 117.164535522460938, 38.623863220214844 ], [ 117.164360046386719, 38.624259948730469 ], [ 117.1641845703125, 38.624290466308594 ], [ 117.164176940917969, 38.624519348144531 ], [ 117.163551330566406, 38.624504089355469 ], [ 117.163566589355469, 38.624015808105469 ], [ 117.162841796875, 38.623985290527344 ], [ 117.162643432617188, 38.624080657958984 ], [ 117.16259765625, 38.624244689941406 ], [ 117.161964416503906, 38.624271392822266 ], [ 117.161949157714844, 38.624423980712891 ], [ 117.161880493164062, 38.624500274658203 ], [ 117.161796569824219, 38.624568939208984 ], [ 117.16180419921875, 38.624778747558594 ], [ 117.16070556640625, 38.624824523925781 ], [ 117.16070556640625, 38.624969482421875 ], [ 117.160423278808594, 38.624969482421875 ], [ 117.160430908203125, 38.625453948974609 ], [ 117.160202026367188, 38.625465393066406 ], [ 117.160202026367188, 38.626140594482422 ], [ 117.159927368164062, 38.626140594482422 ], [ 117.159957885742188, 38.627151489257812 ], [ 117.160018920898438, 38.627643585205078 ], [ 117.160507202148438, 38.627620697021484 ], [ 117.160507202148438, 38.627738952636719 ], [ 117.160552978515625, 38.628131866455078 ], [ 117.161163330078125, 38.628158569335938 ], [ 117.161117553710938, 38.629188537597656 ], [ 117.161392211914062, 38.629215240478516 ], [ 117.161384582519531, 38.629631042480469 ], [ 117.163681030273438, 38.629550933837891 ] ] ] } },
{ "type": "Feature", "properties": { "city": "tianjin", "candidate_source": "place_village_hamlet_locality", "id": "11607210291", "osm_type": "node", "place": "village", "landuse": "None", "residential": "None", "name": "None" }, "geometry": { "type": "Point", "coordinates": [ 117.163299560546875, 38.628421783447266 ] } },
{ "type": "Feature", "properties": { "city": "tianjin", "candidate_source": "place_village_hamlet_locality", "id": "11607210292", "osm_type": "node", "place": "village", "landuse": "None", "residential": "None", "name": "None" }, "geometry": { "type": "Point", "coordinates": [ 117.187644958496094, 38.632076263427734 ] } },
{ "type": "Feature", "properties": { "city": "tianjin", "candidate_source": "place_village_hamlet_locality", "id": "1512725450", "osm_type": "way", "place": "village", "landuse": "None", "residential": "None", "name": "None" }, "geometry": { "type": "Polygon", "coordinates": [ [ [ 117.186439514160156, 38.637077331542969 ], [ 117.186622619628906, 38.637065887451172 ], [ 117.186874389648438, 38.637008666992188 ], [ 117.186775207519531, 38.635868072509766 ], [ 117.187652587890625, 38.635829925537109 ], [ 117.1876220703125, 38.635345458984375 ], [ 117.187858581542969, 38.635322570800781 ], [ 117.187850952148438, 38.635185241699219 ], [ 117.187599182128906, 38.63519287109375 ], [ 117.187583923339844, 38.635047912597656 ], [ 117.18817138671875, 38.635059356689453 ], [ 117.188514709472656, 38.635051727294922 ], [ 117.188606262207031, 38.635047912597656 ], [ 117.188697814941406, 38.635601043701172 ], [ 117.189529418945312, 38.635478973388672 ], [ 117.189445495605469, 38.635173797607422 ], [ 117.189544677734375, 38.635143280029297 ], [ 117.189643859863281, 38.635066986083984 ], [ 117.189773559570312, 38.635032653808594 ], [ 117.189750671386719, 38.634857177734375 ], [ 117.189643859863281, 38.634815216064453 ], [ 117.189651489257812, 38.6346435546875 ], [ 117.189781188964844, 38.634628295898438 ], [ 117.1898193359375, 38.634353637695312 ], [ 117.19000244140625, 38.63433837890625 ], [ 117.190017700195312, 38.63421630859375 ], [ 117.19000244140625, 38.633796691894531 ], [ 117.18975830078125, 38.633533477783203 ], [ 117.189697265625, 38.632610321044922 ], [ 117.189826965332031, 38.632595062255859 ], [ 117.189796447753906, 38.632431030273438 ], [ 117.188743591308594, 38.632377624511719 ], [ 117.188735961914062, 38.632061004638672 ], [ 117.188423156738281, 38.632068634033203 ], [ 117.188407897949219, 38.632358551025391 ], [ 117.188117980957031, 38.632270812988281 ], [ 117.187995910644531, 38.632236480712891 ], [ 117.187980651855469, 38.632171630859375 ], [ 117.187896728515625, 38.632022857666016 ], [ 117.187904357910156, 38.631927490234375 ], [ 117.188087463378906, 38.631824493408203 ], [ 117.188163757324219, 38.631740570068359 ], [ 117.188179016113281, 38.6314697265625 ], [ 117.188148498535156, 38.63116455078125 ], [ 117.18817138671875, 38.630535125732422 ], [ 117.1883544921875, 38.630527496337891 ], [ 117.188385009765625, 38.628898620605469 ], [ 117.187309265136719, 38.628833770751953 ], [ 117.186302185058594, 38.628776550292969 ], [ 117.185684204101562, 38.628757476806641 ], [ 117.18499755859375, 38.628791809082031 ], [ 117.18499755859375, 38.628940582275391 ], [ 117.184112548828125, 38.628952026367188 ], [ 117.184089660644531, 38.629352569580078 ], [ 117.184089660644531, 38.629951477050781 ], [ 117.183906555175781, 38.630878448486328 ], [ 117.183815002441406, 38.631244659423828 ], [ 117.184059143066406, 38.631278991699219 ], [ 117.184104919433594, 38.631595611572266 ], [ 117.183815002441406, 38.631629943847656 ], [ 117.18353271484375, 38.631587982177734 ], [ 117.1832275390625, 38.631584167480469 ], [ 117.182975769042969, 38.631622314453125 ], [ 117.182159423828125, 38.631607055664062 ], [ 117.18157958984375, 38.631599426269531 ], [ 117.181480407714844, 38.631687164306641 ], [ 117.181442260742188, 38.631816864013672 ], [ 117.181427001953125, 38.632453918457031 ], [ 117.184318542480469, 38.632129669189453 ], [ 117.184486389160156, 38.632961273193359 ], [ 117.184127807617188, 38.632999420166016 ], [ 117.184280395507812, 38.633861541748047 ], [ 117.18408203125, 38.633876800537109 ], [ 117.184127807617188, 38.634067535400391 ], [ 117.184005737304688, 38.634078979492188 ], [ 117.184036254882812, 38.63427734375 ], [ 117.184326171875, 38.634246826171875 ], [ 117.184410095214844, 38.634666442871094 ], [ 117.185905456542969, 38.634799957275391 ], [ 117.1859130859375, 38.6348876953125 ], [ 117.186012268066406, 38.636001586914062 ], [ 117.186111450195312, 38.637062072753906 ], [ 117.186439514160156, 38.637077331542969 ] ] ] } },
{ "type": "Feature", "properties": { "city": "tianjin", "candidate_source": "place_village_hamlet_locality", "id": "11607210293", "osm_type": "node", "place": "village", "landuse": "None", "residential": "None", "name": "None" }, "geometry": { "type": "Point", "coordinates": [ 117.184700012207031, 38.648399353027344 ] } },
{ "type": "Feature", "properties": { "city": "tianjin", "candidate_source": "place_village_hamlet_locality", "id": "1512965028", "osm_type": "way", "place": "village", "landuse": "None", "residential": "None", "name": "None" }, "geometry": { "type": "Polygon", "coordinates": [ [ [ 117.187789916992188, 38.650276184082031 ], [ 117.18768310546875, 38.649688720703125 ], [ 117.18829345703125, 38.649604797363281 ], [ 117.187652587890625, 38.646598815917969 ], [ 117.186042785644531, 38.646842956542969 ], [ 117.185928344726562, 38.646327972412109 ], [ 117.185020446777344, 38.646457672119141 ], [ 117.184486389160156, 38.646541595458984 ], [ 117.184593200683594, 38.646965026855469 ], [ 117.184394836425781, 38.647022247314453 ], [ 117.184463500976562, 38.647197723388672 ], [ 117.184669494628906, 38.64715576171875 ], [ 117.184761047363281, 38.647407531738281 ], [ 117.184555053710938, 38.647422790527344 ], [ 117.184303283691406, 38.647449493408203 ], [ 117.184326171875, 38.647853851318359 ], [ 117.184196472167969, 38.647876739501953 ], [ 117.18426513671875, 38.648239135742188 ], [ 117.184577941894531, 38.64984130859375 ], [ 117.184799194335938, 38.649810791015625 ], [ 117.184890747070312, 38.650096893310547 ], [ 117.185432434082031, 38.649997711181641 ], [ 117.185569763183594, 38.650554656982422 ], [ 117.187789916992188, 38.650276184082031 ] ] ] } },
{ "type": "Feature", "properties": { "city": "tianjin", "candidate_source": "place_village_hamlet_locality", "id": "1513156109", "osm_type": "way", "place": "village", "landuse": "None", "residential": "None", "name": "None" }, "geometry": { "type": "Polygon", "coordinates": [ [ [ 117.159278869628906, 38.662502288818359 ], [ 117.159286499023438, 38.662345886230469 ], [ 117.159782409667969, 38.662326812744141 ], [ 117.159782409667969, 38.662178039550781 ], [ 117.160781860351562, 38.662155151367188 ], [ 117.160781860351562, 38.662288665771484 ], [ 117.161598205566406, 38.662212371826172 ], [ 117.161575317382812, 38.661930084228516 ], [ 117.1619873046875, 38.661880493164062 ], [ 117.162132263183594, 38.661865234375 ], [ 117.162139892578125, 38.661930084228516 ], [ 117.162643432617188, 38.661907196044922 ], [ 117.162651062011719, 38.661968231201172 ], [ 117.162910461425781, 38.661949157714844 ], [ 117.162918090820312, 38.661899566650391 ], [ 117.163185119628906, 38.661891937255859 ], [ 117.163200378417969, 38.661643981933594 ], [ 117.163139343261719, 38.661415100097656 ], [ 117.163055419921875, 38.661319732666016 ], [ 117.1629638671875, 38.661201477050781 ], [ 117.162940979003906, 38.661121368408203 ], [ 117.162765502929688, 38.660797119140625 ], [ 117.162750244140625, 38.660732269287109 ], [ 117.16302490234375, 38.660697937011719 ], [ 117.163261413574219, 38.660663604736328 ], [ 117.163368225097656, 38.660503387451172 ], [ 117.163490295410156, 38.660449981689453 ], [ 117.163581848144531, 38.660411834716797 ], [ 117.163665771484375, 38.660324096679688 ], [ 117.163726806640625, 38.660259246826172 ], [ 117.163726806640625, 38.660099029541016 ], [ 117.163726806640625, 38.659976959228516 ], [ 117.163673400878906, 38.659618377685547 ], [ 117.16326904296875, 38.659645080566406 ], [ 117.163162231445312, 38.659622192382812 ], [ 117.162681579589844, 38.659637451171875 ], [ 117.162368774414062, 38.659744262695312 ], [ 117.161705017089844, 38.65972900390625 ], [ 117.161407470703125, 38.659736633300781 ], [ 117.161422729492188, 38.660011291503906 ], [ 117.160797119140625, 38.660003662109375 ], [ 117.1607666015625, 38.659744262695312 ], [ 117.160621643066406, 38.659755706787109 ], [ 117.160614013671875, 38.659839630126953 ], [ 117.160087585449219, 38.659847259521484 ], [ 117.160064697265625, 38.659717559814453 ], [ 117.159820556640625, 38.659717559814453 ], [ 117.159812927246094, 38.659782409667969 ], [ 117.159370422363281, 38.659778594970703 ], [ 117.159378051757812, 38.659984588623047 ], [ 117.158905029296875, 38.659969329833984 ], [ 117.158599853515625, 38.659969329833984 ], [ 117.158599853515625, 38.660648345947266 ], [ 117.158454895019531, 38.660652160644531 ], [ 117.158454895019531, 38.660835266113281 ], [ 117.158515930175781, 38.660839080810547 ], [ 117.158523559570312, 38.660934448242188 ], [ 117.158531188964844, 38.661579132080078 ], [ 117.158439636230469, 38.661590576171875 ], [ 117.158432006835938, 38.661758422851562 ], [ 117.15863037109375, 38.661762237548828 ], [ 117.158638000488281, 38.662540435791016 ], [ 117.159278869628906, 38.662502288818359 ] ] ] } },
{ "type": "Feature", "properties": { "city": "tianjin", "candidate_source": "place_village_hamlet_locality", "id": "13844713096", "osm_type": "node", "place": "village", "landuse": "None", "residential": "None", "name": "None" }, "geometry": { "type": "Point", "coordinates": [ 117.335578918457031, 38.617588043212891 ] } },
{ "type": "Feature", "properties": { "city": "tianjin", "candidate_source": "place_village_hamlet_locality", "id": "1516216979", "osm_type": "way", "place": "village", "landuse": "None", "residential": "None", "name": "None" }, "geometry": { "type": "Polygon", "coordinates": [ [ [ 117.325347900390625, 38.620857238769531 ], [ 117.325401306152344, 38.620697021484375 ], [ 117.326148986816406, 38.620853424072266 ], [ 117.326248168945312, 38.620578765869141 ], [ 117.326683044433594, 38.62066650390625 ], [ 117.32696533203125, 38.619953155517578 ], [ 117.325164794921875, 38.619529724121094 ], [ 117.324996948242188, 38.619903564453125 ], [ 117.324745178222656, 38.620723724365234 ], [ 117.325347900390625, 38.620857238769531 ] ] ] } },
{ "type": "Feature", "properties": { "city": "tianjin", "candidate_source": "place_village_hamlet_locality", "id": "13844812669", "osm_type": "node", "place": "village", "landuse": "None", "residential": "None", "name": "None" }, "geometry": { "type": "Point", "coordinates": [ 117.352897644042969, 38.622138977050781 ] } },
{ "type": "Feature", "properties": { "city": "tianjin", "candidate_source": "place_village_hamlet_locality", "id": "1516246303", "osm_type": "way", "place": "village", "landuse": "None", "residential": "None", "name": "None" }, "geometry": { "type": "Polygon", "coordinates": [ [ [ 117.354049682617188, 38.625625610351562 ], [ 117.35430908203125, 38.625232696533203 ], [ 117.354904174804688, 38.625434875488281 ], [ 117.35528564453125, 38.624736785888672 ], [ 117.355094909667969, 38.624698638916016 ], [ 117.355262756347656, 38.624202728271484 ], [ 117.354408264160156, 38.623924255371094 ], [ 117.352790832519531, 38.623359680175781 ], [ 117.352943420410156, 38.62310791015625 ], [ 117.353584289550781, 38.623287200927734 ], [ 117.353683471679688, 38.623088836669922 ], [ 117.355552673339844, 38.623554229736328 ], [ 117.356437683105469, 38.621376037597656 ], [ 117.355499267578125, 38.621120452880859 ], [ 117.353874206542969, 38.620674133300781 ], [ 117.350715637207031, 38.619823455810547 ], [ 117.350685119628906, 38.619895935058594 ], [ 117.349609375, 38.622318267822266 ], [ 117.350341796875, 38.622631072998047 ], [ 117.349617004394531, 38.623851776123047 ], [ 117.352371215820312, 38.62493896484375 ], [ 117.353927612304688, 38.625595092773438 ], [ 117.354049682617188, 38.625625610351562 ] ] ] } },
{ "type": "Feature", "properties": { "city": "tianjin", "candidate_source": "place_village_hamlet_locality", "id": "13832186288", "osm_type": "node", "place": "village", "landuse": "None", "residential": "None", "name": "None" }, "geometry": { "type": "Point", "coordinates": [ 117.235488891601562, 38.639873504638672 ] } },
{ "type": "Feature", "properties": { "city": "tianjin", "candidate_source": "place_village_hamlet_locality", "id": "13832186237", "osm_type": "node", "place": "village", "landuse": "None", "residential": "None", "name": "None" }, "geometry": { "type": "Point", "coordinates": [ 117.244392395019531, 38.65167236328125 ] } },
{ "type": "Feature", "properties": { "city": "tianjin", "candidate_source": "place_village_hamlet_locality", "id": "13836743592", "osm_type": "node", "place": "village", "landuse": "None", "residential": "None", "name": "None" }, "geometry": { "type": "Point", "coordinates": [ 117.346939086914062, 38.653728485107422 ] } },
{ "type": "Feature", "properties": { "city": "tianjin", "candidate_source": "place_village_hamlet_locality", "id": "13832186249", "osm_type": "node", "place": "village", "landuse": "None", "residential": "None", "name": "None" }, "geometry": { "type": "Point", "coordinates": [ 117.244972229003906, 38.654396057128906 ] } },
{ "type": "Feature", "properties": { "city": "tianjin", "candidate_source": "place_village_hamlet_locality", "id": "1514850856", "osm_type": "way", "place": "village", "landuse": "None", "residential": "None", "name": "None" }, "geometry": { "type": "Polygon", "coordinates": [ [ [ 117.342514038085938, 38.660564422607422 ], [ 117.3426513671875, 38.660690307617188 ], [ 117.343185424804688, 38.660312652587891 ], [ 117.343772888183594, 38.659904479980469 ], [ 117.344314575195312, 38.659519195556641 ], [ 117.3446044921875, 38.659282684326172 ], [ 117.345703125, 38.658481597900391 ], [ 117.346961975097656, 38.657608032226562 ], [ 117.346466064453125, 38.657230377197266 ], [ 117.346717834472656, 38.657032012939453 ], [ 117.347236633300781, 38.657424926757812 ], [ 117.348121643066406, 38.656780242919922 ], [ 117.349128723144531, 38.656036376953125 ], [ 117.350204467773438, 38.655269622802734 ], [ 117.351333618164062, 38.654460906982422 ], [ 117.352310180664062, 38.653759002685547 ], [ 117.3533935546875, 38.652976989746094 ], [ 117.353042602539062, 38.652725219726562 ], [ 117.353515625, 38.652378082275391 ], [ 117.353843688964844, 38.652656555175781 ], [ 117.354217529296875, 38.652381896972656 ], [ 117.354118347167969, 38.652309417724609 ], [ 117.354667663574219, 38.651912689208984 ], [ 117.355926513671875, 38.650947570800781 ], [ 117.356826782226562, 38.650299072265625 ], [ 117.356918334960938, 38.650226593017578 ], [ 117.356880187988281, 38.650150299072266 ], [ 117.357711791992188, 38.649543762207031 ], [ 117.357627868652344, 38.649471282958984 ], [ 117.357795715332031, 38.649360656738281 ], [ 117.357803344726562, 38.649288177490234 ], [ 117.35675048828125, 38.648399353027344 ], [ 117.355888366699219, 38.649044036865234 ], [ 117.354400634765625, 38.650058746337891 ], [ 117.354721069335938, 38.650337219238281 ], [ 117.354629516601562, 38.650463104248047 ], [ 117.353782653808594, 38.651096343994141 ], [ 117.353866577148438, 38.651176452636719 ], [ 117.353561401367188, 38.651378631591797 ], [ 117.353363037109375, 38.651218414306641 ], [ 117.353202819824219, 38.651340484619141 ], [ 117.352912902832031, 38.651096343994141 ], [ 117.350990295410156, 38.652393341064453 ], [ 117.351585388183594, 38.652904510498047 ], [ 117.350250244140625, 38.653934478759766 ], [ 117.350578308105469, 38.654216766357422 ], [ 117.349861145019531, 38.654735565185547 ], [ 117.3492431640625, 38.654197692871094 ], [ 117.350265502929688, 38.653514862060547 ], [ 117.349998474121094, 38.653263092041016 ], [ 117.349777221679688, 38.653404235839844 ], [ 117.348670959472656, 38.652484893798828 ], [ 117.34765625, 38.653217315673828 ], [ 117.347038269042969, 38.652702331542969 ], [ 117.346702575683594, 38.652915954589844 ], [ 117.348457336425781, 38.654369354248047 ], [ 117.346206665039062, 38.655967712402344 ], [ 117.34674072265625, 38.656455993652344 ], [ 117.346343994140625, 38.656719207763672 ], [ 117.345359802246094, 38.657470703125 ], [ 117.344230651855469, 38.658302307128906 ], [ 117.343475341796875, 38.658817291259766 ], [ 117.343330383300781, 38.658706665039062 ], [ 117.342254638671875, 38.659442901611328 ], [ 117.341987609863281, 38.659626007080078 ], [ 117.341552734375, 38.659885406494141 ], [ 117.341339111328125, 38.659706115722656 ], [ 117.340507507324219, 38.660285949707031 ], [ 117.341575622558594, 38.661243438720703 ], [ 117.342514038085938, 38.660564422607422 ] ] ] } },
{ "type": "Feature", "properties": { "city": "tianjin", "candidate_source": "place_village_hamlet_locality", "id": "11607210289", "osm_type": "node", "place": "village", "landuse": "None", "residential": "None", "name": "None" }, "geometry": { "type": "Point", "coordinates": [ 117.161720275878906, 38.661617279052734 ] } },
{ "type": "Feature", "properties": { "city": "tianjin", "candidate_source": "place_village_hamlet_locality", "id": "1513026952", "osm_type": "way", "place": "village", "landuse": "None", "residential": "None", "name": "None" }, "geometry": { "type": "Polygon", "coordinates": [ [ [ 117.196220397949219, 38.670978546142578 ], [ 117.196563720703125, 38.671012878417969 ], [ 117.196640014648438, 38.670204162597656 ], [ 117.197158813476562, 38.670211791992188 ], [ 117.197166442871094, 38.670063018798828 ], [ 117.197647094726562, 38.670051574707031 ], [ 117.197975158691406, 38.66998291015625 ], [ 117.197982788085938, 38.669845581054688 ], [ 117.197921752929688, 38.669723510742188 ], [ 117.198150634765625, 38.669719696044922 ], [ 117.198173522949219, 38.669536590576172 ], [ 117.199501037597656, 38.669582366943359 ], [ 117.199508666992188, 38.669502258300781 ], [ 117.199531555175781, 38.669300079345703 ], [ 117.199325561523438, 38.669296264648438 ], [ 117.199394226074219, 38.668212890625 ], [ 117.199592590332031, 38.668212890625 ], [ 117.1995849609375, 38.667873382568359 ], [ 117.199386596679688, 38.667869567871094 ], [ 117.199417114257812, 38.66729736328125 ], [ 117.199432373046875, 38.667087554931641 ], [ 117.199203491210938, 38.667095184326172 ], [ 117.199226379394531, 38.666942596435547 ], [ 117.198959350585938, 38.666934967041016 ], [ 117.198982238769531, 38.666553497314453 ], [ 117.199455261230469, 38.666561126708984 ], [ 117.199493408203125, 38.666023254394531 ], [ 117.198677062988281, 38.666027069091797 ], [ 117.198783874511719, 38.664863586425781 ], [ 117.197830200195312, 38.664691925048828 ], [ 117.194686889648438, 38.66412353515625 ], [ 117.19464111328125, 38.665084838867188 ], [ 117.194633483886719, 38.665191650390625 ], [ 117.194633483886719, 38.665248870849609 ], [ 117.194625854492188, 38.665306091308594 ], [ 117.194549560546875, 38.666912078857422 ], [ 117.193489074707031, 38.666900634765625 ], [ 117.193504333496094, 38.666347503662109 ], [ 117.19268798828125, 38.66632080078125 ], [ 117.192657470703125, 38.667034149169922 ], [ 117.192863464355469, 38.667110443115234 ], [ 117.193000793457031, 38.667121887207031 ], [ 117.193687438964844, 38.667148590087891 ], [ 117.194366455078125, 38.667163848876953 ], [ 117.194313049316406, 38.667980194091797 ], [ 117.193870544433594, 38.667964935302734 ], [ 117.193801879882812, 38.6685791015625 ], [ 117.193809509277344, 38.6689453125 ], [ 117.194053649902344, 38.6689453125 ], [ 117.194046020507812, 38.668991088867188 ], [ 117.194419860839844, 38.668998718261719 ], [ 117.194343566894531, 38.670803070068359 ], [ 117.196220397949219, 38.670978546142578 ] ] ] } },
{ "type": "Feature", "properties": { "city": "tianjin", "candidate_source": "place_village_hamlet_locality", "id": "11607210276", "osm_type": "node", "place": "village", "landuse": "None", "residential": "None", "name": "None" }, "geometry": { "type": "Point", "coordinates": [ 117.193954467773438, 38.670215606689453 ] } },
{ "type": "Feature", "properties": { "city": "tianjin", "candidate_source": "place_village_hamlet_locality", "id": "11607210288", "osm_type": "node", "place": "village", "landuse": "None", "residential": "None", "name": "None" }, "geometry": { "type": "Point", "coordinates": [ 117.1693115234375, 38.671627044677734 ] } },
{ "type": "Feature", "properties": { "city": "tianjin", "candidate_source": "place_village_hamlet_locality", "id": "1513146342", "osm_type": "way", "place": "village", "landuse": "None", "residential": "None", "name": "None" }, "geometry": { "type": "Polygon", "coordinates": [ [ [ 117.168899536132812, 38.674232482910156 ], [ 117.169036865234375, 38.674709320068359 ], [ 117.169769287109375, 38.674583435058594 ], [ 117.16973876953125, 38.674476623535156 ], [ 117.169990539550781, 38.6744384765625 ], [ 117.169960021972656, 38.674324035644531 ], [ 117.170944213867188, 38.674167633056641 ], [ 117.1708984375, 38.673995971679688 ], [ 117.170951843261719, 38.673984527587891 ], [ 117.170913696289062, 38.673816680908203 ], [ 117.171195983886719, 38.67376708984375 ], [ 117.170791625976562, 38.670562744140625 ], [ 117.169876098632812, 38.670658111572266 ], [ 117.16925048828125, 38.670761108398438 ], [ 117.169380187988281, 38.671321868896484 ], [ 117.168815612792969, 38.671417236328125 ], [ 117.168922424316406, 38.671810150146484 ], [ 117.168327331542969, 38.671897888183594 ], [ 117.168243408203125, 38.671539306640625 ], [ 117.16790771484375, 38.671562194824219 ], [ 117.167770385742188, 38.671077728271484 ], [ 117.166778564453125, 38.671245574951172 ], [ 117.166366577148438, 38.671340942382812 ], [ 117.166450500488281, 38.671619415283203 ], [ 117.166580200195312, 38.671924591064453 ], [ 117.166694641113281, 38.672378540039062 ], [ 117.166610717773438, 38.672397613525391 ], [ 117.1666259765625, 38.672477722167969 ], [ 117.166679382324219, 38.672492980957031 ], [ 117.166831970214844, 38.672470092773438 ], [ 117.166893005371094, 38.672706604003906 ], [ 117.1669921875, 38.672946929931641 ], [ 117.167015075683594, 38.673000335693359 ], [ 117.167205810546875, 38.6729736328125 ], [ 117.167236328125, 38.673065185546875 ], [ 117.167381286621094, 38.673065185546875 ], [ 117.167465209960938, 38.673370361328125 ], [ 117.167236328125, 38.67340087890625 ], [ 117.167259216308594, 38.673503875732422 ], [ 117.167350769042969, 38.673500061035156 ], [ 117.167518615722656, 38.674098968505859 ], [ 117.167694091796875, 38.674064636230469 ], [ 117.167678833007812, 38.67401123046875 ], [ 117.167755126953125, 38.673988342285156 ], [ 117.167816162109375, 38.673973083496094 ], [ 117.167938232421875, 38.674388885498047 ], [ 117.168899536132812, 38.674232482910156 ] ] ] } },
{ "type": "Feature", "properties": { "city": "tianjin", "candidate_source": "place_village_hamlet_locality", "id": "11607210287", "osm_type": "node", "place": "village", "landuse": "None", "residential": "None", "name": "None" }, "geometry": { "type": "Point", "coordinates": [ 117.164749145507812, 38.675357818603516 ] } },
{ "type": "Feature", "properties": { "city": "tianjin", "candidate_source": "place_village_hamlet_locality", "id": "1513146409", "osm_type": "way", "place": "village", "landuse": "None", "residential": "None", "name": "None" }, "geometry": { "type": "Polygon", "coordinates": [ [ [ 117.168296813964844, 38.677570343017578 ], [ 117.168922424316406, 38.677661895751953 ], [ 117.169715881347656, 38.677726745605469 ], [ 117.169929504394531, 38.677730560302734 ], [ 117.170196533203125, 38.676464080810547 ], [ 117.170082092285156, 38.676437377929688 ], [ 117.170127868652344, 38.676170349121094 ], [ 117.170089721679688, 38.676101684570312 ], [ 117.169975280761719, 38.676074981689453 ], [ 117.169662475585938, 38.676044464111328 ], [ 117.169044494628906, 38.676013946533203 ], [ 117.169021606445312, 38.676116943359375 ], [ 117.168861389160156, 38.676094055175781 ], [ 117.168815612792969, 38.676277160644531 ], [ 117.168960571289062, 38.676311492919922 ], [ 117.168930053710938, 38.676406860351562 ], [ 117.169593811035156, 38.676528930664062 ], [ 117.169807434082031, 38.676551818847656 ], [ 117.169769287109375, 38.676692962646484 ], [ 117.169548034667969, 38.676651000976562 ], [ 117.169525146484375, 38.676708221435547 ], [ 117.169357299804688, 38.676681518554688 ], [ 117.169296264648438, 38.676929473876953 ], [ 117.169471740722656, 38.676967620849609 ], [ 117.169410705566406, 38.677108764648438 ], [ 117.169319152832031, 38.677158355712891 ], [ 117.169166564941406, 38.6771240234375 ], [ 117.1688232421875, 38.676998138427734 ], [ 117.168914794921875, 38.676803588867188 ], [ 117.1689453125, 38.676544189453125 ], [ 117.16876220703125, 38.676498413085938 ], [ 117.168785095214844, 38.676441192626953 ], [ 117.168571472167969, 38.676410675048828 ], [ 117.168655395507812, 38.676273345947266 ], [ 117.168617248535156, 38.676235198974609 ], [ 117.168418884277344, 38.676223754882812 ], [ 117.168426513671875, 38.676113128662109 ], [ 117.168045043945312, 38.676059722900391 ], [ 117.167716979980469, 38.676063537597656 ], [ 117.167640686035156, 38.676277160644531 ], [ 117.167488098144531, 38.676361083984375 ], [ 117.167327880859375, 38.676506042480469 ], [ 117.167190551757812, 38.677051544189453 ], [ 117.166999816894531, 38.677055358886719 ], [ 117.167144775390625, 38.675788879394531 ], [ 117.166908264160156, 38.6751708984375 ], [ 117.166709899902344, 38.675189971923828 ], [ 117.166603088378906, 38.675025939941406 ], [ 117.166557312011719, 38.674617767333984 ], [ 117.166519165039062, 38.674564361572266 ], [ 117.166229248046875, 38.674568176269531 ], [ 117.166206359863281, 38.673984527587891 ], [ 117.165946960449219, 38.673980712890625 ], [ 117.165939331054688, 38.673793792724609 ], [ 117.165870666503906, 38.673793792724609 ], [ 117.165870666503906, 38.673591613769531 ], [ 117.165435791015625, 38.673576354980469 ], [ 117.165412902832031, 38.673824310302734 ], [ 117.164520263671875, 38.673770904541016 ], [ 117.164535522460938, 38.673656463623047 ], [ 117.164535522460938, 38.673599243164062 ], [ 117.164497375488281, 38.673255920410156 ], [ 117.16424560546875, 38.673252105712891 ], [ 117.164207458496094, 38.673439025878906 ], [ 117.164192199707031, 38.673469543457031 ], [ 117.164161682128906, 38.673484802246094 ], [ 117.163734436035156, 38.673465728759766 ], [ 117.163711547851562, 38.673740386962891 ], [ 117.163322448730469, 38.673717498779297 ], [ 117.163307189941406, 38.674076080322266 ], [ 117.163482666015625, 38.674098968505859 ], [ 117.1634521484375, 38.674526214599609 ], [ 117.163299560546875, 38.674522399902344 ], [ 117.163276672363281, 38.674545288085938 ], [ 117.163223266601562, 38.674564361572266 ], [ 117.16314697265625, 38.674568176269531 ], [ 117.163017272949219, 38.674606323242188 ], [ 117.163017272949219, 38.674663543701172 ], [ 117.162826538085938, 38.674644470214844 ], [ 117.162818908691406, 38.674766540527344 ], [ 117.162986755371094, 38.674774169921875 ], [ 117.162971496582031, 38.674842834472656 ], [ 117.162948608398438, 38.675025939941406 ], [ 117.162872314453125, 38.675056457519531 ], [ 117.162765502929688, 38.675102233886719 ], [ 117.162704467773438, 38.675148010253906 ], [ 117.162681579589844, 38.675212860107422 ], [ 117.162559509277344, 38.675216674804688 ], [ 117.162521362304688, 38.675048828125 ], [ 117.162521362304688, 38.674789428710938 ], [ 117.162040710449219, 38.674739837646484 ], [ 117.162025451660156, 38.67449951171875 ], [ 117.1619873046875, 38.674396514892578 ], [ 117.161567687988281, 38.674373626708984 ], [ 117.161521911621094, 38.675628662109375 ], [ 117.161628723144531, 38.675640106201172 ], [ 117.16156005859375, 38.676219940185547 ], [ 117.161872863769531, 38.676239013671875 ], [ 117.162002563476562, 38.676216125488281 ], [ 117.162109375, 38.676185607910156 ], [ 117.162193298339844, 38.676120758056641 ], [ 117.162254333496094, 38.676025390625 ], [ 117.162353515625, 38.675987243652344 ], [ 117.16253662109375, 38.675994873046875 ], [ 117.16265869140625, 38.676013946533203 ], [ 117.16265869140625, 38.676040649414062 ], [ 117.16265869140625, 38.676197052001953 ], [ 117.162673950195312, 38.676250457763672 ], [ 117.162727355957031, 38.676361083984375 ], [ 117.162513732910156, 38.676368713378906 ], [ 117.162322998046875, 38.676361083984375 ], [ 117.162117004394531, 38.676349639892578 ], [ 117.162277221679688, 38.676994323730469 ], [ 117.161529541015625, 38.677017211914062 ], [ 117.161506652832031, 38.677112579345703 ], [ 117.161544799804688, 38.677951812744141 ], [ 117.162239074707031, 38.677959442138672 ], [ 117.162239074707031, 38.678031921386719 ], [ 117.162750244140625, 38.678043365478516 ], [ 117.162750244140625, 38.678112030029297 ], [ 117.163833618164062, 38.678138732910156 ], [ 117.163818359375, 38.678264617919922 ], [ 117.164962768554688, 38.678371429443359 ], [ 117.164970397949219, 38.678073883056641 ], [ 117.165809631347656, 38.678066253662109 ], [ 117.165878295898438, 38.677879333496094 ], [ 117.166030883789062, 38.677879333496094 ], [ 117.16656494140625, 38.677902221679688 ], [ 117.166549682617188, 38.678516387939453 ], [ 117.167526245117188, 38.678604125976562 ], [ 117.167549133300781, 38.678203582763672 ], [ 117.168182373046875, 38.678241729736328 ], [ 117.168296813964844, 38.677570343017578 ] ] ] } },
{ "type": "Feature", "properties": { "city": "tianjin", "candidate_source": "place_village_hamlet_locality", "id": "11607210270", "osm_type": "node", "place": "village", "landuse": "None", "residential": "None", "name": "None" }, "geometry": { "type": "Point", "coordinates": [ 117.195213317871094, 38.681770324707031 ] } },
{ "type": "Feature", "properties": { "city": "tianjin", "candidate_source": "place_village_hamlet_locality", "id": "13825505157", "osm_type": "node", "place": "village", "landuse": "None", "residential": "None", "name": "None" }, "geometry": { "type": "Point", "coordinates": [ 117.173538208007812, 38.689510345458984 ] } },
{ "type": "Feature", "properties": { "city": "tianjin", "candidate_source": "place_village_hamlet_locality", "id": "13821693821", "osm_type": "node", "place": "village", "landuse": "None", "residential": "None", "name": "None" }, "geometry": { "type": "Point", "coordinates": [ 117.177116394042969, 38.711524963378906 ] } },
{ "type": "Feature", "properties": { "city": "tianjin", "candidate_source": "place_village_hamlet_locality", "id": "13832186088", "osm_type": "node", "place": "village", "landuse": "None", "residential": "None", "name": "None" }, "geometry": { "type": "Point", "coordinates": [ 117.250892639160156, 38.664207458496094 ] } },
{ "type": "Feature", "properties": { "city": "tianjin", "candidate_source": "place_village_hamlet_locality", "id": "13836743420", "osm_type": "node", "place": "village", "landuse": "None", "residential": "None", "name": "None" }, "geometry": { "type": "Point", "coordinates": [ 117.284599304199219, 38.665676116943359 ] } },
{ "type": "Feature", "properties": { "city": "tianjin", "candidate_source": "place_village_hamlet_locality", "id": "11607210269", "osm_type": "node", "place": "village", "landuse": "None", "residential": "None", "name": "None" }, "geometry": { "type": "Point", "coordinates": [ 117.229362487792969, 38.687557220458984 ] } },
{ "type": "Feature", "properties": { "city": "tianjin", "candidate_source": "place_village_hamlet_locality", "id": "1514075010", "osm_type": "way", "place": "village", "landuse": "None", "residential": "None", "name": "None" }, "geometry": { "type": "Polygon", "coordinates": [ [ [ 117.227897644042969, 38.688739776611328 ], [ 117.2281494140625, 38.688037872314453 ], [ 117.228912353515625, 38.68817138671875 ], [ 117.228736877441406, 38.688899993896484 ], [ 117.230125427246094, 38.689193725585938 ], [ 117.229957580566406, 38.689834594726562 ], [ 117.230850219726562, 38.689998626708984 ], [ 117.231277465820312, 38.688552856445312 ], [ 117.231582641601562, 38.688613891601562 ], [ 117.231895446777344, 38.687679290771484 ], [ 117.231544494628906, 38.6876220703125 ], [ 117.231491088867188, 38.687820434570312 ], [ 117.231101989746094, 38.687740325927734 ], [ 117.23126220703125, 38.687217712402344 ], [ 117.230972290039062, 38.687164306640625 ], [ 117.230789184570312, 38.68768310546875 ], [ 117.230125427246094, 38.687538146972656 ], [ 117.230491638183594, 38.686618804931641 ], [ 117.230598449707031, 38.686283111572266 ], [ 117.230575561523438, 38.686187744140625 ], [ 117.230506896972656, 38.686161041259766 ], [ 117.229331970214844, 38.685859680175781 ], [ 117.228378295898438, 38.685565948486328 ], [ 117.228233337402344, 38.685894012451172 ], [ 117.228462219238281, 38.685955047607422 ], [ 117.228263854980469, 38.686370849609375 ], [ 117.228080749511719, 38.686332702636719 ], [ 117.227798461914062, 38.687068939208984 ], [ 117.227508544921875, 38.687797546386719 ], [ 117.227706909179688, 38.687843322753906 ], [ 117.227394104003906, 38.688625335693359 ], [ 117.227897644042969, 38.688739776611328 ] ] ] } },
{ "type": "Feature", "properties": { "city": "tianjin", "candidate_source": "place_village_hamlet_locality", "id": "1514074985", "osm_type": "way", "place": "village", "landuse": "None", "residential": "None", "name": "None" }, "geometry": { "type": "Polygon", "coordinates": [ [ [ 117.251075744628906, 38.691326141357422 ], [ 117.251289367675781, 38.689926147460938 ], [ 117.250656127929688, 38.689899444580078 ], [ 117.250717163085938, 38.689498901367188 ], [ 117.251335144042969, 38.689540863037109 ], [ 117.251350402832031, 38.689254760742188 ], [ 117.250442504882812, 38.689197540283203 ], [ 117.250335693359375, 38.689994812011719 ], [ 117.250175476074219, 38.691238403320312 ], [ 117.251075744628906, 38.691326141357422 ] ] ] } },
{ "type": "Feature", "properties": { "city": "tianjin", "candidate_source": "place_village_hamlet_locality", "id": "1514074975", "osm_type": "way", "place": "village", "landuse": "None", "residential": "None", "name": "None" }, "geometry": { "type": "Polygon", "coordinates": [ [ [ 117.246429443359375, 38.700069427490234 ], [ 117.246650695800781, 38.699493408203125 ], [ 117.2470703125, 38.699531555175781 ], [ 117.247535705566406, 38.699604034423828 ], [ 117.247703552246094, 38.700389862060547 ], [ 117.250068664550781, 38.700878143310547 ], [ 117.250434875488281, 38.699932098388672 ], [ 117.250823974609375, 38.699981689453125 ], [ 117.25177001953125, 38.697391510009766 ], [ 117.251029968261719, 38.697246551513672 ], [ 117.251319885253906, 38.696041107177734 ], [ 117.251907348632812, 38.696102142333984 ], [ 117.252273559570312, 38.692886352539062 ], [ 117.252006530761719, 38.692760467529297 ], [ 117.251876831054688, 38.692642211914062 ], [ 117.251785278320312, 38.692527770996094 ], [ 117.251808166503906, 38.692234039306641 ], [ 117.250022888183594, 38.692104339599609 ], [ 117.2498779296875, 38.693511962890625 ], [ 117.248855590820312, 38.693458557128906 ], [ 117.246902465820312, 38.693374633789062 ], [ 117.247047424316406, 38.691909790039062 ], [ 117.246734619140625, 38.691883087158203 ], [ 117.246665954589844, 38.692520141601562 ], [ 117.246131896972656, 38.692489624023438 ], [ 117.245376586914062, 38.692401885986328 ], [ 117.245231628417969, 38.692363739013672 ], [ 117.24517822265625, 38.692348480224609 ], [ 117.245315551757812, 38.691757202148438 ], [ 117.244964599609375, 38.691715240478516 ], [ 117.244346618652344, 38.694652557373047 ], [ 117.244216918945312, 38.695236206054688 ], [ 117.244110107421875, 38.695491790771484 ], [ 117.243865966796875, 38.695438385009766 ], [ 117.243728637695312, 38.695690155029297 ], [ 117.243400573730469, 38.695594787597656 ], [ 117.243217468261719, 38.696094512939453 ], [ 117.243644714355469, 38.696182250976562 ], [ 117.243507385253906, 38.696762084960938 ], [ 117.243690490722656, 38.696792602539062 ], [ 117.243629455566406, 38.696983337402344 ], [ 117.244247436523438, 38.697113037109375 ], [ 117.244209289550781, 38.697231292724609 ], [ 117.24493408203125, 38.697376251220703 ], [ 117.244819641113281, 38.697681427001953 ], [ 117.245376586914062, 38.697799682617188 ], [ 117.245330810546875, 38.697929382324219 ], [ 117.245475769042969, 38.697959899902344 ], [ 117.244941711425781, 38.699748992919922 ], [ 117.246429443359375, 38.700069427490234 ] ] ] } },
{ "type": "Feature", "properties": { "city": "tianjin", "candidate_source": "place_village_hamlet_locality", "id": "11607195516", "osm_type": "node", "place": "village", "landuse": "None", "residential": "None", "name": "None" }, "geometry": { "type": "Point", "coordinates": [ 117.247627258300781, 38.69647216796875 ] } },
{ "type": "Feature", "properties": { "city": "tianjin", "candidate_source": "place_village_hamlet_locality", "id": "1513745097", "osm_type": "way", "place": "village", "landuse": "None", "residential": "None", "name": "None" }, "geometry": { "type": "Polygon", "coordinates": [ [ [ 117.253158569335938, 38.753326416015625 ], [ 117.253524780273438, 38.753376007080078 ], [ 117.253662109375, 38.753341674804688 ], [ 117.254409790039062, 38.753074645996094 ], [ 117.255081176757812, 38.752780914306641 ], [ 117.25537109375, 38.752674102783203 ], [ 117.255996704101562, 38.752449035644531 ], [ 117.256591796875, 38.752239227294922 ], [ 117.256965637207031, 38.752079010009766 ], [ 117.256988525390625, 38.751834869384766 ], [ 117.257034301757812, 38.751834869384766 ], [ 117.257087707519531, 38.751300811767578 ], [ 117.257217407226562, 38.750022888183594 ], [ 117.25726318359375, 38.749332427978516 ], [ 117.257087707519531, 38.749317169189453 ], [ 117.257087707519531, 38.748851776123047 ], [ 117.256370544433594, 38.748798370361328 ], [ 117.256294250488281, 38.748783111572266 ], [ 117.256233215332031, 38.748504638671875 ], [ 117.255645751953125, 38.748466491699219 ], [ 117.255508422851562, 38.749420166015625 ], [ 117.254547119140625, 38.749340057373047 ], [ 117.254447937011719, 38.74932861328125 ], [ 117.254615783691406, 38.748264312744141 ], [ 117.253700256347656, 38.748134613037109 ], [ 117.253631591796875, 38.748344421386719 ], [ 117.253662109375, 38.748531341552734 ], [ 117.253623962402344, 38.748836517333984 ], [ 117.253303527832031, 38.748790740966797 ], [ 117.253334045410156, 38.748546600341797 ], [ 117.253044128417969, 38.748519897460938 ], [ 117.252983093261719, 38.748683929443359 ], [ 117.252754211425781, 38.748672485351562 ], [ 117.252700805664062, 38.748733520507812 ], [ 117.252578735351562, 38.749294281005859 ], [ 117.252532958984375, 38.749515533447266 ], [ 117.250984191894531, 38.749370574951172 ], [ 117.250961303710938, 38.749561309814453 ], [ 117.250770568847656, 38.750679016113281 ], [ 117.250701904296875, 38.751056671142578 ], [ 117.250442504882812, 38.751029968261719 ], [ 117.250389099121094, 38.751316070556641 ], [ 117.250694274902344, 38.751338958740234 ], [ 117.250625610351562, 38.751701354980469 ], [ 117.250404357910156, 38.753044128417969 ], [ 117.253158569335938, 38.753326416015625 ] ] ] } },
{ "type": "Feature", "properties": { "city": "tianjin", "candidate_source": "place_village_hamlet_locality", "id": "13829265631", "osm_type": "node", "place": "village", "landuse": "None", "residential": "None", "name": "None" }, "geometry": { "type": "Point", "coordinates": [ 117.255683898925781, 38.753273010253906 ] } },
{ "type": "Feature", "properties": { "city": "tianjin", "candidate_source": "place_village_hamlet_locality", "id": "13829265630", "osm_type": "node", "place": "village", "landuse": "None", "residential": "None", "name": "None" }, "geometry": { "type": "Point", "coordinates": [ 117.257545471191406, 38.770618438720703 ] } },
{ "type": "Feature", "properties": { "city": "tianjin", "candidate_source": "place_village_hamlet_locality", "id": "13821130231", "osm_type": "node", "place": "village", "landuse": "None", "residential": "None", "name": "None" }, "geometry": { "type": "Point", "coordinates": [ 117.153182983398438, 38.714046478271484 ] } },
{ "type": "Feature", "properties": { "city": "tianjin", "candidate_source": "place_village_hamlet_locality", "id": "13821694912", "osm_type": "node", "place": "village", "landuse": "None", "residential": "None", "name": "None" }, "geometry": { "type": "Point", "coordinates": [ 117.179595947265625, 38.714466094970703 ] } },
{ "type": "Feature", "properties": { "city": "tianjin", "candidate_source": "place_village_hamlet_locality", "id": "1512638028", "osm_type": "way", "place": "village", "landuse": "None", "residential": "None", "name": "None" }, "geometry": { "type": "Polygon", "coordinates": [ [ [ 117.186264038085938, 38.717555999755859 ], [ 117.186279296875, 38.716991424560547 ], [ 117.186737060546875, 38.716957092285156 ], [ 117.186775207519531, 38.717414855957031 ], [ 117.187042236328125, 38.717411041259766 ], [ 117.187019348144531, 38.717567443847656 ], [ 117.187728881835938, 38.717632293701172 ], [ 117.187721252441406, 38.717456817626953 ], [ 117.187347412109375, 38.717418670654297 ], [ 117.187355041503906, 38.717327117919922 ], [ 117.187118530273438, 38.717308044433594 ], [ 117.187164306640625, 38.716339111328125 ], [ 117.188713073730469, 38.716339111328125 ], [ 117.188743591308594, 38.715408325195312 ], [ 117.188880920410156, 38.715316772460938 ], [ 117.188941955566406, 38.715206146240234 ], [ 117.18902587890625, 38.714725494384766 ], [ 117.188667297363281, 38.714706420898438 ], [ 117.188720703125, 38.714336395263672 ], [ 117.188262939453125, 38.714309692382812 ], [ 117.188247680664062, 38.714500427246094 ], [ 117.187606811523438, 38.714466094970703 ], [ 117.187538146972656, 38.714324951171875 ], [ 117.186607360839844, 38.714271545410156 ], [ 117.186622619628906, 38.714160919189453 ], [ 117.184677124023438, 38.713985443115234 ], [ 117.18463134765625, 38.714405059814453 ], [ 117.184478759765625, 38.714611053466797 ], [ 117.183807373046875, 38.714572906494141 ], [ 117.183815002441406, 38.714454650878906 ], [ 117.183456420898438, 38.714424133300781 ], [ 117.183441162109375, 38.715030670166016 ], [ 117.184600830078125, 38.715065002441406 ], [ 117.184616088867188, 38.715427398681641 ], [ 117.183670043945312, 38.715442657470703 ], [ 117.183692932128906, 38.715843200683594 ], [ 117.183425903320312, 38.715850830078125 ], [ 117.183418273925781, 38.716327667236328 ], [ 117.184577941894531, 38.716312408447266 ], [ 117.184646606445312, 38.717357635498047 ], [ 117.186264038085938, 38.717555999755859 ] ] ] } },
{ "type": "Feature", "properties": { "city": "tianjin", "candidate_source": "place_village_hamlet_locality", "id": "13830844107", "osm_type": "node", "place": "village", "landuse": "None", "residential": "None", "name": "None" }, "geometry": { "type": "Point", "coordinates": [ 117.187774658203125, 38.715995788574219 ] } },
{ "type": "Feature", "properties": { "city": "tianjin", "candidate_source": "place_village_hamlet_locality", "id": "1512675203", "osm_type": "way", "place": "village", "landuse": "None", "residential": "None", "name": "None" }, "geometry": { "type": "Polygon", "coordinates": [ [ [ 117.162742614746094, 38.744239807128906 ], [ 117.16278076171875, 38.743999481201172 ], [ 117.165084838867188, 38.744209289550781 ], [ 117.165168762207031, 38.743907928466797 ], [ 117.16558837890625, 38.743927001953125 ], [ 117.165771484375, 38.742694854736328 ], [ 117.165855407714844, 38.741970062255859 ], [ 117.165802001953125, 38.741855621337891 ], [ 117.164299011230469, 38.741680145263672 ], [ 117.164199829101562, 38.742099761962891 ], [ 117.163406372070312, 38.74200439453125 ], [ 117.162979125976562, 38.741950988769531 ], [ 117.163261413574219, 38.740497589111328 ], [ 117.162406921386719, 38.740402221679688 ], [ 117.162223815917969, 38.741451263427734 ], [ 117.161918640136719, 38.741420745849609 ], [ 117.161865234375, 38.741546630859375 ], [ 117.161628723144531, 38.741546630859375 ], [ 117.161552429199219, 38.742092132568359 ], [ 117.159446716308594, 38.741912841796875 ], [ 117.159393310546875, 38.742115020751953 ], [ 117.157722473144531, 38.741920471191406 ], [ 117.157699584960938, 38.742172241210938 ], [ 117.157180786132812, 38.742088317871094 ], [ 117.156913757324219, 38.743843078613281 ], [ 117.15875244140625, 38.744029998779297 ], [ 117.158798217773438, 38.743843078613281 ], [ 117.159133911132812, 38.743892669677734 ], [ 117.162742614746094, 38.744239807128906 ] ] ] } },
{ "type": "Feature", "properties": { "city": "tianjin", "candidate_source": "place_village_hamlet_locality", "id": "13821994644", "osm_type": "node", "place": "village", "landuse": "None", "residential": "None", "name": "None" }, "geometry": { "type": "Point", "coordinates": [ 117.162239074707031, 38.742813110351562 ] } },
{ "type": "Feature", "properties": { "city": "tianjin", "candidate_source": "place_village_hamlet_locality", "id": "13821994409", "osm_type": "node", "place": "village", "landuse": "None", "residential": "None", "name": "None" }, "geometry": { "type": "Point", "coordinates": [ 117.153724670410156, 38.750770568847656 ] } },
{ "type": "Feature", "properties": { "city": "tianjin", "candidate_source": "place_village_hamlet_locality", "id": "13818737083", "osm_type": "node", "place": "village", "landuse": "None", "residential": "None", "name": "None" }, "geometry": { "type": "Point", "coordinates": [ 117.235939025878906, 38.787654876708984 ] } },
{ "type": "Feature", "properties": { "city": "tianjin", "candidate_source": "place_village_hamlet_locality", "id": "1512277905", "osm_type": "way", "place": "village", "landuse": "None", "residential": "None", "name": "None" }, "geometry": { "type": "Polygon", "coordinates": [ [ [ 117.2342529296875, 38.791454315185547 ], [ 117.2342529296875, 38.791580200195312 ], [ 117.235618591308594, 38.791568756103516 ], [ 117.235572814941406, 38.79071044921875 ], [ 117.236213684082031, 38.790721893310547 ], [ 117.236228942871094, 38.790348052978516 ], [ 117.236625671386719, 38.790332794189453 ], [ 117.236625671386719, 38.790111541748047 ], [ 117.236198425292969, 38.790122985839844 ], [ 117.236190795898438, 38.789417266845703 ], [ 117.236373901367188, 38.789409637451172 ], [ 117.236366271972656, 38.789478302001953 ], [ 117.23675537109375, 38.789482116699219 ], [ 117.236740112304688, 38.79010009765625 ], [ 117.237144470214844, 38.79010009765625 ], [ 117.237159729003906, 38.789470672607422 ], [ 117.238128662109375, 38.789451599121094 ], [ 117.238136291503906, 38.789016723632812 ], [ 117.237625122070312, 38.789020538330078 ], [ 117.237640380859375, 38.788631439208984 ], [ 117.238365173339844, 38.788639068603516 ], [ 117.238357543945312, 38.788825988769531 ], [ 117.238899230957031, 38.788818359375 ], [ 117.23895263671875, 38.787864685058594 ], [ 117.238357543945312, 38.787841796875 ], [ 117.23834228515625, 38.787979125976562 ], [ 117.237548828125, 38.787948608398438 ], [ 117.237510681152344, 38.787651062011719 ], [ 117.237480163574219, 38.787433624267578 ], [ 117.237167358398438, 38.787425994873047 ], [ 117.237197875976562, 38.787147521972656 ], [ 117.237442016601562, 38.787143707275391 ], [ 117.237449645996094, 38.787021636962891 ], [ 117.237663269042969, 38.787010192871094 ], [ 117.237686157226562, 38.786808013916016 ], [ 117.238418579101562, 38.786808013916016 ], [ 117.238418579101562, 38.787326812744141 ], [ 117.238731384277344, 38.787319183349609 ], [ 117.238723754882812, 38.787059783935547 ], [ 117.239013671875, 38.787055969238281 ], [ 117.239051818847656, 38.785236358642578 ], [ 117.236976623535156, 38.785221099853516 ], [ 117.236869812011719, 38.785202026367188 ], [ 117.236885070800781, 38.784988403320312 ], [ 117.236656188964844, 38.78497314453125 ], [ 117.236366271972656, 38.785064697265625 ], [ 117.23602294921875, 38.785160064697266 ], [ 117.235702514648438, 38.785163879394531 ], [ 117.235679626464844, 38.785110473632812 ], [ 117.235427856445312, 38.785099029541016 ], [ 117.235343933105469, 38.785140991210938 ], [ 117.234901428222656, 38.785144805908203 ], [ 117.234756469726562, 38.785221099853516 ], [ 117.234413146972656, 38.785213470458984 ], [ 117.234283447265625, 38.785129547119141 ], [ 117.233680725097656, 38.785053253173828 ], [ 117.23345947265625, 38.785049438476562 ], [ 117.233306884765625, 38.785053253173828 ], [ 117.233291625976562, 38.78533935546875 ], [ 117.233299255371094, 38.785758972167969 ], [ 117.232513427734375, 38.785728454589844 ], [ 117.232528686523438, 38.78582763671875 ], [ 117.232376098632812, 38.785831451416016 ], [ 117.232284545898438, 38.785934448242188 ], [ 117.232147216796875, 38.785961151123047 ], [ 117.232040405273438, 38.786273956298828 ], [ 117.231964111328125, 38.786510467529297 ], [ 117.231956481933594, 38.786907196044922 ], [ 117.231796264648438, 38.786941528320312 ], [ 117.231781005859375, 38.787044525146484 ], [ 117.231941223144531, 38.787044525146484 ], [ 117.231910705566406, 38.787204742431641 ], [ 117.232025146484375, 38.787208557128906 ], [ 117.232017517089844, 38.787368774414062 ], [ 117.232177734375, 38.787368774414062 ], [ 117.23223876953125, 38.787818908691406 ], [ 117.232269287109375, 38.787857055664062 ], [ 117.232498168945312, 38.787841796875 ], [ 117.232566833496094, 38.78802490234375 ], [ 117.232749938964844, 38.788028717041016 ], [ 117.232780456542969, 38.788230895996094 ], [ 117.232780456542969, 38.788330078125 ], [ 117.232780456542969, 38.788532257080078 ], [ 117.232559204101562, 38.788528442382812 ], [ 117.232566833496094, 38.788661956787109 ], [ 117.232292175292969, 38.788661956787109 ], [ 117.232215881347656, 38.788791656494141 ], [ 117.232276916503906, 38.788848876953125 ], [ 117.232322692871094, 38.788814544677734 ], [ 117.232337951660156, 38.788867950439453 ], [ 117.232353210449219, 38.788906097412109 ], [ 117.232307434082031, 38.789569854736328 ], [ 117.232147216796875, 38.789577484130859 ], [ 117.23211669921875, 38.789794921875 ], [ 117.2322998046875, 38.789813995361328 ], [ 117.232292175292969, 38.790073394775391 ], [ 117.232749938964844, 38.790084838867188 ], [ 117.232757568359375, 38.790145874023438 ], [ 117.232955932617188, 38.790149688720703 ], [ 117.232902526855469, 38.790390014648438 ], [ 117.232711791992188, 38.790378570556641 ], [ 117.232666015625, 38.790420532226562 ], [ 117.232643127441406, 38.790515899658203 ], [ 117.2325439453125, 38.790504455566406 ], [ 117.232368469238281, 38.790569305419922 ], [ 117.232307434082031, 38.7906494140625 ], [ 117.2322998046875, 38.79071044921875 ], [ 117.232673645019531, 38.790763854980469 ], [ 117.232635498046875, 38.790950775146484 ], [ 117.23358154296875, 38.79107666015625 ], [ 117.233589172363281, 38.791324615478516 ], [ 117.233871459960938, 38.79132080078125 ], [ 117.23388671875, 38.791465759277344 ], [ 117.2342529296875, 38.791454315185547 ] ] ] } },
{ "type": "Feature", "properties": { "city": "tianjin", "candidate_source": "place_village_hamlet_locality", "id": "13818737082", "osm_type": "node", "place": "village", "landuse": "None", "residential": "None", "name": "None" }, "geometry": { "type": "Point", "coordinates": [ 117.22845458984375, 38.790271759033203 ] } },
{ "type": "Feature", "properties": { "city": "tianjin", "candidate_source": "place_village_hamlet_locality", "id": "13818165375", "osm_type": "node", "place": "village", "landuse": "None", "residential": "None", "name": "None" }, "geometry": { "type": "Point", "coordinates": [ 117.257614135742188, 38.802768707275391 ] } },
{ "type": "Feature", "properties": { "city": "tianjin", "candidate_source": "place_village_hamlet_locality", "id": "13818165497", "osm_type": "node", "place": "village", "landuse": "None", "residential": "None", "name": "None" }, "geometry": { "type": "Point", "coordinates": [ 117.229606628417969, 38.803688049316406 ] } },
{ "type": "Feature", "properties": { "city": "tianjin", "candidate_source": "place_village_hamlet_locality", "id": "13818737087", "osm_type": "node", "place": "village", "landuse": "None", "residential": "None", "name": "None" }, "geometry": { "type": "Point", "coordinates": [ 117.234138488769531, 38.806621551513672 ] } },
{ "type": "Feature", "properties": { "city": "tianjin", "candidate_source": "place_village_hamlet_locality", "id": "13818165344", "osm_type": "node", "place": "village", "landuse": "None", "residential": "None", "name": "None" }, "geometry": { "type": "Point", "coordinates": [ 117.272750854492188, 38.810897827148438 ] } },
{ "type": "Feature", "properties": { "city": "tianjin", "candidate_source": "place_village_hamlet_locality", "id": "1512086528", "osm_type": "way", "place": "village", "landuse": "None", "residential": "None", "name": "None" }, "geometry": { "type": "Polygon", "coordinates": [ [ [ 117.274894714355469, 38.812858581542969 ], [ 117.274864196777344, 38.813243865966797 ], [ 117.27520751953125, 38.813243865966797 ], [ 117.275238037109375, 38.813152313232422 ], [ 117.275527954101562, 38.81317138671875 ], [ 117.275588989257812, 38.811206817626953 ], [ 117.275886535644531, 38.811214447021484 ], [ 117.275917053222656, 38.811065673828125 ], [ 117.276542663574219, 38.811077117919922 ], [ 117.276557922363281, 38.810535430908203 ], [ 117.273605346679688, 38.810516357421875 ], [ 117.273605346679688, 38.810142517089844 ], [ 117.273750305175781, 38.810131072998047 ], [ 117.273780822753906, 38.810001373291016 ], [ 117.274139404296875, 38.810001373291016 ], [ 117.274169921875, 38.809703826904297 ], [ 117.270698547363281, 38.809646606445312 ], [ 117.270484924316406, 38.810230255126953 ], [ 117.27032470703125, 38.810703277587891 ], [ 117.270172119140625, 38.811367034912109 ], [ 117.272224426269531, 38.812202453613281 ], [ 117.2723388671875, 38.812007904052734 ], [ 117.27252197265625, 38.812049865722656 ], [ 117.273223876953125, 38.812076568603516 ], [ 117.273170471191406, 38.812530517578125 ], [ 117.273239135742188, 38.81268310546875 ], [ 117.27362060546875, 38.812835693359375 ], [ 117.274894714355469, 38.812858581542969 ] ] ] } },
{ "type": "Feature", "properties": { "city": "tianjin", "candidate_source": "place_village_hamlet_locality", "id": "13818737088", "osm_type": "node", "place": "village", "landuse": "None", "residential": "None", "name": "None" }, "geometry": { "type": "Point", "coordinates": [ 117.234672546386719, 38.813159942626953 ] } },
{ "type": "Feature", "properties": { "city": "tianjin", "candidate_source": "place_village_hamlet_locality", "id": "127700866224", "osm_type": "relation", "place": "village", "landuse": "None", "residential": "None", "name": "None" }, "geometry": { "type": "MultiPolygon", "coordinates": [ [ [ [ 117.234939575195312, 38.822254180908203 ], [ 117.235130310058594, 38.822132110595703 ], [ 117.235115051269531, 38.822063446044922 ], [ 117.235557556152344, 38.822025299072266 ], [ 117.23553466796875, 38.821865081787109 ], [ 117.237197875976562, 38.821735382080078 ], [ 117.237274169921875, 38.82159423828125 ], [ 117.237510681152344, 38.821529388427734 ], [ 117.237968444824219, 38.821414947509766 ], [ 117.237838745117188, 38.821010589599609 ], [ 117.238197326660156, 38.820903778076172 ], [ 117.238517761230469, 38.820858001708984 ], [ 117.238494873046875, 38.820713043212891 ], [ 117.237899780273438, 38.820770263671875 ], [ 117.23785400390625, 38.820587158203125 ], [ 117.238037109375, 38.820556640625 ], [ 117.238014221191406, 38.820472717285156 ], [ 117.238754272460938, 38.820339202880859 ], [ 117.238517761230469, 38.819549560546875 ], [ 117.238334655761719, 38.819046020507812 ], [ 117.238166809082031, 38.818382263183594 ], [ 117.238136291503906, 38.818286895751953 ], [ 117.237838745117188, 38.818172454833984 ], [ 117.237701416015625, 38.818172454833984 ], [ 117.237510681152344, 38.816127777099609 ], [ 117.236724853515625, 38.816169738769531 ], [ 117.231834411621094, 38.819370269775391 ], [ 117.232192993164062, 38.821689605712891 ], [ 117.231918334960938, 38.821731567382812 ], [ 117.232223510742188, 38.822196960449219 ], [ 117.232681274414062, 38.822154998779297 ], [ 117.232673645019531, 38.821956634521484 ], [ 117.23309326171875, 38.821907043457031 ], [ 117.233078002929688, 38.821773529052734 ], [ 117.233421325683594, 38.821746826171875 ], [ 117.233489990234375, 38.822021484375 ], [ 117.233909606933594, 38.821998596191406 ], [ 117.23394775390625, 38.822322845458984 ], [ 117.234939575195312, 38.822254180908203 ] ] ], [ [ [ 117.2362060546875, 38.814716339111328 ], [ 117.236198425292969, 38.813522338867188 ], [ 117.236076354980469, 38.812469482421875 ], [ 117.234771728515625, 38.812526702880859 ], [ 117.234642028808594, 38.812793731689453 ], [ 117.234657287597656, 38.812915802001953 ], [ 117.234237670898438, 38.812965393066406 ], [ 117.234405517578125, 38.813385009765625 ], [ 117.234718322753906, 38.813358306884766 ], [ 117.234718322753906, 38.813407897949219 ], [ 117.2347412109375, 38.813911437988281 ], [ 117.23480224609375, 38.814365386962891 ], [ 117.23486328125, 38.814765930175781 ], [ 117.2362060546875, 38.814716339111328 ] ] ] ] } },
{ "type": "Feature", "properties": { "city": "tianjin", "candidate_source": "place_village_hamlet_locality", "id": "13826681421", "osm_type": "node", "place": "village", "landuse": "None", "residential": "None", "name": "None" }, "geometry": { "type": "Point", "coordinates": [ 117.175003051757812, 38.761272430419922 ] } },
{ "type": "Feature", "properties": { "city": "tianjin", "candidate_source": "place_village_hamlet_locality", "id": "13186727274", "osm_type": "node", "place": "village", "landuse": "None", "residential": "None", "name": "None" }, "geometry": { "type": "Point", "coordinates": [ 117.205429077148438, 38.939567565917969 ] } },
{ "type": "Feature", "properties": { "city": "tianjin", "candidate_source": "place_village_hamlet_locality", "id": "13200412010", "osm_type": "node", "place": "village", "landuse": "None", "residential": "None", "name": "None" }, "geometry": { "type": "Point", "coordinates": [ 117.184791564941406, 39.035152435302734 ] } },
{ "type": "Feature", "properties": { "city": "tianjin", "candidate_source": "place_village_hamlet_locality", "id": "1510271836", "osm_type": "way", "place": "village", "landuse": "None", "residential": "None", "name": "None" }, "geometry": { "type": "Polygon", "coordinates": [ [ [ 117.436500549316406, 38.683609008789062 ], [ 117.436790466308594, 38.683708190917969 ], [ 117.438102722167969, 38.681098937988281 ], [ 117.4383544921875, 38.68072509765625 ], [ 117.438880920410156, 38.679805755615234 ], [ 117.437797546386719, 38.679473876953125 ], [ 117.437652587890625, 38.679771423339844 ], [ 117.437789916992188, 38.679821014404297 ], [ 117.437553405761719, 38.680286407470703 ], [ 117.435134887695312, 38.679561614990234 ], [ 117.434890747070312, 38.680004119873047 ], [ 117.434532165527344, 38.679904937744141 ], [ 117.433990478515625, 38.680973052978516 ], [ 117.43365478515625, 38.680885314941406 ], [ 117.432807922363281, 38.682456970214844 ], [ 117.436500549316406, 38.683609008789062 ] ] ] } },
{ "type": "Feature", "properties": { "city": "tianjin", "candidate_source": "place_village_hamlet_locality", "id": "13806204758", "osm_type": "node", "place": "village", "landuse": "None", "residential": "None", "name": "None" }, "geometry": { "type": "Point", "coordinates": [ 117.435745239257812, 38.681842803955078 ] } },
{ "type": "Feature", "properties": { "city": "tianjin", "candidate_source": "place_village_hamlet_locality", "id": "11990276504", "osm_type": "node", "place": "hamlet", "landuse": "None", "residential": "None", "name": "None" }, "geometry": { "type": "Point", "coordinates": [ 117.534423828125, 38.813915252685547 ] } },
{ "type": "Feature", "properties": { "city": "tianjin", "candidate_source": "place_village_hamlet_locality", "id": "13818165496", "osm_type": "node", "place": "village", "landuse": "None", "residential": "None", "name": "None" }, "geometry": { "type": "Point", "coordinates": [ 117.257675170898438, 38.817722320556641 ] } },
{ "type": "Feature", "properties": { "city": "tianjin", "candidate_source": "place_village_hamlet_locality", "id": "1512160400", "osm_type": "way", "place": "village", "landuse": "None", "residential": "None", "name": "None" }, "geometry": { "type": "Polygon", "coordinates": [ [ [ 117.261138916015625, 38.819637298583984 ], [ 117.261245727539062, 38.819614410400391 ], [ 117.261215209960938, 38.819435119628906 ], [ 117.26153564453125, 38.819374084472656 ], [ 117.261505126953125, 38.818988800048828 ], [ 117.26141357421875, 38.818634033203125 ], [ 117.261238098144531, 38.818061828613281 ], [ 117.2608642578125, 38.818153381347656 ], [ 117.260276794433594, 38.818016052246094 ], [ 117.26025390625, 38.817653656005859 ], [ 117.259735107421875, 38.817607879638672 ], [ 117.259613037109375, 38.81781005859375 ], [ 117.259552001953125, 38.817867279052734 ], [ 117.259010314941406, 38.817836761474609 ], [ 117.259124755859375, 38.817272186279297 ], [ 117.257598876953125, 38.817104339599609 ], [ 117.257705688476562, 38.816322326660156 ], [ 117.257591247558594, 38.816215515136719 ], [ 117.255271911621094, 38.816074371337891 ], [ 117.255218505859375, 38.816680908203125 ], [ 117.254058837890625, 38.816619873046875 ], [ 117.253646850585938, 38.816669464111328 ], [ 117.252960205078125, 38.816867828369141 ], [ 117.253173828125, 38.8172607421875 ], [ 117.253280639648438, 38.817798614501953 ], [ 117.253349304199219, 38.818710327148438 ], [ 117.254104614257812, 38.818691253662109 ], [ 117.254142761230469, 38.819511413574219 ], [ 117.254249572753906, 38.819572448730469 ], [ 117.254356384277344, 38.819610595703125 ], [ 117.2552490234375, 38.819599151611328 ], [ 117.256210327148438, 38.819599151611328 ], [ 117.256217956542969, 38.819343566894531 ], [ 117.256919860839844, 38.819370269775391 ], [ 117.256927490234375, 38.819293975830078 ], [ 117.258186340332031, 38.819416046142578 ], [ 117.258201599121094, 38.819259643554688 ], [ 117.258399963378906, 38.819278717041016 ], [ 117.2584228515625, 38.819168090820312 ], [ 117.25860595703125, 38.819175720214844 ], [ 117.258628845214844, 38.819080352783203 ], [ 117.258880615234375, 38.819103240966797 ], [ 117.258903503417969, 38.818935394287109 ], [ 117.259101867675781, 38.818954467773438 ], [ 117.2591552734375, 38.818698883056641 ], [ 117.259490966796875, 38.818710327148438 ], [ 117.259490966796875, 38.819244384765625 ], [ 117.2603759765625, 38.819232940673828 ], [ 117.260398864746094, 38.819732666015625 ], [ 117.261138916015625, 38.819637298583984 ] ] ] } },
{ "type": "Feature", "properties": { "city": "tianjin", "candidate_source": "place_village_hamlet_locality", "id": "13818165321", "osm_type": "node", "place": "village", "landuse": "None", "residential": "None", "name": "None" }, "geometry": { "type": "Point", "coordinates": [ 117.286422729492188, 38.818408966064453 ] } },
{ "type": "Feature", "properties": { "city": "tianjin", "candidate_source": "place_village_hamlet_locality", "id": "1512056633", "osm_type": "way", "place": "village", "landuse": "None", "residential": "None", "name": "None" }, "geometry": { "type": "Polygon", "coordinates": [ [ [ 117.28955078125, 38.818977355957031 ], [ 117.289695739746094, 38.818801879882812 ], [ 117.290420532226562, 38.819149017333984 ], [ 117.290611267089844, 38.818874359130859 ], [ 117.291656494140625, 38.819313049316406 ], [ 117.29156494140625, 38.819465637207031 ], [ 117.291786193847656, 38.819545745849609 ], [ 117.291534423828125, 38.819961547851562 ], [ 117.292388916015625, 38.820331573486328 ], [ 117.292732238769531, 38.819778442382812 ], [ 117.293403625488281, 38.820056915283203 ], [ 117.293052673339844, 38.820587158203125 ], [ 117.295059204101562, 38.821414947509766 ], [ 117.29510498046875, 38.821285247802734 ], [ 117.298240661621094, 38.822433471679688 ], [ 117.298942565917969, 38.821380615234375 ], [ 117.297981262207031, 38.820995330810547 ], [ 117.298103332519531, 38.820842742919922 ], [ 117.297035217285156, 38.820392608642578 ], [ 117.297088623046875, 38.820323944091797 ], [ 117.296905517578125, 38.820255279541016 ], [ 117.296966552734375, 38.820163726806641 ], [ 117.296195983886719, 38.819862365722656 ], [ 117.296096801757812, 38.820026397705078 ], [ 117.295455932617188, 38.819797515869141 ], [ 117.295654296875, 38.819496154785156 ], [ 117.295036315917969, 38.819229125976562 ], [ 117.294692993164062, 38.819725036621094 ], [ 117.293159484863281, 38.819072723388672 ], [ 117.293533325195312, 38.818443298339844 ], [ 117.288902282714844, 38.816383361816406 ], [ 117.288703918457031, 38.816696166992188 ], [ 117.288459777832031, 38.816585540771484 ], [ 117.288299560546875, 38.816814422607422 ], [ 117.288551330566406, 38.816936492919922 ], [ 117.288246154785156, 38.817401885986328 ], [ 117.287673950195312, 38.817134857177734 ], [ 117.287788391113281, 38.816951751708984 ], [ 117.287078857421875, 38.816677093505859 ], [ 117.287208557128906, 38.816497802734375 ], [ 117.287246704101562, 38.816505432128906 ], [ 117.287338256835938, 38.816337585449219 ], [ 117.287063598632812, 38.816249847412109 ], [ 117.287086486816406, 38.816169738769531 ], [ 117.286598205566406, 38.816032409667969 ], [ 117.28656005859375, 38.816131591796875 ], [ 117.286552429199219, 38.816146850585938 ], [ 117.286041259765625, 38.815986633300781 ], [ 117.286323547363281, 38.815418243408203 ], [ 117.285858154296875, 38.815227508544922 ], [ 117.285560607910156, 38.815109252929688 ], [ 117.285514831542969, 38.815109252929688 ], [ 117.284858703613281, 38.816455841064453 ], [ 117.285720825195312, 38.816825866699219 ], [ 117.285575866699219, 38.817012786865234 ], [ 117.285720825195312, 38.817070007324219 ], [ 117.286102294921875, 38.817192077636719 ], [ 117.286186218261719, 38.817070007324219 ], [ 117.28729248046875, 38.817531585693359 ], [ 117.287872314453125, 38.817760467529297 ], [ 117.287834167480469, 38.817832946777344 ], [ 117.287933349609375, 38.81787109375 ], [ 117.287826538085938, 38.818038940429688 ], [ 117.288200378417969, 38.818206787109375 ], [ 117.288070678710938, 38.818405151367188 ], [ 117.288482666015625, 38.818561553955078 ], [ 117.28955078125, 38.818977355957031 ] ] ] } },
{ "type": "Feature", "properties": { "city": "tianjin", "candidate_source": "place_village_hamlet_locality", "id": "13817919973", "osm_type": "node", "place": "village", "landuse": "None", "residential": "None", "name": "None" }, "geometry": { "type": "Point", "coordinates": [ 117.293815612792969, 38.820606231689453 ] } },
{ "type": "Feature", "properties": { "city": "tianjin", "candidate_source": "place_village_hamlet_locality", "id": "1512056584", "osm_type": "way", "place": "village", "landuse": "None", "residential": "None", "name": "None" }, "geometry": { "type": "Polygon", "coordinates": [ [ [ 117.301445007324219, 38.824634552001953 ], [ 117.302055358886719, 38.823856353759766 ], [ 117.302726745605469, 38.824176788330078 ], [ 117.303291320800781, 38.823463439941406 ], [ 117.303398132324219, 38.823513031005859 ], [ 117.305305480957031, 38.821121215820312 ], [ 117.303314208984375, 38.820156097412109 ], [ 117.303237915039062, 38.820079803466797 ], [ 117.303192138671875, 38.820018768310547 ], [ 117.303131103515625, 38.819923400878906 ], [ 117.302803039550781, 38.819755554199219 ], [ 117.302680969238281, 38.819732666015625 ], [ 117.302482604980469, 38.819755554199219 ], [ 117.302009582519531, 38.820346832275391 ], [ 117.3018798828125, 38.820308685302734 ], [ 117.301834106445312, 38.820365905761719 ], [ 117.301620483398438, 38.820259094238281 ], [ 117.30133056640625, 38.820636749267578 ], [ 117.301170349121094, 38.820568084716797 ], [ 117.299896240234375, 38.822162628173828 ], [ 117.300224304199219, 38.822330474853516 ], [ 117.2998046875, 38.822887420654297 ], [ 117.300086975097656, 38.823028564453125 ], [ 117.29998779296875, 38.823150634765625 ], [ 117.300994873046875, 38.823600769042969 ], [ 117.300491333007812, 38.824207305908203 ], [ 117.301445007324219, 38.824634552001953 ] ] ] } },
{ "type": "Feature", "properties": { "city": "tianjin", "candidate_source": "place_village_hamlet_locality", "id": "13817919797", "osm_type": "node", "place": "village", "landuse": "None", "residential": "None", "name": "None" }, "geometry": { "type": "Point", "coordinates": [ 117.301620483398438, 38.822982788085938 ] } },
{ "type": "Feature", "properties": { "city": "tianjin", "candidate_source": "place_village_hamlet_locality", "id": "13818165322", "osm_type": "node", "place": "village", "landuse": "None", "residential": "None", "name": "None" }, "geometry": { "type": "Point", "coordinates": [ 117.286720275878906, 38.823753356933594 ] } },
{ "type": "Feature", "properties": { "city": "tianjin", "candidate_source": "place_village_hamlet_locality", "id": "13818667652", "osm_type": "node", "place": "village", "landuse": "None", "residential": "None", "name": "None" }, "geometry": { "type": "Point", "coordinates": [ 117.295097351074219, 38.826950073242188 ] } },
{ "type": "Feature", "properties": { "city": "tianjin", "candidate_source": "place_village_hamlet_locality", "id": "13817265851", "osm_type": "node", "place": "village", "landuse": "None", "residential": "None", "name": "None" }, "geometry": { "type": "Point", "coordinates": [ 117.327186584472656, 38.836864471435547 ] } },
{ "type": "Feature", "properties": { "city": "tianjin", "candidate_source": "place_village_hamlet_locality", "id": "13815623345", "osm_type": "node", "place": "village", "landuse": "None", "residential": "None", "name": "None" }, "geometry": { "type": "Point", "coordinates": [ 117.368095397949219, 38.841648101806641 ] } },
{ "type": "Feature", "properties": { "city": "tianjin", "candidate_source": "place_village_hamlet_locality", "id": "13814428601", "osm_type": "node", "place": "village", "landuse": "None", "residential": "None", "name": "None" }, "geometry": { "type": "Point", "coordinates": [ 117.391281127929688, 38.849857330322266 ] } },
{ "type": "Feature", "properties": { "city": "tianjin", "candidate_source": "place_village_hamlet_locality", "id": "1511186237", "osm_type": "way", "place": "village", "landuse": "None", "residential": "None", "name": "None" }, "geometry": { "type": "Polygon", "coordinates": [ [ [ 117.385658264160156, 38.854522705078125 ], [ 117.38604736328125, 38.854251861572266 ], [ 117.386451721191406, 38.854000091552734 ], [ 117.386871337890625, 38.853824615478516 ], [ 117.387802124023438, 38.853427886962891 ], [ 117.388526916503906, 38.853168487548828 ], [ 117.389190673828125, 38.853057861328125 ], [ 117.389999389648438, 38.852939605712891 ], [ 117.390205383300781, 38.852848052978516 ], [ 117.390213012695312, 38.852737426757812 ], [ 117.390373229980469, 38.852626800537109 ], [ 117.3914794921875, 38.852230072021484 ], [ 117.391654968261719, 38.852020263671875 ], [ 117.393081665039062, 38.851371765136719 ], [ 117.393333435058594, 38.851161956787109 ], [ 117.39404296875, 38.850906372070312 ], [ 117.394439697265625, 38.850742340087891 ], [ 117.395721435546875, 38.849929809570312 ], [ 117.396080017089844, 38.850269317626953 ], [ 117.3968505859375, 38.849952697753906 ], [ 117.396965026855469, 38.849880218505859 ], [ 117.396720886230469, 38.849391937255859 ], [ 117.397193908691406, 38.849292755126953 ], [ 117.397354125976562, 38.849285125732422 ], [ 117.397590637207031, 38.849174499511719 ], [ 117.397544860839844, 38.848995208740234 ], [ 117.398307800292969, 38.848766326904297 ], [ 117.399238586425781, 38.848480224609375 ], [ 117.399406433105469, 38.848426818847656 ], [ 117.399337768554688, 38.848278045654297 ], [ 117.399223327636719, 38.848007202148438 ], [ 117.399024963378906, 38.848018646240234 ], [ 117.398994445800781, 38.847953796386719 ], [ 117.398788452148438, 38.847976684570312 ], [ 117.398719787597656, 38.847881317138672 ], [ 117.398727416992188, 38.847820281982422 ], [ 117.398780822753906, 38.8477783203125 ], [ 117.398796081542969, 38.847743988037109 ], [ 117.398757934570312, 38.847694396972656 ], [ 117.398727416992188, 38.847652435302734 ], [ 117.398651123046875, 38.847682952880859 ], [ 117.398605346679688, 38.847633361816406 ], [ 117.398468017578125, 38.847690582275391 ], [ 117.398414611816406, 38.847633361816406 ], [ 117.398277282714844, 38.847682952880859 ], [ 117.39813232421875, 38.847381591796875 ], [ 117.398002624511719, 38.847419738769531 ], [ 117.397956848144531, 38.847324371337891 ], [ 117.39788818359375, 38.847274780273438 ], [ 117.397682189941406, 38.847320556640625 ], [ 117.397697448730469, 38.847183227539062 ], [ 117.397483825683594, 38.847038269042969 ], [ 117.397323608398438, 38.847030639648438 ], [ 117.397224426269531, 38.847450256347656 ], [ 117.397140502929688, 38.848140716552734 ], [ 117.396942138671875, 38.848152160644531 ], [ 117.396751403808594, 38.848808288574219 ], [ 117.396713256835938, 38.848823547363281 ], [ 117.394660949707031, 38.849700927734375 ], [ 117.393753051757812, 38.850074768066406 ], [ 117.393486022949219, 38.850074768066406 ], [ 117.392539978027344, 38.850414276123047 ], [ 117.391494750976562, 38.849414825439453 ], [ 117.390815734863281, 38.849861145019531 ], [ 117.391197204589844, 38.850212097167969 ], [ 117.390823364257812, 38.850482940673828 ], [ 117.39117431640625, 38.850788116455078 ], [ 117.391365051269531, 38.851085662841797 ], [ 117.390365600585938, 38.851436614990234 ], [ 117.388626098632812, 38.852012634277344 ], [ 117.388580322265625, 38.851608276367188 ], [ 117.388099670410156, 38.851543426513672 ], [ 117.387092590332031, 38.852287292480469 ], [ 117.384773254394531, 38.854000091552734 ], [ 117.385002136230469, 38.854202270507812 ], [ 117.385200500488281, 38.854213714599609 ], [ 117.385368347167969, 38.854225158691406 ], [ 117.385658264160156, 38.854522705078125 ] ] ] } },
{ "type": "Feature", "properties": { "city": "tianjin", "candidate_source": "place_village_hamlet_locality", "id": "1511659708", "osm_type": "way", "place": "village", "landuse": "None", "residential": "None", "name": "None" }, "geometry": { "type": "Polygon", "coordinates": [ [ [ 117.363998413085938, 38.853748321533203 ], [ 117.366950988769531, 38.855083465576172 ], [ 117.367141723632812, 38.855171203613281 ], [ 117.367271423339844, 38.854984283447266 ], [ 117.366790771484375, 38.854774475097656 ], [ 117.367416381835938, 38.853939056396484 ], [ 117.366798400878906, 38.853652954101562 ], [ 117.367012023925781, 38.853340148925781 ], [ 117.366775512695312, 38.853179931640625 ], [ 117.365974426269531, 38.852817535400391 ], [ 117.365837097167969, 38.852996826171875 ], [ 117.365234375, 38.853866577148438 ], [ 117.364227294921875, 38.853408813476562 ], [ 117.363861083984375, 38.853237152099609 ], [ 117.363365173339844, 38.853065490722656 ], [ 117.363548278808594, 38.852508544921875 ], [ 117.364173889160156, 38.850589752197266 ], [ 117.364303588867188, 38.850193023681641 ], [ 117.364356994628906, 38.849758148193359 ], [ 117.363853454589844, 38.849693298339844 ], [ 117.3636474609375, 38.849876403808594 ], [ 117.363075256347656, 38.849624633789062 ], [ 117.362930297851562, 38.849803924560547 ], [ 117.362686157226562, 38.849712371826172 ], [ 117.362548828125, 38.849925994873047 ], [ 117.361961364746094, 38.849739074707031 ], [ 117.361793518066406, 38.849998474121094 ], [ 117.36151123046875, 38.849971771240234 ], [ 117.360687255859375, 38.849697113037109 ], [ 117.360580444335938, 38.849910736083984 ], [ 117.360267639160156, 38.849857330322266 ], [ 117.360183715820312, 38.850131988525391 ], [ 117.360389709472656, 38.850208282470703 ], [ 117.3603515625, 38.850337982177734 ], [ 117.3604736328125, 38.850360870361328 ], [ 117.360450744628906, 38.850437164306641 ], [ 117.361351013183594, 38.850620269775391 ], [ 117.361419677734375, 38.850387573242188 ], [ 117.361923217773438, 38.850502014160156 ], [ 117.362319946289062, 38.850605010986328 ], [ 117.362396240234375, 38.850673675537109 ], [ 117.362136840820312, 38.851207733154297 ], [ 117.361549377441406, 38.852455139160156 ], [ 117.362571716308594, 38.852790832519531 ], [ 117.362052917480469, 38.853912353515625 ], [ 117.361671447753906, 38.853954315185547 ], [ 117.361076354980469, 38.854045867919922 ], [ 117.360816955566406, 38.854022979736328 ], [ 117.360488891601562, 38.853927612304688 ], [ 117.35968017578125, 38.853664398193359 ], [ 117.3594970703125, 38.854053497314453 ], [ 117.359100341796875, 38.854793548583984 ], [ 117.358840942382812, 38.855361938476562 ], [ 117.358612060546875, 38.855911254882812 ], [ 117.358322143554688, 38.856456756591797 ], [ 117.358078002929688, 38.856910705566406 ], [ 117.358650207519531, 38.857215881347656 ], [ 117.358535766601562, 38.857303619384766 ], [ 117.359092712402344, 38.857635498046875 ], [ 117.35955810546875, 38.857875823974609 ], [ 117.360313415527344, 38.858177185058594 ], [ 117.360282897949219, 38.858230590820312 ], [ 117.360313415527344, 38.858325958251953 ], [ 117.360649108886719, 38.858467102050781 ], [ 117.361076354980469, 38.857784271240234 ], [ 117.361320495605469, 38.857906341552734 ], [ 117.3614501953125, 38.857742309570312 ], [ 117.361900329589844, 38.857864379882812 ], [ 117.362045288085938, 38.857830047607422 ], [ 117.362174987792969, 38.857566833496094 ], [ 117.362060546875, 38.857463836669922 ], [ 117.3619384765625, 38.857261657714844 ], [ 117.362319946289062, 38.857246398925781 ], [ 117.362419128417969, 38.857082366943359 ], [ 117.362022399902344, 38.856998443603516 ], [ 117.361976623535156, 38.857181549072266 ], [ 117.361579895019531, 38.857070922851562 ], [ 117.361602783203125, 38.856849670410156 ], [ 117.361946105957031, 38.856887817382812 ], [ 117.361968994140625, 38.856655120849609 ], [ 117.362197875976562, 38.856689453125 ], [ 117.362281799316406, 38.856555938720703 ], [ 117.362709045410156, 38.85662841796875 ], [ 117.362777709960938, 38.856372833251953 ], [ 117.362518310546875, 38.856319427490234 ], [ 117.362648010253906, 38.856155395507812 ], [ 117.36260986328125, 38.856002807617188 ], [ 117.362632751464844, 38.855812072753906 ], [ 117.362869262695312, 38.855873107910156 ], [ 117.362907409667969, 38.855941772460938 ], [ 117.362831115722656, 38.856105804443359 ], [ 117.363166809082031, 38.856189727783203 ], [ 117.363311767578125, 38.856212615966797 ], [ 117.363357543945312, 38.856166839599609 ], [ 117.363441467285156, 38.856178283691406 ], [ 117.363517761230469, 38.856090545654297 ], [ 117.363594055175781, 38.856124877929688 ], [ 117.36407470703125, 38.856342315673828 ], [ 117.364646911621094, 38.856578826904297 ], [ 117.364952087402344, 38.856231689453125 ], [ 117.36285400390625, 38.855278015136719 ], [ 117.363746643066406, 38.854091644287109 ], [ 117.363998413085938, 38.853748321533203 ] ] ] } },
{ "type": "Feature", "properties": { "city": "tianjin", "candidate_source": "place_village_hamlet_locality", "id": "13202978079", "osm_type": "node", "place": "village", "landuse": "None", "residential": "None", "name": "None" }, "geometry": { "type": "Point", "coordinates": [ 117.366912841796875, 38.854076385498047 ] } },
{ "type": "Feature", "properties": { "city": "tianjin", "candidate_source": "place_village_hamlet_locality", "id": "1511659633", "osm_type": "way", "place": "village", "landuse": "None", "residential": "None", "name": "None" }, "geometry": { "type": "Polygon", "coordinates": [ [ [ 117.373893737792969, 38.860092163085938 ], [ 117.374252319335938, 38.859859466552734 ], [ 117.374946594238281, 38.860363006591797 ], [ 117.375503540039062, 38.859821319580078 ], [ 117.376518249511719, 38.860515594482422 ], [ 117.376457214355469, 38.860599517822266 ], [ 117.376777648925781, 38.860816955566406 ], [ 117.377693176269531, 38.861400604248047 ], [ 117.378654479980469, 38.8621826171875 ], [ 117.379997253417969, 38.86328125 ], [ 117.38055419921875, 38.862819671630859 ], [ 117.38067626953125, 38.862911224365234 ], [ 117.380813598632812, 38.862804412841797 ], [ 117.381385803222656, 38.86236572265625 ], [ 117.380905151367188, 38.862014770507812 ], [ 117.380241394042969, 38.862361907958984 ], [ 117.379623413085938, 38.861873626708984 ], [ 117.376243591308594, 38.859493255615234 ], [ 117.376029968261719, 38.859336853027344 ], [ 117.3760986328125, 38.859275817871094 ], [ 117.376785278320312, 38.858844757080078 ], [ 117.377876281738281, 38.858196258544922 ], [ 117.378746032714844, 38.857738494873047 ], [ 117.378890991210938, 38.857841491699219 ], [ 117.380172729492188, 38.858776092529297 ], [ 117.380302429199219, 38.858737945556641 ], [ 117.382331848144531, 38.860305786132812 ], [ 117.382156372070312, 38.860416412353516 ], [ 117.383026123046875, 38.861118316650391 ], [ 117.38323974609375, 38.861011505126953 ], [ 117.383560180664062, 38.861297607421875 ], [ 117.383842468261719, 38.861152648925781 ], [ 117.383544921875, 38.860877990722656 ], [ 117.382225036621094, 38.859642028808594 ], [ 117.380531311035156, 38.858112335205078 ], [ 117.37994384765625, 38.857620239257812 ], [ 117.381378173828125, 38.856899261474609 ], [ 117.381233215332031, 38.856708526611328 ], [ 117.381324768066406, 38.856639862060547 ], [ 117.381179809570312, 38.856483459472656 ], [ 117.379341125488281, 38.857555389404297 ], [ 117.379074096679688, 38.857387542724609 ], [ 117.378509521484375, 38.857082366943359 ], [ 117.378120422363281, 38.857402801513672 ], [ 117.377845764160156, 38.857635498046875 ], [ 117.376091003417969, 38.8585205078125 ], [ 117.375411987304688, 38.858867645263672 ], [ 117.375267028808594, 38.858879089355469 ], [ 117.373344421386719, 38.857933044433594 ], [ 117.371925354003906, 38.857192993164062 ], [ 117.371658325195312, 38.857444763183594 ], [ 117.371505737304688, 38.857379913330078 ], [ 117.371330261230469, 38.857368469238281 ], [ 117.37115478515625, 38.857566833496094 ], [ 117.371734619140625, 38.857887268066406 ], [ 117.371841430664062, 38.857822418212891 ], [ 117.374534606933594, 38.859226226806641 ], [ 117.374237060546875, 38.859531402587891 ], [ 117.373672485351562, 38.859893798828125 ], [ 117.373893737792969, 38.860092163085938 ] ] ] } },
{ "type": "Feature", "properties": { "city": "tianjin", "candidate_source": "place_village_hamlet_locality", "id": "13203659563", "osm_type": "node", "place": "village", "landuse": "None", "residential": "None", "name": "None" }, "geometry": { "type": "Point", "coordinates": [ 117.374870300292969, 38.860008239746094 ] } },
{ "type": "Feature", "properties": { "city": "tianjin", "candidate_source": "place_village_hamlet_locality", "id": "13814428572", "osm_type": "node", "place": "village", "landuse": "None", "residential": "None", "name": "None" }, "geometry": { "type": "Point", "coordinates": [ 117.402740478515625, 38.860866546630859 ] } },
{ "type": "Feature", "properties": { "city": "tianjin", "candidate_source": "place_village_hamlet_locality", "id": "13203659567", "osm_type": "node", "place": "village", "landuse": "None", "residential": "None", "name": "None" }, "geometry": { "type": "Point", "coordinates": [ 117.356163024902344, 38.866661071777344 ] } },
{ "type": "Feature", "properties": { "city": "tianjin", "candidate_source": "place_village_hamlet_locality", "id": "127659520153", "osm_type": "relation", "place": "village", "landuse": "None", "residential": "None", "name": "None" }, "geometry": { "type": "MultiPolygon", "coordinates": [ [ [ [ 117.386795043945312, 38.862197875976562 ], [ 117.386505126953125, 38.862403869628906 ], [ 117.387245178222656, 38.863021850585938 ], [ 117.387237548828125, 38.863117218017578 ], [ 117.38720703125, 38.863140106201172 ], [ 117.387641906738281, 38.863498687744141 ], [ 117.387962341308594, 38.864093780517578 ], [ 117.389228820800781, 38.865154266357422 ], [ 117.390335083007812, 38.864620208740234 ], [ 117.3890380859375, 38.863014221191406 ], [ 117.389266967773438, 38.8629150390625 ], [ 117.389015197753906, 38.862571716308594 ], [ 117.388771057128906, 38.862682342529297 ], [ 117.388313293457031, 38.862133026123047 ], [ 117.388420104980469, 38.862083435058594 ], [ 117.388389587402344, 38.862045288085938 ], [ 117.388580322265625, 38.861892700195312 ], [ 117.388435363769531, 38.861770629882812 ], [ 117.388206481933594, 38.861915588378906 ], [ 117.388145446777344, 38.861831665039062 ], [ 117.388053894042969, 38.861850738525391 ], [ 117.387130737304688, 38.861019134521484 ], [ 117.388099670410156, 38.860286712646484 ], [ 117.387847900390625, 38.860065460205078 ], [ 117.386238098144531, 38.861213684082031 ], [ 117.386123657226562, 38.861312866210938 ], [ 117.386009216308594, 38.861473083496094 ], [ 117.386795043945312, 38.862197875976562 ] ] ], [ [ [ 117.393531799316406, 38.872955322265625 ], [ 117.393791198730469, 38.873188018798828 ], [ 117.393905639648438, 38.873130798339844 ], [ 117.394729614257812, 38.872730255126953 ], [ 117.394615173339844, 38.87261962890625 ], [ 117.392494201660156, 38.870506286621094 ], [ 117.392356872558594, 38.870376586914062 ], [ 117.3917236328125, 38.870628356933594 ], [ 117.391128540039062, 38.870075225830078 ], [ 117.389144897460938, 38.868114471435547 ], [ 117.389328002929688, 38.867904663085938 ], [ 117.389106750488281, 38.867729187011719 ], [ 117.388809204101562, 38.867904663085938 ], [ 117.388374328613281, 38.867389678955078 ], [ 117.387489318847656, 38.866340637207031 ], [ 117.386482238769531, 38.866813659667969 ], [ 117.3868408203125, 38.867244720458984 ], [ 117.387290954589844, 38.867752075195312 ], [ 117.387092590332031, 38.867984771728516 ], [ 117.387519836425781, 38.868259429931641 ], [ 117.3905029296875, 38.871292114257812 ], [ 117.39056396484375, 38.871356964111328 ], [ 117.3909912109375, 38.871170043945312 ], [ 117.393013000488281, 38.873264312744141 ], [ 117.393531799316406, 38.872955322265625 ] ] ] ] } },
{ "type": "Feature", "properties": { "city": "tianjin", "candidate_source": "place_village_hamlet_locality", "id": "13203715797", "osm_type": "node", "place": "village", "landuse": "None", "residential": "None", "name": "None" }, "geometry": { "type": "Point", "coordinates": [ 117.327491760253906, 38.837406158447266 ] } },
{ "type": "Feature", "properties": { "city": "tianjin", "candidate_source": "place_village_hamlet_locality", "id": "1511937979", "osm_type": "way", "place": "village", "landuse": "None", "residential": "None", "name": "None" }, "geometry": { "type": "Polygon", "coordinates": [ [ [ 117.329345703125, 38.839046478271484 ], [ 117.329841613769531, 38.838394165039062 ], [ 117.330207824707031, 38.837882995605469 ], [ 117.330909729003906, 38.837173461914062 ], [ 117.331275939941406, 38.836837768554688 ], [ 117.331596374511719, 38.836563110351562 ], [ 117.331695556640625, 38.836372375488281 ], [ 117.330947875976562, 38.83624267578125 ], [ 117.330635070800781, 38.836208343505859 ], [ 117.330589294433594, 38.836284637451172 ], [ 117.330230712890625, 38.836254119873047 ], [ 117.330169677734375, 38.836444854736328 ], [ 117.330337524414062, 38.836463928222656 ], [ 117.329780578613281, 38.837741851806641 ], [ 117.32904052734375, 38.837451934814453 ], [ 117.327842712402344, 38.837135314941406 ], [ 117.32781982421875, 38.836704254150391 ], [ 117.32794189453125, 38.836601257324219 ], [ 117.328056335449219, 38.836463928222656 ], [ 117.328292846679688, 38.836467742919922 ], [ 117.329055786132812, 38.836475372314453 ], [ 117.329071044921875, 38.836265563964844 ], [ 117.327980041503906, 38.836177825927734 ], [ 117.327667236328125, 38.836223602294922 ], [ 117.327186584472656, 38.836196899414062 ], [ 117.327064514160156, 38.836322784423828 ], [ 117.326713562011719, 38.83624267578125 ], [ 117.326622009277344, 38.836353302001953 ], [ 117.326484680175781, 38.836322784423828 ], [ 117.326499938964844, 38.83624267578125 ], [ 117.326240539550781, 38.836139678955078 ], [ 117.326011657714844, 38.83624267578125 ], [ 117.325790405273438, 38.836196899414062 ], [ 117.325660705566406, 38.836349487304688 ], [ 117.3253173828125, 38.836284637451172 ], [ 117.325141906738281, 38.836589813232422 ], [ 117.324554443359375, 38.836315155029297 ], [ 117.324180603027344, 38.836475372314453 ], [ 117.324043273925781, 38.83642578125 ], [ 117.323844909667969, 38.83648681640625 ], [ 117.323623657226562, 38.836627960205078 ], [ 117.323638916015625, 38.8367919921875 ], [ 117.325309753417969, 38.837581634521484 ], [ 117.325218200683594, 38.837696075439453 ], [ 117.328880310058594, 38.839557647705078 ], [ 117.329345703125, 38.839046478271484 ] ] ] } },
{ "type": "Feature", "properties": { "city": "tianjin", "candidate_source": "place_village_hamlet_locality", "id": "1511937978", "osm_type": "way", "place": "village", "landuse": "None", "residential": "None", "name": "None" }, "geometry": { "type": "Polygon", "coordinates": [ [ [ 117.33477783203125, 38.842296600341797 ], [ 117.335151672363281, 38.841636657714844 ], [ 117.335525512695312, 38.841236114501953 ], [ 117.331169128417969, 38.838588714599609 ], [ 117.331222534179688, 38.838478088378906 ], [ 117.330978393554688, 38.838390350341797 ], [ 117.329559326171875, 38.839923858642578 ], [ 117.334381103515625, 38.842792510986328 ], [ 117.33477783203125, 38.842296600341797 ] ] ] } },
{ "type": "Feature", "properties": { "city": "tianjin", "candidate_source": "place_village_hamlet_locality", "id": "1511937980", "osm_type": "way", "place": "village", "landuse": "None", "residential": "None", "name": "None" }, "geometry": { "type": "Polygon", "coordinates": [ [ [ 117.347000122070312, 38.847763061523438 ], [ 117.346733093261719, 38.847621917724609 ], [ 117.345466613769531, 38.846927642822266 ], [ 117.345069885253906, 38.846790313720703 ], [ 117.345108032226562, 38.846725463867188 ], [ 117.344612121582031, 38.846523284912109 ], [ 117.34564208984375, 38.844615936279297 ], [ 117.345413208007812, 38.844528198242188 ], [ 117.345199584960938, 38.844745635986328 ], [ 117.344833374023438, 38.845302581787109 ], [ 117.344627380371094, 38.845718383789062 ], [ 117.344535827636719, 38.846015930175781 ], [ 117.344337463378906, 38.846271514892578 ], [ 117.344093322753906, 38.846309661865234 ], [ 117.343917846679688, 38.846511840820312 ], [ 117.343315124511719, 38.846195220947266 ], [ 117.343177795410156, 38.846492767333984 ], [ 117.344383239746094, 38.847053527832031 ], [ 117.344894409179688, 38.847263336181641 ], [ 117.345260620117188, 38.847530364990234 ], [ 117.345863342285156, 38.847827911376953 ], [ 117.346717834472656, 38.848239898681641 ], [ 117.347000122070312, 38.847763061523438 ] ] ] } },
{ "type": "Feature", "properties": { "city": "tianjin", "candidate_source": "place_village_hamlet_locality", "id": "1025780536", "osm_type": "way", "place": "village", "landuse": "None", "residential": "None", "name": "None" }, "geometry": { "type": "Polygon", "coordinates": [ [ [ 117.30322265625, 38.851657867431641 ], [ 117.298225402832031, 38.848373413085938 ], [ 117.297126770019531, 38.849403381347656 ], [ 117.297760009765625, 38.849822998046875 ], [ 117.296714782714844, 38.850780487060547 ], [ 117.296623229980469, 38.850727081298828 ], [ 117.294853210449219, 38.852333068847656 ], [ 117.295761108398438, 38.852928161621094 ], [ 117.297576904296875, 38.8541259765625 ], [ 117.29925537109375, 38.855224609375 ], [ 117.30322265625, 38.851657867431641 ] ] ] } },
{ "type": "Feature", "properties": { "city": "tianjin", "candidate_source": "place_village_hamlet_locality", "id": "13817662753", "osm_type": "node", "place": "village", "landuse": "None", "residential": "None", "name": "None" }, "geometry": { "type": "Point", "coordinates": [ 117.299629211425781, 38.85296630859375 ] } },
{ "type": "Feature", "properties": { "city": "tianjin", "candidate_source": "place_village_hamlet_locality", "id": "127638848688", "osm_type": "relation", "place": "village", "landuse": "None", "residential": "None", "name": "None" }, "geometry": { "type": "MultiPolygon", "coordinates": [ [ [ [ 117.34869384765625, 38.86431884765625 ], [ 117.348709106445312, 38.864044189453125 ], [ 117.347122192382812, 38.863636016845703 ], [ 117.345237731933594, 38.863182067871094 ], [ 117.345046997070312, 38.863224029541016 ], [ 117.3447265625, 38.864089965820312 ], [ 117.3455810546875, 38.864341735839844 ], [ 117.344932556152344, 38.865886688232422 ], [ 117.345268249511719, 38.865974426269531 ], [ 117.346031188964844, 38.864456176757812 ], [ 117.348442077636719, 38.864936828613281 ], [ 117.34869384765625, 38.86431884765625 ] ] ], [ [ [ 117.346298217773438, 38.869880676269531 ], [ 117.346725463867188, 38.867546081542969 ], [ 117.343719482421875, 38.867195129394531 ], [ 117.343101501464844, 38.868194580078125 ], [ 117.342948913574219, 38.868419647216797 ], [ 117.342735290527344, 38.869472503662109 ], [ 117.346298217773438, 38.869880676269531 ] ] ], [ [ [ 117.350929260253906, 38.873874664306641 ], [ 117.35107421875, 38.873790740966797 ], [ 117.351219177246094, 38.873447418212891 ], [ 117.351539611816406, 38.873447418212891 ], [ 117.351654052734375, 38.873157501220703 ], [ 117.351791381835938, 38.873138427734375 ], [ 117.351974487304688, 38.872707366943359 ], [ 117.351997375488281, 38.872421264648438 ], [ 117.352088928222656, 38.872028350830078 ], [ 117.3526611328125, 38.870609283447266 ], [ 117.353668212890625, 38.870742797851562 ], [ 117.354721069335938, 38.868053436279297 ], [ 117.354644775390625, 38.868030548095703 ], [ 117.354690551757812, 38.867908477783203 ], [ 117.354362487792969, 38.867832183837891 ], [ 117.354301452636719, 38.867977142333984 ], [ 117.353004455566406, 38.867641448974609 ], [ 117.352714538574219, 38.867630004882812 ], [ 117.350875854492188, 38.873054504394531 ], [ 117.350639343261719, 38.873043060302734 ], [ 117.350395202636719, 38.873748779296875 ], [ 117.350929260253906, 38.873874664306641 ] ] ] ] } },
{ "type": "Feature", "properties": { "city": "tianjin", "candidate_source": "place_village_hamlet_locality", "id": "4434645281", "osm_type": "node", "place": "village", "landuse": "None", "residential": "None", "name": "None" }, "geometry": { "type": "Point", "coordinates": [ 117.249359130859375, 38.87481689453125 ] } },
{ "type": "Feature", "properties": { "city": "tianjin", "candidate_source": "place_village_hamlet_locality", "id": "4434645282", "osm_type": "node", "place": "village", "landuse": "None", "residential": "None", "name": "None" }, "geometry": { "type": "Point", "coordinates": [ 117.293342590332031, 38.876270294189453 ] } },
{ "type": "Feature", "properties": { "city": "tianjin", "candidate_source": "place_village_hamlet_locality", "id": "4434645280", "osm_type": "node", "place": "village", "landuse": "None", "residential": "None", "name": "None" }, "geometry": { "type": "Point", "coordinates": [ 117.306259155273438, 38.925098419189453 ] } },
{ "type": "Feature", "properties": { "city": "tianjin", "candidate_source": "place_village_hamlet_locality", "id": "11990276506", "osm_type": "node", "place": "hamlet", "landuse": "None", "residential": "None", "name": "None" }, "geometry": { "type": "Point", "coordinates": [ 117.610702514648438, 38.886436462402344 ] } },
{ "type": "Feature", "properties": { "city": "tianjin", "candidate_source": "place_village_hamlet_locality", "id": "1499576851", "osm_type": "node", "place": "village", "landuse": "None", "residential": "None", "name": "None" }, "geometry": { "type": "Point", "coordinates": [ 117.697052001953125, 38.993671417236328 ] } },
{ "type": "Feature", "properties": { "city": "tianjin", "candidate_source": "place_village_hamlet_locality", "id": "9900296423", "osm_type": "node", "place": "hamlet", "landuse": "None", "residential": "None", "name": "None" }, "geometry": { "type": "Point", "coordinates": [ 117.732429504394531, 39.071250915527344 ] } },
{ "type": "Feature", "properties": { "city": "tianjin", "candidate_source": "place_village_hamlet_locality", "id": "1474540347", "osm_type": "way", "place": "village", "landuse": "None", "residential": "None", "name": "None" }, "geometry": { "type": "Polygon", "coordinates": [ [ [ 117.751426696777344, 39.245861053466797 ], [ 117.751312255859375, 39.24676513671875 ], [ 117.751480102539062, 39.246799468994141 ], [ 117.751998901367188, 39.245841979980469 ], [ 117.753463745117188, 39.246341705322266 ], [ 117.753204345703125, 39.246807098388672 ], [ 117.753631591796875, 39.246974945068359 ], [ 117.754257202148438, 39.247356414794922 ], [ 117.754776000976562, 39.247509002685547 ], [ 117.75531005859375, 39.246269226074219 ], [ 117.755462646484375, 39.246192932128906 ], [ 117.755561828613281, 39.246006011962891 ], [ 117.756591796875, 39.246315002441406 ], [ 117.756668090820312, 39.246177673339844 ], [ 117.756851196289062, 39.2462158203125 ], [ 117.756912231445312, 39.24609375 ], [ 117.757614135742188, 39.246257781982422 ], [ 117.757850646972656, 39.245758056640625 ], [ 117.757843017578125, 39.245712280273438 ], [ 117.757804870605469, 39.245674133300781 ], [ 117.753189086914062, 39.244091033935547 ], [ 117.751045227050781, 39.243442535400391 ], [ 117.751060485839844, 39.243240356445312 ], [ 117.751052856445312, 39.243007659912109 ], [ 117.749984741210938, 39.242618560791016 ], [ 117.750175476074219, 39.242397308349609 ], [ 117.749374389648438, 39.24200439453125 ], [ 117.749176025390625, 39.241954803466797 ], [ 117.748435974121094, 39.242809295654297 ], [ 117.74932861328125, 39.243125915527344 ], [ 117.749114990234375, 39.243404388427734 ], [ 117.749771118164062, 39.243743896484375 ], [ 117.749710083007812, 39.24383544921875 ], [ 117.749832153320312, 39.243888854980469 ], [ 117.749595642089844, 39.244121551513672 ], [ 117.749732971191406, 39.244205474853516 ], [ 117.749656677246094, 39.244293212890625 ], [ 117.749504089355469, 39.244483947753906 ], [ 117.749244689941406, 39.244701385498047 ], [ 117.750083923339844, 39.244972229003906 ], [ 117.749923706054688, 39.245353698730469 ], [ 117.75091552734375, 39.245609283447266 ], [ 117.751426696777344, 39.245861053466797 ] ] ] } },
{ "type": "Feature", "properties": { "city": "tianjin", "candidate_source": "place_village_hamlet_locality", "id": "13730590065", "osm_type": "node", "place": "village", "landuse": "None", "residential": "None", "name": "None" }, "geometry": { "type": "Point", "coordinates": [ 117.757568359375, 39.24591064453125 ] } },
{ "type": "Feature", "properties": { "city": "tianjin", "candidate_source": "place_village_hamlet_locality", "id": "13814428623", "osm_type": "node", "place": "village", "landuse": "None", "residential": "None", "name": "None" }, "geometry": { "type": "Point", "coordinates": [ 117.383415222167969, 38.868576049804688 ] } },
{ "type": "Feature", "properties": { "city": "tianjin", "candidate_source": "place_village_hamlet_locality", "id": "13052877822", "osm_type": "node", "place": "village", "landuse": "None", "residential": "None", "name": "None" }, "geometry": { "type": "Point", "coordinates": [ 117.416229248046875, 38.869998931884766 ] } },
{ "type": "Feature", "properties": { "city": "tianjin", "candidate_source": "place_village_hamlet_locality", "id": "13297228036", "osm_type": "node", "place": "village", "landuse": "None", "residential": "None", "name": "None" }, "geometry": { "type": "Point", "coordinates": [ 117.357620239257812, 38.878360748291016 ] } },
{ "type": "Feature", "properties": { "city": "tianjin", "candidate_source": "place_village_hamlet_locality", "id": "13052877823", "osm_type": "node", "place": "village", "landuse": "None", "residential": "None", "name": "None" }, "geometry": { "type": "Point", "coordinates": [ 117.413093566894531, 38.878536224365234 ] } },
{ "type": "Feature", "properties": { "city": "tianjin", "candidate_source": "place_village_hamlet_locality", "id": "13296656739", "osm_type": "node", "place": "village", "landuse": "None", "residential": "None", "name": "None" }, "geometry": { "type": "Point", "coordinates": [ 117.375419616699219, 38.883110046386719 ] } },
{ "type": "Feature", "properties": { "city": "tianjin", "candidate_source": "place_village_hamlet_locality", "id": "13052878478", "osm_type": "node", "place": "village", "landuse": "None", "residential": "None", "name": "None" }, "geometry": { "type": "Point", "coordinates": [ 117.410591125488281, 38.892238616943359 ] } },
{ "type": "Feature", "properties": { "city": "tianjin", "candidate_source": "place_village_hamlet_locality", "id": "13295007890", "osm_type": "node", "place": "village", "landuse": "None", "residential": "None", "name": "None" }, "geometry": { "type": "Point", "coordinates": [ 117.436714172363281, 39.00225830078125 ] } },
{ "type": "Feature", "properties": { "city": "tianjin", "candidate_source": "place_village_hamlet_locality", "id": "13295007786", "osm_type": "node", "place": "village", "landuse": "None", "residential": "None", "name": "None" }, "geometry": { "type": "Point", "coordinates": [ 117.437225341796875, 39.007816314697266 ] } },
{ "type": "Feature", "properties": { "city": "tianjin", "candidate_source": "place_village_hamlet_locality", "id": "13295007810", "osm_type": "node", "place": "village", "landuse": "None", "residential": "None", "name": "None" }, "geometry": { "type": "Point", "coordinates": [ 117.427734375, 39.012294769287109 ] } },
{ "type": "Feature", "properties": { "city": "tianjin", "candidate_source": "place_village_hamlet_locality", "id": "1284312870", "osm_type": "way", "place": "village", "landuse": "None", "residential": "None", "name": "None" }, "geometry": { "type": "Polygon", "coordinates": [ [ [ 117.458900451660156, 39.029460906982422 ], [ 117.457847595214844, 39.028873443603516 ], [ 117.457771301269531, 39.027931213378906 ], [ 117.458282470703125, 39.027381896972656 ], [ 117.458709716796875, 39.026493072509766 ], [ 117.459297180175781, 39.026691436767578 ], [ 117.459991455078125, 39.025405883789062 ], [ 117.460090637207031, 39.025188446044922 ], [ 117.460655212402344, 39.023807525634766 ], [ 117.460189819335938, 39.023685455322266 ], [ 117.460983276367188, 39.022342681884766 ], [ 117.460121154785156, 39.021961212158203 ], [ 117.461013793945312, 39.020496368408203 ], [ 117.458541870117188, 39.021991729736328 ], [ 117.458175659179688, 39.02154541015625 ], [ 117.457298278808594, 39.022018432617188 ], [ 117.456573486328125, 39.021160125732422 ], [ 117.454750061035156, 39.022228240966797 ], [ 117.455558776855469, 39.023056030273438 ], [ 117.455032348632812, 39.023468017578125 ], [ 117.455535888671875, 39.024166107177734 ], [ 117.455101013183594, 39.024513244628906 ], [ 117.455718994140625, 39.025096893310547 ], [ 117.455474853515625, 39.025356292724609 ], [ 117.456069946289062, 39.02587890625 ], [ 117.456306457519531, 39.025707244873047 ], [ 117.4578857421875, 39.026191711425781 ], [ 117.456275939941406, 39.028091430664062 ], [ 117.456649780273438, 39.028766632080078 ], [ 117.456924438476562, 39.029361724853516 ], [ 117.457412719726562, 39.029781341552734 ], [ 117.45770263671875, 39.029556274414062 ], [ 117.458534240722656, 39.029953002929688 ], [ 117.458900451660156, 39.029460906982422 ] ] ] } },
{ "type": "Feature", "properties": { "city": "tianjin", "candidate_source": "place_village_hamlet_locality", "id": "9826559907", "osm_type": "node", "place": "hamlet", "landuse": "None", "residential": "None", "name": "None" }, "geometry": { "type": "Point", "coordinates": [ 117.395721435546875, 39.061756134033203 ] } },
{ "type": "Feature", "properties": { "city": "tianjin", "candidate_source": "place_village_hamlet_locality", "id": "8931446724", "osm_type": "node", "place": "locality", "landuse": "None", "residential": "None", "name": "None" }, "geometry": { "type": "Point", "coordinates": [ 117.40203857421875, 39.063865661621094 ] } },
{ "type": "Feature", "properties": { "city": "tianjin", "candidate_source": "place_village_hamlet_locality", "id": "12574584865", "osm_type": "node", "place": "village", "landuse": "None", "residential": "None", "name": "None" }, "geometry": { "type": "Point", "coordinates": [ 117.269294738769531, 39.126903533935547 ] } },
{ "type": "Feature", "properties": { "city": "tianjin", "candidate_source": "place_village_hamlet_locality", "id": "13508161038", "osm_type": "node", "place": "village", "landuse": "None", "residential": "None", "name": "None" }, "geometry": { "type": "Point", "coordinates": [ 117.324554443359375, 39.147365570068359 ] } },
{ "type": "Feature", "properties": { "city": "tianjin", "candidate_source": "place_village_hamlet_locality", "id": "13508161037", "osm_type": "node", "place": "village", "landuse": "None", "residential": "None", "name": "None" }, "geometry": { "type": "Point", "coordinates": [ 117.317672729492188, 39.150230407714844 ] } },
{ "type": "Feature", "properties": { "city": "tianjin", "candidate_source": "place_village_hamlet_locality", "id": "8928741558", "osm_type": "node", "place": "village", "landuse": "None", "residential": "None", "name": "None" }, "geometry": { "type": "Point", "coordinates": [ 117.240631103515625, 39.172431945800781 ] } },
{ "type": "Feature", "properties": { "city": "tianjin", "candidate_source": "place_village_hamlet_locality", "id": "13163246239", "osm_type": "node", "place": "village", "landuse": "None", "residential": "None", "name": "None" }, "geometry": { "type": "Point", "coordinates": [ 117.279464721679688, 39.204521179199219 ] } },
{ "type": "Feature", "properties": { "city": "tianjin", "candidate_source": "place_village_hamlet_locality", "id": "13711736629", "osm_type": "node", "place": "village", "landuse": "None", "residential": "None", "name": "None" }, "geometry": { "type": "Point", "coordinates": [ 117.345855712890625, 39.2479248046875 ] } },
{ "type": "Feature", "properties": { "city": "tianjin", "candidate_source": "place_village_hamlet_locality", "id": "1481166730", "osm_type": "way", "place": "village", "landuse": "None", "residential": "None", "name": "None" }, "geometry": { "type": "Polygon", "coordinates": [ [ [ 117.339668273925781, 39.252079010009766 ], [ 117.339920043945312, 39.251815795898438 ], [ 117.340621948242188, 39.25225830078125 ], [ 117.340774536132812, 39.252101898193359 ], [ 117.341506958007812, 39.252513885498047 ], [ 117.340911865234375, 39.252971649169922 ], [ 117.340843200683594, 39.252937316894531 ], [ 117.340736389160156, 39.253017425537109 ], [ 117.340827941894531, 39.253089904785156 ], [ 117.340644836425781, 39.253246307373047 ], [ 117.340904235839844, 39.253398895263672 ], [ 117.341445922851562, 39.253055572509766 ], [ 117.34246826171875, 39.253620147705078 ], [ 117.343353271484375, 39.252708435058594 ], [ 117.343612670898438, 39.25286865234375 ], [ 117.343254089355469, 39.253276824951172 ], [ 117.343490600585938, 39.253406524658203 ], [ 117.343582153320312, 39.253326416015625 ], [ 117.343803405761719, 39.253433227539062 ], [ 117.344001770019531, 39.253273010253906 ], [ 117.344749450683594, 39.253612518310547 ], [ 117.344841003417969, 39.253376007080078 ], [ 117.345054626464844, 39.252662658691406 ], [ 117.34515380859375, 39.252456665039062 ], [ 117.345260620117188, 39.252250671386719 ], [ 117.345626831054688, 39.251686096191406 ], [ 117.34521484375, 39.251453399658203 ], [ 117.345306396484375, 39.250934600830078 ], [ 117.345359802246094, 39.2506103515625 ], [ 117.345329284667969, 39.250350952148438 ], [ 117.345268249511719, 39.250175476074219 ], [ 117.345176696777344, 39.249988555908203 ], [ 117.345130920410156, 39.249858856201172 ], [ 117.345024108886719, 39.249607086181641 ], [ 117.344856262207031, 39.249317169189453 ], [ 117.344680786132812, 39.248996734619141 ], [ 117.344261169433594, 39.248321533203125 ], [ 117.344619750976562, 39.248180389404297 ], [ 117.344078063964844, 39.247303009033203 ], [ 117.343574523925781, 39.246421813964844 ], [ 117.343406677246094, 39.246131896972656 ], [ 117.343185424804688, 39.245738983154297 ], [ 117.342903137207031, 39.245258331298828 ], [ 117.342765808105469, 39.244991302490234 ], [ 117.34246826171875, 39.244472503662109 ], [ 117.342155456542969, 39.244586944580078 ], [ 117.3416748046875, 39.243732452392578 ], [ 117.339797973632812, 39.244125366210938 ], [ 117.338920593261719, 39.244297027587891 ], [ 117.338424682617188, 39.244464874267578 ], [ 117.338844299316406, 39.24505615234375 ], [ 117.339668273925781, 39.244724273681641 ], [ 117.340118408203125, 39.245323181152344 ], [ 117.339096069335938, 39.245807647705078 ], [ 117.338714599609375, 39.245288848876953 ], [ 117.338127136230469, 39.245532989501953 ], [ 117.337905883789062, 39.245246887207031 ], [ 117.337554931640625, 39.245384216308594 ], [ 117.337364196777344, 39.245391845703125 ], [ 117.336997985839844, 39.245567321777344 ], [ 117.336738586425781, 39.245193481445312 ], [ 117.336280822753906, 39.245395660400391 ], [ 117.335922241210938, 39.245635986328125 ], [ 117.336585998535156, 39.246250152587891 ], [ 117.336029052734375, 39.246555328369141 ], [ 117.335884094238281, 39.246635437011719 ], [ 117.335334777832031, 39.246982574462891 ], [ 117.335182189941406, 39.247798919677734 ], [ 117.3360595703125, 39.24810791015625 ], [ 117.335990905761719, 39.248580932617188 ], [ 117.336380004882812, 39.24871826171875 ], [ 117.336158752441406, 39.249347686767578 ], [ 117.335426330566406, 39.249832153320312 ], [ 117.33575439453125, 39.250228881835938 ], [ 117.336135864257812, 39.249912261962891 ], [ 117.336372375488281, 39.250141143798828 ], [ 117.33734130859375, 39.250648498535156 ], [ 117.337158203125, 39.250865936279297 ], [ 117.337753295898438, 39.251182556152344 ], [ 117.337905883789062, 39.251102447509766 ], [ 117.338462829589844, 39.25140380859375 ], [ 117.339668273925781, 39.252079010009766 ] ] ] } },
{ "type": "Feature", "properties": { "city": "tianjin", "candidate_source": "place_village_hamlet_locality", "id": "13711736622", "osm_type": "node", "place": "village", "landuse": "None", "residential": "None", "name": "None" }, "geometry": { "type": "Point", "coordinates": [ 117.348243713378906, 39.252849578857422 ] } },
{ "type": "Feature", "properties": { "city": "tianjin", "candidate_source": "place_village_hamlet_locality", "id": "1481334558", "osm_type": "way", "place": "village", "landuse": "None", "residential": "None", "name": "None" }, "geometry": { "type": "Polygon", "coordinates": [ [ [ 117.351875305175781, 39.261955261230469 ], [ 117.351898193359375, 39.261905670166016 ], [ 117.353965759277344, 39.259078979492188 ], [ 117.354866027832031, 39.259357452392578 ], [ 117.355148315429688, 39.258930206298828 ], [ 117.3553466796875, 39.259021759033203 ], [ 117.355583190917969, 39.258651733398438 ], [ 117.355903625488281, 39.258316040039062 ], [ 117.356193542480469, 39.257904052734375 ], [ 117.357063293457031, 39.258316040039062 ], [ 117.357521057128906, 39.257785797119141 ], [ 117.357902526855469, 39.257228851318359 ], [ 117.358421325683594, 39.257503509521484 ], [ 117.358779907226562, 39.257678985595703 ], [ 117.35882568359375, 39.257621765136719 ], [ 117.35888671875, 39.257633209228516 ], [ 117.358932495117188, 39.257598876953125 ], [ 117.359260559082031, 39.256874084472656 ], [ 117.359397888183594, 39.256820678710938 ], [ 117.359466552734375, 39.2568359375 ], [ 117.359603881835938, 39.256572723388672 ], [ 117.359733581542969, 39.256557464599609 ], [ 117.35992431640625, 39.256427764892578 ], [ 117.360000610351562, 39.256366729736328 ], [ 117.360031127929688, 39.256240844726562 ], [ 117.360008239746094, 39.256187438964844 ], [ 117.35986328125, 39.256153106689453 ], [ 117.359756469726562, 39.256084442138672 ], [ 117.359634399414062, 39.256011962890625 ], [ 117.358970642089844, 39.255897521972656 ], [ 117.359062194824219, 39.255668640136719 ], [ 117.359024047851562, 39.255527496337891 ], [ 117.358871459960938, 39.255489349365234 ], [ 117.358848571777344, 39.255397796630859 ], [ 117.359024047851562, 39.255374908447266 ], [ 117.359016418457031, 39.255294799804688 ], [ 117.359207153320312, 39.255287170410156 ], [ 117.359184265136719, 39.255115509033203 ], [ 117.359962463378906, 39.255100250244141 ], [ 117.359947204589844, 39.2548828125 ], [ 117.359825134277344, 39.254856109619141 ], [ 117.359825134277344, 39.254669189453125 ], [ 117.359695434570312, 39.254611968994141 ], [ 117.359527587890625, 39.254249572753906 ], [ 117.357414245605469, 39.254772186279297 ], [ 117.356727600097656, 39.254917144775391 ], [ 117.355873107910156, 39.255153656005859 ], [ 117.35565185546875, 39.255199432373047 ], [ 117.355545043945312, 39.255043029785156 ], [ 117.355384826660156, 39.255035400390625 ], [ 117.355339050292969, 39.254985809326172 ], [ 117.355499267578125, 39.254734039306641 ], [ 117.355796813964844, 39.254390716552734 ], [ 117.355743408203125, 39.254337310791016 ], [ 117.355613708496094, 39.254283905029297 ], [ 117.355682373046875, 39.254188537597656 ], [ 117.355804443359375, 39.254180908203125 ], [ 117.355941772460938, 39.254135131835938 ], [ 117.355995178222656, 39.254055023193359 ], [ 117.35601806640625, 39.253952026367188 ], [ 117.355873107910156, 39.253879547119141 ], [ 117.355796813964844, 39.253841400146484 ], [ 117.356315612792969, 39.253089904785156 ], [ 117.355865478515625, 39.252883911132812 ], [ 117.356246948242188, 39.252353668212891 ], [ 117.355804443359375, 39.252147674560547 ], [ 117.355377197265625, 39.252056121826172 ], [ 117.355194091796875, 39.251998901367188 ], [ 117.355026245117188, 39.252052307128906 ], [ 117.354827880859375, 39.252071380615234 ], [ 117.354713439941406, 39.252079010009766 ], [ 117.354202270507812, 39.251857757568359 ], [ 117.354415893554688, 39.251781463623047 ], [ 117.354385375976562, 39.251693725585938 ], [ 117.354255676269531, 39.251674652099609 ], [ 117.353828430175781, 39.251426696777344 ], [ 117.353729248046875, 39.25140380859375 ], [ 117.353523254394531, 39.251316070556641 ], [ 117.352989196777344, 39.250988006591797 ], [ 117.352920532226562, 39.250957489013672 ], [ 117.352149963378906, 39.251060485839844 ], [ 117.352447509765625, 39.251243591308594 ], [ 117.35186767578125, 39.251983642578125 ], [ 117.351699829101562, 39.252017974853516 ], [ 117.35150146484375, 39.252029418945312 ], [ 117.351387023925781, 39.252029418945312 ], [ 117.351272583007812, 39.251987457275391 ], [ 117.351036071777344, 39.251861572265625 ], [ 117.350715637207031, 39.252246856689453 ], [ 117.35040283203125, 39.252094268798828 ], [ 117.349884033203125, 39.252696990966797 ], [ 117.349075317382812, 39.253692626953125 ], [ 117.348846435546875, 39.2535400390625 ], [ 117.348243713378906, 39.254241943359375 ], [ 117.346405029296875, 39.255966186523438 ], [ 117.346099853515625, 39.256263732910156 ], [ 117.345733642578125, 39.256111145019531 ], [ 117.344970703125, 39.256935119628906 ], [ 117.345611572265625, 39.257289886474609 ], [ 117.344963073730469, 39.257999420166016 ], [ 117.345252990722656, 39.258350372314453 ], [ 117.349411010742188, 39.257583618164062 ], [ 117.349411010742188, 39.25775146484375 ], [ 117.349464416503906, 39.257915496826172 ], [ 117.349510192871094, 39.258018493652344 ], [ 117.349594116210938, 39.258064270019531 ], [ 117.349739074707031, 39.258110046386719 ], [ 117.349937438964844, 39.258167266845703 ], [ 117.350128173828125, 39.258232116699219 ], [ 117.350410461425781, 39.258365631103516 ], [ 117.350654602050781, 39.258506774902344 ], [ 117.350715637207031, 39.258644104003906 ], [ 117.350662231445312, 39.2593994140625 ], [ 117.350555419921875, 39.260807037353516 ], [ 117.35052490234375, 39.26104736328125 ], [ 117.350540161132812, 39.261096954345703 ], [ 117.350578308105469, 39.261131286621094 ], [ 117.350982666015625, 39.261161804199219 ], [ 117.350975036621094, 39.26123046875 ], [ 117.350975036621094, 39.26129150390625 ], [ 117.3509521484375, 39.261390686035156 ], [ 117.351097106933594, 39.261405944824219 ], [ 117.351089477539062, 39.261489868164062 ], [ 117.351402282714844, 39.261505126953125 ], [ 117.351409912109375, 39.261543273925781 ], [ 117.351791381835938, 39.261550903320312 ], [ 117.351730346679688, 39.261947631835938 ], [ 117.351875305175781, 39.261955261230469 ] ] ] } },
{ "type": "Feature", "properties": { "city": "tianjin", "candidate_source": "place_village_hamlet_locality", "id": "1481072825", "osm_type": "way", "place": "village", "landuse": "None", "residential": "None", "name": "None" }, "geometry": { "type": "Polygon", "coordinates": [ [ [ 117.316520690917969, 39.279766082763672 ], [ 117.316970825195312, 39.278724670410156 ], [ 117.316146850585938, 39.278484344482422 ], [ 117.315994262695312, 39.278884887695312 ], [ 117.315231323242188, 39.278724670410156 ], [ 117.315383911132812, 39.278270721435547 ], [ 117.31549072265625, 39.277854919433594 ], [ 117.315574645996094, 39.277797698974609 ], [ 117.315994262695312, 39.277889251708984 ], [ 117.316200256347656, 39.277397155761719 ], [ 117.315826416015625, 39.277397155761719 ], [ 117.315948486328125, 39.277114868164062 ], [ 117.315864562988281, 39.276847839355469 ], [ 117.315864562988281, 39.276615142822266 ], [ 117.315910339355469, 39.276283264160156 ], [ 117.315910339355469, 39.276042938232422 ], [ 117.317489624023438, 39.27618408203125 ], [ 117.318214416503906, 39.275985717773438 ], [ 117.318572998046875, 39.276027679443359 ], [ 117.318862915039062, 39.274482727050781 ], [ 117.317466735839844, 39.274166107177734 ], [ 117.3162841796875, 39.274009704589844 ], [ 117.316337585449219, 39.272895812988281 ], [ 117.315666198730469, 39.272762298583984 ], [ 117.315811157226562, 39.272106170654297 ], [ 117.310211181640625, 39.271026611328125 ], [ 117.310073852539062, 39.271659851074219 ], [ 117.307540893554688, 39.271224975585938 ], [ 117.307647705078125, 39.270877838134766 ], [ 117.307144165039062, 39.270786285400391 ], [ 117.307014465332031, 39.271160125732422 ], [ 117.306083679199219, 39.27099609375 ], [ 117.306388854980469, 39.269847869873047 ], [ 117.305900573730469, 39.27008056640625 ], [ 117.304954528808594, 39.270652770996094 ], [ 117.304405212402344, 39.270977020263672 ], [ 117.303451538085938, 39.271518707275391 ], [ 117.302314758300781, 39.272232055664062 ], [ 117.301658630371094, 39.272647857666016 ], [ 117.300987243652344, 39.273014068603516 ], [ 117.301063537597656, 39.273262023925781 ], [ 117.30133056640625, 39.273479461669922 ], [ 117.301803588867188, 39.273792266845703 ], [ 117.302497863769531, 39.273952484130859 ], [ 117.302413940429688, 39.274242401123047 ], [ 117.303421020507812, 39.274375915527344 ], [ 117.303184509277344, 39.274951934814453 ], [ 117.303146362304688, 39.275203704833984 ], [ 117.302970886230469, 39.275489807128906 ], [ 117.307037353515625, 39.277130126953125 ], [ 117.3095703125, 39.278095245361328 ], [ 117.312103271484375, 39.279071807861328 ], [ 117.313995361328125, 39.279796600341797 ], [ 117.315048217773438, 39.280231475830078 ], [ 117.316642761230469, 39.280712127685547 ], [ 117.317405700683594, 39.280128479003906 ], [ 117.316520690917969, 39.279766082763672 ] ] ] } },
{ "type": "Feature", "properties": { "city": "tianjin", "candidate_source": "place_village_hamlet_locality", "id": "1478741787", "osm_type": "way", "place": "village", "landuse": "None", "residential": "None", "name": "None" }, "geometry": { "type": "Polygon", "coordinates": [ [ [ 117.957984924316406, 39.218742370605469 ], [ 117.958320617675781, 39.218875885009766 ], [ 117.958724975585938, 39.219005584716797 ], [ 117.958961486816406, 39.218841552734375 ], [ 117.958892822265625, 39.218742370605469 ], [ 117.959053039550781, 39.218639373779297 ], [ 117.959327697753906, 39.218727111816406 ], [ 117.959449768066406, 39.218601226806641 ], [ 117.959220886230469, 39.218471527099609 ], [ 117.958854675292969, 39.218284606933594 ], [ 117.959182739257812, 39.218032836914062 ], [ 117.959632873535156, 39.217685699462891 ], [ 117.959907531738281, 39.217357635498047 ], [ 117.959205627441406, 39.217113494873047 ], [ 117.959075927734375, 39.217155456542969 ], [ 117.958969116210938, 39.217575073242188 ], [ 117.958145141601562, 39.217350006103516 ], [ 117.957962036132812, 39.217632293701172 ], [ 117.956985473632812, 39.217308044433594 ], [ 117.957244873046875, 39.217071533203125 ], [ 117.957229614257812, 39.216945648193359 ], [ 117.95703125, 39.216522216796875 ], [ 117.956390380859375, 39.216091156005859 ], [ 117.955802917480469, 39.216556549072266 ], [ 117.95477294921875, 39.217319488525391 ], [ 117.953460693359375, 39.218410491943359 ], [ 117.953346252441406, 39.218517303466797 ], [ 117.953376770019531, 39.218677520751953 ], [ 117.954139709472656, 39.219200134277344 ], [ 117.954978942871094, 39.218212127685547 ], [ 117.955703735351562, 39.218521118164062 ], [ 117.957199096679688, 39.219173431396484 ], [ 117.957984924316406, 39.218742370605469 ] ] ] } },
{ "type": "Feature", "properties": { "city": "tianjin", "candidate_source": "place_village_hamlet_locality", "id": "13730590098", "osm_type": "node", "place": "village", "landuse": "None", "residential": "None", "name": "None" }, "geometry": { "type": "Point", "coordinates": [ 117.958221435546875, 39.217967987060547 ] } },
{ "type": "Feature", "properties": { "city": "tianjin", "candidate_source": "place_village_hamlet_locality", "id": "13730590067", "osm_type": "node", "place": "village", "landuse": "None", "residential": "None", "name": "None" }, "geometry": { "type": "Point", "coordinates": [ 117.762008666992188, 39.252048492431641 ] } },
{ "type": "Feature", "properties": { "city": "tianjin", "candidate_source": "place_village_hamlet_locality", "id": "1344668566", "osm_type": "way", "place": "village", "landuse": "None", "residential": "None", "name": "None" }, "geometry": { "type": "Polygon", "coordinates": [ [ [ 117.765663146972656, 39.253173828125 ], [ 117.766502380371094, 39.251918792724609 ], [ 117.766571044921875, 39.251800537109375 ], [ 117.764747619628906, 39.250938415527344 ], [ 117.764389038085938, 39.250785827636719 ], [ 117.764022827148438, 39.25067138671875 ], [ 117.764251708984375, 39.250358581542969 ], [ 117.763534545898438, 39.250057220458984 ], [ 117.763084411621094, 39.250392913818359 ], [ 117.760772705078125, 39.249526977539062 ], [ 117.760383605957031, 39.250064849853516 ], [ 117.760223388671875, 39.250408172607422 ], [ 117.759536743164062, 39.251430511474609 ], [ 117.75909423828125, 39.252017974853516 ], [ 117.760032653808594, 39.252738952636719 ], [ 117.761245727539062, 39.253463745117188 ], [ 117.76239013671875, 39.254188537597656 ], [ 117.763412475585938, 39.254550933837891 ], [ 117.763580322265625, 39.254508972167969 ], [ 117.764602661132812, 39.25494384765625 ], [ 117.765663146972656, 39.253173828125 ] ] ] } },
{ "type": "Feature", "properties": { "city": "tianjin", "candidate_source": "place_village_hamlet_locality", "id": "13564428214", "osm_type": "node", "place": "village", "landuse": "None", "residential": "None", "name": "None" }, "geometry": { "type": "Point", "coordinates": [ 118.009819030761719, 39.253360748291016 ] } },
{ "type": "Feature", "properties": { "city": "tianjin", "candidate_source": "place_village_hamlet_locality", "id": "1165900540", "osm_type": "way", "place": "village", "landuse": "None", "residential": "None", "name": "None" }, "geometry": { "type": "Polygon", "coordinates": [ [ [ 117.754081726074219, 39.258743286132812 ], [ 117.755012512207031, 39.257888793945312 ], [ 117.755203247070312, 39.257347106933594 ], [ 117.756355285644531, 39.257595062255859 ], [ 117.757232666015625, 39.257785797119141 ], [ 117.757301330566406, 39.257602691650391 ], [ 117.75738525390625, 39.257621765136719 ], [ 117.757415771484375, 39.257556915283203 ], [ 117.758834838867188, 39.257839202880859 ], [ 117.759033203125, 39.257358551025391 ], [ 117.761741638183594, 39.257972717285156 ], [ 117.761749267578125, 39.258979797363281 ], [ 117.761032104492188, 39.258964538574219 ], [ 117.761001586914062, 39.259574890136719 ], [ 117.761688232421875, 39.259597778320312 ], [ 117.762107849121094, 39.259654998779297 ], [ 117.762168884277344, 39.259502410888672 ], [ 117.761993408203125, 39.259433746337891 ], [ 117.762069702148438, 39.259269714355469 ], [ 117.762733459472656, 39.259403228759766 ], [ 117.762847900390625, 39.258995056152344 ], [ 117.762657165527344, 39.258945465087891 ], [ 117.7626953125, 39.258857727050781 ], [ 117.762557983398438, 39.258831024169922 ], [ 117.762489318847656, 39.258705139160156 ], [ 117.762535095214844, 39.258617401123047 ], [ 117.762870788574219, 39.258686065673828 ], [ 117.762916564941406, 39.2584228515625 ], [ 117.760848999023438, 39.256629943847656 ], [ 117.760490417480469, 39.256393432617188 ], [ 117.758781433105469, 39.255619049072266 ], [ 117.757431030273438, 39.255130767822266 ], [ 117.757110595703125, 39.255096435546875 ], [ 117.756927490234375, 39.255550384521484 ], [ 117.755157470703125, 39.255138397216797 ], [ 117.754692077636719, 39.256443023681641 ], [ 117.754219055175781, 39.257156372070312 ], [ 117.754165649414062, 39.257232666015625 ], [ 117.753334045410156, 39.258453369140625 ], [ 117.754081726074219, 39.258743286132812 ] ] ] } },
{ "type": "Feature", "properties": { "city": "tianjin", "candidate_source": "place_village_hamlet_locality", "id": "13123161633", "osm_type": "node", "place": "village", "landuse": "None", "residential": "None", "name": "None" }, "geometry": { "type": "Point", "coordinates": [ 117.761451721191406, 39.257514953613281 ] } },
{ "type": "Feature", "properties": { "city": "tianjin", "candidate_source": "place_village_hamlet_locality", "id": "1499395590", "osm_type": "way", "place": "village", "landuse": "None", "residential": "None", "name": "None" }, "geometry": { "type": "Polygon", "coordinates": [ [ [ 117.761695861816406, 39.261833190917969 ], [ 117.761703491210938, 39.261276245117188 ], [ 117.761161804199219, 39.261280059814453 ], [ 117.761161804199219, 39.261833190917969 ], [ 117.761695861816406, 39.261833190917969 ] ] ] } },
{ "type": "Feature", "properties": { "city": "tianjin", "candidate_source": "place_village_hamlet_locality", "id": "13730590081", "osm_type": "node", "place": "village", "landuse": "None", "residential": "None", "name": "None" }, "geometry": { "type": "Point", "coordinates": [ 117.778572082519531, 39.2647705078125 ] } },
{ "type": "Feature", "properties": { "city": "tianjin", "candidate_source": "place_village_hamlet_locality", "id": "1476777663", "osm_type": "way", "place": "village", "landuse": "None", "residential": "None", "name": "None" }, "geometry": { "type": "Polygon", "coordinates": [ [ [ 117.780342102050781, 39.266654968261719 ], [ 117.781143188476562, 39.266761779785156 ], [ 117.781898498535156, 39.266738891601562 ], [ 117.782196044921875, 39.266117095947266 ], [ 117.782386779785156, 39.265998840332031 ], [ 117.782493591308594, 39.265617370605469 ], [ 117.782783508300781, 39.265510559082031 ], [ 117.782829284667969, 39.264869689941406 ], [ 117.782699584960938, 39.264602661132812 ], [ 117.782913208007812, 39.264553070068359 ], [ 117.782913208007812, 39.264396667480469 ], [ 117.783088684082031, 39.264389038085938 ], [ 117.783088684082031, 39.264114379882812 ], [ 117.782920837402344, 39.264053344726562 ], [ 117.780632019042969, 39.264064788818359 ], [ 117.778343200683594, 39.264106750488281 ], [ 117.777839660644531, 39.264144897460938 ], [ 117.777702331542969, 39.264289855957031 ], [ 117.777450561523438, 39.264297485351562 ], [ 117.776954650878906, 39.264312744140625 ], [ 117.776351928710938, 39.264274597167969 ], [ 117.776329040527344, 39.264453887939453 ], [ 117.775138854980469, 39.26434326171875 ], [ 117.775039672851562, 39.264774322509766 ], [ 117.775123596191406, 39.264785766601562 ], [ 117.775054931640625, 39.265140533447266 ], [ 117.777366638183594, 39.265369415283203 ], [ 117.777351379394531, 39.265636444091797 ], [ 117.777793884277344, 39.265697479248047 ], [ 117.777824401855469, 39.266143798828125 ], [ 117.779129028320312, 39.266231536865234 ], [ 117.779098510742188, 39.266582489013672 ], [ 117.780342102050781, 39.266654968261719 ] ] ] } },
{ "type": "Feature", "properties": { "city": "tianjin", "candidate_source": "place_village_hamlet_locality", "id": "13730590064", "osm_type": "node", "place": "village", "landuse": "None", "residential": "None", "name": "None" }, "geometry": { "type": "Point", "coordinates": [ 117.746391296386719, 39.252418518066406 ] } },
{ "type": "Feature", "properties": { "city": "tianjin", "candidate_source": "place_village_hamlet_locality", "id": "1478938480", "osm_type": "way", "place": "village", "landuse": "None", "residential": "None", "name": "None" }, "geometry": { "type": "Polygon", "coordinates": [ [ [ 117.744598388671875, 39.255443572998047 ], [ 117.744819641113281, 39.25555419921875 ], [ 117.744888305664062, 39.255462646484375 ], [ 117.74530029296875, 39.255645751953125 ], [ 117.745658874511719, 39.255256652832031 ], [ 117.746627807617188, 39.255752563476562 ], [ 117.746902465820312, 39.255542755126953 ], [ 117.747215270996094, 39.255161285400391 ], [ 117.748085021972656, 39.253932952880859 ], [ 117.747764587402344, 39.253730773925781 ], [ 117.747894287109375, 39.253509521484375 ], [ 117.747596740722656, 39.253250122070312 ], [ 117.747291564941406, 39.253135681152344 ], [ 117.747360229492188, 39.253040313720703 ], [ 117.747184753417969, 39.252956390380859 ], [ 117.7471923828125, 39.252849578857422 ], [ 117.746788024902344, 39.252613067626953 ], [ 117.746902465820312, 39.252437591552734 ], [ 117.746482849121094, 39.252216339111328 ], [ 117.746612548828125, 39.252082824707031 ], [ 117.744636535644531, 39.251068115234375 ], [ 117.744430541992188, 39.250980377197266 ], [ 117.744255065917969, 39.250904083251953 ], [ 117.744117736816406, 39.250850677490234 ], [ 117.743843078613281, 39.250648498535156 ], [ 117.743545532226562, 39.250392913818359 ], [ 117.743003845214844, 39.250724792480469 ], [ 117.742767333984375, 39.250896453857422 ], [ 117.742523193359375, 39.250953674316406 ], [ 117.742347717285156, 39.2510986328125 ], [ 117.741966247558594, 39.251369476318359 ], [ 117.741806030273438, 39.251567840576172 ], [ 117.741653442382812, 39.251701354980469 ], [ 117.741462707519531, 39.251842498779297 ], [ 117.741363525390625, 39.251941680908203 ], [ 117.741020202636719, 39.252185821533203 ], [ 117.741203308105469, 39.252330780029297 ], [ 117.741325378417969, 39.25244140625 ], [ 117.741378784179688, 39.252525329589844 ], [ 117.741203308105469, 39.252723693847656 ], [ 117.742195129394531, 39.253360748291016 ], [ 117.74224853515625, 39.253330230712891 ], [ 117.743461608886719, 39.254192352294922 ], [ 117.743560791015625, 39.254264831542969 ], [ 117.743499755859375, 39.254329681396484 ], [ 117.743606567382812, 39.254398345947266 ], [ 117.743484497070312, 39.254493713378906 ], [ 117.743934631347656, 39.254779815673828 ], [ 117.743812561035156, 39.254886627197266 ], [ 117.744598388671875, 39.255443572998047 ] ] ] } },
{ "type": "Feature", "properties": { "city": "tianjin", "candidate_source": "place_village_hamlet_locality", "id": "13546203716", "osm_type": "node", "place": "village", "landuse": "None", "residential": "None", "name": "None" }, "geometry": { "type": "Point", "coordinates": [ 117.757171630859375, 39.255626678466797 ] } },
{ "type": "Feature", "properties": { "city": "tianjin", "candidate_source": "place_village_hamlet_locality", "id": "1479040622", "osm_type": "way", "place": "village", "landuse": "None", "residential": "None", "name": "None" }, "geometry": { "type": "Polygon", "coordinates": [ [ [ 117.743568420410156, 39.259418487548828 ], [ 117.743705749511719, 39.259189605712891 ], [ 117.743927001953125, 39.259250640869141 ], [ 117.74407958984375, 39.259014129638672 ], [ 117.744308471679688, 39.259082794189453 ], [ 117.744514465332031, 39.258991241455078 ], [ 117.744781494140625, 39.258621215820312 ], [ 117.745086669921875, 39.258102416992188 ], [ 117.745338439941406, 39.257587432861328 ], [ 117.745391845703125, 39.257408142089844 ], [ 117.744232177734375, 39.256893157958984 ], [ 117.744239807128906, 39.256736755371094 ], [ 117.744392395019531, 39.256351470947266 ], [ 117.744300842285156, 39.256057739257812 ], [ 117.743881225585938, 39.255462646484375 ], [ 117.743507385253906, 39.255336761474609 ], [ 117.743415832519531, 39.255393981933594 ], [ 117.743095397949219, 39.255786895751953 ], [ 117.742973327636719, 39.255733489990234 ], [ 117.742210388183594, 39.255397796630859 ], [ 117.741485595703125, 39.255119323730469 ], [ 117.741935729980469, 39.254112243652344 ], [ 117.742027282714844, 39.253952026367188 ], [ 117.741912841796875, 39.253879547119141 ], [ 117.741989135742188, 39.253757476806641 ], [ 117.741554260253906, 39.253604888916016 ], [ 117.741600036621094, 39.253555297851562 ], [ 117.741371154785156, 39.253475189208984 ], [ 117.740036010742188, 39.2529296875 ], [ 117.738906860351562, 39.254673004150391 ], [ 117.737907409667969, 39.256263732910156 ], [ 117.737998962402344, 39.256298065185547 ], [ 117.737716674804688, 39.256717681884766 ], [ 117.738372802734375, 39.257129669189453 ], [ 117.739517211914062, 39.257839202880859 ], [ 117.740409851074219, 39.258296966552734 ], [ 117.741180419921875, 39.258644104003906 ], [ 117.743568420410156, 39.259418487548828 ] ] ] } },
{ "type": "Feature", "properties": { "city": "tianjin", "candidate_source": "place_village_hamlet_locality", "id": "13730590062", "osm_type": "node", "place": "village", "landuse": "None", "residential": "None", "name": "None" }, "geometry": { "type": "Point", "coordinates": [ 117.741462707519531, 39.257705688476562 ] } },
{ "type": "Feature", "properties": { "city": "tianjin", "candidate_source": "place_village_hamlet_locality", "id": "13730590032", "osm_type": "node", "place": "village", "landuse": "None", "residential": "None", "name": "None" }, "geometry": { "type": "Point", "coordinates": [ 117.737945556640625, 39.266620635986328 ] } },
{ "type": "Feature", "properties": { "city": "tianjin", "candidate_source": "place_village_hamlet_locality", "id": "1479040671", "osm_type": "way", "place": "village", "landuse": "None", "residential": "None", "name": "None" }, "geometry": { "type": "Polygon", "coordinates": [ [ [ 117.733238220214844, 39.270919799804688 ], [ 117.733184814453125, 39.270675659179688 ], [ 117.73468017578125, 39.270725250244141 ], [ 117.734642028808594, 39.270336151123047 ], [ 117.735404968261719, 39.270355224609375 ], [ 117.735488891601562, 39.270198822021484 ], [ 117.736885070800781, 39.270339965820312 ], [ 117.736946105957031, 39.270645141601562 ], [ 117.737709045410156, 39.270694732666016 ], [ 117.737922668457031, 39.269332885742188 ], [ 117.73797607421875, 39.269050598144531 ], [ 117.740409851074219, 39.269309997558594 ], [ 117.740493774414062, 39.268905639648438 ], [ 117.7406005859375, 39.268360137939453 ], [ 117.740798950195312, 39.26751708984375 ], [ 117.740554809570312, 39.267494201660156 ], [ 117.739593505859375, 39.267322540283203 ], [ 117.738388061523438, 39.267066955566406 ], [ 117.738662719726562, 39.265670776367188 ], [ 117.738685607910156, 39.265560150146484 ], [ 117.737495422363281, 39.265380859375 ], [ 117.737388610839844, 39.265277862548828 ], [ 117.73712158203125, 39.265243530273438 ], [ 117.736831665039062, 39.265094757080078 ], [ 117.736473083496094, 39.26495361328125 ], [ 117.735969543457031, 39.264705657958984 ], [ 117.735946655273438, 39.264598846435547 ], [ 117.735481262207031, 39.264301300048828 ], [ 117.735176086425781, 39.264156341552734 ], [ 117.73480224609375, 39.264083862304688 ], [ 117.734825134277344, 39.263988494873047 ], [ 117.734451293945312, 39.263923645019531 ], [ 117.734321594238281, 39.264068603515625 ], [ 117.734062194824219, 39.264118194580078 ], [ 117.733787536621094, 39.264266967773438 ], [ 117.733467102050781, 39.264625549316406 ], [ 117.733108520507812, 39.264980316162109 ], [ 117.732559204101562, 39.265602111816406 ], [ 117.732437133789062, 39.265693664550781 ], [ 117.732139587402344, 39.266014099121094 ], [ 117.731910705566406, 39.266319274902344 ], [ 117.731582641601562, 39.266437530517578 ], [ 117.729949951171875, 39.267379760742188 ], [ 117.730621337890625, 39.268100738525391 ], [ 117.730888366699219, 39.268413543701172 ], [ 117.731056213378906, 39.268699645996094 ], [ 117.728378295898438, 39.268756866455078 ], [ 117.728538513183594, 39.269691467285156 ], [ 117.730789184570312, 39.269493103027344 ], [ 117.731010437011719, 39.270404815673828 ], [ 117.731681823730469, 39.270351409912109 ], [ 117.731887817382812, 39.270992279052734 ], [ 117.733238220214844, 39.270919799804688 ] ] ] } },
{ "type": "Feature", "properties": { "city": "tianjin", "candidate_source": "place_village_hamlet_locality", "id": "9652837038", "osm_type": "node", "place": "village", "landuse": "None", "residential": "None", "name": "None" }, "geometry": { "type": "Point", "coordinates": [ 116.985015869140625, 39.060459136962891 ] } },
{ "type": "Feature", "properties": { "city": "tianjin", "candidate_source": "place_village_hamlet_locality", "id": "9652837037", "osm_type": "node", "place": "village", "landuse": "None", "residential": "None", "name": "None" }, "geometry": { "type": "Point", "coordinates": [ 116.987289428710938, 39.061275482177734 ] } },
{ "type": "Feature", "properties": { "city": "tianjin", "candidate_source": "place_village_hamlet_locality", "id": "9396437966", "osm_type": "node", "place": "village", "landuse": "None", "residential": "None", "name": "None" }, "geometry": { "type": "Point", "coordinates": [ 116.94842529296875, 39.153610229492188 ] } },
{ "type": "Feature", "properties": { "city": "tianjin", "candidate_source": "place_village_hamlet_locality", "id": "13468192425", "osm_type": "node", "place": "village", "landuse": "None", "residential": "None", "name": "None" }, "geometry": { "type": "Point", "coordinates": [ 117.131500244140625, 39.040546417236328 ] } },
{ "type": "Feature", "properties": { "city": "tianjin", "candidate_source": "place_village_hamlet_locality", "id": "12531209276", "osm_type": "node", "place": "locality", "landuse": "None", "residential": "None", "name": "None" }, "geometry": { "type": "Point", "coordinates": [ 117.11151123046875, 39.063838958740234 ] } },
{ "type": "Feature", "properties": { "city": "tianjin", "candidate_source": "place_village_hamlet_locality", "id": "12531209279", "osm_type": "node", "place": "locality", "landuse": "None", "residential": "None", "name": "None" }, "geometry": { "type": "Point", "coordinates": [ 117.098793029785156, 39.0638427734375 ] } },
{ "type": "Feature", "properties": { "city": "tianjin", "candidate_source": "place_village_hamlet_locality", "id": "12531209278", "osm_type": "node", "place": "locality", "landuse": "None", "residential": "None", "name": "None" }, "geometry": { "type": "Point", "coordinates": [ 117.101905822753906, 39.070686340332031 ] } },
{ "type": "Feature", "properties": { "city": "tianjin", "candidate_source": "place_village_hamlet_locality", "id": "12531209277", "osm_type": "node", "place": "locality", "landuse": "None", "residential": "None", "name": "None" }, "geometry": { "type": "Point", "coordinates": [ 117.108802795410156, 39.070793151855469 ] } },
{ "type": "Feature", "properties": { "city": "tianjin", "candidate_source": "place_village_hamlet_locality", "id": "11982425338", "osm_type": "node", "place": "village", "landuse": "None", "residential": "None", "name": "None" }, "geometry": { "type": "Point", "coordinates": [ 117.084487915039062, 39.087112426757812 ] } },
{ "type": "Feature", "properties": { "city": "tianjin", "candidate_source": "place_village_hamlet_locality", "id": "6374137438", "osm_type": "node", "place": "locality", "landuse": "None", "residential": "None", "name": "None" }, "geometry": { "type": "Point", "coordinates": [ 117.289924621582031, 38.942924499511719 ] } },
{ "type": "Feature", "properties": { "city": "tianjin", "candidate_source": "place_village_hamlet_locality", "id": "1340101904", "osm_type": "way", "place": "village", "landuse": "None", "residential": "None", "name": "None" }, "geometry": { "type": "Polygon", "coordinates": [ [ [ 117.33367919921875, 39.026767730712891 ], [ 117.333045959472656, 39.026218414306641 ], [ 117.331771850585938, 39.027099609375 ], [ 117.332481384277344, 39.027687072753906 ], [ 117.33367919921875, 39.026767730712891 ] ] ] } },
{ "type": "Feature", "properties": { "city": "tianjin", "candidate_source": "place_village_hamlet_locality", "id": "11834634416", "osm_type": "node", "place": "village", "landuse": "None", "residential": "None", "name": "None" }, "geometry": { "type": "Point", "coordinates": [ 117.218551635742188, 39.037853240966797 ] } },
{ "type": "Feature", "properties": { "city": "tianjin", "candidate_source": "place_village_hamlet_locality", "id": "13282386110", "osm_type": "node", "place": "locality", "landuse": "None", "residential": "None", "name": "None" }, "geometry": { "type": "Point", "coordinates": [ 117.284896850585938, 39.059032440185547 ] } },
{ "type": "Feature", "properties": { "city": "tianjin", "candidate_source": "place_village_hamlet_locality", "id": "12574584864", "osm_type": "node", "place": "village", "landuse": "None", "residential": "None", "name": "None" }, "geometry": { "type": "Point", "coordinates": [ 117.254310607910156, 39.059669494628906 ] } },
{ "type": "Feature", "properties": { "city": "tianjin", "candidate_source": "place_village_hamlet_locality", "id": "12644797936", "osm_type": "node", "place": "village", "landuse": "None", "residential": "None", "name": "None" }, "geometry": { "type": "Point", "coordinates": [ 117.35186767578125, 39.068977355957031 ] } },
{ "type": "Feature", "properties": { "city": "tianjin", "candidate_source": "place_village_hamlet_locality", "id": "13061951456", "osm_type": "node", "place": "hamlet", "landuse": "None", "residential": "None", "name": "None" }, "geometry": { "type": "Point", "coordinates": [ 117.276435852050781, 39.081722259521484 ] } },
{ "type": "Feature", "properties": { "city": "tianjin", "candidate_source": "residential_rural", "id": "217296653", "osm_type": "way", "place": "None", "landuse": "residential", "residential": "rural", "name": "None" }, "geometry": { "type": "Polygon", "coordinates": [ [ [ 117.33746337890625, 39.102432250976562 ], [ 117.338523864746094, 39.098117828369141 ], [ 117.338912963867188, 39.096218109130859 ], [ 117.33770751953125, 39.096046447753906 ], [ 117.336647033691406, 39.095970153808594 ], [ 117.336570739746094, 39.096328735351562 ], [ 117.3353271484375, 39.096324920654297 ], [ 117.335342407226562, 39.096210479736328 ], [ 117.334648132324219, 39.096187591552734 ], [ 117.334625244140625, 39.096321105957031 ], [ 117.334335327148438, 39.096290588378906 ], [ 117.333984375, 39.096488952636719 ], [ 117.333992004394531, 39.096652984619141 ], [ 117.333106994628906, 39.096694946289062 ], [ 117.333106994628906, 39.096851348876953 ], [ 117.333015441894531, 39.09686279296875 ], [ 117.333015441894531, 39.096958160400391 ], [ 117.332916259765625, 39.096946716308594 ], [ 117.332916259765625, 39.097076416015625 ], [ 117.332893371582031, 39.097190856933594 ], [ 117.332862854003906, 39.09735107421875 ], [ 117.332794189453125, 39.0975341796875 ], [ 117.332504272460938, 39.0982666015625 ], [ 117.332168579101562, 39.099052429199219 ], [ 117.332061767578125, 39.099445343017578 ], [ 117.333015441894531, 39.099388122558594 ], [ 117.333229064941406, 39.102577209472656 ], [ 117.33746337890625, 39.102432250976562 ] ] ] } },
{ "type": "Feature", "properties": { "city": "tianjin", "candidate_source": "place_village_hamlet_locality", "id": "12574584866", "osm_type": "node", "place": "village", "landuse": "None", "residential": "None", "name": "None" }, "geometry": { "type": "Point", "coordinates": [ 117.283775329589844, 39.108127593994141 ] } },
{ "type": "Feature", "properties": { "city": "tianjin", "candidate_source": "place_village_hamlet_locality", "id": "12574584873", "osm_type": "node", "place": "village", "landuse": "None", "residential": "None", "name": "None" }, "geometry": { "type": "Point", "coordinates": [ 117.239395141601562, 39.11492919921875 ] } },
{ "type": "Feature", "properties": { "city": "tianjin", "candidate_source": "place_village_hamlet_locality", "id": "9740958705", "osm_type": "node", "place": "hamlet", "landuse": "None", "residential": "None", "name": "None" }, "geometry": { "type": "Point", "coordinates": [ 117.195533752441406, 39.038314819335938 ] } },
{ "type": "Feature", "properties": { "city": "tianjin", "candidate_source": "place_village_hamlet_locality", "id": "13201060707", "osm_type": "node", "place": "village", "landuse": "None", "residential": "None", "name": "None" }, "geometry": { "type": "Point", "coordinates": [ 117.173370361328125, 39.039695739746094 ] } },
{ "type": "Feature", "properties": { "city": "tianjin", "candidate_source": "place_village_hamlet_locality", "id": "13200424003", "osm_type": "node", "place": "village", "landuse": "None", "residential": "None", "name": "None" }, "geometry": { "type": "Point", "coordinates": [ 117.165870666503906, 39.052570343017578 ] } },
{ "type": "Feature", "properties": { "city": "tianjin", "candidate_source": "place_village_hamlet_locality", "id": "9740958706", "osm_type": "node", "place": "hamlet", "landuse": "None", "residential": "None", "name": "None" }, "geometry": { "type": "Point", "coordinates": [ 117.206809997558594, 39.052787780761719 ] } },
{ "type": "Feature", "properties": { "city": "tianjin", "candidate_source": "place_village_hamlet_locality", "id": "13200977435", "osm_type": "node", "place": "village", "landuse": "None", "residential": "None", "name": "None" }, "geometry": { "type": "Point", "coordinates": [ 117.183349609375, 39.054389953613281 ] } },
{ "type": "Feature", "properties": { "city": "tianjin", "candidate_source": "place_village_hamlet_locality", "id": "13200765391", "osm_type": "node", "place": "village", "landuse": "None", "residential": "None", "name": "None" }, "geometry": { "type": "Point", "coordinates": [ 117.165786743164062, 39.055702209472656 ] } },
{ "type": "Feature", "properties": { "city": "tianjin", "candidate_source": "place_village_hamlet_locality", "id": "13200765516", "osm_type": "node", "place": "village", "landuse": "None", "residential": "None", "name": "None" }, "geometry": { "type": "Point", "coordinates": [ 117.172012329101562, 39.056377410888672 ] } },
{ "type": "Feature", "properties": { "city": "tianjin", "candidate_source": "place_village_hamlet_locality", "id": "9740958707", "osm_type": "node", "place": "hamlet", "landuse": "None", "residential": "None", "name": "None" }, "geometry": { "type": "Point", "coordinates": [ 117.1956787109375, 39.057338714599609 ] } },
{ "type": "Feature", "properties": { "city": "tianjin", "candidate_source": "place_village_hamlet_locality", "id": "13200765534", "osm_type": "node", "place": "village", "landuse": "None", "residential": "None", "name": "None" }, "geometry": { "type": "Point", "coordinates": [ 117.175033569335938, 39.058097839355469 ] } },
{ "type": "Feature", "properties": { "city": "tianjin", "candidate_source": "place_village_hamlet_locality", "id": "13201029035", "osm_type": "node", "place": "locality", "landuse": "None", "residential": "None", "name": "None" }, "geometry": { "type": "Point", "coordinates": [ 117.1976318359375, 39.061935424804688 ] } },
{ "type": "Feature", "properties": { "city": "tianjin", "candidate_source": "place_village_hamlet_locality", "id": "13201029034", "osm_type": "node", "place": "locality", "landuse": "None", "residential": "None", "name": "None" }, "geometry": { "type": "Point", "coordinates": [ 117.197395324707031, 39.062210083007812 ] } },
{ "type": "Feature", "properties": { "city": "tianjin", "candidate_source": "place_village_hamlet_locality", "id": "13201924942", "osm_type": "node", "place": "village", "landuse": "None", "residential": "None", "name": "None" }, "geometry": { "type": "Point", "coordinates": [ 117.168655395507812, 39.067066192626953 ] } },
{ "type": "Feature", "properties": { "city": "tianjin", "candidate_source": "place_village_hamlet_locality", "id": "13231032239", "osm_type": "node", "place": "locality", "landuse": "None", "residential": "None", "name": "None" }, "geometry": { "type": "Point", "coordinates": [ 117.178207397460938, 39.073612213134766 ] } },
{ "type": "Feature", "properties": { "city": "tianjin", "candidate_source": "place_village_hamlet_locality", "id": "13232079970", "osm_type": "node", "place": "locality", "landuse": "None", "residential": "None", "name": "None" }, "geometry": { "type": "Point", "coordinates": [ 117.204681396484375, 39.077358245849609 ] } },
{ "type": "Feature", "properties": { "city": "tianjin", "candidate_source": "place_village_hamlet_locality", "id": "13232079969", "osm_type": "node", "place": "locality", "landuse": "None", "residential": "None", "name": "None" }, "geometry": { "type": "Point", "coordinates": [ 117.205131530761719, 39.077610015869141 ] } },
{ "type": "Feature", "properties": { "city": "tianjin", "candidate_source": "place_village_hamlet_locality", "id": "13232079968", "osm_type": "node", "place": "locality", "landuse": "None", "residential": "None", "name": "None" }, "geometry": { "type": "Point", "coordinates": [ 117.205085754394531, 39.077960968017578 ] } },
{ "type": "Feature", "properties": { "city": "tianjin", "candidate_source": "place_village_hamlet_locality", "id": "13243746225", "osm_type": "node", "place": "locality", "landuse": "None", "residential": "None", "name": "None" }, "geometry": { "type": "Point", "coordinates": [ 117.194694519042969, 39.080802917480469 ] } },
{ "type": "Feature", "properties": { "city": "tianjin", "candidate_source": "place_village_hamlet_locality", "id": "12574584872", "osm_type": "node", "place": "village", "landuse": "None", "residential": "None", "name": "None" }, "geometry": { "type": "Point", "coordinates": [ 117.193138122558594, 39.097934722900391 ] } },
{ "type": "Feature", "properties": { "city": "tianjin", "candidate_source": "place_village_hamlet_locality", "id": "12574584868", "osm_type": "node", "place": "village", "landuse": "None", "residential": "None", "name": "None" }, "geometry": { "type": "Point", "coordinates": [ 117.175651550292969, 39.121299743652344 ] } },
{ "type": "Feature", "properties": { "city": "tianjin", "candidate_source": "place_village_hamlet_locality", "id": "12574584867", "osm_type": "node", "place": "village", "landuse": "None", "residential": "None", "name": "None" }, "geometry": { "type": "Point", "coordinates": [ 117.204460144042969, 39.149887084960938 ] } },
{ "type": "Feature", "properties": { "city": "tianjin", "candidate_source": "place_village_hamlet_locality", "id": "12574584870", "osm_type": "node", "place": "village", "landuse": "None", "residential": "None", "name": "None" }, "geometry": { "type": "Point", "coordinates": [ 117.135391235351562, 39.110073089599609 ] } },
{ "type": "Feature", "properties": { "city": "tianjin", "candidate_source": "place_village_hamlet_locality", "id": "8931437343", "osm_type": "node", "place": "village", "landuse": "None", "residential": "None", "name": "None" }, "geometry": { "type": "Point", "coordinates": [ 117.090888977050781, 39.224231719970703 ] } },
{ "type": "Feature", "properties": { "city": "tianjin", "candidate_source": "place_village_hamlet_locality", "id": "9396438053", "osm_type": "node", "place": "village", "landuse": "None", "residential": "None", "name": "None" }, "geometry": { "type": "Point", "coordinates": [ 117.092758178710938, 39.230365753173828 ] } },
{ "type": "Feature", "properties": { "city": "tianjin", "candidate_source": "place_village_hamlet_locality", "id": "9396438046", "osm_type": "node", "place": "village", "landuse": "None", "residential": "None", "name": "None" }, "geometry": { "type": "Point", "coordinates": [ 117.096099853515625, 39.233497619628906 ] } },
{ "type": "Feature", "properties": { "city": "tianjin", "candidate_source": "place_village_hamlet_locality", "id": "9396438047", "osm_type": "node", "place": "village", "landuse": "None", "residential": "None", "name": "None" }, "geometry": { "type": "Point", "coordinates": [ 117.089134216308594, 39.233909606933594 ] } },
{ "type": "Feature", "properties": { "city": "tianjin", "candidate_source": "place_village_hamlet_locality", "id": "9396438035", "osm_type": "node", "place": "village", "landuse": "None", "residential": "None", "name": "None" }, "geometry": { "type": "Point", "coordinates": [ 117.079322814941406, 39.23968505859375 ] } },
{ "type": "Feature", "properties": { "city": "tianjin", "candidate_source": "place_village_hamlet_locality", "id": "9396438034", "osm_type": "node", "place": "village", "landuse": "None", "residential": "None", "name": "None" }, "geometry": { "type": "Point", "coordinates": [ 117.089897155761719, 39.245941162109375 ] } },
{ "type": "Feature", "properties": { "city": "tianjin", "candidate_source": "place_village_hamlet_locality", "id": "13366999421", "osm_type": "node", "place": "village", "landuse": "None", "residential": "None", "name": "None" }, "geometry": { "type": "Point", "coordinates": [ 117.090347290039062, 39.296314239501953 ] } },
{ "type": "Feature", "properties": { "city": "tianjin", "candidate_source": "place_village_hamlet_locality", "id": "12574584869", "osm_type": "node", "place": "village", "landuse": "None", "residential": "None", "name": "None" }, "geometry": { "type": "Point", "coordinates": [ 117.195449829101562, 39.157779693603516 ] } },
{ "type": "Feature", "properties": { "city": "tianjin", "candidate_source": "place_village_hamlet_locality", "id": "13168839048", "osm_type": "node", "place": "village", "landuse": "None", "residential": "None", "name": "None" }, "geometry": { "type": "Point", "coordinates": [ 117.188835144042969, 39.254302978515625 ] } },
{ "type": "Feature", "properties": { "city": "tianjin", "candidate_source": "place_village_hamlet_locality", "id": "1297343788", "osm_type": "way", "place": "village", "landuse": "None", "residential": "None", "name": "None" }, "geometry": { "type": "Polygon", "coordinates": [ [ [ 117.185409545898438, 39.259376525878906 ], [ 117.18707275390625, 39.259799957275391 ], [ 117.18902587890625, 39.260814666748047 ], [ 117.192413330078125, 39.261783599853516 ], [ 117.190322875976562, 39.253643035888672 ], [ 117.192008972167969, 39.2532958984375 ], [ 117.191825866699219, 39.252788543701172 ], [ 117.189979553222656, 39.253078460693359 ], [ 117.189765930175781, 39.253337860107422 ], [ 117.185623168945312, 39.253070831298828 ], [ 117.185256958007812, 39.253414154052734 ], [ 117.182876586914062, 39.257907867431641 ], [ 117.185409545898438, 39.259376525878906 ] ] ] } },
{ "type": "Feature", "properties": { "city": "tianjin", "candidate_source": "place_village_hamlet_locality", "id": "9396438033", "osm_type": "node", "place": "village", "landuse": "None", "residential": "None", "name": "None" }, "geometry": { "type": "Point", "coordinates": [ 117.030799865722656, 39.266506195068359 ] } },
{ "type": "Feature", "properties": { "city": "tianjin", "candidate_source": "place_village_hamlet_locality", "id": "9396437993", "osm_type": "node", "place": "village", "landuse": "None", "residential": "None", "name": "None" }, "geometry": { "type": "Point", "coordinates": [ 117.027305603027344, 39.273647308349609 ] } },
{ "type": "Feature", "properties": { "city": "tianjin", "candidate_source": "place_village_hamlet_locality", "id": "9396437992", "osm_type": "node", "place": "village", "landuse": "None", "residential": "None", "name": "None" }, "geometry": { "type": "Point", "coordinates": [ 117.027900695800781, 39.279422760009766 ] } },
{ "type": "Feature", "properties": { "city": "tianjin", "candidate_source": "place_village_hamlet_locality", "id": "63217278070", "osm_type": "relation", "place": "village", "landuse": "None", "residential": "None", "name": "None" }, "geometry": { "type": "Polygon", "coordinates": [ [ [ 117.219398498535156, 39.287342071533203 ], [ 117.219108581542969, 39.288501739501953 ], [ 117.221542358398438, 39.28924560546875 ], [ 117.221061706542969, 39.290439605712891 ], [ 117.222053527832031, 39.290634155273438 ], [ 117.222450256347656, 39.289669036865234 ], [ 117.223396301269531, 39.289913177490234 ], [ 117.223655700683594, 39.289382934570312 ], [ 117.224594116210938, 39.289691925048828 ], [ 117.224952697753906, 39.289043426513672 ], [ 117.225654602050781, 39.289272308349609 ], [ 117.225730895996094, 39.289295196533203 ], [ 117.225685119628906, 39.289440155029297 ], [ 117.226005554199219, 39.289546966552734 ], [ 117.226242065429688, 39.289756774902344 ], [ 117.226722717285156, 39.289749145507812 ], [ 117.227180480957031, 39.28955078125 ], [ 117.227584838867188, 39.289295196533203 ], [ 117.228118896484375, 39.2891845703125 ], [ 117.228721618652344, 39.28924560546875 ], [ 117.229385375976562, 39.289333343505859 ], [ 117.229957580566406, 39.289321899414062 ], [ 117.231163024902344, 39.285911560058594 ], [ 117.231834411621094, 39.285167694091797 ], [ 117.231124877929688, 39.284782409667969 ], [ 117.23138427734375, 39.284297943115234 ], [ 117.231498718261719, 39.283828735351562 ], [ 117.231910705566406, 39.283084869384766 ], [ 117.232269287109375, 39.282886505126953 ], [ 117.231910705566406, 39.282699584960938 ], [ 117.225555419921875, 39.284076690673828 ], [ 117.22186279296875, 39.285018920898438 ], [ 117.21868896484375, 39.28564453125 ], [ 117.218757629394531, 39.285873413085938 ], [ 117.219398498535156, 39.287342071533203 ] ] ] } },
{ "type": "Feature", "properties": { "city": "tianjin", "candidate_source": "place_village_hamlet_locality", "id": "9396437960", "osm_type": "node", "place": "village", "landuse": "None", "residential": "None", "name": "None" }, "geometry": { "type": "Point", "coordinates": [ 117.024490356445312, 39.233345031738281 ] } },
{ "type": "Feature", "properties": { "city": "tianjin", "candidate_source": "place_village_hamlet_locality", "id": "9396437959", "osm_type": "node", "place": "village", "landuse": "None", "residential": "None", "name": "None" }, "geometry": { "type": "Point", "coordinates": [ 117.029083251953125, 39.239192962646484 ] } },
{ "type": "Feature", "properties": { "city": "tianjin", "candidate_source": "place_village_hamlet_locality", "id": "9396437958", "osm_type": "node", "place": "village", "landuse": "None", "residential": "None", "name": "None" }, "geometry": { "type": "Point", "coordinates": [ 117.016868591308594, 39.242202758789062 ] } },
{ "type": "Feature", "properties": { "city": "tianjin", "candidate_source": "place_village_hamlet_locality", "id": "9396437967", "osm_type": "node", "place": "village", "landuse": "None", "residential": "None", "name": "None" }, "geometry": { "type": "Point", "coordinates": [ 116.963569641113281, 39.158111572265625 ] } },
{ "type": "Feature", "properties": { "city": "tianjin", "candidate_source": "place_village_hamlet_locality", "id": "9396437963", "osm_type": "node", "place": "village", "landuse": "None", "residential": "None", "name": "None" }, "geometry": { "type": "Point", "coordinates": [ 116.943038940429688, 39.177810668945312 ] } },
{ "type": "Feature", "properties": { "city": "tianjin", "candidate_source": "place_village_hamlet_locality", "id": "9396437964", "osm_type": "node", "place": "village", "landuse": "None", "residential": "None", "name": "None" }, "geometry": { "type": "Point", "coordinates": [ 116.948806762695312, 39.179439544677734 ] } },
{ "type": "Feature", "properties": { "city": "tianjin", "candidate_source": "place_village_hamlet_locality", "id": "9396437965", "osm_type": "node", "place": "village", "landuse": "None", "residential": "None", "name": "None" }, "geometry": { "type": "Point", "coordinates": [ 116.957832336425781, 39.183486938476562 ] } },
{ "type": "Feature", "properties": { "city": "tianjin", "candidate_source": "place_village_hamlet_locality", "id": "9396437989", "osm_type": "node", "place": "village", "landuse": "None", "residential": "None", "name": "None" }, "geometry": { "type": "Point", "coordinates": [ 116.988227844238281, 39.191719055175781 ] } },
{ "type": "Feature", "properties": { "city": "tianjin", "candidate_source": "place_village_hamlet_locality", "id": "9365609348", "osm_type": "node", "place": "village", "landuse": "None", "residential": "None", "name": "None" }, "geometry": { "type": "Point", "coordinates": [ 116.964813232421875, 39.202102661132812 ] } },
{ "type": "Feature", "properties": { "city": "tianjin", "candidate_source": "place_village_hamlet_locality", "id": "9396436054", "osm_type": "node", "place": "village", "landuse": "None", "residential": "None", "name": "None" }, "geometry": { "type": "Point", "coordinates": [ 116.979377746582031, 39.203868865966797 ] } },
{ "type": "Feature", "properties": { "city": "tianjin", "candidate_source": "place_village_hamlet_locality", "id": "9365609347", "osm_type": "node", "place": "village", "landuse": "None", "residential": "None", "name": "None" }, "geometry": { "type": "Point", "coordinates": [ 116.969810485839844, 39.207279205322266 ] } },
{ "type": "Feature", "properties": { "city": "tianjin", "candidate_source": "place_village_hamlet_locality", "id": "9396436053", "osm_type": "node", "place": "village", "landuse": "None", "residential": "None", "name": "None" }, "geometry": { "type": "Point", "coordinates": [ 116.966453552246094, 39.211124420166016 ] } },
{ "type": "Feature", "properties": { "city": "tianjin", "candidate_source": "place_village_hamlet_locality", "id": "9396436055", "osm_type": "node", "place": "village", "landuse": "None", "residential": "None", "name": "None" }, "geometry": { "type": "Point", "coordinates": [ 116.98907470703125, 39.218605041503906 ] } },
{ "type": "Feature", "properties": { "city": "tianjin", "candidate_source": "place_village_hamlet_locality", "id": "9396436056", "osm_type": "node", "place": "village", "landuse": "None", "residential": "None", "name": "None" }, "geometry": { "type": "Point", "coordinates": [ 116.967597961425781, 39.222160339355469 ] } },
{ "type": "Feature", "properties": { "city": "tianjin", "candidate_source": "place_village_hamlet_locality", "id": "13730590072", "osm_type": "node", "place": "village", "landuse": "None", "residential": "None", "name": "None" }, "geometry": { "type": "Point", "coordinates": [ 117.751640319824219, 39.268623352050781 ] } },
{ "type": "Feature", "properties": { "city": "tianjin", "candidate_source": "place_village_hamlet_locality", "id": "1165900543", "osm_type": "way", "place": "village", "landuse": "None", "residential": "None", "name": "None" }, "geometry": { "type": "Polygon", "coordinates": [ [ [ 117.751708984375, 39.270423889160156 ], [ 117.751708984375, 39.270286560058594 ], [ 117.754066467285156, 39.270286560058594 ], [ 117.754104614257812, 39.270435333251953 ], [ 117.754692077636719, 39.270290374755859 ], [ 117.75457763671875, 39.269779205322266 ], [ 117.755226135253906, 39.269706726074219 ], [ 117.755157470703125, 39.269321441650391 ], [ 117.754745483398438, 39.269344329833984 ], [ 117.754745483398438, 39.269287109375 ], [ 117.754486083984375, 39.269313812255859 ], [ 117.754463195800781, 39.269153594970703 ], [ 117.754608154296875, 39.269111633300781 ], [ 117.754783630371094, 39.269111633300781 ], [ 117.754776000976562, 39.268936157226562 ], [ 117.754524230957031, 39.268939971923828 ], [ 117.754463195800781, 39.268562316894531 ], [ 117.753326416015625, 39.268688201904297 ], [ 117.75311279296875, 39.268486022949219 ], [ 117.752723693847656, 39.268417358398438 ], [ 117.752433776855469, 39.26824951171875 ], [ 117.751274108886719, 39.268108367919922 ], [ 117.751243591308594, 39.268375396728516 ], [ 117.748359680175781, 39.268379211425781 ], [ 117.748382568359375, 39.268119812011719 ], [ 117.747993469238281, 39.268096923828125 ], [ 117.747940063476562, 39.268379211425781 ], [ 117.7462158203125, 39.268379211425781 ], [ 117.746307373046875, 39.270442962646484 ], [ 117.751708984375, 39.270423889160156 ] ] ] } },
{ "type": "Feature", "properties": { "city": "tianjin", "candidate_source": "place_village_hamlet_locality", "id": "1475252055", "osm_type": "way", "place": "village", "landuse": "None", "residential": "None", "name": "None" }, "geometry": { "type": "Polygon", "coordinates": [ [ [ 117.756439208984375, 39.275730133056641 ], [ 117.757102966308594, 39.276023864746094 ], [ 117.758064270019531, 39.276351928710938 ], [ 117.758407592773438, 39.276046752929688 ], [ 117.758865356445312, 39.276233673095703 ], [ 117.759002685546875, 39.276012420654297 ], [ 117.758934020996094, 39.275981903076172 ], [ 117.759147644042969, 39.275714874267578 ], [ 117.759674072265625, 39.275863647460938 ], [ 117.7598876953125, 39.275474548339844 ], [ 117.756614685058594, 39.274585723876953 ], [ 117.756912231445312, 39.274093627929688 ], [ 117.756622314453125, 39.273990631103516 ], [ 117.756690979003906, 39.273773193359375 ], [ 117.756156921386719, 39.273487091064453 ], [ 117.756027221679688, 39.2735595703125 ], [ 117.755760192871094, 39.273651123046875 ], [ 117.755538940429688, 39.273849487304688 ], [ 117.755447387695312, 39.273799896240234 ], [ 117.755256652832031, 39.273963928222656 ], [ 117.75518798828125, 39.273929595947266 ], [ 117.754287719726562, 39.274551391601562 ], [ 117.754997253417969, 39.274955749511719 ], [ 117.756004333496094, 39.275547027587891 ], [ 117.755805969238281, 39.275779724121094 ], [ 117.756210327148438, 39.275985717773438 ], [ 117.756439208984375, 39.275730133056641 ] ] ] } },
{ "type": "Feature", "properties": { "city": "tianjin", "candidate_source": "place_village_hamlet_locality", "id": "13730590075", "osm_type": "node", "place": "village", "landuse": "None", "residential": "None", "name": "None" }, "geometry": { "type": "Point", "coordinates": [ 117.756187438964844, 39.275669097900391 ] } },
{ "type": "Feature", "properties": { "city": "tianjin", "candidate_source": "place_village_hamlet_locality", "id": "1173394913", "osm_type": "way", "place": "village", "landuse": "None", "residential": "None", "name": "None" }, "geometry": { "type": "Polygon", "coordinates": [ [ [ 117.935600280761719, 39.268543243408203 ], [ 117.935920715332031, 39.268581390380859 ], [ 117.9361572265625, 39.268684387207031 ], [ 117.936744689941406, 39.268768310546875 ], [ 117.936798095703125, 39.268692016601562 ], [ 117.936912536621094, 39.268741607666016 ], [ 117.936988830566406, 39.268802642822266 ], [ 117.937065124511719, 39.268814086914062 ], [ 117.937232971191406, 39.268875122070312 ], [ 117.937286376953125, 39.2689208984375 ], [ 117.937370300292969, 39.268886566162109 ], [ 117.937576293945312, 39.268947601318359 ], [ 117.937812805175781, 39.269008636474609 ], [ 117.937934875488281, 39.268997192382812 ], [ 117.938316345214844, 39.268932342529297 ], [ 117.938461303710938, 39.268695831298828 ], [ 117.939056396484375, 39.26873779296875 ], [ 117.939193725585938, 39.268783569335938 ], [ 117.939201354980469, 39.268909454345703 ], [ 117.939308166503906, 39.268955230712891 ], [ 117.93963623046875, 39.268924713134766 ], [ 117.940193176269531, 39.268878936767578 ], [ 117.940299987792969, 39.268764495849609 ], [ 117.940406799316406, 39.26861572265625 ], [ 117.941154479980469, 39.26824951171875 ], [ 117.941291809082031, 39.268161773681641 ], [ 117.941314697265625, 39.267814636230469 ], [ 117.941009521484375, 39.267734527587891 ], [ 117.940956115722656, 39.267646789550781 ], [ 117.940643310546875, 39.267612457275391 ], [ 117.940261840820312, 39.267646789550781 ], [ 117.940231323242188, 39.267406463623047 ], [ 117.941848754882812, 39.267612457275391 ], [ 117.941925048828125, 39.267105102539062 ], [ 117.942672729492188, 39.267166137695312 ], [ 117.943275451660156, 39.267265319824219 ], [ 117.943206787109375, 39.267467498779297 ], [ 117.943870544433594, 39.267562866210938 ], [ 117.944068908691406, 39.267696380615234 ], [ 117.946311950683594, 39.268180847167969 ], [ 117.947242736816406, 39.268100738525391 ], [ 117.947944641113281, 39.268035888671875 ], [ 117.9481201171875, 39.267616271972656 ], [ 117.947883605957031, 39.267581939697266 ], [ 117.948005676269531, 39.267078399658203 ], [ 117.948333740234375, 39.267093658447266 ], [ 117.948722839355469, 39.267070770263672 ], [ 117.948951721191406, 39.267009735107422 ], [ 117.948860168457031, 39.265708923339844 ], [ 117.948738098144531, 39.264720916748047 ], [ 117.948822021484375, 39.264179229736328 ], [ 117.947265625, 39.264129638671875 ], [ 117.946998596191406, 39.26434326171875 ], [ 117.946327209472656, 39.264518737792969 ], [ 117.945686340332031, 39.264156341552734 ], [ 117.945236206054688, 39.26470947265625 ], [ 117.942626953125, 39.264270782470703 ], [ 117.942550659179688, 39.264495849609375 ], [ 117.9412841796875, 39.264366149902344 ], [ 117.941177368164062, 39.2646484375 ], [ 117.940872192382812, 39.264591217041016 ], [ 117.940101623535156, 39.2645263671875 ], [ 117.93988037109375, 39.2645263671875 ], [ 117.939765930175781, 39.264812469482422 ], [ 117.939651489257812, 39.264804840087891 ], [ 117.939254760742188, 39.264682769775391 ], [ 117.939315795898438, 39.264572143554688 ], [ 117.93914794921875, 39.264457702636719 ], [ 117.93896484375, 39.264419555664062 ], [ 117.938697814941406, 39.264430999755859 ], [ 117.938262939453125, 39.264316558837891 ], [ 117.93817138671875, 39.264408111572266 ], [ 117.937149047851562, 39.264148712158203 ], [ 117.936973571777344, 39.264530181884766 ], [ 117.937095642089844, 39.265071868896484 ], [ 117.93572998046875, 39.266857147216797 ], [ 117.936058044433594, 39.266933441162109 ], [ 117.935935974121094, 39.267307281494141 ], [ 117.935615539550781, 39.267356872558594 ], [ 117.935272216796875, 39.268459320068359 ], [ 117.935600280761719, 39.268543243408203 ] ] ] } },
{ "type": "Feature", "properties": { "city": "tianjin", "candidate_source": "place_village_hamlet_locality", "id": "13730590093", "osm_type": "node", "place": "village", "landuse": "None", "residential": "None", "name": "None" }, "geometry": { "type": "Point", "coordinates": [ 117.938858032226562, 39.268321990966797 ] } },
{ "type": "Feature", "properties": { "city": "tianjin", "candidate_source": "place_village_hamlet_locality", "id": "13730639818", "osm_type": "node", "place": "village", "landuse": "None", "residential": "None", "name": "None" }, "geometry": { "type": "Point", "coordinates": [ 117.788978576660156, 39.271400451660156 ] } },
{ "type": "Feature", "properties": { "city": "tianjin", "candidate_source": "place_village_hamlet_locality", "id": "13730590095", "osm_type": "node", "place": "village", "landuse": "None", "residential": "None", "name": "None" }, "geometry": { "type": "Point", "coordinates": [ 117.978866577148438, 39.27197265625 ] } },
{ "type": "Feature", "properties": { "city": "tianjin", "candidate_source": "place_village_hamlet_locality", "id": "1478538155", "osm_type": "way", "place": "village", "landuse": "None", "residential": "None", "name": "None" }, "geometry": { "type": "Polygon", "coordinates": [ [ [ 117.975143432617188, 39.274410247802734 ], [ 117.975639343261719, 39.27447509765625 ], [ 117.975570678710938, 39.274875640869141 ], [ 117.977638244628906, 39.275104522705078 ], [ 117.978950500488281, 39.275238037109375 ], [ 117.980087280273438, 39.275333404541016 ], [ 117.980453491210938, 39.2757568359375 ], [ 117.980422973632812, 39.276058197021484 ], [ 117.984550476074219, 39.276393890380859 ], [ 117.984619140625, 39.276042938232422 ], [ 117.983589172363281, 39.275920867919922 ], [ 117.983688354492188, 39.27557373046875 ], [ 117.980751037597656, 39.275325775146484 ], [ 117.98077392578125, 39.274955749511719 ], [ 117.979095458984375, 39.274860382080078 ], [ 117.979141235351562, 39.274684906005859 ], [ 117.982925415039062, 39.274875640869141 ], [ 117.985588073730469, 39.274940490722656 ], [ 117.985504150390625, 39.274623870849609 ], [ 117.98248291015625, 39.274547576904297 ], [ 117.982452392578125, 39.274074554443359 ], [ 117.985298156738281, 39.274192810058594 ], [ 117.984825134277344, 39.273033142089844 ], [ 117.984642028808594, 39.272556304931641 ], [ 117.984527587890625, 39.272060394287109 ], [ 117.984443664550781, 39.272022247314453 ], [ 117.98321533203125, 39.272037506103516 ], [ 117.983230590820312, 39.272106170654297 ], [ 117.981590270996094, 39.272121429443359 ], [ 117.980247497558594, 39.272121429443359 ], [ 117.980270385742188, 39.271873474121094 ], [ 117.979415893554688, 39.271774291992188 ], [ 117.979362487792969, 39.271617889404297 ], [ 117.981399536132812, 39.271953582763672 ], [ 117.981452941894531, 39.271778106689453 ], [ 117.982498168945312, 39.271896362304688 ], [ 117.982528686523438, 39.271625518798828 ], [ 117.98406982421875, 39.271675109863281 ], [ 117.984375, 39.271614074707031 ], [ 117.984367370605469, 39.271316528320312 ], [ 117.98388671875, 39.271305084228516 ], [ 117.983970642089844, 39.271038055419922 ], [ 117.983406066894531, 39.271018981933594 ], [ 117.983428955078125, 39.270603179931641 ], [ 117.983627319335938, 39.270614624023438 ], [ 117.983642578125, 39.270111083984375 ], [ 117.981529235839844, 39.270053863525391 ], [ 117.981552124023438, 39.269874572753906 ], [ 117.981460571289062, 39.269798278808594 ], [ 117.981498718261719, 39.269630432128906 ], [ 117.981025695800781, 39.26959228515625 ], [ 117.981094360351562, 39.269214630126953 ], [ 117.980865478515625, 39.269176483154297 ], [ 117.980873107910156, 39.269008636474609 ], [ 117.980133056640625, 39.268966674804688 ], [ 117.980094909667969, 39.269153594970703 ], [ 117.979698181152344, 39.269142150878906 ], [ 117.979583740234375, 39.269695281982422 ], [ 117.978309631347656, 39.269515991210938 ], [ 117.9783935546875, 39.268695831298828 ], [ 117.978622436523438, 39.268028259277344 ], [ 117.97772216796875, 39.267837524414062 ], [ 117.977386474609375, 39.267711639404297 ], [ 117.977043151855469, 39.267807006835938 ], [ 117.9769287109375, 39.267910003662109 ], [ 117.976692199707031, 39.268901824951172 ], [ 117.974365234375, 39.268577575683594 ], [ 117.973831176757812, 39.269943237304688 ], [ 117.973648071289062, 39.270572662353516 ], [ 117.973556518554688, 39.270767211914062 ], [ 117.973609924316406, 39.271186828613281 ], [ 117.974472045898438, 39.271347045898438 ], [ 117.974288940429688, 39.272045135498047 ], [ 117.973793029785156, 39.271984100341797 ], [ 117.973709106445312, 39.272300720214844 ], [ 117.974227905273438, 39.272357940673828 ], [ 117.973762512207031, 39.274223327636719 ], [ 117.975143432617188, 39.274410247802734 ] ] ] } },
{ "type": "Feature", "properties": { "city": "tianjin", "candidate_source": "place_village_hamlet_locality", "id": "1160179951", "osm_type": "way", "place": "village", "landuse": "None", "residential": "None", "name": "None" }, "geometry": { "type": "Polygon", "coordinates": [ [ [ 117.785903930664062, 39.273120880126953 ], [ 117.785873413085938, 39.273334503173828 ], [ 117.786544799804688, 39.273418426513672 ], [ 117.786514282226562, 39.273513793945312 ], [ 117.786689758300781, 39.273532867431641 ], [ 117.786651611328125, 39.273632049560547 ], [ 117.787239074707031, 39.273712158203125 ], [ 117.787216186523438, 39.273914337158203 ], [ 117.787429809570312, 39.273941040039062 ], [ 117.787406921386719, 39.274082183837891 ], [ 117.787429809570312, 39.274242401123047 ], [ 117.787933349609375, 39.274295806884766 ], [ 117.787895202636719, 39.274471282958984 ], [ 117.788131713867188, 39.274490356445312 ], [ 117.788291931152344, 39.274482727050781 ], [ 117.788406372070312, 39.274402618408203 ], [ 117.788536071777344, 39.274341583251953 ], [ 117.788597106933594, 39.2742919921875 ], [ 117.788909912109375, 39.274135589599609 ], [ 117.789482116699219, 39.273975372314453 ], [ 117.789512634277344, 39.273914337158203 ], [ 117.79034423828125, 39.273513793945312 ], [ 117.790382385253906, 39.273448944091797 ], [ 117.790298461914062, 39.273101806640625 ], [ 117.790176391601562, 39.272899627685547 ], [ 117.790206909179688, 39.272697448730469 ], [ 117.789093017578125, 39.271102905273438 ], [ 117.785758972167969, 39.272514343261719 ], [ 117.785652160644531, 39.273101806640625 ], [ 117.785903930664062, 39.273120880126953 ] ] ] } },
{ "type": "Feature", "properties": { "city": "tianjin", "candidate_source": "place_village_hamlet_locality", "id": "1474203011", "osm_type": "way", "place": "village", "landuse": "None", "residential": "None", "name": "None" }, "geometry": { "type": "Polygon", "coordinates": [ [ [ 117.770988464355469, 39.280834197998047 ], [ 117.771400451660156, 39.280937194824219 ], [ 117.771499633789062, 39.280780792236328 ], [ 117.77215576171875, 39.28076171875 ], [ 117.771774291992188, 39.278484344482422 ], [ 117.771728515625, 39.278430938720703 ], [ 117.771644592285156, 39.278400421142578 ], [ 117.771377563476562, 39.278419494628906 ], [ 117.771148681640625, 39.278434753417969 ], [ 117.770301818847656, 39.278362274169922 ], [ 117.770339965820312, 39.278209686279297 ], [ 117.76995849609375, 39.278156280517578 ], [ 117.769882202148438, 39.278026580810547 ], [ 117.768646240234375, 39.277755737304688 ], [ 117.769233703613281, 39.276351928710938 ], [ 117.771392822265625, 39.275440216064453 ], [ 117.77142333984375, 39.275222778320312 ], [ 117.771018981933594, 39.274826049804688 ], [ 117.769027709960938, 39.274238586425781 ], [ 117.768524169921875, 39.277168273925781 ], [ 117.765907287597656, 39.276584625244141 ], [ 117.766036987304688, 39.276069641113281 ], [ 117.765579223632812, 39.275947570800781 ], [ 117.765296936035156, 39.276844024658203 ], [ 117.762496948242188, 39.276210784912109 ], [ 117.762359619140625, 39.276538848876953 ], [ 117.762077331542969, 39.277244567871094 ], [ 117.764930725097656, 39.277931213378906 ], [ 117.764816284179688, 39.278263092041016 ], [ 117.764602661132812, 39.279525756835938 ], [ 117.765579223632812, 39.279701232910156 ], [ 117.765640258789062, 39.279624938964844 ], [ 117.766830444335938, 39.2799072265625 ], [ 117.768035888671875, 39.280189514160156 ], [ 117.769081115722656, 39.280612945556641 ], [ 117.770286560058594, 39.281154632568359 ], [ 117.770782470703125, 39.281238555908203 ], [ 117.770988464355469, 39.280834197998047 ] ] ] } },
{ "type": "Feature", "properties": { "city": "tianjin", "candidate_source": "place_village_hamlet_locality", "id": "13730590080", "osm_type": "node", "place": "village", "landuse": "None", "residential": "None", "name": "None" }, "geometry": { "type": "Point", "coordinates": [ 117.771652221679688, 39.279518127441406 ] } },
{ "type": "Feature", "properties": { "city": "tianjin", "candidate_source": "place_village_hamlet_locality", "id": "1479373816", "osm_type": "way", "place": "village", "landuse": "None", "residential": "None", "name": "None" }, "geometry": { "type": "Polygon", "coordinates": [ [ [ 117.75482177734375, 39.285327911376953 ], [ 117.754981994628906, 39.285373687744141 ], [ 117.755966186523438, 39.285678863525391 ], [ 117.756126403808594, 39.285388946533203 ], [ 117.756195068359375, 39.285411834716797 ], [ 117.756301879882812, 39.28515625 ], [ 117.757843017578125, 39.285537719726562 ], [ 117.757797241210938, 39.285678863525391 ], [ 117.758216857910156, 39.285785675048828 ], [ 117.758415222167969, 39.285297393798828 ], [ 117.758949279785156, 39.285415649414062 ], [ 117.759254455566406, 39.284683227539062 ], [ 117.760444641113281, 39.284980773925781 ], [ 117.760406494140625, 39.285102844238281 ], [ 117.760360717773438, 39.285232543945312 ], [ 117.760810852050781, 39.285297393798828 ], [ 117.761199951171875, 39.285236358642578 ], [ 117.7613525390625, 39.285274505615234 ], [ 117.764137268066406, 39.283016204833984 ], [ 117.763916015625, 39.282962799072266 ], [ 117.764114379882812, 39.282367706298828 ], [ 117.762664794921875, 39.282382965087891 ], [ 117.761192321777344, 39.282421112060547 ], [ 117.760528564453125, 39.282386779785156 ], [ 117.759780883789062, 39.282371520996094 ], [ 117.759140014648438, 39.282371520996094 ], [ 117.758834838867188, 39.282382965087891 ], [ 117.757835388183594, 39.282459259033203 ], [ 117.756614685058594, 39.282634735107422 ], [ 117.756317138671875, 39.282623291015625 ], [ 117.756034851074219, 39.282611846923828 ], [ 117.754875183105469, 39.282512664794922 ], [ 117.754753112792969, 39.282737731933594 ], [ 117.754951477050781, 39.282814025878906 ], [ 117.754753112792969, 39.283145904541016 ], [ 117.754920959472656, 39.283214569091797 ], [ 117.754814147949219, 39.283409118652344 ], [ 117.75494384765625, 39.283466339111328 ], [ 117.754867553710938, 39.283592224121094 ], [ 117.754783630371094, 39.283615112304688 ], [ 117.754310607910156, 39.284160614013672 ], [ 117.754257202148438, 39.284229278564453 ], [ 117.754241943359375, 39.284252166748047 ], [ 117.753150939941406, 39.285648345947266 ], [ 117.754264831542969, 39.286296844482422 ], [ 117.75482177734375, 39.285327911376953 ] ] ] } },
{ "type": "Feature", "properties": { "city": "tianjin", "candidate_source": "place_village_hamlet_locality", "id": "1477847244", "osm_type": "way", "place": "village", "landuse": "None", "residential": "None", "name": "None" }, "geometry": { "type": "Polygon", "coordinates": [ [ [ 117.917221069335938, 39.287418365478516 ], [ 117.9173583984375, 39.286708831787109 ], [ 117.917633056640625, 39.286758422851562 ], [ 117.917732238769531, 39.286415100097656 ], [ 117.918167114257812, 39.286464691162109 ], [ 117.918235778808594, 39.286140441894531 ], [ 117.91839599609375, 39.286159515380859 ], [ 117.918464660644531, 39.285842895507812 ], [ 117.918533325195312, 39.285552978515625 ], [ 117.918701171875, 39.28558349609375 ], [ 117.918899536132812, 39.285549163818359 ], [ 117.919212341308594, 39.285625457763672 ], [ 117.919242858886719, 39.285549163818359 ], [ 117.919631958007812, 39.285629272460938 ], [ 117.919891357421875, 39.28515625 ], [ 117.919822692871094, 39.284793853759766 ], [ 117.919845581054688, 39.284496307373047 ], [ 117.919692993164062, 39.284461975097656 ], [ 117.919769287109375, 39.284152984619141 ], [ 117.919692993164062, 39.283988952636719 ], [ 117.91973876953125, 39.283790588378906 ], [ 117.919593811035156, 39.283699035644531 ], [ 117.919212341308594, 39.28363037109375 ], [ 117.919288635253906, 39.283245086669922 ], [ 117.919052124023438, 39.283164978027344 ], [ 117.919219970703125, 39.282787322998047 ], [ 117.919052124023438, 39.282737731933594 ], [ 117.919151306152344, 39.282474517822266 ], [ 117.919097900390625, 39.282398223876953 ], [ 117.919021606445312, 39.282245635986328 ], [ 117.918891906738281, 39.282211303710938 ], [ 117.917854309082031, 39.282051086425781 ], [ 117.917251586914062, 39.281978607177734 ], [ 117.915786743164062, 39.281776428222656 ], [ 117.91558837890625, 39.281761169433594 ], [ 117.915534973144531, 39.281780242919922 ], [ 117.915519714355469, 39.281822204589844 ], [ 117.915443420410156, 39.282135009765625 ], [ 117.91552734375, 39.282173156738281 ], [ 117.9154052734375, 39.282501220703125 ], [ 117.915077209472656, 39.282432556152344 ], [ 117.915008544921875, 39.282451629638672 ], [ 117.9149169921875, 39.28271484375 ], [ 117.914825439453125, 39.282928466796875 ], [ 117.914749145507812, 39.283130645751953 ], [ 117.914726257324219, 39.283222198486328 ], [ 117.914688110351562, 39.283576965332031 ], [ 117.9149169921875, 39.283622741699219 ], [ 117.914833068847656, 39.283859252929688 ], [ 117.914756774902344, 39.283855438232422 ], [ 117.914703369140625, 39.284038543701172 ], [ 117.914695739746094, 39.284076690673828 ], [ 117.914779663085938, 39.28411865234375 ], [ 117.914710998535156, 39.284481048583984 ], [ 117.914566040039062, 39.284473419189453 ], [ 117.914527893066406, 39.284759521484375 ], [ 117.916069030761719, 39.284938812255859 ], [ 117.916435241699219, 39.284980773925781 ], [ 117.91644287109375, 39.285121917724609 ], [ 117.915908813476562, 39.285068511962891 ], [ 117.915885925292969, 39.285140991210938 ], [ 117.915802001953125, 39.285411834716797 ], [ 117.916015625, 39.285453796386719 ], [ 117.915969848632812, 39.28564453125 ], [ 117.915473937988281, 39.28558349609375 ], [ 117.915458679199219, 39.285846710205078 ], [ 117.915962219238281, 39.285980224609375 ], [ 117.915939331054688, 39.286117553710938 ], [ 117.916587829589844, 39.286209106445312 ], [ 117.916603088378906, 39.286609649658203 ], [ 117.916641235351562, 39.286808013916016 ], [ 117.916694641113281, 39.286983489990234 ], [ 117.916755676269531, 39.287109375 ], [ 117.916847229003906, 39.287273406982422 ], [ 117.9169921875, 39.287544250488281 ], [ 117.917221069335938, 39.287418365478516 ] ] ] } },
{ "type": "Feature", "properties": { "city": "tianjin", "candidate_source": "place_village_hamlet_locality", "id": "1481166734", "osm_type": "way", "place": "village", "landuse": "None", "residential": "None", "name": "None" }, "geometry": { "type": "Polygon", "coordinates": [ [ [ 117.370880126953125, 39.270698547363281 ], [ 117.372421264648438, 39.268409729003906 ], [ 117.373649597167969, 39.268890380859375 ], [ 117.374763488769531, 39.269298553466797 ], [ 117.375831604003906, 39.269710540771484 ], [ 117.376594543457031, 39.270015716552734 ], [ 117.377052307128906, 39.269382476806641 ], [ 117.377861022949219, 39.268314361572266 ], [ 117.377876281738281, 39.268257141113281 ], [ 117.377792358398438, 39.268161773681641 ], [ 117.377685546875, 39.268077850341797 ], [ 117.377311706542969, 39.267940521240234 ], [ 117.376945495605469, 39.267803192138672 ], [ 117.376754760742188, 39.267749786376953 ], [ 117.37664794921875, 39.267658233642578 ], [ 117.376579284667969, 39.267520904541016 ], [ 117.376510620117188, 39.267326354980469 ], [ 117.376495361328125, 39.267200469970703 ], [ 117.376495361328125, 39.266338348388672 ], [ 117.37646484375, 39.266250610351562 ], [ 117.375526428222656, 39.265644073486328 ], [ 117.374862670898438, 39.265239715576172 ], [ 117.374862670898438, 39.265201568603516 ], [ 117.375434875488281, 39.264728546142578 ], [ 117.375396728515625, 39.264656066894531 ], [ 117.374382019042969, 39.264198303222656 ], [ 117.374313354492188, 39.264225006103516 ], [ 117.373947143554688, 39.264556884765625 ], [ 117.373283386230469, 39.26416015625 ], [ 117.373023986816406, 39.264015197753906 ], [ 117.372772216796875, 39.263973236083984 ], [ 117.372215270996094, 39.263870239257812 ], [ 117.37109375, 39.263717651367188 ], [ 117.370803833007812, 39.263759613037109 ], [ 117.370132446289062, 39.263893127441406 ], [ 117.369377136230469, 39.264034271240234 ], [ 117.368789672851562, 39.264244079589844 ], [ 117.368598937988281, 39.264408111572266 ], [ 117.36822509765625, 39.264812469482422 ], [ 117.367927551269531, 39.264629364013672 ], [ 117.367874145507812, 39.264713287353516 ], [ 117.367538452148438, 39.265193939208984 ], [ 117.367752075195312, 39.265464782714844 ], [ 117.367866516113281, 39.265682220458984 ], [ 117.367835998535156, 39.265800476074219 ], [ 117.367576599121094, 39.266197204589844 ], [ 117.368003845214844, 39.266407012939453 ], [ 117.370010375976562, 39.267181396484375 ], [ 117.371627807617188, 39.267818450927734 ], [ 117.371208190917969, 39.268398284912109 ], [ 117.370704650878906, 39.268215179443359 ], [ 117.370552062988281, 39.268455505371094 ], [ 117.371063232421875, 39.268623352050781 ], [ 117.369956970214844, 39.270336151123047 ], [ 117.370880126953125, 39.270698547363281 ] ] ] } },
{ "type": "Feature", "properties": { "city": "tianjin", "candidate_source": "place_village_hamlet_locality", "id": "13711736621", "osm_type": "node", "place": "village", "landuse": "None", "residential": "None", "name": "None" }, "geometry": { "type": "Point", "coordinates": [ 117.370948791503906, 39.268398284912109 ] } },
{ "type": "Feature", "properties": { "city": "tianjin", "candidate_source": "place_village_hamlet_locality", "id": "13730590094", "osm_type": "node", "place": "village", "landuse": "None", "residential": "None", "name": "None" }, "geometry": { "type": "Point", "coordinates": [ 117.916526794433594, 39.285778045654297 ] } },
{ "type": "Feature", "properties": { "city": "tianjin", "candidate_source": "place_village_hamlet_locality", "id": "13730590096", "osm_type": "node", "place": "village", "landuse": "None", "residential": "None", "name": "None" }, "geometry": { "type": "Point", "coordinates": [ 117.96722412109375, 39.287200927734375 ] } },
{ "type": "Feature", "properties": { "city": "tianjin", "candidate_source": "place_village_hamlet_locality", "id": "13730553505", "osm_type": "node", "place": "village", "landuse": "None", "residential": "None", "name": "None" }, "geometry": { "type": "Point", "coordinates": [ 117.775108337402344, 39.287986755371094 ] } },
{ "type": "Feature", "properties": { "city": "tianjin", "candidate_source": "place_village_hamlet_locality", "id": "478086655", "osm_type": "way", "place": "village", "landuse": "None", "residential": "None", "name": "None" }, "geometry": { "type": "Polygon", "coordinates": [ [ [ 117.964431762695312, 39.288349151611328 ], [ 117.9649658203125, 39.28839111328125 ], [ 117.964927673339844, 39.289081573486328 ], [ 117.964920043945312, 39.289321899414062 ], [ 117.964752197265625, 39.289340972900391 ], [ 117.96490478515625, 39.290111541748047 ], [ 117.966377258300781, 39.290111541748047 ], [ 117.966423034667969, 39.290390014648438 ], [ 117.966926574707031, 39.290412902832031 ], [ 117.967140197753906, 39.290348052978516 ], [ 117.967193603515625, 39.290386199951172 ], [ 117.967247009277344, 39.290431976318359 ], [ 117.967300415039062, 39.290534973144531 ], [ 117.967308044433594, 39.290557861328125 ], [ 117.967292785644531, 39.290851593017578 ], [ 117.967269897460938, 39.291225433349609 ], [ 117.967788696289062, 39.291286468505859 ], [ 117.967849731445312, 39.290920257568359 ], [ 117.967849731445312, 39.2908935546875 ], [ 117.967864990234375, 39.290584564208984 ], [ 117.967864990234375, 39.290569305419922 ], [ 117.968269348144531, 39.290622711181641 ], [ 117.968452453613281, 39.290531158447266 ], [ 117.968475341796875, 39.290409088134766 ], [ 117.968414306640625, 39.290309906005859 ], [ 117.968780517578125, 39.28985595703125 ], [ 117.969528198242188, 39.290103912353516 ], [ 117.969970703125, 39.290225982666016 ], [ 117.970634460449219, 39.2904052734375 ], [ 117.971076965332031, 39.290557861328125 ], [ 117.971923828125, 39.29071044921875 ], [ 117.972122192382812, 39.290390014648438 ], [ 117.972213745117188, 39.290321350097656 ], [ 117.972419738769531, 39.289939880371094 ], [ 117.972145080566406, 39.289844512939453 ], [ 117.972244262695312, 39.289630889892578 ], [ 117.972541809082031, 39.289649963378906 ], [ 117.972602844238281, 39.289329528808594 ], [ 117.973228454589844, 39.289379119873047 ], [ 117.973258972167969, 39.288932800292969 ], [ 117.973258972167969, 39.288921356201172 ], [ 117.972053527832031, 39.288791656494141 ], [ 117.972122192382812, 39.288558959960938 ], [ 117.972206115722656, 39.288280487060547 ], [ 117.973136901855469, 39.288433074951172 ], [ 117.973220825195312, 39.288059234619141 ], [ 117.973312377929688, 39.287677764892578 ], [ 117.97283935546875, 39.287570953369141 ], [ 117.972923278808594, 39.287273406982422 ], [ 117.9727783203125, 39.287223815917969 ], [ 117.972557067871094, 39.287151336669922 ], [ 117.971572875976562, 39.286994934082031 ], [ 117.9708251953125, 39.286888122558594 ], [ 117.969818115234375, 39.286735534667969 ], [ 117.969902038574219, 39.286430358886719 ], [ 117.970802307128906, 39.286556243896484 ], [ 117.970893859863281, 39.286231994628906 ], [ 117.969985961914062, 39.286136627197266 ], [ 117.970069885253906, 39.285835266113281 ], [ 117.970046997070312, 39.285686492919922 ], [ 117.967903137207031, 39.286212921142578 ], [ 117.967910766601562, 39.286319732666016 ], [ 117.968215942382812, 39.286376953125 ], [ 117.968154907226562, 39.286605834960938 ], [ 117.967567443847656, 39.286510467529297 ], [ 117.967475891113281, 39.28680419921875 ], [ 117.966972351074219, 39.286613464355469 ], [ 117.966659545898438, 39.287204742431641 ], [ 117.965103149414062, 39.286914825439453 ], [ 117.964195251464844, 39.287162780761719 ], [ 117.964431762695312, 39.288349151611328 ] ] ] } },
{ "type": "Feature", "properties": { "city": "tianjin", "candidate_source": "place_village_hamlet_locality", "id": "1479496970", "osm_type": "way", "place": "village", "landuse": "None", "residential": "None", "name": "None" }, "geometry": { "type": "Polygon", "coordinates": [ [ [ 117.778022766113281, 39.289012908935547 ], [ 117.775276184082031, 39.288368225097656 ], [ 117.775772094726562, 39.287380218505859 ], [ 117.77496337890625, 39.287155151367188 ], [ 117.774627685546875, 39.28802490234375 ], [ 117.773406982421875, 39.287738800048828 ], [ 117.773239135742188, 39.288185119628906 ], [ 117.773269653320312, 39.288501739501953 ], [ 117.77325439453125, 39.288875579833984 ], [ 117.7777099609375, 39.289836883544922 ], [ 117.778022766113281, 39.289012908935547 ] ] ] } },
{ "type": "Feature", "properties": { "city": "tianjin", "candidate_source": "place_village_hamlet_locality", "id": "1479373933", "osm_type": "way", "place": "village", "landuse": "None", "residential": "None", "name": "None" }, "geometry": { "type": "Polygon", "coordinates": [ [ [ 117.773284912109375, 39.292121887207031 ], [ 117.773727416992188, 39.292221069335938 ], [ 117.773971557617188, 39.292232513427734 ], [ 117.774040222167969, 39.292133331298828 ], [ 117.774093627929688, 39.292087554931641 ], [ 117.774345397949219, 39.292160034179688 ], [ 117.774543762207031, 39.292266845703125 ], [ 117.774848937988281, 39.292327880859375 ], [ 117.775047302246094, 39.292434692382812 ], [ 117.775314331054688, 39.292491912841797 ], [ 117.775642395019531, 39.291545867919922 ], [ 117.775825500488281, 39.291576385498047 ], [ 117.777313232421875, 39.291778564453125 ], [ 117.777580261230469, 39.291229248046875 ], [ 117.777473449707031, 39.291141510009766 ], [ 117.777374267578125, 39.290756225585938 ], [ 117.777542114257812, 39.29034423828125 ], [ 117.777694702148438, 39.289970397949219 ], [ 117.773269653320312, 39.28900146484375 ], [ 117.773246765136719, 39.289249420166016 ], [ 117.773162841796875, 39.289760589599609 ], [ 117.772911071777344, 39.290607452392578 ], [ 117.772727966308594, 39.291275024414062 ], [ 117.772529602050781, 39.291957855224609 ], [ 117.773284912109375, 39.292121887207031 ] ] ] } },
{ "type": "Feature", "properties": { "city": "tianjin", "candidate_source": "place_village_hamlet_locality", "id": "1478543602", "osm_type": "way", "place": "village", "landuse": "None", "residential": "None", "name": "None" }, "geometry": { "type": "Polygon", "coordinates": [ [ [ 117.95501708984375, 39.293025970458984 ], [ 117.955032348632812, 39.292812347412109 ], [ 117.955039978027344, 39.292667388916016 ], [ 117.955024719238281, 39.292396545410156 ], [ 117.954978942871094, 39.292098999023438 ], [ 117.95654296875, 39.291828155517578 ], [ 117.956901550292969, 39.291793823242188 ], [ 117.958213806152344, 39.291553497314453 ], [ 117.957679748535156, 39.289577484130859 ], [ 117.955978393554688, 39.289897918701172 ], [ 117.9559326171875, 39.289707183837891 ], [ 117.9554443359375, 39.289859771728516 ], [ 117.955307006835938, 39.289539337158203 ], [ 117.954444885253906, 39.289928436279297 ], [ 117.954498291015625, 39.290088653564453 ], [ 117.953933715820312, 39.290218353271484 ], [ 117.954017639160156, 39.290573120117188 ], [ 117.953048706054688, 39.290691375732422 ], [ 117.953048706054688, 39.291027069091797 ], [ 117.952484130859375, 39.291084289550781 ], [ 117.951995849609375, 39.291400909423828 ], [ 117.952049255371094, 39.291568756103516 ], [ 117.951713562011719, 39.291610717773438 ], [ 117.951545715332031, 39.291675567626953 ], [ 117.951225280761719, 39.2918701171875 ], [ 117.951263427734375, 39.292110443115234 ], [ 117.95172119140625, 39.292091369628906 ], [ 117.95208740234375, 39.292072296142578 ], [ 117.952125549316406, 39.292549133300781 ], [ 117.951751708984375, 39.292568206787109 ], [ 117.951713562011719, 39.292984008789062 ], [ 117.953369140625, 39.292861938476562 ], [ 117.954086303710938, 39.292766571044922 ], [ 117.954147338867188, 39.293132781982422 ], [ 117.95501708984375, 39.293025970458984 ] ] ] } },
{ "type": "Feature", "properties": { "city": "tianjin", "candidate_source": "place_village_hamlet_locality", "id": "13730553506", "osm_type": "node", "place": "village", "landuse": "None", "residential": "None", "name": "None" }, "geometry": { "type": "Point", "coordinates": [ 117.773567199707031, 39.291419982910156 ] } },
{ "type": "Feature", "properties": { "city": "tianjin", "candidate_source": "place_village_hamlet_locality", "id": "13730590097", "osm_type": "node", "place": "village", "landuse": "None", "residential": "None", "name": "None" }, "geometry": { "type": "Point", "coordinates": [ 117.955108642578125, 39.291446685791016 ] } },
{ "type": "Feature", "properties": { "city": "tianjin", "candidate_source": "place_village_hamlet_locality", "id": "13730590030", "osm_type": "node", "place": "village", "landuse": "None", "residential": "None", "name": "None" }, "geometry": { "type": "Point", "coordinates": [ 117.752052307128906, 39.283573150634766 ] } },
{ "type": "Feature", "properties": { "city": "tianjin", "candidate_source": "place_village_hamlet_locality", "id": "1479373815", "osm_type": "way", "place": "village", "landuse": "None", "residential": "None", "name": "None" }, "geometry": { "type": "Polygon", "coordinates": [ [ [ 117.752464294433594, 39.285060882568359 ], [ 117.752716064453125, 39.284828186035156 ], [ 117.75274658203125, 39.284759521484375 ], [ 117.75244140625, 39.284534454345703 ], [ 117.752105712890625, 39.284339904785156 ], [ 117.752655029296875, 39.283699035644531 ], [ 117.752708435058594, 39.283622741699219 ], [ 117.751602172851562, 39.283271789550781 ], [ 117.751480102539062, 39.283176422119141 ], [ 117.751579284667969, 39.282905578613281 ], [ 117.750946044921875, 39.282699584960938 ], [ 117.75079345703125, 39.282669067382812 ], [ 117.750656127929688, 39.282871246337891 ], [ 117.750602722167969, 39.282928466796875 ], [ 117.750411987304688, 39.283031463623047 ], [ 117.750251770019531, 39.283134460449219 ], [ 117.750961303710938, 39.28350830078125 ], [ 117.750457763671875, 39.284091949462891 ], [ 117.750595092773438, 39.2841796875 ], [ 117.751213073730469, 39.284515380859375 ], [ 117.751548767089844, 39.284687042236328 ], [ 117.751762390136719, 39.284778594970703 ], [ 117.752403259277344, 39.285087585449219 ], [ 117.752464294433594, 39.285060882568359 ] ] ] } },
{ "type": "Feature", "properties": { "city": "tianjin", "candidate_source": "place_village_hamlet_locality", "id": "13730590006", "osm_type": "node", "place": "village", "landuse": "None", "residential": "None", "name": "None" }, "geometry": { "type": "Point", "coordinates": [ 117.742820739746094, 39.284152984619141 ] } },
{ "type": "Feature", "properties": { "city": "tianjin", "candidate_source": "place_village_hamlet_locality", "id": "1479373808", "osm_type": "way", "place": "village", "landuse": "None", "residential": "None", "name": "None" }, "geometry": { "type": "Polygon", "coordinates": [ [ [ 117.741981506347656, 39.28814697265625 ], [ 117.742301940917969, 39.288230895996094 ], [ 117.742576599121094, 39.288478851318359 ], [ 117.742889404296875, 39.288547515869141 ], [ 117.743492126464844, 39.288608551025391 ], [ 117.743576049804688, 39.288627624511719 ], [ 117.743659973144531, 39.288116455078125 ], [ 117.743820190429688, 39.287326812744141 ], [ 117.7440185546875, 39.286212921142578 ], [ 117.744110107421875, 39.285823822021484 ], [ 117.744163513183594, 39.285671234130859 ], [ 117.744186401367188, 39.285533905029297 ], [ 117.744232177734375, 39.285388946533203 ], [ 117.74432373046875, 39.285243988037109 ], [ 117.744438171386719, 39.285083770751953 ], [ 117.744560241699219, 39.284816741943359 ], [ 117.744941711425781, 39.283973693847656 ], [ 117.744979858398438, 39.283882141113281 ], [ 117.743217468261719, 39.283679962158203 ], [ 117.743209838867188, 39.283679962158203 ], [ 117.743080139160156, 39.283660888671875 ], [ 117.743339538574219, 39.282505035400391 ], [ 117.742324829101562, 39.282382965087891 ], [ 117.742530822753906, 39.281314849853516 ], [ 117.742042541503906, 39.281303405761719 ], [ 117.741973876953125, 39.281345367431641 ], [ 117.74139404296875, 39.281352996826172 ], [ 117.741134643554688, 39.282806396484375 ], [ 117.740135192871094, 39.282661437988281 ], [ 117.740043640136719, 39.283164978027344 ], [ 117.739692687988281, 39.283138275146484 ], [ 117.739646911621094, 39.283401489257812 ], [ 117.739898681640625, 39.283432006835938 ], [ 117.739875793457031, 39.283596038818359 ], [ 117.7401123046875, 39.283622741699219 ], [ 117.740005493164062, 39.284378051757812 ], [ 117.740829467773438, 39.284553527832031 ], [ 117.740325927734375, 39.287727355957031 ], [ 117.741981506347656, 39.28814697265625 ] ] ] } },
{ "type": "Feature", "properties": { "city": "tianjin", "candidate_source": "place_village_hamlet_locality", "id": "13730553507", "osm_type": "node", "place": "village", "landuse": "None", "residential": "None", "name": "None" }, "geometry": { "type": "Point", "coordinates": [ 117.774467468261719, 39.292686462402344 ] } },
{ "type": "Feature", "properties": { "city": "tianjin", "candidate_source": "place_village_hamlet_locality", "id": "1479496971", "osm_type": "way", "place": "village", "landuse": "None", "residential": "None", "name": "None" }, "geometry": { "type": "Polygon", "coordinates": [ [ [ 117.775047302246094, 39.292434692382812 ], [ 117.774848937988281, 39.292327880859375 ], [ 117.774543762207031, 39.292266845703125 ], [ 117.774345397949219, 39.292160034179688 ], [ 117.774093627929688, 39.292087554931641 ], [ 117.774040222167969, 39.292133331298828 ], [ 117.773971557617188, 39.292232513427734 ], [ 117.773727416992188, 39.292221069335938 ], [ 117.773284912109375, 39.292121887207031 ], [ 117.772529602050781, 39.291957855224609 ], [ 117.772247314453125, 39.29290771484375 ], [ 117.772132873535156, 39.293342590332031 ], [ 117.773117065429688, 39.293613433837891 ], [ 117.774101257324219, 39.293869018554688 ], [ 117.773735046386719, 39.294792175292969 ], [ 117.773941040039062, 39.294864654541016 ], [ 117.775291442871094, 39.295154571533203 ], [ 117.775505065917969, 39.295093536376953 ], [ 117.775733947753906, 39.294670104980469 ], [ 117.776290893554688, 39.293342590332031 ], [ 117.776161193847656, 39.293163299560547 ], [ 117.775680541992188, 39.293045043945312 ], [ 117.775634765625, 39.292945861816406 ], [ 117.775314331054688, 39.292491912841797 ], [ 117.775047302246094, 39.292434692382812 ] ] ] } },
{ "type": "Feature", "properties": { "city": "tianjin", "candidate_source": "place_village_hamlet_locality", "id": "13730590092", "osm_type": "node", "place": "village", "landuse": "None", "residential": "None", "name": "None" }, "geometry": { "type": "Point", "coordinates": [ 117.895927429199219, 39.296089172363281 ] } },
{ "type": "Feature", "properties": { "city": "tianjin", "candidate_source": "place_village_hamlet_locality", "id": "13730559404", "osm_type": "node", "place": "village", "landuse": "None", "residential": "None", "name": "None" }, "geometry": { "type": "Point", "coordinates": [ 117.855491638183594, 39.296249389648438 ] } },
{ "type": "Feature", "properties": { "city": "tianjin", "candidate_source": "place_village_hamlet_locality", "id": "1477810492", "osm_type": "way", "place": "village", "landuse": "None", "residential": "None", "name": "None" }, "geometry": { "type": "Polygon", "coordinates": [ [ [ 117.895256042480469, 39.301750183105469 ], [ 117.8963623046875, 39.301982879638672 ], [ 117.896629333496094, 39.301776885986328 ], [ 117.898033142089844, 39.302120208740234 ], [ 117.898109436035156, 39.302021026611328 ], [ 117.898567199707031, 39.302104949951172 ], [ 117.8988037109375, 39.302040100097656 ], [ 117.898948669433594, 39.301826477050781 ], [ 117.898796081542969, 39.301616668701172 ], [ 117.899185180664062, 39.300983428955078 ], [ 117.896995544433594, 39.300155639648438 ], [ 117.896568298339844, 39.299755096435547 ], [ 117.898941040039062, 39.298362731933594 ], [ 117.902168273925781, 39.296428680419922 ], [ 117.903892517089844, 39.295387268066406 ], [ 117.9051513671875, 39.294628143310547 ], [ 117.905723571777344, 39.294277191162109 ], [ 117.905067443847656, 39.294036865234375 ], [ 117.905242919921875, 39.293750762939453 ], [ 117.904876708984375, 39.293624877929688 ], [ 117.9046630859375, 39.293972015380859 ], [ 117.904190063476562, 39.293827056884766 ], [ 117.904350280761719, 39.293510437011719 ], [ 117.903961181640625, 39.293376922607422 ], [ 117.903785705566406, 39.293670654296875 ], [ 117.903060913085938, 39.293460845947266 ], [ 117.903221130371094, 39.293117523193359 ], [ 117.902809143066406, 39.292972564697266 ], [ 117.902664184570312, 39.293193817138672 ], [ 117.901344299316406, 39.292758941650391 ], [ 117.901176452636719, 39.293144226074219 ], [ 117.899055480957031, 39.292476654052734 ], [ 117.898605346679688, 39.293281555175781 ], [ 117.898460388183594, 39.293247222900391 ], [ 117.898330688476562, 39.293399810791016 ], [ 117.89642333984375, 39.292903900146484 ], [ 117.896148681640625, 39.293460845947266 ], [ 117.89654541015625, 39.293601989746094 ], [ 117.896209716796875, 39.294151306152344 ], [ 117.895866394042969, 39.294162750244141 ], [ 117.895545959472656, 39.294517517089844 ], [ 117.8951416015625, 39.294399261474609 ], [ 117.895057678222656, 39.294681549072266 ], [ 117.894157409667969, 39.294475555419922 ], [ 117.894287109375, 39.294090270996094 ], [ 117.894004821777344, 39.294017791748047 ], [ 117.893905639648438, 39.294254302978516 ], [ 117.8936767578125, 39.294216156005859 ], [ 117.89361572265625, 39.29412841796875 ], [ 117.893447875976562, 39.294075012207031 ], [ 117.89324951171875, 39.294338226318359 ], [ 117.892967224121094, 39.294643402099609 ], [ 117.892555236816406, 39.294914245605469 ], [ 117.892356872558594, 39.295196533203125 ], [ 117.892318725585938, 39.295429229736328 ], [ 117.892410278320312, 39.295444488525391 ], [ 117.892097473144531, 39.296222686767578 ], [ 117.891120910644531, 39.296012878417969 ], [ 117.89080810546875, 39.296127319335938 ], [ 117.890716552734375, 39.296390533447266 ], [ 117.891151428222656, 39.296516418457031 ], [ 117.890678405761719, 39.29718017578125 ], [ 117.890884399414062, 39.297225952148438 ], [ 117.89056396484375, 39.297683715820312 ], [ 117.890701293945312, 39.297271728515625 ], [ 117.890327453613281, 39.2979736328125 ], [ 117.88995361328125, 39.298385620117188 ], [ 117.889015197753906, 39.299270629882812 ], [ 117.888679504394531, 39.299541473388672 ], [ 117.888442993164062, 39.299793243408203 ], [ 117.888519287109375, 39.299900054931641 ], [ 117.88934326171875, 39.300117492675781 ], [ 117.889495849609375, 39.299877166748047 ], [ 117.889762878417969, 39.299957275390625 ], [ 117.889915466308594, 39.299713134765625 ], [ 117.894973754882812, 39.301414489746094 ], [ 117.895256042480469, 39.301750183105469 ] ] ] } },
{ "type": "Feature", "properties": { "city": "tianjin", "candidate_source": "place_village_hamlet_locality", "id": "1476931861", "osm_type": "way", "place": "village", "landuse": "None", "residential": "None", "name": "None" }, "geometry": { "type": "Polygon", "coordinates": [ [ [ 117.853614807128906, 39.298831939697266 ], [ 117.853645324707031, 39.298961639404297 ], [ 117.854782104492188, 39.298755645751953 ], [ 117.854743957519531, 39.298606872558594 ], [ 117.85565185546875, 39.298442840576172 ], [ 117.855598449707031, 39.298126220703125 ], [ 117.856369018554688, 39.297992706298828 ], [ 117.856285095214844, 39.297718048095703 ], [ 117.856422424316406, 39.297687530517578 ], [ 117.856155395507812, 39.296939849853516 ], [ 117.855735778808594, 39.297016143798828 ], [ 117.855598449707031, 39.296585083007812 ], [ 117.855827331542969, 39.296535491943359 ], [ 117.855712890625, 39.295963287353516 ], [ 117.855400085449219, 39.296005249023438 ], [ 117.855155944824219, 39.296195983886719 ], [ 117.855094909667969, 39.296226501464844 ], [ 117.854881286621094, 39.296279907226562 ], [ 117.854423522949219, 39.296520233154297 ], [ 117.854316711425781, 39.296581268310547 ], [ 117.854331970214844, 39.296665191650391 ], [ 117.854331970214844, 39.296745300292969 ], [ 117.854042053222656, 39.296825408935547 ], [ 117.853729248046875, 39.297050476074219 ], [ 117.853485107421875, 39.297176361083984 ], [ 117.853195190429688, 39.297309875488281 ], [ 117.853096008300781, 39.29736328125 ], [ 117.852882385253906, 39.297595977783203 ], [ 117.852813720703125, 39.297714233398438 ], [ 117.85272216796875, 39.297866821289062 ], [ 117.852264404296875, 39.298488616943359 ], [ 117.851905822753906, 39.298873901367188 ], [ 117.851943969726562, 39.299045562744141 ], [ 117.85198974609375, 39.299106597900391 ], [ 117.853614807128906, 39.298831939697266 ] ] ] } },
{ "type": "Feature", "properties": { "city": "tianjin", "candidate_source": "place_village_hamlet_locality", "id": "13541614857", "osm_type": "node", "place": "village", "landuse": "None", "residential": "None", "name": "None" }, "geometry": { "type": "Point", "coordinates": [ 117.840934753417969, 39.305042266845703 ] } },
{ "type": "Feature", "properties": { "city": "tianjin", "candidate_source": "place_village_hamlet_locality", "id": "1476273941", "osm_type": "way", "place": "village", "landuse": "None", "residential": "None", "name": "None" }, "geometry": { "type": "Polygon", "coordinates": [ [ [ 117.842002868652344, 39.306442260742188 ], [ 117.84246826171875, 39.3065185546875 ], [ 117.843040466308594, 39.305137634277344 ], [ 117.844001770019531, 39.305374145507812 ], [ 117.84423828125, 39.304821014404297 ], [ 117.844070434570312, 39.304725646972656 ], [ 117.844123840332031, 39.304538726806641 ], [ 117.843399047851562, 39.304344177246094 ], [ 117.84326171875, 39.304546356201172 ], [ 117.841598510742188, 39.304061889648438 ], [ 117.841506958007812, 39.30419921875 ], [ 117.839729309082031, 39.303604125976562 ], [ 117.839447021484375, 39.304420471191406 ], [ 117.8385009765625, 39.304355621337891 ], [ 117.838386535644531, 39.304359436035156 ], [ 117.838348388671875, 39.304424285888672 ], [ 117.838325500488281, 39.304683685302734 ], [ 117.838737487792969, 39.30474853515625 ], [ 117.838645935058594, 39.305027008056641 ], [ 117.838813781738281, 39.305065155029297 ], [ 117.838737487792969, 39.305343627929688 ], [ 117.839385986328125, 39.305496215820312 ], [ 117.839317321777344, 39.305690765380859 ], [ 117.839317321777344, 39.305770874023438 ], [ 117.839340209960938, 39.305820465087891 ], [ 117.839668273925781, 39.305877685546875 ], [ 117.839645385742188, 39.306236267089844 ], [ 117.840324401855469, 39.306442260742188 ], [ 117.840469360351562, 39.306121826171875 ], [ 117.841392517089844, 39.306320190429688 ], [ 117.841087341308594, 39.306900024414062 ], [ 117.841690063476562, 39.307037353515625 ], [ 117.842002868652344, 39.306442260742188 ] ] ] } },
{ "type": "Feature", "properties": { "city": "tianjin", "candidate_source": "place_village_hamlet_locality", "id": "13547210965", "osm_type": "node", "place": "village", "landuse": "None", "residential": "None", "name": "None" }, "geometry": { "type": "Point", "coordinates": [ 117.8670654296875, 39.3138427734375 ] } },
{ "type": "Feature", "properties": { "city": "tianjin", "candidate_source": "place_village_hamlet_locality", "id": "1476274047", "osm_type": "way", "place": "village", "landuse": "None", "residential": "None", "name": "None" }, "geometry": { "type": "Polygon", "coordinates": [ [ [ 117.860519409179688, 39.315998077392578 ], [ 117.860542297363281, 39.315578460693359 ], [ 117.859542846679688, 39.315376281738281 ], [ 117.859626770019531, 39.315097808837891 ], [ 117.860313415527344, 39.315235137939453 ], [ 117.860382080078125, 39.315029144287109 ], [ 117.8599853515625, 39.31451416015625 ], [ 117.859214782714844, 39.314388275146484 ], [ 117.859397888183594, 39.31378173828125 ], [ 117.859214782714844, 39.313690185546875 ], [ 117.859245300292969, 39.313522338867188 ], [ 117.859153747558594, 39.313365936279297 ], [ 117.8575439453125, 39.313102722167969 ], [ 117.857627868652344, 39.312816619873047 ], [ 117.858444213867188, 39.312911987304688 ], [ 117.858505249023438, 39.312488555908203 ], [ 117.858421325683594, 39.312339782714844 ], [ 117.85662841796875, 39.312080383300781 ], [ 117.856559753417969, 39.312564849853516 ], [ 117.856765747070312, 39.312961578369141 ], [ 117.857032775878906, 39.313407897949219 ], [ 117.857383728027344, 39.313919067382812 ], [ 117.857673645019531, 39.314273834228516 ], [ 117.857574462890625, 39.314491271972656 ], [ 117.857505798339844, 39.314598083496094 ], [ 117.857406616210938, 39.314662933349609 ], [ 117.857261657714844, 39.314750671386719 ], [ 117.857200622558594, 39.314773559570312 ], [ 117.857177734375, 39.314800262451172 ], [ 117.857200622558594, 39.314807891845703 ], [ 117.857696533203125, 39.314994812011719 ], [ 117.857810974121094, 39.315059661865234 ], [ 117.857894897460938, 39.315135955810547 ], [ 117.857986450195312, 39.315227508544922 ], [ 117.858367919921875, 39.315448760986328 ], [ 117.858840942382812, 39.315731048583984 ], [ 117.859832763671875, 39.316310882568359 ], [ 117.860519409179688, 39.315998077392578 ] ] ] } },
{ "type": "Feature", "properties": { "city": "tianjin", "candidate_source": "place_village_hamlet_locality", "id": "13541615590", "osm_type": "node", "place": "village", "landuse": "None", "residential": "None", "name": "None" }, "geometry": { "type": "Point", "coordinates": [ 117.857742309570312, 39.314586639404297 ] } },
{ "type": "Feature", "properties": { "city": "tianjin", "candidate_source": "place_village_hamlet_locality", "id": "1476998424", "osm_type": "way", "place": "village", "landuse": "None", "residential": "None", "name": "None" }, "geometry": { "type": "Polygon", "coordinates": [ [ [ 117.872116088867188, 39.318344116210938 ], [ 117.872032165527344, 39.318641662597656 ], [ 117.872299194335938, 39.318679809570312 ], [ 117.873741149902344, 39.318641662597656 ], [ 117.874618530273438, 39.318645477294922 ], [ 117.87469482421875, 39.318454742431641 ], [ 117.875205993652344, 39.318553924560547 ], [ 117.875450134277344, 39.317996978759766 ], [ 117.875785827636719, 39.317882537841797 ], [ 117.875839233398438, 39.31768798828125 ], [ 117.875770568847656, 39.317523956298828 ], [ 117.876029968261719, 39.317161560058594 ], [ 117.876777648925781, 39.317256927490234 ], [ 117.876869201660156, 39.317104339599609 ], [ 117.877029418945312, 39.317123413085938 ], [ 117.877098083496094, 39.316921234130859 ], [ 117.876632690429688, 39.316871643066406 ], [ 117.876640319824219, 39.316738128662109 ], [ 117.876731872558594, 39.316432952880859 ], [ 117.876663208007812, 39.316097259521484 ], [ 117.87628173828125, 39.316028594970703 ], [ 117.876213073730469, 39.315891265869141 ], [ 117.875961303710938, 39.315910339355469 ], [ 117.875823974609375, 39.316196441650391 ], [ 117.875411987304688, 39.316135406494141 ], [ 117.874969482421875, 39.316005706787109 ], [ 117.87445068359375, 39.31591796875 ], [ 117.874160766601562, 39.315910339355469 ], [ 117.873985290527344, 39.316043853759766 ], [ 117.873771667480469, 39.316146850585938 ], [ 117.873542785644531, 39.316158294677734 ], [ 117.873260498046875, 39.316078186035156 ], [ 117.873077392578125, 39.31591796875 ], [ 117.873031616210938, 39.315849304199219 ], [ 117.872879028320312, 39.315803527832031 ], [ 117.872947692871094, 39.315563201904297 ], [ 117.872817993164062, 39.315502166748047 ], [ 117.872833251953125, 39.315006256103516 ], [ 117.872222900390625, 39.314796447753906 ], [ 117.872421264648438, 39.314460754394531 ], [ 117.872467041015625, 39.31427001953125 ], [ 117.872261047363281, 39.314201354980469 ], [ 117.872001647949219, 39.314163208007812 ], [ 117.87158203125, 39.314071655273438 ], [ 117.871353149414062, 39.314079284667969 ], [ 117.871177673339844, 39.314373016357422 ], [ 117.870147705078125, 39.314052581787109 ], [ 117.870033264160156, 39.314334869384766 ], [ 117.869125366210938, 39.314044952392578 ], [ 117.868965148925781, 39.313854217529297 ], [ 117.868797302246094, 39.313602447509766 ], [ 117.868789672851562, 39.313404083251953 ], [ 117.867660522460938, 39.313079833984375 ], [ 117.867469787597656, 39.313117980957031 ], [ 117.866905212402344, 39.312915802001953 ], [ 117.865066528320312, 39.313899993896484 ], [ 117.864967346191406, 39.313804626464844 ], [ 117.864425659179688, 39.313423156738281 ], [ 117.863632202148438, 39.313068389892578 ], [ 117.863349914550781, 39.313400268554688 ], [ 117.863136291503906, 39.313312530517578 ], [ 117.862800598144531, 39.313789367675781 ], [ 117.863456726074219, 39.314151763916016 ], [ 117.864051818847656, 39.314506530761719 ], [ 117.866935729980469, 39.316177368164062 ], [ 117.867561340332031, 39.316574096679688 ], [ 117.868309020996094, 39.316825866699219 ], [ 117.869277954101562, 39.317131042480469 ], [ 117.869224548339844, 39.317325592041016 ], [ 117.869888305664062, 39.317447662353516 ], [ 117.869850158691406, 39.317642211914062 ], [ 117.869888305664062, 39.317874908447266 ], [ 117.870491027832031, 39.318172454833984 ], [ 117.872116088867188, 39.318344116210938 ] ] ] } },
{ "type": "Feature", "properties": { "city": "tianjin", "candidate_source": "place_village_hamlet_locality", "id": "13547210967", "osm_type": "node", "place": "village", "landuse": "None", "residential": "None", "name": "None" }, "geometry": { "type": "Point", "coordinates": [ 117.869842529296875, 39.316684722900391 ] } },
{ "type": "Feature", "properties": { "city": "tianjin", "candidate_source": "place_village_hamlet_locality", "id": "13541615511", "osm_type": "node", "place": "village", "landuse": "None", "residential": "None", "name": "None" }, "geometry": { "type": "Point", "coordinates": [ 117.852241516113281, 39.320037841796875 ] } },
{ "type": "Feature", "properties": { "city": "tianjin", "candidate_source": "place_village_hamlet_locality", "id": "13541615512", "osm_type": "node", "place": "village", "landuse": "None", "residential": "None", "name": "None" }, "geometry": { "type": "Point", "coordinates": [ 117.860488891601562, 39.320247650146484 ] } },
{ "type": "Feature", "properties": { "city": "tianjin", "candidate_source": "place_village_hamlet_locality", "id": "1476274021", "osm_type": "way", "place": "village", "landuse": "None", "residential": "None", "name": "None" }, "geometry": { "type": "Polygon", "coordinates": [ [ [ 117.859001159667969, 39.322380065917969 ], [ 117.859138488769531, 39.321674346923828 ], [ 117.85992431640625, 39.321781158447266 ], [ 117.859878540039062, 39.321971893310547 ], [ 117.859786987304688, 39.322055816650391 ], [ 117.859725952148438, 39.322433471679688 ], [ 117.860626220703125, 39.322505950927734 ], [ 117.860702514648438, 39.322498321533203 ], [ 117.860733032226562, 39.322475433349609 ], [ 117.860786437988281, 39.322139739990234 ], [ 117.861030578613281, 39.321296691894531 ], [ 117.861434936523438, 39.321369171142578 ], [ 117.864822387695312, 39.322132110595703 ], [ 117.865028381347656, 39.321434020996094 ], [ 117.864875793457031, 39.321414947509766 ], [ 117.86492919921875, 39.321285247802734 ], [ 117.864822387695312, 39.321243286132812 ], [ 117.865150451660156, 39.320331573486328 ], [ 117.865188598632812, 39.320075988769531 ], [ 117.865081787109375, 39.319911956787109 ], [ 117.864990234375, 39.319614410400391 ], [ 117.864753723144531, 39.319316864013672 ], [ 117.864501953125, 39.3192138671875 ], [ 117.863983154296875, 39.319019317626953 ], [ 117.863868713378906, 39.318946838378906 ], [ 117.862113952636719, 39.318534851074219 ], [ 117.862129211425781, 39.318771362304688 ], [ 117.861785888671875, 39.318744659423828 ], [ 117.861557006835938, 39.318630218505859 ], [ 117.861335754394531, 39.318607330322266 ], [ 117.861122131347656, 39.318695068359375 ], [ 117.860992431640625, 39.318801879882812 ], [ 117.860877990722656, 39.318893432617188 ], [ 117.859184265136719, 39.318981170654297 ], [ 117.859039306640625, 39.319255828857422 ], [ 117.858940124511719, 39.320335388183594 ], [ 117.858352661132812, 39.320308685302734 ], [ 117.858345031738281, 39.320384979248047 ], [ 117.858787536621094, 39.320522308349609 ], [ 117.858833312988281, 39.320579528808594 ], [ 117.858467102050781, 39.322338104248047 ], [ 117.859001159667969, 39.322380065917969 ] ] ] } },
{ "type": "Feature", "properties": { "city": "tianjin", "candidate_source": "place_village_hamlet_locality", "id": "1476273972", "osm_type": "way", "place": "village", "landuse": "None", "residential": "None", "name": "None" }, "geometry": { "type": "Polygon", "coordinates": [ [ [ 117.853424072265625, 39.321563720703125 ], [ 117.853828430175781, 39.321697235107422 ], [ 117.855194091796875, 39.322017669677734 ], [ 117.855560302734375, 39.322036743164062 ], [ 117.855926513671875, 39.319755554199219 ], [ 117.85595703125, 39.319622039794922 ], [ 117.855697631835938, 39.319492340087891 ], [ 117.855598449707031, 39.319328308105469 ], [ 117.85498046875, 39.319087982177734 ], [ 117.854789733886719, 39.318813323974609 ], [ 117.854095458984375, 39.318557739257812 ], [ 117.852470397949219, 39.318019866943359 ], [ 117.851455688476562, 39.319606781005859 ], [ 117.851371765136719, 39.319725036621094 ], [ 117.851890563964844, 39.320396423339844 ], [ 117.852638244628906, 39.321376800537109 ], [ 117.852424621582031, 39.321556091308594 ], [ 117.852043151855469, 39.321765899658203 ], [ 117.851226806640625, 39.322463989257812 ], [ 117.8525390625, 39.3231201171875 ], [ 117.853424072265625, 39.321563720703125 ] ] ] } }
]
}
