{
"type": "FeatureCollection",
"name": "xian_candidates",
"crs": { "type": "name", "properties": { "name": "urn:ogc:def:crs:OGC:1.3:CRS84" } },
"features": [
{ "type": "Feature", "properties": { "city": "xian", "candidate_source": "place_village_hamlet_locality", "id": "13381855434", "osm_type": "node", "place": "hamlet", "landuse": "None", "residential": "None", "name": "None" }, "geometry": { "type": "Point", "coordinates": [ 109.134742736816406, 34.181514739990234 ] } },
{ "type": "Feature", "properties": { "city": "xian", "candidate_source": "place_village_hamlet_locality", "id": "13381871795", "osm_type": "node", "place": "hamlet", "landuse": "None", "residential": "None", "name": "None" }, "geometry": { "type": "Point", "coordinates": [ 109.114662170410156, 34.182144165039062 ] } },
{ "type": "Feature", "properties": { "city": "xian", "candidate_source": "place_village_hamlet_locality", "id": "13381855433", "osm_type": "node", "place": "hamlet", "landuse": "None", "residential": "None", "name": "None" }, "geometry": { "type": "Point", "coordinates": [ 109.145545959472656, 34.182781219482422 ] } },
{ "type": "Feature", "properties": { "city": "xian", "candidate_source": "place_village_hamlet_locality", "id": "13381871796", "osm_type": "node", "place": "hamlet", "landuse": "None", "residential": "None", "name": "None" }, "geometry": { "type": "Point", "coordinates": [ 109.111328125, 34.183006286621094 ] } },
{ "type": "Feature", "properties": { "city": "xian", "candidate_source": "place_village_hamlet_locality", "id": "13381837042", "osm_type": "node", "place": "village", "landuse": "None", "residential": "None", "name": "None" }, "geometry": { "type": "Point", "coordinates": [ 109.137474060058594, 34.186614990234375 ] } },
{ "type": "Feature", "properties": { "city": "xian", "candidate_source": "place_village_hamlet_locality", "id": "13381837038", "osm_type": "node", "place": "village", "landuse": "None", "residential": "None", "name": "None" }, "geometry": { "type": "Point", "coordinates": [ 109.12640380859375, 34.186721801757812 ] } },
{ "type": "Feature", "properties": { "city": "xian", "candidate_source": "place_village_hamlet_locality", "id": "13381837039", "osm_type": "node", "place": "hamlet", "landuse": "None", "residential": "None", "name": "None" }, "geometry": { "type": "Point", "coordinates": [ 109.122451782226562, 34.188438415527344 ] } },
{ "type": "Feature", "properties": { "city": "xian", "candidate_source": "place_village_hamlet_locality", "id": "13381837040", "osm_type": "node", "place": "hamlet", "landuse": "None", "residential": "None", "name": "None" }, "geometry": { "type": "Point", "coordinates": [ 109.128005981445312, 34.188522338867188 ] } },
{ "type": "Feature", "properties": { "city": "xian", "candidate_source": "place_village_hamlet_locality", "id": "13381837043", "osm_type": "node", "place": "hamlet", "landuse": "None", "residential": "None", "name": "None" }, "geometry": { "type": "Point", "coordinates": [ 109.138076782226562, 34.190639495849609 ] } },
{ "type": "Feature", "properties": { "city": "xian", "candidate_source": "place_village_hamlet_locality", "id": "13381837041", "osm_type": "node", "place": "hamlet", "landuse": "None", "residential": "None", "name": "None" }, "geometry": { "type": "Point", "coordinates": [ 109.13189697265625, 34.190948486328125 ] } },
{ "type": "Feature", "properties": { "city": "xian", "candidate_source": "place_village_hamlet_locality", "id": "13381871797", "osm_type": "node", "place": "hamlet", "landuse": "None", "residential": "None", "name": "None" }, "geometry": { "type": "Point", "coordinates": [ 109.108062744140625, 34.183971405029297 ] } },
{ "type": "Feature", "properties": { "city": "xian", "candidate_source": "place_village_hamlet_locality", "id": "13381837035", "osm_type": "node", "place": "village", "landuse": "None", "residential": "None", "name": "None" }, "geometry": { "type": "Point", "coordinates": [ 109.109352111816406, 34.192592620849609 ] } },
{ "type": "Feature", "properties": { "city": "xian", "candidate_source": "place_village_hamlet_locality", "id": "13381837034", "osm_type": "node", "place": "hamlet", "landuse": "None", "residential": "None", "name": "None" }, "geometry": { "type": "Point", "coordinates": [ 109.106903076171875, 34.196826934814453 ] } },
{ "type": "Feature", "properties": { "city": "xian", "candidate_source": "place_village_hamlet_locality", "id": "13381837025", "osm_type": "node", "place": "hamlet", "landuse": "None", "residential": "None", "name": "None" }, "geometry": { "type": "Point", "coordinates": [ 109.089866638183594, 34.200027465820312 ] } },
{ "type": "Feature", "properties": { "city": "xian", "candidate_source": "place_village_hamlet_locality", "id": "13381837027", "osm_type": "node", "place": "hamlet", "landuse": "None", "residential": "None", "name": "None" }, "geometry": { "type": "Point", "coordinates": [ 109.100234985351562, 34.201789855957031 ] } },
{ "type": "Feature", "properties": { "city": "xian", "candidate_source": "place_village_hamlet_locality", "id": "13381837026", "osm_type": "node", "place": "village", "landuse": "None", "residential": "None", "name": "None" }, "geometry": { "type": "Point", "coordinates": [ 109.100929260253906, 34.204677581787109 ] } },
{ "type": "Feature", "properties": { "city": "xian", "candidate_source": "place_village_hamlet_locality", "id": "13381837028", "osm_type": "node", "place": "hamlet", "landuse": "None", "residential": "None", "name": "None" }, "geometry": { "type": "Point", "coordinates": [ 109.107635498046875, 34.207180023193359 ] } },
{ "type": "Feature", "properties": { "city": "xian", "candidate_source": "place_village_hamlet_locality", "id": "13381837029", "osm_type": "node", "place": "village", "landuse": "None", "residential": "None", "name": "None" }, "geometry": { "type": "Point", "coordinates": [ 109.09869384765625, 34.209922790527344 ] } },
{ "type": "Feature", "properties": { "city": "xian", "candidate_source": "place_village_hamlet_locality", "id": "13381837030", "osm_type": "node", "place": "hamlet", "landuse": "None", "residential": "None", "name": "None" }, "geometry": { "type": "Point", "coordinates": [ 109.105461120605469, 34.21148681640625 ] } },
{ "type": "Feature", "properties": { "city": "xian", "candidate_source": "place_village_hamlet_locality", "id": "13381933139", "osm_type": "node", "place": "village", "landuse": "None", "residential": "None", "name": "None" }, "geometry": { "type": "Point", "coordinates": [ 109.061744689941406, 34.177135467529297 ] } },
{ "type": "Feature", "properties": { "city": "xian", "candidate_source": "place_village_hamlet_locality", "id": "13381933135", "osm_type": "node", "place": "village", "landuse": "None", "residential": "None", "name": "None" }, "geometry": { "type": "Point", "coordinates": [ 109.057258605957031, 34.187309265136719 ] } },
{ "type": "Feature", "properties": { "city": "xian", "candidate_source": "place_village_hamlet_locality", "id": "1460378181", "osm_type": "way", "place": "village", "landuse": "None", "residential": "None", "name": "None" }, "geometry": { "type": "Polygon", "coordinates": [ [ [ 109.070449829101562, 34.19232177734375 ], [ 109.070472717285156, 34.19219970703125 ], [ 109.070411682128906, 34.191852569580078 ], [ 109.070648193359375, 34.191810607910156 ], [ 109.07073974609375, 34.191051483154297 ], [ 109.070625305175781, 34.190906524658203 ], [ 109.070655822753906, 34.190380096435547 ], [ 109.070510864257812, 34.190357208251953 ], [ 109.070404052734375, 34.189128875732422 ], [ 109.070014953613281, 34.189094543457031 ], [ 109.070350646972656, 34.186222076416016 ], [ 109.070480346679688, 34.186241149902344 ], [ 109.070541381835938, 34.186042785644531 ], [ 109.071067810058594, 34.186130523681641 ], [ 109.071029663085938, 34.185871124267578 ], [ 109.070899963378906, 34.185844421386719 ], [ 109.070945739746094, 34.185642242431641 ], [ 109.071159362792969, 34.185462951660156 ], [ 109.071487426757812, 34.184947967529297 ], [ 109.071792602539062, 34.184371948242188 ], [ 109.072052001953125, 34.183319091796875 ], [ 109.070907592773438, 34.183013916015625 ], [ 109.070716857910156, 34.183193206787109 ], [ 109.070350646972656, 34.183769226074219 ], [ 109.070518493652344, 34.183902740478516 ], [ 109.069572448730469, 34.185928344726562 ], [ 109.069107055664062, 34.185871124267578 ], [ 109.068916320800781, 34.186225891113281 ], [ 109.06890869140625, 34.186405181884766 ], [ 109.068702697753906, 34.187652587890625 ], [ 109.068428039550781, 34.187648773193359 ], [ 109.068336486816406, 34.187717437744141 ], [ 109.068077087402344, 34.187931060791016 ], [ 109.068389892578125, 34.187973022460938 ], [ 109.068359375, 34.1881103515625 ], [ 109.068206787109375, 34.188083648681641 ], [ 109.068046569824219, 34.189365386962891 ], [ 109.069190979003906, 34.18951416015625 ], [ 109.068931579589844, 34.192195892333984 ], [ 109.070449829101562, 34.19232177734375 ] ] ] } },
{ "type": "Feature", "properties": { "city": "xian", "candidate_source": "place_village_hamlet_locality", "id": "13381837009", "osm_type": "node", "place": "village", "landuse": "None", "residential": "None", "name": "None" }, "geometry": { "type": "Point", "coordinates": [ 109.059272766113281, 34.199672698974609 ] } },
{ "type": "Feature", "properties": { "city": "xian", "candidate_source": "place_village_hamlet_locality", "id": "13381837010", "osm_type": "node", "place": "hamlet", "landuse": "None", "residential": "None", "name": "None" }, "geometry": { "type": "Point", "coordinates": [ 109.07696533203125, 34.207241058349609 ] } },
{ "type": "Feature", "properties": { "city": "xian", "candidate_source": "place_village_hamlet_locality", "id": "13381837007", "osm_type": "node", "place": "locality", "landuse": "None", "residential": "None", "name": "None" }, "geometry": { "type": "Point", "coordinates": [ 109.054916381835938, 34.209510803222656 ] } },
{ "type": "Feature", "properties": { "city": "xian", "candidate_source": "place_village_hamlet_locality", "id": "13381837012", "osm_type": "node", "place": "hamlet", "landuse": "None", "residential": "None", "name": "None" }, "geometry": { "type": "Point", "coordinates": [ 109.075103759765625, 34.214225769042969 ] } },
{ "type": "Feature", "properties": { "city": "xian", "candidate_source": "place_village_hamlet_locality", "id": "13381837011", "osm_type": "node", "place": "hamlet", "landuse": "None", "residential": "None", "name": "None" }, "geometry": { "type": "Point", "coordinates": [ 109.075767517089844, 34.216682434082031 ] } },
{ "type": "Feature", "properties": { "city": "xian", "candidate_source": "place_village_hamlet_locality", "id": "13381837013", "osm_type": "node", "place": "village", "landuse": "None", "residential": "None", "name": "None" }, "geometry": { "type": "Point", "coordinates": [ 109.072578430175781, 34.217021942138672 ] } },
{ "type": "Feature", "properties": { "city": "xian", "candidate_source": "place_village_hamlet_locality", "id": "13381837008", "osm_type": "node", "place": "locality", "landuse": "None", "residential": "None", "name": "None" }, "geometry": { "type": "Point", "coordinates": [ 109.05377197265625, 34.21722412109375 ] } },
{ "type": "Feature", "properties": { "city": "xian", "candidate_source": "place_village_hamlet_locality", "id": "13381837015", "osm_type": "node", "place": "hamlet", "landuse": "None", "residential": "None", "name": "None" }, "geometry": { "type": "Point", "coordinates": [ 109.086158752441406, 34.214572906494141 ] } },
{ "type": "Feature", "properties": { "city": "xian", "candidate_source": "place_village_hamlet_locality", "id": "13381830987", "osm_type": "node", "place": "hamlet", "landuse": "None", "residential": "None", "name": "None" }, "geometry": { "type": "Point", "coordinates": [ 109.079544067382812, 34.220447540283203 ] } },
{ "type": "Feature", "properties": { "city": "xian", "candidate_source": "place_village_hamlet_locality", "id": "13381830986", "osm_type": "node", "place": "hamlet", "landuse": "None", "residential": "None", "name": "None" }, "geometry": { "type": "Point", "coordinates": [ 109.078956604003906, 34.222297668457031 ] } },
{ "type": "Feature", "properties": { "city": "xian", "candidate_source": "place_village_hamlet_locality", "id": "13381830984", "osm_type": "node", "place": "village", "landuse": "None", "residential": "None", "name": "None" }, "geometry": { "type": "Point", "coordinates": [ 109.077049255371094, 34.222805023193359 ] } },
{ "type": "Feature", "properties": { "city": "xian", "candidate_source": "place_village_hamlet_locality", "id": "13381830983", "osm_type": "node", "place": "hamlet", "landuse": "None", "residential": "None", "name": "None" }, "geometry": { "type": "Point", "coordinates": [ 109.080268859863281, 34.225101470947266 ] } },
{ "type": "Feature", "properties": { "city": "xian", "candidate_source": "place_village_hamlet_locality", "id": "13381830981", "osm_type": "node", "place": "hamlet", "landuse": "None", "residential": "None", "name": "None" }, "geometry": { "type": "Point", "coordinates": [ 109.083541870117188, 34.227718353271484 ] } },
{ "type": "Feature", "properties": { "city": "xian", "candidate_source": "place_village_hamlet_locality", "id": "13381915437", "osm_type": "node", "place": "village", "landuse": "None", "residential": "None", "name": "None" }, "geometry": { "type": "Point", "coordinates": [ 109.108421325683594, 34.228412628173828 ] } },
{ "type": "Feature", "properties": { "city": "xian", "candidate_source": "place_village_hamlet_locality", "id": "13381830980", "osm_type": "node", "place": "village", "landuse": "None", "residential": "None", "name": "None" }, "geometry": { "type": "Point", "coordinates": [ 109.085006713867188, 34.229537963867188 ] } },
{ "type": "Feature", "properties": { "city": "xian", "candidate_source": "place_village_hamlet_locality", "id": "13381830982", "osm_type": "node", "place": "hamlet", "landuse": "None", "residential": "None", "name": "None" }, "geometry": { "type": "Point", "coordinates": [ 109.083396911621094, 34.232852935791016 ] } },
{ "type": "Feature", "properties": { "city": "xian", "candidate_source": "place_village_hamlet_locality", "id": "13381830979", "osm_type": "node", "place": "hamlet", "landuse": "None", "residential": "None", "name": "None" }, "geometry": { "type": "Point", "coordinates": [ 109.096366882324219, 34.237842559814453 ] } },
{ "type": "Feature", "properties": { "city": "xian", "candidate_source": "place_village_hamlet_locality", "id": "13381915435", "osm_type": "node", "place": "hamlet", "landuse": "None", "residential": "None", "name": "None" }, "geometry": { "type": "Point", "coordinates": [ 109.145195007324219, 34.216804504394531 ] } },
{ "type": "Feature", "properties": { "city": "xian", "candidate_source": "place_village_hamlet_locality", "id": "13381915436", "osm_type": "node", "place": "hamlet", "landuse": "None", "residential": "None", "name": "None" }, "geometry": { "type": "Point", "coordinates": [ 109.136734008789062, 34.221031188964844 ] } },
{ "type": "Feature", "properties": { "city": "xian", "candidate_source": "place_village_hamlet_locality", "id": "13381915433", "osm_type": "node", "place": "hamlet", "landuse": "None", "residential": "None", "name": "None" }, "geometry": { "type": "Point", "coordinates": [ 109.148139953613281, 34.222309112548828 ] } },
{ "type": "Feature", "properties": { "city": "xian", "candidate_source": "place_village_hamlet_locality", "id": "13381855442", "osm_type": "node", "place": "village", "landuse": "None", "residential": "None", "name": "None" }, "geometry": { "type": "Point", "coordinates": [ 109.128913879394531, 34.225833892822266 ] } },
{ "type": "Feature", "properties": { "city": "xian", "candidate_source": "place_village_hamlet_locality", "id": "13381855447", "osm_type": "node", "place": "village", "landuse": "None", "residential": "None", "name": "None" }, "geometry": { "type": "Point", "coordinates": [ 109.142135620117188, 34.235713958740234 ] } },
{ "type": "Feature", "properties": { "city": "xian", "candidate_source": "place_village_hamlet_locality", "id": "13381915440", "osm_type": "node", "place": "hamlet", "landuse": "None", "residential": "None", "name": "None" }, "geometry": { "type": "Point", "coordinates": [ 109.125053405761719, 34.236064910888672 ] } },
{ "type": "Feature", "properties": { "city": "xian", "candidate_source": "place_village_hamlet_locality", "id": "13381915438", "osm_type": "node", "place": "hamlet", "landuse": "None", "residential": "None", "name": "None" }, "geometry": { "type": "Point", "coordinates": [ 109.115280151367188, 34.238231658935547 ] } },
{ "type": "Feature", "properties": { "city": "xian", "candidate_source": "place_village_hamlet_locality", "id": "13381915439", "osm_type": "node", "place": "hamlet", "landuse": "None", "residential": "None", "name": "None" }, "geometry": { "type": "Point", "coordinates": [ 109.119560241699219, 34.239330291748047 ] } },
{ "type": "Feature", "properties": { "city": "xian", "candidate_source": "place_village_hamlet_locality", "id": "13381915441", "osm_type": "node", "place": "hamlet", "landuse": "None", "residential": "None", "name": "None" }, "geometry": { "type": "Point", "coordinates": [ 109.123405456542969, 34.240013122558594 ] } },
{ "type": "Feature", "properties": { "city": "xian", "candidate_source": "place_village_hamlet_locality", "id": "13381855446", "osm_type": "node", "place": "village", "landuse": "None", "residential": "None", "name": "None" }, "geometry": { "type": "Point", "coordinates": [ 109.128227233886719, 34.249801635742188 ] } },
{ "type": "Feature", "properties": { "city": "xian", "candidate_source": "place_village_hamlet_locality", "id": "13381837014", "osm_type": "node", "place": "hamlet", "landuse": "None", "residential": "None", "name": "None" }, "geometry": { "type": "Point", "coordinates": [ 109.069694519042969, 34.218063354492188 ] } },
{ "type": "Feature", "properties": { "city": "xian", "candidate_source": "place_village_hamlet_locality", "id": "13381830985", "osm_type": "node", "place": "hamlet", "landuse": "None", "residential": "None", "name": "None" }, "geometry": { "type": "Point", "coordinates": [ 109.074150085449219, 34.2255859375 ] } },
{ "type": "Feature", "properties": { "city": "xian", "candidate_source": "place_village_hamlet_locality", "id": "1238885690", "osm_type": "way", "place": "village", "landuse": "None", "residential": "None", "name": "None" }, "geometry": { "type": "Polygon", "coordinates": [ [ [ 109.035881042480469, 34.243522644042969 ], [ 109.035850524902344, 34.243331909179688 ], [ 109.036666870117188, 34.243137359619141 ], [ 109.036552429199219, 34.242565155029297 ], [ 109.036293029785156, 34.241744995117188 ], [ 109.037193298339844, 34.241329193115234 ], [ 109.037277221679688, 34.240764617919922 ], [ 109.037162780761719, 34.239830017089844 ], [ 109.037277221679688, 34.239311218261719 ], [ 109.037635803222656, 34.23883056640625 ], [ 109.03826904296875, 34.238178253173828 ], [ 109.038200378417969, 34.237754821777344 ], [ 109.037818908691406, 34.237232208251953 ], [ 109.035118103027344, 34.237815856933594 ], [ 109.034187316894531, 34.237949371337891 ], [ 109.033744812011719, 34.237045288085938 ], [ 109.032798767089844, 34.23712158203125 ], [ 109.032768249511719, 34.237197875976562 ], [ 109.032394409179688, 34.237258911132812 ], [ 109.032478332519531, 34.237621307373047 ], [ 109.032569885253906, 34.237911224365234 ], [ 109.032516479492188, 34.237987518310547 ], [ 109.03289794921875, 34.238811492919922 ], [ 109.032730102539062, 34.238853454589844 ], [ 109.032798767089844, 34.239093780517578 ], [ 109.031997680664062, 34.239200592041016 ], [ 109.03204345703125, 34.239601135253906 ], [ 109.033172607421875, 34.239418029785156 ], [ 109.033561706542969, 34.239612579345703 ], [ 109.033714294433594, 34.24066162109375 ], [ 109.033515930175781, 34.241378784179688 ], [ 109.032852172851562, 34.241722106933594 ], [ 109.031875610351562, 34.241470336914062 ], [ 109.031341552734375, 34.241630554199219 ], [ 109.030616760253906, 34.241840362548828 ], [ 109.030593872070312, 34.242462158203125 ], [ 109.031478881835938, 34.242733001708984 ], [ 109.032196044921875, 34.242870330810547 ], [ 109.032997131347656, 34.242511749267578 ], [ 109.033134460449219, 34.242740631103516 ], [ 109.033363342285156, 34.244022369384766 ], [ 109.035881042480469, 34.243522644042969 ] ] ] } },
{ "type": "Feature", "properties": { "city": "xian", "candidate_source": "place_village_hamlet_locality", "id": "13381933126", "osm_type": "node", "place": "village", "landuse": "None", "residential": "None", "name": "None" }, "geometry": { "type": "Point", "coordinates": [ 109.065452575683594, 34.243877410888672 ] } },
{ "type": "Feature", "properties": { "city": "xian", "candidate_source": "place_village_hamlet_locality", "id": "1213506279", "osm_type": "way", "place": "village", "landuse": "None", "residential": "None", "name": "None" }, "geometry": { "type": "Polygon", "coordinates": [ [ [ 109.0345458984375, 34.255001068115234 ], [ 109.035316467285156, 34.254848480224609 ], [ 109.035179138183594, 34.254470825195312 ], [ 109.036224365234375, 34.254245758056641 ], [ 109.036186218261719, 34.252964019775391 ], [ 109.036186218261719, 34.252723693847656 ], [ 109.036201477050781, 34.252395629882812 ], [ 109.037544250488281, 34.252338409423828 ], [ 109.037429809570312, 34.251087188720703 ], [ 109.038795471191406, 34.250827789306641 ], [ 109.038673400878906, 34.250339508056641 ], [ 109.037673950195312, 34.250350952148438 ], [ 109.037551879882812, 34.249797821044922 ], [ 109.038925170898438, 34.249477386474609 ], [ 109.038261413574219, 34.247737884521484 ], [ 109.038490295410156, 34.247623443603516 ], [ 109.038459777832031, 34.247440338134766 ], [ 109.039939880371094, 34.247173309326172 ], [ 109.039741516113281, 34.246406555175781 ], [ 109.038658142089844, 34.246601104736328 ], [ 109.038284301757812, 34.246364593505859 ], [ 109.038131713867188, 34.245986938476562 ], [ 109.038772583007812, 34.24591064453125 ], [ 109.03857421875, 34.245033264160156 ], [ 109.038078308105469, 34.244754791259766 ], [ 109.037376403808594, 34.24493408203125 ], [ 109.037223815917969, 34.244319915771484 ], [ 109.036231994628906, 34.244491577148438 ], [ 109.036445617675781, 34.246131896972656 ], [ 109.035911560058594, 34.246410369873047 ], [ 109.035667419433594, 34.247112274169922 ], [ 109.034347534179688, 34.247608184814453 ], [ 109.034263610839844, 34.248092651367188 ], [ 109.03411865234375, 34.248195648193359 ], [ 109.0338134765625, 34.24755859375 ], [ 109.033615112304688, 34.247573852539062 ], [ 109.03369140625, 34.248752593994141 ], [ 109.030082702636719, 34.248855590820312 ], [ 109.029960632324219, 34.248092651367188 ], [ 109.029205322265625, 34.248085021972656 ], [ 109.028968811035156, 34.249019622802734 ], [ 109.028923034667969, 34.24957275390625 ], [ 109.02996826171875, 34.249603271484375 ], [ 109.030006408691406, 34.249336242675781 ], [ 109.033103942871094, 34.249340057373047 ], [ 109.033409118652344, 34.25079345703125 ], [ 109.033485412597656, 34.252391815185547 ], [ 109.033477783203125, 34.252731323242188 ], [ 109.0303955078125, 34.252738952636719 ], [ 109.030433654785156, 34.253829956054688 ], [ 109.031143188476562, 34.253829956054688 ], [ 109.031288146972656, 34.254241943359375 ], [ 109.032630920410156, 34.254264831542969 ], [ 109.032646179199219, 34.255332946777344 ], [ 109.032814025878906, 34.255470275878906 ], [ 109.032783508300781, 34.256031036376953 ], [ 109.032928466796875, 34.256008148193359 ], [ 109.032890319824219, 34.256248474121094 ], [ 109.032608032226562, 34.256278991699219 ], [ 109.032539367675781, 34.256980895996094 ], [ 109.03411865234375, 34.257175445556641 ], [ 109.0345458984375, 34.255001068115234 ] ] ] } },
{ "type": "Feature", "properties": { "city": "xian", "candidate_source": "place_village_hamlet_locality", "id": "13381933125", "osm_type": "node", "place": "village", "landuse": "None", "residential": "None", "name": "None" }, "geometry": { "type": "Point", "coordinates": [ 109.072235107421875, 34.252029418945312 ] } },
{ "type": "Feature", "properties": { "city": "xian", "candidate_source": "place_village_hamlet_locality", "id": "13381957637", "osm_type": "node", "place": "locality", "landuse": "None", "residential": "None", "name": "None" }, "geometry": { "type": "Point", "coordinates": [ 109.034378051757812, 34.259857177734375 ] } },
{ "type": "Feature", "properties": { "city": "xian", "candidate_source": "place_village_hamlet_locality", "id": "13381957636", "osm_type": "node", "place": "locality", "landuse": "None", "residential": "None", "name": "None" }, "geometry": { "type": "Point", "coordinates": [ 109.037437438964844, 34.264072418212891 ] } },
{ "type": "Feature", "properties": { "city": "xian", "candidate_source": "place_village_hamlet_locality", "id": "13381933119", "osm_type": "node", "place": "locality", "landuse": "None", "residential": "None", "name": "None" }, "geometry": { "type": "Point", "coordinates": [ 109.045570373535156, 34.274425506591797 ] } },
{ "type": "Feature", "properties": { "city": "xian", "candidate_source": "place_village_hamlet_locality", "id": "13381957625", "osm_type": "node", "place": "hamlet", "landuse": "None", "residential": "None", "name": "None" }, "geometry": { "type": "Point", "coordinates": [ 109.023139953613281, 34.281772613525391 ] } },
{ "type": "Feature", "properties": { "city": "xian", "candidate_source": "place_village_hamlet_locality", "id": "13381830978", "osm_type": "node", "place": "village", "landuse": "None", "residential": "None", "name": "None" }, "geometry": { "type": "Point", "coordinates": [ 109.095970153808594, 34.241222381591797 ] } },
{ "type": "Feature", "properties": { "city": "xian", "candidate_source": "place_village_hamlet_locality", "id": "13381890965", "osm_type": "node", "place": "village", "landuse": "None", "residential": "None", "name": "None" }, "geometry": { "type": "Point", "coordinates": [ 109.09100341796875, 34.257907867431641 ] } },
{ "type": "Feature", "properties": { "city": "xian", "candidate_source": "place_village_hamlet_locality", "id": "13381915429", "osm_type": "node", "place": "hamlet", "landuse": "None", "residential": "None", "name": "None" }, "geometry": { "type": "Point", "coordinates": [ 109.108055114746094, 34.263370513916016 ] } },
{ "type": "Feature", "properties": { "city": "xian", "candidate_source": "place_village_hamlet_locality", "id": "13381915428", "osm_type": "node", "place": "village", "landuse": "None", "residential": "None", "name": "None" }, "geometry": { "type": "Point", "coordinates": [ 109.106315612792969, 34.267452239990234 ] } },
{ "type": "Feature", "properties": { "city": "xian", "candidate_source": "place_village_hamlet_locality", "id": "13381915427", "osm_type": "node", "place": "hamlet", "landuse": "None", "residential": "None", "name": "None" }, "geometry": { "type": "Point", "coordinates": [ 109.094512939453125, 34.271129608154297 ] } },
{ "type": "Feature", "properties": { "city": "xian", "candidate_source": "place_village_hamlet_locality", "id": "13381915423", "osm_type": "node", "place": "locality", "landuse": "None", "residential": "None", "name": "None" }, "geometry": { "type": "Point", "coordinates": [ 109.082817077636719, 34.271224975585938 ] } },
{ "type": "Feature", "properties": { "city": "xian", "candidate_source": "place_village_hamlet_locality", "id": "13381915424", "osm_type": "node", "place": "hamlet", "landuse": "None", "residential": "None", "name": "None" }, "geometry": { "type": "Point", "coordinates": [ 109.087471008300781, 34.272388458251953 ] } },
{ "type": "Feature", "properties": { "city": "xian", "candidate_source": "place_village_hamlet_locality", "id": "13381915425", "osm_type": "node", "place": "village", "landuse": "None", "residential": "None", "name": "None" }, "geometry": { "type": "Point", "coordinates": [ 109.09033203125, 34.273006439208984 ] } },
{ "type": "Feature", "properties": { "city": "xian", "candidate_source": "place_village_hamlet_locality", "id": "13381915422", "osm_type": "node", "place": "hamlet", "landuse": "None", "residential": "None", "name": "None" }, "geometry": { "type": "Point", "coordinates": [ 109.085006713867188, 34.273616790771484 ] } },
{ "type": "Feature", "properties": { "city": "xian", "candidate_source": "place_village_hamlet_locality", "id": "13381915426", "osm_type": "node", "place": "village", "landuse": "None", "residential": "None", "name": "None" }, "geometry": { "type": "Point", "coordinates": [ 109.098197937011719, 34.273918151855469 ] } },
{ "type": "Feature", "properties": { "city": "xian", "candidate_source": "place_village_hamlet_locality", "id": "13381915421", "osm_type": "node", "place": "village", "landuse": "None", "residential": "None", "name": "None" }, "geometry": { "type": "Point", "coordinates": [ 109.08660888671875, 34.275802612304688 ] } },
{ "type": "Feature", "properties": { "city": "xian", "candidate_source": "residential_rural", "id": "1515071522", "osm_type": "way", "place": "None", "landuse": "residential", "residential": "rural", "name": "None" }, "geometry": { "type": "Polygon", "coordinates": [ [ [ 109.084053039550781, 34.279239654541016 ], [ 109.084747314453125, 34.279075622558594 ], [ 109.084793090820312, 34.279262542724609 ], [ 109.086563110351562, 34.279090881347656 ], [ 109.086433410644531, 34.278366088867188 ], [ 109.086380004882812, 34.278312683105469 ], [ 109.082656860351562, 34.278511047363281 ], [ 109.082763671875, 34.2789306640625 ], [ 109.08306884765625, 34.278900146484375 ], [ 109.083168029785156, 34.279396057128906 ], [ 109.084053039550781, 34.279239654541016 ] ] ] } },
{ "type": "Feature", "properties": { "city": "xian", "candidate_source": "place_village_hamlet_locality", "id": "13381890936", "osm_type": "node", "place": "village", "landuse": "None", "residential": "None", "name": "None" }, "geometry": { "type": "Point", "coordinates": [ 109.108192443847656, 34.288848876953125 ] } },
{ "type": "Feature", "properties": { "city": "xian", "candidate_source": "place_village_hamlet_locality", "id": "13381890935", "osm_type": "node", "place": "hamlet", "landuse": "None", "residential": "None", "name": "None" }, "geometry": { "type": "Point", "coordinates": [ 109.100120544433594, 34.292594909667969 ] } },
{ "type": "Feature", "properties": { "city": "xian", "candidate_source": "place_village_hamlet_locality", "id": "13381890934", "osm_type": "node", "place": "village", "landuse": "None", "residential": "None", "name": "None" }, "geometry": { "type": "Point", "coordinates": [ 109.103805541992188, 34.293384552001953 ] } },
{ "type": "Feature", "properties": { "city": "xian", "candidate_source": "place_village_hamlet_locality", "id": "13381890932", "osm_type": "node", "place": "village", "landuse": "None", "residential": "None", "name": "None" }, "geometry": { "type": "Point", "coordinates": [ 109.107711791992188, 34.304157257080078 ] } },
{ "type": "Feature", "properties": { "city": "xian", "candidate_source": "place_village_hamlet_locality", "id": "13381830965", "osm_type": "node", "place": "locality", "landuse": "None", "residential": "None", "name": "None" }, "geometry": { "type": "Point", "coordinates": [ 109.083511352539062, 34.306930541992188 ] } },
{ "type": "Feature", "properties": { "city": "xian", "candidate_source": "place_village_hamlet_locality", "id": "13381830964", "osm_type": "node", "place": "locality", "landuse": "None", "residential": "None", "name": "None" }, "geometry": { "type": "Point", "coordinates": [ 109.081375122070312, 34.311428070068359 ] } },
{ "type": "Feature", "properties": { "city": "xian", "candidate_source": "place_village_hamlet_locality", "id": "13381890928", "osm_type": "node", "place": "village", "landuse": "None", "residential": "None", "name": "None" }, "geometry": { "type": "Point", "coordinates": [ 109.109573364257812, 34.317146301269531 ] } },
{ "type": "Feature", "properties": { "city": "xian", "candidate_source": "place_village_hamlet_locality", "id": "13381830973", "osm_type": "node", "place": "village", "landuse": "None", "residential": "None", "name": "None" }, "geometry": { "type": "Point", "coordinates": [ 109.104537963867188, 34.321380615234375 ] } },
{ "type": "Feature", "properties": { "city": "xian", "candidate_source": "place_village_hamlet_locality", "id": "13381890940", "osm_type": "node", "place": "locality", "landuse": "None", "residential": "None", "name": "None" }, "geometry": { "type": "Point", "coordinates": [ 109.124488830566406, 34.284221649169922 ] } },
{ "type": "Feature", "properties": { "city": "xian", "candidate_source": "place_village_hamlet_locality", "id": "13381890941", "osm_type": "node", "place": "village", "landuse": "None", "residential": "None", "name": "None" }, "geometry": { "type": "Point", "coordinates": [ 109.114204406738281, 34.285388946533203 ] } },
{ "type": "Feature", "properties": { "city": "xian", "candidate_source": "place_village_hamlet_locality", "id": "13381664893", "osm_type": "node", "place": "village", "landuse": "None", "residential": "None", "name": "None" }, "geometry": { "type": "Point", "coordinates": [ 109.135787963867188, 34.286678314208984 ] } },
{ "type": "Feature", "properties": { "city": "xian", "candidate_source": "place_village_hamlet_locality", "id": "13381890938", "osm_type": "node", "place": "hamlet", "landuse": "None", "residential": "None", "name": "None" }, "geometry": { "type": "Point", "coordinates": [ 109.129173278808594, 34.289920806884766 ] } },
{ "type": "Feature", "properties": { "city": "xian", "candidate_source": "place_village_hamlet_locality", "id": "13381890939", "osm_type": "node", "place": "hamlet", "landuse": "None", "residential": "None", "name": "None" }, "geometry": { "type": "Point", "coordinates": [ 109.132148742675781, 34.293750762939453 ] } },
{ "type": "Feature", "properties": { "city": "xian", "candidate_source": "place_village_hamlet_locality", "id": "13381664894", "osm_type": "node", "place": "village", "landuse": "None", "residential": "None", "name": "None" }, "geometry": { "type": "Point", "coordinates": [ 109.136039733886719, 34.298110961914062 ] } },
{ "type": "Feature", "properties": { "city": "xian", "candidate_source": "place_village_hamlet_locality", "id": "13381664895", "osm_type": "node", "place": "village", "landuse": "None", "residential": "None", "name": "None" }, "geometry": { "type": "Point", "coordinates": [ 109.131118774414062, 34.307483673095703 ] } },
{ "type": "Feature", "properties": { "city": "xian", "candidate_source": "place_village_hamlet_locality", "id": "13381664896", "osm_type": "node", "place": "village", "landuse": "None", "residential": "None", "name": "None" }, "geometry": { "type": "Point", "coordinates": [ 109.128692626953125, 34.316513061523438 ] } },
{ "type": "Feature", "properties": { "city": "xian", "candidate_source": "place_village_hamlet_locality", "id": "13381890930", "osm_type": "node", "place": "hamlet", "landuse": "None", "residential": "None", "name": "None" }, "geometry": { "type": "Point", "coordinates": [ 109.124710083007812, 34.317100524902344 ] } },
{ "type": "Feature", "properties": { "city": "xian", "candidate_source": "place_village_hamlet_locality", "id": "13381664897", "osm_type": "node", "place": "village", "landuse": "None", "residential": "None", "name": "None" }, "geometry": { "type": "Point", "coordinates": [ 109.129920959472656, 34.321022033691406 ] } },
{ "type": "Feature", "properties": { "city": "xian", "candidate_source": "place_village_hamlet_locality", "id": "13381915408", "osm_type": "node", "place": "village", "landuse": "None", "residential": "None", "name": "None" }, "geometry": { "type": "Point", "coordinates": [ 109.048019409179688, 34.287014007568359 ] } },
{ "type": "Feature", "properties": { "city": "xian", "candidate_source": "place_village_hamlet_locality", "id": "13381890599", "osm_type": "node", "place": "village", "landuse": "None", "residential": "None", "name": "None" }, "geometry": { "type": "Point", "coordinates": [ 109.056510925292969, 34.299510955810547 ] } },
{ "type": "Feature", "properties": { "city": "xian", "candidate_source": "place_village_hamlet_locality", "id": "13381915403", "osm_type": "node", "place": "village", "landuse": "None", "residential": "None", "name": "None" }, "geometry": { "type": "Point", "coordinates": [ 109.062690734863281, 34.300510406494141 ] } },
{ "type": "Feature", "properties": { "city": "xian", "candidate_source": "place_village_hamlet_locality", "id": "13381890971", "osm_type": "node", "place": "village", "landuse": "None", "residential": "None", "name": "None" }, "geometry": { "type": "Point", "coordinates": [ 109.052360534667969, 34.302524566650391 ] } },
{ "type": "Feature", "properties": { "city": "xian", "candidate_source": "place_village_hamlet_locality", "id": "13381915404", "osm_type": "node", "place": "village", "landuse": "None", "residential": "None", "name": "None" }, "geometry": { "type": "Point", "coordinates": [ 109.063667297363281, 34.303901672363281 ] } },
{ "type": "Feature", "properties": { "city": "xian", "candidate_source": "place_village_hamlet_locality", "id": "2569501656", "osm_type": "node", "place": "locality", "landuse": "None", "residential": "None", "name": "None" }, "geometry": { "type": "Point", "coordinates": [ 109.067626953125, 34.311111450195312 ] } },
{ "type": "Feature", "properties": { "city": "xian", "candidate_source": "place_village_hamlet_locality", "id": "13381830961", "osm_type": "node", "place": "hamlet", "landuse": "None", "residential": "None", "name": "None" }, "geometry": { "type": "Point", "coordinates": [ 109.067451477050781, 34.313053131103516 ] } },
{ "type": "Feature", "properties": { "city": "xian", "candidate_source": "place_village_hamlet_locality", "id": "13381830956", "osm_type": "node", "place": "village", "landuse": "None", "residential": "None", "name": "None" }, "geometry": { "type": "Point", "coordinates": [ 109.067924499511719, 34.325969696044922 ] } },
{ "type": "Feature", "properties": { "city": "xian", "candidate_source": "place_village_hamlet_locality", "id": "13381830957", "osm_type": "node", "place": "locality", "landuse": "None", "residential": "None", "name": "None" }, "geometry": { "type": "Point", "coordinates": [ 109.067337036132812, 34.328388214111328 ] } },
{ "type": "Feature", "properties": { "city": "xian", "candidate_source": "place_village_hamlet_locality", "id": "13381830958", "osm_type": "node", "place": "locality", "landuse": "None", "residential": "None", "name": "None" }, "geometry": { "type": "Point", "coordinates": [ 109.069801330566406, 34.328395843505859 ] } },
{ "type": "Feature", "properties": { "city": "xian", "candidate_source": "residential_rural", "id": "246285606", "osm_type": "way", "place": "None", "landuse": "residential", "residential": "rural", "name": "None" }, "geometry": { "type": "Polygon", "coordinates": [ [ [ 108.860481262207031, 34.183811187744141 ], [ 108.860481262207031, 34.183906555175781 ], [ 108.863395690917969, 34.183906555175781 ], [ 108.863395690917969, 34.183727264404297 ], [ 108.864166259765625, 34.183727264404297 ], [ 108.864250183105469, 34.183670043945312 ], [ 108.8642578125, 34.183383941650391 ], [ 108.864410400390625, 34.183124542236328 ], [ 108.864410400390625, 34.182418823242188 ], [ 108.86431884765625, 34.181972503662109 ], [ 108.86431884765625, 34.181648254394531 ], [ 108.864067077636719, 34.181495666503906 ], [ 108.863784790039062, 34.181488037109375 ], [ 108.863563537597656, 34.181400299072266 ], [ 108.859779357910156, 34.181400299072266 ], [ 108.859535217285156, 34.181575775146484 ], [ 108.859512329101562, 34.182697296142578 ], [ 108.858146667480469, 34.182701110839844 ], [ 108.858146667480469, 34.183197021484375 ], [ 108.857231140136719, 34.183193206787109 ], [ 108.857231140136719, 34.183353424072266 ], [ 108.856353759765625, 34.183341979980469 ], [ 108.856346130371094, 34.183906555175781 ], [ 108.858375549316406, 34.183921813964844 ], [ 108.858650207519531, 34.183830261230469 ], [ 108.858963012695312, 34.183826446533203 ], [ 108.859199523925781, 34.183647155761719 ], [ 108.859512329101562, 34.183647155761719 ], [ 108.859725952148438, 34.183818817138672 ], [ 108.860481262207031, 34.183811187744141 ] ] ] } },
{ "type": "Feature", "properties": { "city": "xian", "candidate_source": "residential_rural", "id": "995641339", "osm_type": "way", "place": "None", "landuse": "residential", "residential": "rural", "name": "None" }, "geometry": { "type": "Polygon", "coordinates": [ [ [ 108.8519287109375, 34.198352813720703 ], [ 108.851814270019531, 34.196735382080078 ], [ 108.849784851074219, 34.196739196777344 ], [ 108.849784851074219, 34.197273254394531 ], [ 108.8507080078125, 34.197280883789062 ], [ 108.8507080078125, 34.197971343994141 ], [ 108.84979248046875, 34.197971343994141 ], [ 108.84979248046875, 34.198348999023438 ], [ 108.8519287109375, 34.198352813720703 ] ] ] } },
{ "type": "Feature", "properties": { "city": "xian", "candidate_source": "residential_rural", "id": "995641359", "osm_type": "way", "place": "None", "landuse": "residential", "residential": "rural", "name": "None" }, "geometry": { "type": "Polygon", "coordinates": [ [ [ 108.8507080078125, 34.197967529296875 ], [ 108.850700378417969, 34.197284698486328 ], [ 108.84979248046875, 34.197277069091797 ], [ 108.84979248046875, 34.197963714599609 ], [ 108.8507080078125, 34.197967529296875 ] ] ] } },
{ "type": "Feature", "properties": { "city": "xian", "candidate_source": "residential_rural", "id": "995864356", "osm_type": "way", "place": "None", "landuse": "residential", "residential": "rural", "name": "None" }, "geometry": { "type": "Polygon", "coordinates": [ [ [ 108.846908569335938, 34.196735382080078 ], [ 108.844032287597656, 34.196731567382812 ], [ 108.844039916992188, 34.197238922119141 ], [ 108.843124389648438, 34.197242736816406 ], [ 108.8431396484375, 34.1986083984375 ], [ 108.844047546386719, 34.198604583740234 ], [ 108.844039916992188, 34.199886322021484 ], [ 108.846908569335938, 34.199886322021484 ], [ 108.846908569335938, 34.196735382080078 ] ] ] } },
{ "type": "Feature", "properties": { "city": "xian", "candidate_source": "residential_rural", "id": "995864304", "osm_type": "way", "place": "None", "landuse": "residential", "residential": "rural", "name": "None" }, "geometry": { "type": "Polygon", "coordinates": [ [ [ 108.849777221679688, 34.196739196777344 ], [ 108.846916198730469, 34.196731567382812 ], [ 108.846908569335938, 34.199886322021484 ], [ 108.849777221679688, 34.19989013671875 ], [ 108.849777221679688, 34.196739196777344 ] ] ] } },
{ "type": "Feature", "properties": { "city": "xian", "candidate_source": "residential_rural", "id": "995864413", "osm_type": "way", "place": "None", "landuse": "residential", "residential": "rural", "name": "None" }, "geometry": { "type": "Polygon", "coordinates": [ [ [ 108.844039916992188, 34.198612213134766 ], [ 108.843124389648438, 34.198612213134766 ], [ 108.843124389648438, 34.197242736816406 ], [ 108.842376708984375, 34.197242736816406 ], [ 108.842384338378906, 34.199710845947266 ], [ 108.842613220214844, 34.199886322021484 ], [ 108.844032287597656, 34.199886322021484 ], [ 108.844039916992188, 34.198612213134766 ] ] ] } },
{ "type": "Feature", "properties": { "city": "xian", "candidate_source": "place_village_hamlet_locality", "id": "4087696786", "osm_type": "node", "place": "village", "landuse": "None", "residential": "None", "name": "None" }, "geometry": { "type": "Point", "coordinates": [ 109.017654418945312, 34.193580627441406 ] } },
{ "type": "Feature", "properties": { "city": "xian", "candidate_source": "place_village_hamlet_locality", "id": "974312739", "osm_type": "way", "place": "village", "landuse": "None", "residential": "None", "name": "None" }, "geometry": { "type": "Polygon", "coordinates": [ [ [ 108.933135986328125, 34.214256286621094 ], [ 108.933113098144531, 34.213573455810547 ], [ 108.932022094726562, 34.213581085205078 ], [ 108.932029724121094, 34.214263916015625 ], [ 108.933135986328125, 34.214256286621094 ] ] ] } },
{ "type": "Feature", "properties": { "city": "xian", "candidate_source": "place_village_hamlet_locality", "id": "974312738", "osm_type": "way", "place": "village", "landuse": "None", "residential": "None", "name": "None" }, "geometry": { "type": "Polygon", "coordinates": [ [ [ 108.930778503417969, 34.213577270507812 ], [ 108.929588317871094, 34.213573455810547 ], [ 108.929466247558594, 34.214836120605469 ], [ 108.929466247558594, 34.21600341796875 ], [ 108.9307861328125, 34.21600341796875 ], [ 108.930778503417969, 34.213577270507812 ] ] ] } },
{ "type": "Feature", "properties": { "city": "xian", "candidate_source": "residential_rural", "id": "1006796245", "osm_type": "way", "place": "None", "landuse": "residential", "residential": "rural", "name": "None" }, "geometry": { "type": "Polygon", "coordinates": [ [ [ 108.90362548828125, 34.214740753173828 ], [ 108.902626037597656, 34.215312957763672 ], [ 108.903419494628906, 34.216201782226562 ], [ 108.904640197753906, 34.215694427490234 ], [ 108.90362548828125, 34.214740753173828 ] ] ] } },
{ "type": "Feature", "properties": { "city": "xian", "candidate_source": "place_village_hamlet_locality", "id": "974222539", "osm_type": "way", "place": "village", "landuse": "None", "residential": "None", "name": "None" }, "geometry": { "type": "Polygon", "coordinates": [ [ [ 108.92816162109375, 34.219169616699219 ], [ 108.928176879882812, 34.218955993652344 ], [ 108.929962158203125, 34.219009399414062 ], [ 108.930625915527344, 34.219013214111328 ], [ 108.930641174316406, 34.219249725341797 ], [ 108.931602478027344, 34.219226837158203 ], [ 108.931617736816406, 34.218952178955078 ], [ 108.931808471679688, 34.218944549560547 ], [ 108.931808471679688, 34.21856689453125 ], [ 108.929962158203125, 34.218486785888672 ], [ 108.93011474609375, 34.216220855712891 ], [ 108.929794311523438, 34.216224670410156 ], [ 108.929794311523438, 34.216449737548828 ], [ 108.929374694824219, 34.216472625732422 ], [ 108.929351806640625, 34.216720581054688 ], [ 108.928878784179688, 34.21673583984375 ], [ 108.928886413574219, 34.216228485107422 ], [ 108.927398681640625, 34.216259002685547 ], [ 108.927360534667969, 34.219173431396484 ], [ 108.92816162109375, 34.219169616699219 ] ] ] } },
{ "type": "Feature", "properties": { "city": "xian", "candidate_source": "residential_rural", "id": "929222941", "osm_type": "way", "place": "None", "landuse": "residential", "residential": "rural", "name": "None" }, "geometry": { "type": "Polygon", "coordinates": [ [ [ 108.901100158691406, 34.222145080566406 ], [ 108.901222229003906, 34.222007751464844 ], [ 108.901077270507812, 34.221759796142578 ], [ 108.901008605957031, 34.221519470214844 ], [ 108.898300170898438, 34.217369079589844 ], [ 108.8980712890625, 34.217155456542969 ], [ 108.89788818359375, 34.216884613037109 ], [ 108.897743225097656, 34.21685791015625 ], [ 108.897483825683594, 34.216964721679688 ], [ 108.897262573242188, 34.216995239257812 ], [ 108.895637512207031, 34.217731475830078 ], [ 108.895965576171875, 34.218235015869141 ], [ 108.895004272460938, 34.218677520751953 ], [ 108.896331787109375, 34.220775604248047 ], [ 108.893905639648438, 34.221870422363281 ], [ 108.894699096679688, 34.223087310791016 ], [ 108.89495849609375, 34.222965240478516 ], [ 108.895309448242188, 34.223480224609375 ], [ 108.897491455078125, 34.222503662109375 ], [ 108.898056030273438, 34.223373413085938 ], [ 108.898246765136719, 34.223442077636719 ], [ 108.901100158691406, 34.222145080566406 ] ] ] } },
{ "type": "Feature", "properties": { "city": "xian", "candidate_source": "place_village_hamlet_locality", "id": "973955979", "osm_type": "way", "place": "village", "landuse": "None", "residential": "None", "name": "None" }, "geometry": { "type": "Polygon", "coordinates": [ [ [ 108.931709289550781, 34.223728179931641 ], [ 108.932640075683594, 34.223682403564453 ], [ 108.93267822265625, 34.222434997558594 ], [ 108.930908203125, 34.222358703613281 ], [ 108.930908203125, 34.222171783447266 ], [ 108.929779052734375, 34.222194671630859 ], [ 108.929771423339844, 34.222488403320312 ], [ 108.927413940429688, 34.222515106201172 ], [ 108.927406311035156, 34.222682952880859 ], [ 108.929725646972656, 34.222686767578125 ], [ 108.92974853515625, 34.223423004150391 ], [ 108.929924011230469, 34.223426818847656 ], [ 108.929931640625, 34.223670959472656 ], [ 108.931709289550781, 34.223728179931641 ] ] ] } },
{ "type": "Feature", "properties": { "city": "xian", "candidate_source": "residential_rural", "id": "929222954", "osm_type": "way", "place": "None", "landuse": "residential", "residential": "rural", "name": "None" }, "geometry": { "type": "Polygon", "coordinates": [ [ [ 108.893287658691406, 34.224853515625 ], [ 108.891960144042969, 34.222793579101562 ], [ 108.891082763671875, 34.223186492919922 ], [ 108.891075134277344, 34.223464965820312 ], [ 108.89227294921875, 34.225292205810547 ], [ 108.893287658691406, 34.224853515625 ] ] ] } },
{ "type": "Feature", "properties": { "city": "xian", "candidate_source": "residential_rural", "id": "995641316", "osm_type": "way", "place": "None", "landuse": "residential", "residential": "rural", "name": "None" }, "geometry": { "type": "Polygon", "coordinates": [ [ [ 108.8519287109375, 34.198360443115234 ], [ 108.84979248046875, 34.198352813720703 ], [ 108.849784851074219, 34.199886322021484 ], [ 108.850753784179688, 34.199893951416016 ], [ 108.850753784179688, 34.199691772460938 ], [ 108.851310729980469, 34.199684143066406 ], [ 108.851310729980469, 34.199451446533203 ], [ 108.851264953613281, 34.199451446533203 ], [ 108.85125732421875, 34.199352264404297 ], [ 108.851051330566406, 34.199352264404297 ], [ 108.851058959960938, 34.199260711669922 ], [ 108.851966857910156, 34.199249267578125 ], [ 108.8519287109375, 34.198360443115234 ] ] ] } },
{ "type": "Feature", "properties": { "city": "xian", "candidate_source": "residential_rural", "id": "995641197", "osm_type": "way", "place": "None", "landuse": "residential", "residential": "rural", "name": "None" }, "geometry": { "type": "Polygon", "coordinates": [ [ [ 108.8497314453125, 34.201938629150391 ], [ 108.8497314453125, 34.202140808105469 ], [ 108.850738525390625, 34.202140808105469 ], [ 108.850738525390625, 34.200126647949219 ], [ 108.848831176757812, 34.200138092041016 ], [ 108.848831176757812, 34.201930999755859 ], [ 108.8497314453125, 34.201938629150391 ] ] ] } },
{ "type": "Feature", "properties": { "city": "xian", "candidate_source": "residential_rural", "id": "995641224", "osm_type": "way", "place": "None", "landuse": "residential", "residential": "rural", "name": "None" }, "geometry": { "type": "Polygon", "coordinates": [ [ [ 108.848823547363281, 34.202140808105469 ], [ 108.848823547363281, 34.20013427734375 ], [ 108.846923828125, 34.200126647949219 ], [ 108.846908569335938, 34.202156066894531 ], [ 108.848823547363281, 34.202140808105469 ] ] ] } },
{ "type": "Feature", "properties": { "city": "xian", "candidate_source": "residential_rural", "id": "995641250", "osm_type": "way", "place": "None", "landuse": "residential", "residential": "rural", "name": "None" }, "geometry": { "type": "Polygon", "coordinates": [ [ [ 108.845962524414062, 34.202526092529297 ], [ 108.846908569335938, 34.202529907226562 ], [ 108.846908569335938, 34.201213836669922 ], [ 108.845077514648438, 34.201213836669922 ], [ 108.845069885253906, 34.200687408447266 ], [ 108.842384338378906, 34.200695037841797 ], [ 108.842384338378906, 34.201831817626953 ], [ 108.844154357910156, 34.204113006591797 ], [ 108.845962524414062, 34.204113006591797 ], [ 108.845962524414062, 34.202526092529297 ] ] ] } },
{ "type": "Feature", "properties": { "city": "xian", "candidate_source": "residential_rural", "id": "993476686", "osm_type": "way", "place": "None", "landuse": "residential", "residential": "rural", "name": "None" }, "geometry": { "type": "Polygon", "coordinates": [ [ [ 108.845970153808594, 34.204113006591797 ], [ 108.846275329589844, 34.204116821289062 ], [ 108.846267700195312, 34.203971862792969 ], [ 108.847816467285156, 34.203945159912109 ], [ 108.847816467285156, 34.203601837158203 ], [ 108.848831176757812, 34.203601837158203 ], [ 108.848823547363281, 34.2021484375 ], [ 108.846923828125, 34.202163696289062 ], [ 108.846916198730469, 34.202533721923828 ], [ 108.845962524414062, 34.202529907226562 ], [ 108.845970153808594, 34.204113006591797 ] ] ] } },
{ "type": "Feature", "properties": { "city": "xian", "candidate_source": "residential_rural", "id": "993476667", "osm_type": "way", "place": "None", "landuse": "residential", "residential": "rural", "name": "None" }, "geometry": { "type": "Polygon", "coordinates": [ [ [ 108.848594665527344, 34.203945159912109 ], [ 108.848602294921875, 34.204631805419922 ], [ 108.849769592285156, 34.204627990722656 ], [ 108.849777221679688, 34.202850341796875 ], [ 108.850723266601562, 34.202842712402344 ], [ 108.850746154785156, 34.2021484375 ], [ 108.849723815917969, 34.2021484375 ], [ 108.849723815917969, 34.201942443847656 ], [ 108.848831176757812, 34.201938629150391 ], [ 108.848838806152344, 34.203609466552734 ], [ 108.847824096679688, 34.203605651855469 ], [ 108.847824096679688, 34.203948974609375 ], [ 108.848594665527344, 34.203945159912109 ] ] ] } },
{ "type": "Feature", "properties": { "city": "xian", "candidate_source": "residential_rural", "id": "993211263", "osm_type": "way", "place": "None", "landuse": "residential", "residential": "rural", "name": "None" }, "geometry": { "type": "Polygon", "coordinates": [ [ [ 108.849769592285156, 34.204627990722656 ], [ 108.850738525390625, 34.204627990722656 ], [ 108.850723266601562, 34.202850341796875 ], [ 108.849784851074219, 34.202854156494141 ], [ 108.849769592285156, 34.204627990722656 ] ] ] } },
{ "type": "Feature", "properties": { "city": "xian", "candidate_source": "residential_rural", "id": "387319561", "osm_type": "way", "place": "None", "landuse": "residential", "residential": "rural", "name": "None" }, "geometry": { "type": "Polygon", "coordinates": [ [ [ 108.875877380371094, 34.221611022949219 ], [ 108.876731872558594, 34.221591949462891 ], [ 108.877586364746094, 34.221607208251953 ], [ 108.877853393554688, 34.221641540527344 ], [ 108.881172180175781, 34.221649169921875 ], [ 108.881217956542969, 34.218154907226562 ], [ 108.873687744140625, 34.218170166015625 ], [ 108.873649597167969, 34.221561431884766 ], [ 108.875877380371094, 34.221611022949219 ] ] ] } },
{ "type": "Feature", "properties": { "city": "xian", "candidate_source": "residential_rural", "id": "28601953", "osm_type": "way", "place": "None", "landuse": "residential", "residential": "rural", "name": "None" }, "geometry": { "type": "Polygon", "coordinates": [ [ [ 108.875709533691406, 34.236373901367188 ], [ 108.875701904296875, 34.234378814697266 ], [ 108.873344421386719, 34.234390258789062 ], [ 108.873329162597656, 34.235012054443359 ], [ 108.872688293457031, 34.235012054443359 ], [ 108.872695922851562, 34.236015319824219 ], [ 108.872962951660156, 34.23602294921875 ], [ 108.872962951660156, 34.235588073730469 ], [ 108.873786926269531, 34.235588073730469 ], [ 108.873779296875, 34.236370086669922 ], [ 108.875709533691406, 34.236373901367188 ] ] ] } },
{ "type": "Feature", "properties": { "city": "xian", "candidate_source": "residential_rural", "id": "974668573", "osm_type": "way", "place": "None", "landuse": "residential", "residential": "rural", "name": "None" }, "geometry": { "type": "Polygon", "coordinates": [ [ [ 108.976661682128906, 34.223438262939453 ], [ 108.976173400878906, 34.224292755126953 ], [ 108.976081848144531, 34.224262237548828 ], [ 108.975639343261719, 34.225025177001953 ], [ 108.976394653320312, 34.225326538085938 ], [ 108.975967407226562, 34.226043701171875 ], [ 108.976654052734375, 34.226333618164062 ], [ 108.976478576660156, 34.226600646972656 ], [ 108.977500915527344, 34.227027893066406 ], [ 108.978874206542969, 34.224761962890625 ], [ 108.978439331054688, 34.224575042724609 ], [ 108.978675842285156, 34.224163055419922 ], [ 108.976661682128906, 34.223438262939453 ] ] ] } },
{ "type": "Feature", "properties": { "city": "xian", "candidate_source": "place_village_hamlet_locality", "id": "973937418", "osm_type": "way", "place": "village", "landuse": "None", "residential": "None", "name": "None" }, "geometry": { "type": "Polygon", "coordinates": [ [ [ 108.922607421875, 34.227603912353516 ], [ 108.924720764160156, 34.227592468261719 ], [ 108.924720764160156, 34.227455139160156 ], [ 108.925529479980469, 34.227451324462891 ], [ 108.925529479980469, 34.227016448974609 ], [ 108.927139282226562, 34.227001190185547 ], [ 108.927146911621094, 34.225433349609375 ], [ 108.92340087890625, 34.225467681884766 ], [ 108.923408508300781, 34.22467041015625 ], [ 108.923240661621094, 34.224678039550781 ], [ 108.923286437988281, 34.227035522460938 ], [ 108.920036315917969, 34.227016448974609 ], [ 108.920814514160156, 34.228214263916016 ], [ 108.922607421875, 34.228218078613281 ], [ 108.922607421875, 34.227603912353516 ] ] ] } },
{ "type": "Feature", "properties": { "city": "xian", "candidate_source": "residential_rural", "id": "973937414", "osm_type": "way", "place": "None", "landuse": "residential", "residential": "rural", "name": "None" }, "geometry": { "type": "Polygon", "coordinates": [ [ [ 108.918930053710938, 34.226650238037109 ], [ 108.917251586914062, 34.226619720458984 ], [ 108.917266845703125, 34.226909637451172 ], [ 108.917671203613281, 34.226917266845703 ], [ 108.917633056640625, 34.227634429931641 ], [ 108.918815612792969, 34.227649688720703 ], [ 108.918930053710938, 34.226650238037109 ] ] ] } },
{ "type": "Feature", "properties": { "city": "xian", "candidate_source": "residential_rural", "id": "929222957", "osm_type": "way", "place": "None", "landuse": "residential", "residential": "rural", "name": "None" }, "geometry": { "type": "Polygon", "coordinates": [ [ [ 108.893989562988281, 34.228279113769531 ], [ 108.893669128417969, 34.227817535400391 ], [ 108.894340515136719, 34.227527618408203 ], [ 108.894386291503906, 34.227413177490234 ], [ 108.894699096679688, 34.227268218994141 ], [ 108.894630432128906, 34.226741790771484 ], [ 108.893630981445312, 34.226913452148438 ], [ 108.892654418945312, 34.226997375488281 ], [ 108.891143798828125, 34.227203369140625 ], [ 108.890548706054688, 34.227458953857422 ], [ 108.890846252441406, 34.228073120117188 ], [ 108.891563415527344, 34.229221343994141 ], [ 108.891685485839844, 34.229282379150391 ], [ 108.893989562988281, 34.228279113769531 ] ] ] } },
{ "type": "Feature", "properties": { "city": "xian", "candidate_source": "place_village_hamlet_locality", "id": "973588630", "osm_type": "way", "place": "village", "landuse": "None", "residential": "None", "name": "None" }, "geometry": { "type": "Polygon", "coordinates": [ [ [ 108.904960632324219, 34.233871459960938 ], [ 108.905677795410156, 34.233562469482422 ], [ 108.90594482421875, 34.23394775390625 ], [ 108.907356262207031, 34.233283996582031 ], [ 108.90667724609375, 34.232154846191406 ], [ 108.906791687011719, 34.232105255126953 ], [ 108.906867980957031, 34.231910705566406 ], [ 108.906654357910156, 34.231880187988281 ], [ 108.906524658203125, 34.231670379638672 ], [ 108.907554626464844, 34.231502532958984 ], [ 108.906768798828125, 34.23028564453125 ], [ 108.905616760253906, 34.230335235595703 ], [ 108.903671264648438, 34.231235504150391 ], [ 108.904022216796875, 34.231792449951172 ], [ 108.903678894042969, 34.231990814208984 ], [ 108.904960632324219, 34.233871459960938 ] ] ] } },
{ "type": "Feature", "properties": { "city": "xian", "candidate_source": "place_village_hamlet_locality", "id": "2603038454", "osm_type": "node", "place": "locality", "landuse": "None", "residential": "None", "name": "None" }, "geometry": { "type": "Point", "coordinates": [ 108.94195556640625, 34.242622375488281 ] } },
{ "type": "Feature", "properties": { "city": "xian", "candidate_source": "place_village_hamlet_locality", "id": "989908782", "osm_type": "way", "place": "village", "landuse": "None", "residential": "None", "name": "None" }, "geometry": { "type": "Polygon", "coordinates": [ [ [ 108.89013671875, 34.244117736816406 ], [ 108.891136169433594, 34.243686676025391 ], [ 108.890205383300781, 34.242214202880859 ], [ 108.888458251953125, 34.242240905761719 ], [ 108.889686584472656, 34.244125366210938 ], [ 108.89013671875, 34.244117736816406 ] ] ] } },
{ "type": "Feature", "properties": { "city": "xian", "candidate_source": "place_village_hamlet_locality", "id": "2603038460", "osm_type": "node", "place": "locality", "landuse": "None", "residential": "None", "name": "None" }, "geometry": { "type": "Point", "coordinates": [ 108.945892333984375, 34.260128021240234 ] } },
{ "type": "Feature", "properties": { "city": "xian", "candidate_source": "place_village_hamlet_locality", "id": "1213384033", "osm_type": "way", "place": "village", "landuse": "None", "residential": "None", "name": "None" }, "geometry": { "type": "Polygon", "coordinates": [ [ [ 108.89453125, 34.281524658203125 ], [ 108.894630432128906, 34.280532836914062 ], [ 108.894081115722656, 34.279312133789062 ], [ 108.892219543457031, 34.279064178466797 ], [ 108.89190673828125, 34.279224395751953 ], [ 108.891647338867188, 34.279796600341797 ], [ 108.891494750976562, 34.279773712158203 ], [ 108.891410827636719, 34.280529022216797 ], [ 108.892532348632812, 34.280513763427734 ], [ 108.892539978027344, 34.280647277832031 ], [ 108.892723083496094, 34.280673980712891 ], [ 108.892692565917969, 34.281349182128906 ], [ 108.89453125, 34.281524658203125 ] ] ] } },
{ "type": "Feature", "properties": { "city": "xian", "candidate_source": "place_village_hamlet_locality", "id": "979562865", "osm_type": "way", "place": "village", "landuse": "None", "residential": "None", "name": "None" }, "geometry": { "type": "Polygon", "coordinates": [ [ [ 108.928421020507812, 34.283546447753906 ], [ 108.928199768066406, 34.279201507568359 ], [ 108.926826477050781, 34.279193878173828 ], [ 108.926841735839844, 34.279438018798828 ], [ 108.925643920898438, 34.279399871826172 ], [ 108.925704956054688, 34.279815673828125 ], [ 108.925933837890625, 34.280036926269531 ], [ 108.926116943359375, 34.280158996582031 ], [ 108.926872253417969, 34.280185699462891 ], [ 108.926872253417969, 34.281700134277344 ], [ 108.926849365234375, 34.28192138671875 ], [ 108.926582336425781, 34.281925201416016 ], [ 108.92657470703125, 34.282501220703125 ], [ 108.926414489746094, 34.282501220703125 ], [ 108.926406860351562, 34.282779693603516 ], [ 108.926551818847656, 34.282779693603516 ], [ 108.926544189453125, 34.283180236816406 ], [ 108.927162170410156, 34.283168792724609 ], [ 108.927192687988281, 34.283531188964844 ], [ 108.928421020507812, 34.283546447753906 ] ] ] } },
{ "type": "Feature", "properties": { "city": "xian", "candidate_source": "residential_rural", "id": "403849315", "osm_type": "way", "place": "None", "landuse": "residential", "residential": "rural", "name": "None" }, "geometry": { "type": "Polygon", "coordinates": [ [ [ 108.871597290039062, 34.237628936767578 ], [ 108.871604919433594, 34.237514495849609 ], [ 108.872428894042969, 34.237503051757812 ], [ 108.872413635253906, 34.234615325927734 ], [ 108.872138977050781, 34.234401702880859 ], [ 108.870353698730469, 34.234405517578125 ], [ 108.870376586914062, 34.237625122070312 ], [ 108.871597290039062, 34.237628936767578 ] ] ] } },
{ "type": "Feature", "properties": { "city": "xian", "candidate_source": "residential_rural", "id": "973457779", "osm_type": "way", "place": "None", "landuse": "residential", "residential": "rural", "name": "None" }, "geometry": { "type": "Polygon", "coordinates": [ [ [ 108.875862121582031, 34.238307952880859 ], [ 108.875846862792969, 34.236968994140625 ], [ 108.875701904296875, 34.236957550048828 ], [ 108.875701904296875, 34.236549377441406 ], [ 108.872718811035156, 34.236553192138672 ], [ 108.87274169921875, 34.238307952880859 ], [ 108.875862121582031, 34.238307952880859 ] ] ] } },
{ "type": "Feature", "properties": { "city": "xian", "candidate_source": "place_village_hamlet_locality", "id": "997705224", "osm_type": "way", "place": "village", "landuse": "None", "residential": "None", "name": "None" }, "geometry": { "type": "Polygon", "coordinates": [ [ [ 108.824783325195312, 34.251850128173828 ], [ 108.821075439453125, 34.251289367675781 ], [ 108.821052551269531, 34.252887725830078 ], [ 108.821769714355469, 34.253467559814453 ], [ 108.823074340820312, 34.253715515136719 ], [ 108.824310302734375, 34.253719329833984 ], [ 108.824783325195312, 34.251850128173828 ] ] ] } },
{ "type": "Feature", "properties": { "city": "xian", "candidate_source": "residential_rural", "id": "1019884038", "osm_type": "way", "place": "None", "landuse": "residential", "residential": "rural", "name": "None" }, "geometry": { "type": "Polygon", "coordinates": [ [ [ 108.80743408203125, 34.258186340332031 ], [ 108.80743408203125, 34.258251190185547 ], [ 108.808464050292969, 34.258251190185547 ], [ 108.808395385742188, 34.257560729980469 ], [ 108.808395385742188, 34.257179260253906 ], [ 108.808349609375, 34.256683349609375 ], [ 108.808364868164062, 34.254817962646484 ], [ 108.807535266347543, 34.254858762735822 ], [ 108.807452619359154, 34.255780012650362 ], [ 108.807487487792969, 34.257503509521484 ], [ 108.807273864746094, 34.257511138916016 ], [ 108.807281494140625, 34.258190155029297 ], [ 108.80743408203125, 34.258186340332031 ] ] ] } },
{ "type": "Feature", "properties": { "city": "xian", "candidate_source": "place_village_hamlet_locality", "id": "997806637", "osm_type": "way", "place": "village", "landuse": "None", "residential": "None", "name": "None" }, "geometry": { "type": "Polygon", "coordinates": [ [ [ 108.831764221191406, 34.259525299072266 ], [ 108.83221435546875, 34.259651184082031 ], [ 108.832656860351562, 34.259620666503906 ], [ 108.833076477050781, 34.259647369384766 ], [ 108.833076477050781, 34.259578704833984 ], [ 108.833808898925781, 34.259639739990234 ], [ 108.834152221679688, 34.257259368896484 ], [ 108.830596923828125, 34.25701904296875 ], [ 108.830429077148438, 34.258842468261719 ], [ 108.831764221191406, 34.259525299072266 ] ] ] } },
{ "type": "Feature", "properties": { "city": "xian", "candidate_source": "residential_rural", "id": "1329421640", "osm_type": "way", "place": "None", "landuse": "residential", "residential": "rural", "name": "None" }, "geometry": { "type": "Polygon", "coordinates": [ [ [ 108.845115661621094, 34.261089324951172 ], [ 108.84564208984375, 34.2611083984375 ], [ 108.845420837402344, 34.263328552246094 ], [ 108.846221923828125, 34.263420104980469 ], [ 108.84588623046875, 34.265785217285156 ], [ 108.846832275390625, 34.266033172607422 ], [ 108.847633361816406, 34.266288757324219 ], [ 108.848182678222656, 34.266551971435547 ], [ 108.848670959472656, 34.266845703125 ], [ 108.849029541015625, 34.267147064208984 ], [ 108.84906005859375, 34.265956878662109 ], [ 108.849075317382812, 34.260951995849609 ], [ 108.848991394042969, 34.260879516601562 ], [ 108.848884582519531, 34.260818481445312 ], [ 108.847389221191406, 34.260597229003906 ], [ 108.846542358398438, 34.260574340820312 ], [ 108.845855712890625, 34.260662078857422 ], [ 108.845123291015625, 34.260814666748047 ], [ 108.845115661621094, 34.261089324951172 ] ] ] } },
{ "type": "Feature", "properties": { "city": "xian", "candidate_source": "place_village_hamlet_locality", "id": "1019918515", "osm_type": "way", "place": "village", "landuse": "None", "residential": "None", "name": "None" }, "geometry": { "type": "Polygon", "coordinates": [ [ [ 108.823287963867188, 34.272163391113281 ], [ 108.823776245117188, 34.272205352783203 ], [ 108.823760986328125, 34.272289276123047 ], [ 108.826004028320312, 34.272552490234375 ], [ 108.827743530273438, 34.272758483886719 ], [ 108.828140258789062, 34.270267486572266 ], [ 108.821060180664062, 34.26983642578125 ], [ 108.821037292480469, 34.272178649902344 ], [ 108.823287963867188, 34.272163391113281 ] ] ] } },
{ "type": "Feature", "properties": { "city": "xian", "candidate_source": "place_village_hamlet_locality", "id": "1019931426", "osm_type": "way", "place": "village", "landuse": "None", "residential": "None", "name": "None" }, "geometry": { "type": "Polygon", "coordinates": [ [ [ 108.81085205078125, 34.283710479736328 ], [ 108.811470031738281, 34.283756256103516 ], [ 108.811477661132812, 34.280200958251953 ], [ 108.810195922851562, 34.280158996582031 ], [ 108.810142517089844, 34.280746459960938 ], [ 108.810546875, 34.280776977539062 ], [ 108.8101806640625, 34.283500671386719 ], [ 108.81085205078125, 34.283710479736328 ] ] ] } },
{ "type": "Feature", "properties": { "city": "xian", "candidate_source": "residential_rural", "id": "1020491375", "osm_type": "way", "place": "None", "landuse": "residential", "residential": "rural", "name": "None" }, "geometry": { "type": "Polygon", "coordinates": [ [ [ 108.827003479003906, 34.288021087646484 ], [ 108.824653625488281, 34.287990570068359 ], [ 108.823760986328125, 34.289173126220703 ], [ 108.824050903320312, 34.289459228515625 ], [ 108.8250732421875, 34.290046691894531 ], [ 108.826919555664062, 34.290084838867188 ], [ 108.827003479003906, 34.288021087646484 ] ] ] } },
{ "type": "Feature", "properties": { "city": "xian", "candidate_source": "residential_rural", "id": "1222956755", "osm_type": "way", "place": "None", "landuse": "residential", "residential": "rural", "name": "None" }, "geometry": { "type": "Polygon", "coordinates": [ [ [ 108.884750366210938, 34.313980102539062 ], [ 108.884330749511719, 34.313968658447266 ], [ 108.88433837890625, 34.312568664550781 ], [ 108.883163452148438, 34.312507629394531 ], [ 108.8831787109375, 34.312187194824219 ], [ 108.882484436035156, 34.312168121337891 ], [ 108.882499694824219, 34.311294555664062 ], [ 108.881668090820312, 34.311321258544922 ], [ 108.879714965820312, 34.311122894287109 ], [ 108.879470825195312, 34.314327239990234 ], [ 108.881927490234375, 34.314479827880859 ], [ 108.884689331054688, 34.314529418945312 ], [ 108.884750366210938, 34.313980102539062 ] ] ] } },
{ "type": "Feature", "properties": { "city": "xian", "candidate_source": "residential_rural", "id": "1222956756", "osm_type": "way", "place": "None", "landuse": "residential", "residential": "rural", "name": "None" }, "geometry": { "type": "Polygon", "coordinates": [ [ [ 108.881500244140625, 34.314586639404297 ], [ 108.879051208496094, 34.314498901367188 ], [ 108.878990173339844, 34.314865112304688 ], [ 108.879608154296875, 34.31488037109375 ], [ 108.879592895507812, 34.315097808837891 ], [ 108.88079833984375, 34.315139770507812 ], [ 108.880783081054688, 34.315700531005859 ], [ 108.88201904296875, 34.315776824951172 ], [ 108.882095336914062, 34.315296173095703 ], [ 108.88262939453125, 34.315299987792969 ], [ 108.882637023925781, 34.315055847167969 ], [ 108.884323120117188, 34.315090179443359 ], [ 108.884307861328125, 34.315441131591797 ], [ 108.884590148925781, 34.315467834472656 ], [ 108.884628295898438, 34.314685821533203 ], [ 108.881500244140625, 34.314586639404297 ] ] ] } },
{ "type": "Feature", "properties": { "city": "xian", "candidate_source": "residential_rural", "id": "1222956749", "osm_type": "way", "place": "None", "landuse": "residential", "residential": "rural", "name": "None" }, "geometry": { "type": "Polygon", "coordinates": [ [ [ 108.863853454589844, 34.319747924804688 ], [ 108.863662719726562, 34.320915222167969 ], [ 108.863899230957031, 34.320960998535156 ], [ 108.863815307617188, 34.321292877197266 ], [ 108.864280700683594, 34.321376800537109 ], [ 108.864173889160156, 34.321819305419922 ], [ 108.865585327148438, 34.322025299072266 ], [ 108.866127014160156, 34.320110321044922 ], [ 108.868156433105469, 34.320400238037109 ], [ 108.868202209472656, 34.320110321044922 ], [ 108.866188049316406, 34.319858551025391 ], [ 108.866371154785156, 34.319057464599609 ], [ 108.86590576171875, 34.318946838378906 ], [ 108.866035461425781, 34.318134307861328 ], [ 108.863899230957031, 34.317893981933594 ], [ 108.863929748535156, 34.317756652832031 ], [ 108.8619384765625, 34.317405700683594 ], [ 108.861640930175781, 34.319473266601562 ], [ 108.863853454589844, 34.319747924804688 ] ] ] } },
{ "type": "Feature", "properties": { "city": "xian", "candidate_source": "residential_rural", "id": "1222956743", "osm_type": "way", "place": "None", "landuse": "residential", "residential": "rural", "name": "None" }, "geometry": { "type": "Polygon", "coordinates": [ [ [ 108.842788696289062, 34.322288513183594 ], [ 108.842781066894531, 34.320346832275391 ], [ 108.84246826171875, 34.320350646972656 ], [ 108.842498779296875, 34.318862915039062 ], [ 108.841407775878906, 34.319499969482422 ], [ 108.840072631835938, 34.319534301757812 ], [ 108.840087890625, 34.319725036621094 ], [ 108.839408874511719, 34.319744110107422 ], [ 108.839408874511719, 34.320297241210938 ], [ 108.837486267089844, 34.320323944091797 ], [ 108.837501525878906, 34.321662902832031 ], [ 108.839683532714844, 34.321723937988281 ], [ 108.839706420898438, 34.322593688964844 ], [ 108.842788696289062, 34.322288513183594 ] ] ] } },
{ "type": "Feature", "properties": { "city": "xian", "candidate_source": "residential_rural", "id": "1222956741", "osm_type": "way", "place": "None", "landuse": "residential", "residential": "rural", "name": "None" }, "geometry": { "type": "Polygon", "coordinates": [ [ [ 108.845893859863281, 34.329082489013672 ], [ 108.845069885253906, 34.32916259765625 ], [ 108.845039367675781, 34.329353332519531 ], [ 108.849250793457031, 34.329391479492188 ], [ 108.849510192871094, 34.326503753662109 ], [ 108.847824096679688, 34.326404571533203 ], [ 108.847740173339844, 34.327125549316406 ], [ 108.847000122070312, 34.327144622802734 ], [ 108.847000122070312, 34.327415466308594 ], [ 108.845985412597656, 34.327358245849609 ], [ 108.845893859863281, 34.329082489013672 ] ] ] } },
{ "type": "Feature", "properties": { "city": "xian", "candidate_source": "residential_rural", "id": "1222465358", "osm_type": "way", "place": "None", "landuse": "residential", "residential": "rural", "name": "None" }, "geometry": { "type": "Polygon", "coordinates": [ [ [ 108.850021362304688, 34.337265014648438 ], [ 108.850547790527344, 34.337360382080078 ], [ 108.850715637207031, 34.336769104003906 ], [ 108.851272583007812, 34.334903717041016 ], [ 108.850555419921875, 34.334644317626953 ], [ 108.850746154785156, 34.333660125732422 ], [ 108.849639892578125, 34.333503723144531 ], [ 108.849395751953125, 34.334579467773438 ], [ 108.848808288574219, 34.334465026855469 ], [ 108.848709106445312, 34.334812164306641 ], [ 108.846725463867188, 34.334239959716797 ], [ 108.845932006835938, 34.334079742431641 ], [ 108.845794677734375, 34.334896087646484 ], [ 108.845428466796875, 34.334865570068359 ], [ 108.845008850097656, 34.337051391601562 ], [ 108.845199584960938, 34.337062835693359 ], [ 108.845077514648438, 34.337623596191406 ], [ 108.844863891601562, 34.337581634521484 ], [ 108.844757080078125, 34.338031768798828 ], [ 108.845779418945312, 34.338272094726562 ], [ 108.846023559570312, 34.337207794189453 ], [ 108.846305847167969, 34.336483001708984 ], [ 108.849906921386719, 34.337650299072266 ], [ 108.850021362304688, 34.337265014648438 ] ] ] } },
{ "type": "Feature", "properties": { "city": "xian", "candidate_source": "residential_rural", "id": "1222956739", "osm_type": "way", "place": "None", "landuse": "residential", "residential": "rural", "name": "None" }, "geometry": { "type": "Polygon", "coordinates": [ [ [ 108.844154357910156, 34.337566375732422 ], [ 108.842361450195312, 34.337242126464844 ], [ 108.84173583984375, 34.338958740234375 ], [ 108.842071533203125, 34.339042663574219 ], [ 108.841995239257812, 34.339332580566406 ], [ 108.843681335449219, 34.339630126953125 ], [ 108.843589782714844, 34.340011596679688 ], [ 108.844429016113281, 34.340129852294922 ], [ 108.84454345703125, 34.339588165283203 ], [ 108.845443725585938, 34.339717864990234 ], [ 108.845779418945312, 34.338272094726562 ], [ 108.844757080078125, 34.338031768798828 ], [ 108.844863891601562, 34.337581634521484 ], [ 108.844154357910156, 34.337566375732422 ] ] ] } },
{ "type": "Feature", "properties": { "city": "xian", "candidate_source": "residential_rural", "id": "1222956740", "osm_type": "way", "place": "None", "landuse": "residential", "residential": "rural", "name": "None" }, "geometry": { "type": "Polygon", "coordinates": [ [ [ 108.849449157714844, 34.339065551757812 ], [ 108.855491638183594, 34.340988159179688 ], [ 108.856330871582031, 34.337890625 ], [ 108.854713439941406, 34.337619781494141 ], [ 108.8548583984375, 34.33685302734375 ], [ 108.852577209472656, 34.336387634277344 ], [ 108.85235595703125, 34.337135314941406 ], [ 108.850715637207031, 34.336769104003906 ], [ 108.850547790527344, 34.337360382080078 ], [ 108.850021362304688, 34.337265014648438 ], [ 108.849906921386719, 34.337650299072266 ], [ 108.849449157714844, 34.339065551757812 ] ] ] } },
{ "type": "Feature", "properties": { "city": "xian", "candidate_source": "residential_rural", "id": "1222956782", "osm_type": "way", "place": "None", "landuse": "residential", "residential": "rural", "name": "None" }, "geometry": { "type": "Polygon", "coordinates": [ [ [ 108.874008178710938, 34.346530914306641 ], [ 108.872512817382812, 34.346454620361328 ], [ 108.871955871582031, 34.348690032958984 ], [ 108.873489379882812, 34.349151611328125 ], [ 108.8734130859375, 34.34930419921875 ], [ 108.87384033203125, 34.349407196044922 ], [ 108.874176025390625, 34.348388671875 ], [ 108.875267028808594, 34.348670959472656 ], [ 108.875137329101562, 34.349021911621094 ], [ 108.875862121582031, 34.349254608154297 ], [ 108.875778198242188, 34.349452972412109 ], [ 108.876350402832031, 34.349617004394531 ], [ 108.876441955566406, 34.349433898925781 ], [ 108.876296997070312, 34.349327087402344 ], [ 108.877334594726562, 34.346889495849609 ], [ 108.876808166503906, 34.346656799316406 ], [ 108.876960754394531, 34.346389770507812 ], [ 108.875442504882812, 34.345851898193359 ], [ 108.875595092773438, 34.34552001953125 ], [ 108.874565124511719, 34.345184326171875 ], [ 108.874008178710938, 34.346530914306641 ] ] ] } },
{ "type": "Feature", "properties": { "city": "xian", "candidate_source": "place_village_hamlet_locality", "id": "13381957615", "osm_type": "node", "place": "hamlet", "landuse": "None", "residential": "None", "name": "None" }, "geometry": { "type": "Point", "coordinates": [ 109.015998840332031, 34.30682373046875 ] } },
{ "type": "Feature", "properties": { "city": "xian", "candidate_source": "residential_rural", "id": "1222956757", "osm_type": "way", "place": "None", "landuse": "residential", "residential": "rural", "name": "None" }, "geometry": { "type": "Polygon", "coordinates": [ [ [ 108.889442443847656, 34.311782836914062 ], [ 108.889358520507812, 34.312664031982422 ], [ 108.890510559082031, 34.312747955322266 ], [ 108.890480041503906, 34.313056945800781 ], [ 108.891281127929688, 34.313041687011719 ], [ 108.891448974609375, 34.313159942626953 ], [ 108.891853332519531, 34.313140869140625 ], [ 108.891975402832031, 34.310882568359375 ], [ 108.892913818359375, 34.310924530029297 ], [ 108.892951965332031, 34.310501098632812 ], [ 108.892051696777344, 34.310512542724609 ], [ 108.892097473144531, 34.309841156005859 ], [ 108.892776489257812, 34.309818267822266 ], [ 108.892349243164062, 34.308078765869141 ], [ 108.891853332519531, 34.308334350585938 ], [ 108.891761779785156, 34.309276580810547 ], [ 108.889495849609375, 34.309406280517578 ], [ 108.889518737792969, 34.309768676757812 ], [ 108.888992309570312, 34.309772491455078 ], [ 108.888618469238281, 34.311771392822266 ], [ 108.889442443847656, 34.311782836914062 ] ] ] } },
{ "type": "Feature", "properties": { "city": "xian", "candidate_source": "residential_rural", "id": "1222956764", "osm_type": "way", "place": "None", "landuse": "residential", "residential": "rural", "name": "None" }, "geometry": { "type": "Polygon", "coordinates": [ [ [ 108.896255493164062, 34.314628601074219 ], [ 108.896408081054688, 34.313148498535156 ], [ 108.896072387695312, 34.312652587890625 ], [ 108.893684387207031, 34.3126220703125 ], [ 108.89410400390625, 34.314617156982422 ], [ 108.896255493164062, 34.314628601074219 ] ] ] } },
{ "type": "Feature", "properties": { "city": "xian", "candidate_source": "place_village_hamlet_locality", "id": "970096407", "osm_type": "way", "place": "village", "landuse": "None", "residential": "None", "name": "None" }, "geometry": { "type": "Polygon", "coordinates": [ [ [ 108.955451965332031, 34.315269470214844 ], [ 108.95550537109375, 34.313091278076172 ], [ 108.94921875, 34.313091278076172 ], [ 108.949234008789062, 34.315250396728516 ], [ 108.955451965332031, 34.315269470214844 ] ] ] } },
{ "type": "Feature", "properties": { "city": "xian", "candidate_source": "residential_rural", "id": "1222956775", "osm_type": "way", "place": "None", "landuse": "residential", "residential": "rural", "name": "None" }, "geometry": { "type": "Polygon", "coordinates": [ [ [ 108.911331176757812, 34.339736938476562 ], [ 108.91143798828125, 34.338241577148438 ], [ 108.911819458007812, 34.338260650634766 ], [ 108.911849975585938, 34.337921142578125 ], [ 108.912452697753906, 34.337924957275391 ], [ 108.9124755859375, 34.337223052978516 ], [ 108.912246704101562, 34.337291717529297 ], [ 108.911628723144531, 34.337276458740234 ], [ 108.911674499511719, 34.336341857910156 ], [ 108.909767150878906, 34.336238861083984 ], [ 108.907135009765625, 34.336238861083984 ], [ 108.907066345214844, 34.339427947998047 ], [ 108.911331176757812, 34.339736938476562 ] ] ] } },
{ "type": "Feature", "properties": { "city": "xian", "candidate_source": "residential_rural", "id": "1222956774", "osm_type": "way", "place": "None", "landuse": "residential", "residential": "rural", "name": "None" }, "geometry": { "type": "Polygon", "coordinates": [ [ [ 108.901725769042969, 34.337863922119141 ], [ 108.903800964355469, 34.338119506835938 ], [ 108.903587341308594, 34.339622497558594 ], [ 108.908859252929688, 34.340000152587891 ], [ 108.908821105957031, 34.339714050292969 ], [ 108.906936645507812, 34.339496612548828 ], [ 108.906898498535156, 34.337848663330078 ], [ 108.903999328613281, 34.337635040283203 ], [ 108.901802062988281, 34.337398529052734 ], [ 108.901725769042969, 34.337863922119141 ] ] ] } },
{ "type": "Feature", "properties": { "city": "xian", "candidate_source": "residential_rural", "id": "1222956776", "osm_type": "way", "place": "None", "landuse": "residential", "residential": "rural", "name": "None" }, "geometry": { "type": "Polygon", "coordinates": [ [ [ 108.89801025390625, 34.345924377441406 ], [ 108.898040771484375, 34.345802307128906 ], [ 108.901657104492188, 34.346000671386719 ], [ 108.901695251464844, 34.345775604248047 ], [ 108.904441833496094, 34.345790863037109 ], [ 108.90447998046875, 34.345081329345703 ], [ 108.902992248535156, 34.344985961914062 ], [ 108.903106689453125, 34.343288421630859 ], [ 108.902870178222656, 34.342945098876953 ], [ 108.902114868164062, 34.342998504638672 ], [ 108.902183532714844, 34.342086791992188 ], [ 108.899284362792969, 34.341880798339844 ], [ 108.899040222167969, 34.3421630859375 ], [ 108.896903991699219, 34.341911315917969 ], [ 108.896835327148438, 34.342166900634766 ], [ 108.895317077636719, 34.341953277587891 ], [ 108.895271301269531, 34.34234619140625 ], [ 108.895484924316406, 34.342426300048828 ], [ 108.895378112792969, 34.343063354492188 ], [ 108.893478393554688, 34.342876434326172 ], [ 108.8934326171875, 34.343986511230469 ], [ 108.895576477050781, 34.344387054443359 ], [ 108.895484924316406, 34.345176696777344 ], [ 108.895248413085938, 34.345165252685547 ], [ 108.895233154296875, 34.34564208984375 ], [ 108.89801025390625, 34.345924377441406 ] ] ] } },
{ "type": "Feature", "properties": { "city": "xian", "candidate_source": "residential_rural", "id": "1216416947", "osm_type": "way", "place": "None", "landuse": "residential", "residential": "rural", "name": "None" }, "geometry": { "type": "Polygon", "coordinates": [ [ [ 108.912147521972656, 34.355354309082031 ], [ 108.912796020507812, 34.355415344238281 ], [ 108.91290283203125, 34.354907989501953 ], [ 108.913787841796875, 34.354961395263672 ], [ 108.913894653320312, 34.350032806396484 ], [ 108.912315368652344, 34.350032806396484 ], [ 108.912109375, 34.352588653564453 ], [ 108.909904479980469, 34.352550506591797 ], [ 108.909881591796875, 34.351982116699219 ], [ 108.910934448242188, 34.351932525634766 ], [ 108.910896301269531, 34.351722717285156 ], [ 108.90875244140625, 34.351760864257812 ], [ 108.908843994140625, 34.350727081298828 ], [ 108.906845092773438, 34.350650787353516 ], [ 108.906822204589844, 34.351325988769531 ], [ 108.905998229980469, 34.351272583007812 ], [ 108.905982971191406, 34.351146697998047 ], [ 108.905685424804688, 34.35113525390625 ], [ 108.905670166015625, 34.353191375732422 ], [ 108.905410766601562, 34.353214263916016 ], [ 108.905418395996094, 34.353919982910156 ], [ 108.905708312988281, 34.353950500488281 ], [ 108.905677795410156, 34.3546142578125 ], [ 108.909858703613281, 34.354911804199219 ], [ 108.909873962402344, 34.355903625488281 ], [ 108.910430908203125, 34.356002807617188 ], [ 108.910423278808594, 34.356327056884766 ], [ 108.911514282226562, 34.356365203857422 ], [ 108.911598205566406, 34.355667114257812 ], [ 108.912101745605469, 34.355682373046875 ], [ 108.912147521972656, 34.355354309082031 ] ] ] } },
{ "type": "Feature", "properties": { "city": "xian", "candidate_source": "residential_rural", "id": "1222956777", "osm_type": "way", "place": "None", "landuse": "residential", "residential": "rural", "name": "None" }, "geometry": { "type": "Polygon", "coordinates": [ [ [ 108.908332824707031, 34.359111785888672 ], [ 108.907478332519531, 34.358928680419922 ], [ 108.907577514648438, 34.358413696289062 ], [ 108.907417297363281, 34.358375549316406 ], [ 108.907455444335938, 34.357795715332031 ], [ 108.907310485839844, 34.357704162597656 ], [ 108.907417297363281, 34.356826782226562 ], [ 108.908340454101562, 34.356884002685547 ], [ 108.908424377441406, 34.356399536132812 ], [ 108.908058166503906, 34.356204986572266 ], [ 108.908111572265625, 34.355602264404297 ], [ 108.907249450683594, 34.355323791503906 ], [ 108.907157897949219, 34.355743408203125 ], [ 108.905136108398438, 34.355636596679688 ], [ 108.904998779296875, 34.357215881347656 ], [ 108.905441284179688, 34.357250213623047 ], [ 108.905311584472656, 34.358673095703125 ], [ 108.905784606933594, 34.358753204345703 ], [ 108.905731201171875, 34.359142303466797 ], [ 108.906402587890625, 34.359275817871094 ], [ 108.90753173828125, 34.359554290771484 ], [ 108.907546997070312, 34.35980224609375 ], [ 108.908164978027344, 34.360057830810547 ], [ 108.908332824707031, 34.359111785888672 ] ] ] } },
{ "type": "Feature", "properties": { "city": "xian", "candidate_source": "residential_rural", "id": "1222956778", "osm_type": "way", "place": "None", "landuse": "residential", "residential": "rural", "name": "None" }, "geometry": { "type": "Polygon", "coordinates": [ [ [ 108.911697387695312, 34.361721038818359 ], [ 108.911956787109375, 34.361354827880859 ], [ 108.912391662597656, 34.361003875732422 ], [ 108.913673400878906, 34.360149383544922 ], [ 108.913681030273438, 34.357936859130859 ], [ 108.912620544433594, 34.357906341552734 ], [ 108.912422180175781, 34.358917236328125 ], [ 108.909843444824219, 34.358833312988281 ], [ 108.909805297851562, 34.359329223632812 ], [ 108.9100341796875, 34.359359741210938 ], [ 108.909843444824219, 34.361137390136719 ], [ 108.911697387695312, 34.361721038818359 ] ] ] } },
{ "type": "Feature", "properties": { "city": "xian", "candidate_source": "place_village_hamlet_locality", "id": "13381830953", "osm_type": "node", "place": "hamlet", "landuse": "None", "residential": "None", "name": "None" }, "geometry": { "type": "Point", "coordinates": [ 109.068321228027344, 34.33905029296875 ] } },
{ "type": "Feature", "properties": { "city": "xian", "candidate_source": "place_village_hamlet_locality", "id": "13381830955", "osm_type": "node", "place": "locality", "landuse": "None", "residential": "None", "name": "None" }, "geometry": { "type": "Point", "coordinates": [ 109.062255859375, 34.344017028808594 ] } },
{ "type": "Feature", "properties": { "city": "xian", "candidate_source": "place_village_hamlet_locality", "id": "13381830954", "osm_type": "node", "place": "locality", "landuse": "None", "residential": "None", "name": "None" }, "geometry": { "type": "Point", "coordinates": [ 109.055717468261719, 34.345088958740234 ] } },
{ "type": "Feature", "properties": { "city": "xian", "candidate_source": "place_village_hamlet_locality", "id": "13381788659", "osm_type": "node", "place": "village", "landuse": "None", "residential": "None", "name": "None" }, "geometry": { "type": "Point", "coordinates": [ 109.074607849121094, 34.354270935058594 ] } },
{ "type": "Feature", "properties": { "city": "xian", "candidate_source": "place_village_hamlet_locality", "id": "13381686605", "osm_type": "node", "place": "village", "landuse": "None", "residential": "None", "name": "None" }, "geometry": { "type": "Point", "coordinates": [ 109.076271057128906, 34.372802734375 ] } },
{ "type": "Feature", "properties": { "city": "xian", "candidate_source": "place_village_hamlet_locality", "id": "13381788660", "osm_type": "node", "place": "village", "landuse": "None", "residential": "None", "name": "None" }, "geometry": { "type": "Point", "coordinates": [ 109.057647705078125, 34.385246276855469 ] } },
{ "type": "Feature", "properties": { "city": "xian", "candidate_source": "place_village_hamlet_locality", "id": "13381788654", "osm_type": "node", "place": "locality", "landuse": "None", "residential": "None", "name": "None" }, "geometry": { "type": "Point", "coordinates": [ 109.074172973632812, 34.400070190429688 ] } },
{ "type": "Feature", "properties": { "city": "xian", "candidate_source": "place_village_hamlet_locality", "id": "13381722438", "osm_type": "node", "place": "locality", "landuse": "None", "residential": "None", "name": "None" }, "geometry": { "type": "Point", "coordinates": [ 109.019851684570312, 34.404930114746094 ] } },
{ "type": "Feature", "properties": { "city": "xian", "candidate_source": "place_village_hamlet_locality", "id": "13381722437", "osm_type": "node", "place": "hamlet", "landuse": "None", "residential": "None", "name": "None" }, "geometry": { "type": "Point", "coordinates": [ 109.019783020019531, 34.406597137451172 ] } },
{ "type": "Feature", "properties": { "city": "xian", "candidate_source": "place_village_hamlet_locality", "id": "13381722433", "osm_type": "node", "place": "village", "landuse": "None", "residential": "None", "name": "None" }, "geometry": { "type": "Point", "coordinates": [ 109.020240783691406, 34.408798217773438 ] } },
{ "type": "Feature", "properties": { "city": "xian", "candidate_source": "place_village_hamlet_locality", "id": "969740656", "osm_type": "way", "place": "village", "landuse": "None", "residential": "None", "name": "None" }, "geometry": { "type": "Polygon", "coordinates": [ [ [ 108.951652526855469, 34.357089996337891 ], [ 108.951156616210938, 34.362556457519531 ], [ 108.951301574707031, 34.363018035888672 ], [ 108.951713562011719, 34.363632202148438 ], [ 108.952407836914062, 34.363983154296875 ], [ 108.952369689941406, 34.362297058105469 ], [ 108.952430725097656, 34.360183715820312 ], [ 108.952499389648438, 34.360179901123047 ], [ 108.95263671875, 34.360183715820312 ], [ 108.952842712402344, 34.360191345214844 ], [ 108.954292297363281, 34.360172271728516 ], [ 108.954208374023438, 34.357612609863281 ], [ 108.954315185546875, 34.355735778808594 ], [ 108.951652526855469, 34.357089996337891 ] ] ] } },
{ "type": "Feature", "properties": { "city": "xian", "candidate_source": "place_village_hamlet_locality", "id": "1209030079", "osm_type": "way", "place": "village", "landuse": "None", "residential": "None", "name": "None" }, "geometry": { "type": "Polygon", "coordinates": [ [ [ 108.996597290039062, 34.366836547851562 ], [ 108.996986389160156, 34.366886138916016 ], [ 108.997108459472656, 34.366214752197266 ], [ 108.996688842773438, 34.366146087646484 ], [ 108.996635437011719, 34.366317749023438 ], [ 108.994354248046875, 34.366004943847656 ], [ 108.9942626953125, 34.366371154785156 ], [ 108.99273681640625, 34.366115570068359 ], [ 108.992622375488281, 34.366664886474609 ], [ 108.991249084472656, 34.366436004638672 ], [ 108.991104125976562, 34.368259429931641 ], [ 108.991226196289062, 34.368412017822266 ], [ 108.991462707519531, 34.368484497070312 ], [ 108.992225646972656, 34.368370056152344 ], [ 108.992446899414062, 34.367397308349609 ], [ 108.9952392578125, 34.367862701416016 ], [ 108.99652099609375, 34.367660522460938 ], [ 108.996597290039062, 34.366836547851562 ] ] ] } },
{ "type": "Feature", "properties": { "city": "xian", "candidate_source": "place_village_hamlet_locality", "id": "2613680682", "osm_type": "node", "place": "village", "landuse": "None", "residential": "None", "name": "None" }, "geometry": { "type": "Point", "coordinates": [ 108.909645080566406, 34.373645782470703 ] } },
{ "type": "Feature", "properties": { "city": "xian", "candidate_source": "residential_rural", "id": "1209021937", "osm_type": "way", "place": "None", "landuse": "residential", "residential": "rural", "name": "None" }, "geometry": { "type": "Polygon", "coordinates": [ [ [ 108.985015869140625, 34.379341125488281 ], [ 108.985710144042969, 34.383087158203125 ], [ 108.990478515625, 34.382469177246094 ], [ 108.985122680664062, 34.379196166992188 ], [ 108.985015869140625, 34.379341125488281 ] ] ] } },
{ "type": "Feature", "properties": { "city": "xian", "candidate_source": "residential_rural", "id": "1456449095", "osm_type": "way", "place": "None", "landuse": "residential", "residential": "rural", "name": "None" }, "geometry": { "type": "Polygon", "coordinates": [ [ [ 108.921852111816406, 34.390579223632812 ], [ 108.921951293945312, 34.390644073486328 ], [ 108.922737121582031, 34.390834808349609 ], [ 108.922805786132812, 34.390674591064453 ], [ 108.922958374023438, 34.390689849853516 ], [ 108.923049926757812, 34.390125274658203 ], [ 108.923408508300781, 34.389823913574219 ], [ 108.92352294921875, 34.389827728271484 ], [ 108.923667907714844, 34.389194488525391 ], [ 108.920989990234375, 34.388248443603516 ], [ 108.920913696289062, 34.388290405273438 ], [ 108.920135498046875, 34.390377044677734 ], [ 108.921852111816406, 34.390579223632812 ] ] ] } },
{ "type": "Feature", "properties": { "city": "xian", "candidate_source": "residential_rural", "id": "1272674524", "osm_type": "way", "place": "None", "landuse": "residential", "residential": "rural", "name": "None" }, "geometry": { "type": "Polygon", "coordinates": [ [ [ 109.016250610351562, 34.421344757080078 ], [ 109.016365051269531, 34.420818328857422 ], [ 109.016014099121094, 34.420795440673828 ], [ 109.016754150390625, 34.418247222900391 ], [ 109.015449523925781, 34.418003082275391 ], [ 109.015296936035156, 34.418537139892578 ], [ 109.013404846191406, 34.418266296386719 ], [ 109.013664245605469, 34.419567108154297 ], [ 109.01397705078125, 34.419868469238281 ], [ 109.013885498046875, 34.420249938964844 ], [ 109.01446533203125, 34.421001434326172 ], [ 109.016250610351562, 34.421344757080078 ] ] ] } },
{ "type": "Feature", "properties": { "city": "xian", "candidate_source": "place_village_hamlet_locality", "id": "13381641995", "osm_type": "node", "place": "village", "landuse": "None", "residential": "None", "name": "None" }, "geometry": { "type": "Point", "coordinates": [ 109.014984130859375, 34.419700622558594 ] } },
{ "type": "Feature", "properties": { "city": "xian", "candidate_source": "place_village_hamlet_locality", "id": "3692656081", "osm_type": "node", "place": "village", "landuse": "None", "residential": "None", "name": "None" }, "geometry": { "type": "Point", "coordinates": [ 108.981132507324219, 34.446086883544922 ] } },
{ "type": "Feature", "properties": { "city": "xian", "candidate_source": "residential_rural", "id": "17738469296", "osm_type": "relation", "place": "None", "landuse": "residential", "residential": "rural", "name": "None" }, "geometry": { "type": "MultiPolygon", "coordinates": [ [ [ [ 108.999893188476562, 34.46319580078125 ], [ 109.001556396484375, 34.463302612304688 ], [ 109.001548767089844, 34.463211059570312 ], [ 109.002113342285156, 34.463226318359375 ], [ 109.002517700195312, 34.459682464599609 ], [ 109.001167297363281, 34.459606170654297 ], [ 109.001358032226562, 34.458000183105469 ], [ 109.001335144042969, 34.458000183105469 ], [ 109.000541687011719, 34.457969665527344 ], [ 109.0003662109375, 34.457965850830078 ], [ 108.999893188476562, 34.46319580078125 ] ] ], [ [ [ 108.996139526367188, 34.461212158203125 ], [ 108.996902465820312, 34.461162567138672 ], [ 108.996902465820312, 34.461200714111328 ], [ 108.996864318847656, 34.461498260498047 ], [ 108.999458312988281, 34.461570739746094 ], [ 108.999824523925781, 34.458751678466797 ], [ 108.996406555175781, 34.458675384521484 ], [ 108.996139526367188, 34.461212158203125 ] ] ] ] } },
{ "type": "Feature", "properties": { "city": "xian", "candidate_source": "place_village_hamlet_locality", "id": "13381722441", "osm_type": "node", "place": "locality", "landuse": "None", "residential": "None", "name": "None" }, "geometry": { "type": "Point", "coordinates": [ 109.029289245605469, 34.408885955810547 ] } },
{ "type": "Feature", "properties": { "city": "xian", "candidate_source": "place_village_hamlet_locality", "id": "13381722440", "osm_type": "node", "place": "hamlet", "landuse": "None", "residential": "None", "name": "None" }, "geometry": { "type": "Point", "coordinates": [ 109.026046752929688, 34.410114288330078 ] } },
{ "type": "Feature", "properties": { "city": "xian", "candidate_source": "place_village_hamlet_locality", "id": "13381722439", "osm_type": "node", "place": "hamlet", "landuse": "None", "residential": "None", "name": "None" }, "geometry": { "type": "Point", "coordinates": [ 109.0220947265625, 34.410285949707031 ] } },
{ "type": "Feature", "properties": { "city": "xian", "candidate_source": "place_village_hamlet_locality", "id": "13381722427", "osm_type": "node", "place": "hamlet", "landuse": "None", "residential": "None", "name": "None" }, "geometry": { "type": "Point", "coordinates": [ 109.044136047363281, 34.411746978759766 ] } },
{ "type": "Feature", "properties": { "city": "xian", "candidate_source": "place_village_hamlet_locality", "id": "3015663394", "osm_type": "node", "place": "village", "landuse": "None", "residential": "None", "name": "None" }, "geometry": { "type": "Point", "coordinates": [ 109.045944213867188, 34.411758422851562 ] } },
{ "type": "Feature", "properties": { "city": "xian", "candidate_source": "place_village_hamlet_locality", "id": "13381641997", "osm_type": "node", "place": "locality", "landuse": "None", "residential": "None", "name": "None" }, "geometry": { "type": "Point", "coordinates": [ 109.068771362304688, 34.415283203125 ] } },
{ "type": "Feature", "properties": { "city": "xian", "candidate_source": "place_village_hamlet_locality", "id": "13381722479", "osm_type": "node", "place": "village", "landuse": "None", "residential": "None", "name": "None" }, "geometry": { "type": "Point", "coordinates": [ 109.037872314453125, 34.424106597900391 ] } },
{ "type": "Feature", "properties": { "city": "xian", "candidate_source": "residential_rural", "id": "1272674523", "osm_type": "way", "place": "None", "landuse": "residential", "residential": "rural", "name": "None" }, "geometry": { "type": "Polygon", "coordinates": [ [ [ 109.022842407226562, 34.426830291748047 ], [ 109.023200988769531, 34.424652099609375 ], [ 109.023406982421875, 34.424045562744141 ], [ 109.02490234375, 34.424606323242188 ], [ 109.02520751953125, 34.423740386962891 ], [ 109.023902893066406, 34.423194885253906 ], [ 109.024002075195312, 34.423007965087891 ], [ 109.02264404296875, 34.422435760498047 ], [ 109.0223388671875, 34.423057556152344 ], [ 109.020423889160156, 34.422687530517578 ], [ 109.0205078125, 34.422344207763672 ], [ 109.019271850585938, 34.422134399414062 ], [ 109.018547058105469, 34.426036834716797 ], [ 109.022842407226562, 34.426830291748047 ] ] ] } },
{ "type": "Feature", "properties": { "city": "xian", "candidate_source": "place_village_hamlet_locality", "id": "13381722442", "osm_type": "node", "place": "village", "landuse": "None", "residential": "None", "name": "None" }, "geometry": { "type": "Point", "coordinates": [ 109.021240234375, 34.424663543701172 ] } },
{ "type": "Feature", "properties": { "city": "xian", "candidate_source": "place_village_hamlet_locality", "id": "13381722480", "osm_type": "node", "place": "village", "landuse": "None", "residential": "None", "name": "None" }, "geometry": { "type": "Point", "coordinates": [ 109.047927856445312, 34.425235748291016 ] } },
{ "type": "Feature", "properties": { "city": "xian", "candidate_source": "place_village_hamlet_locality", "id": "13381855435", "osm_type": "node", "place": "hamlet", "landuse": "None", "residential": "None", "name": "None" }, "geometry": { "type": "Point", "coordinates": [ 109.152725219726562, 34.185268402099609 ] } },
{ "type": "Feature", "properties": { "city": "xian", "candidate_source": "place_village_hamlet_locality", "id": "13381855436", "osm_type": "node", "place": "village", "landuse": "None", "residential": "None", "name": "None" }, "geometry": { "type": "Point", "coordinates": [ 109.15594482421875, 34.187545776367188 ] } },
{ "type": "Feature", "properties": { "city": "xian", "candidate_source": "place_village_hamlet_locality", "id": "13381871793", "osm_type": "node", "place": "hamlet", "landuse": "None", "residential": "None", "name": "None" }, "geometry": { "type": "Point", "coordinates": [ 109.168769836425781, 34.192584991455078 ] } },
{ "type": "Feature", "properties": { "city": "xian", "candidate_source": "place_village_hamlet_locality", "id": "13381855439", "osm_type": "node", "place": "hamlet", "landuse": "None", "residential": "None", "name": "None" }, "geometry": { "type": "Point", "coordinates": [ 109.152908325195312, 34.197383880615234 ] } },
{ "type": "Feature", "properties": { "city": "xian", "candidate_source": "place_village_hamlet_locality", "id": "13381837033", "osm_type": "node", "place": "hamlet", "landuse": "None", "residential": "None", "name": "None" }, "geometry": { "type": "Point", "coordinates": [ 109.113143920898438, 34.194343566894531 ] } },
{ "type": "Feature", "properties": { "city": "xian", "candidate_source": "place_village_hamlet_locality", "id": "13381855438", "osm_type": "node", "place": "hamlet", "landuse": "None", "residential": "None", "name": "None" }, "geometry": { "type": "Point", "coordinates": [ 109.148605346679688, 34.195602416992188 ] } },
{ "type": "Feature", "properties": { "city": "xian", "candidate_source": "place_village_hamlet_locality", "id": "13381855437", "osm_type": "node", "place": "village", "landuse": "None", "residential": "None", "name": "None" }, "geometry": { "type": "Point", "coordinates": [ 109.15045166015625, 34.200454711914062 ] } },
{ "type": "Feature", "properties": { "city": "xian", "candidate_source": "place_village_hamlet_locality", "id": "13381837037", "osm_type": "node", "place": "hamlet", "landuse": "None", "residential": "None", "name": "None" }, "geometry": { "type": "Point", "coordinates": [ 109.129409790039062, 34.200534820556641 ] } },
{ "type": "Feature", "properties": { "city": "xian", "candidate_source": "place_village_hamlet_locality", "id": "13381837036", "osm_type": "node", "place": "hamlet", "landuse": "None", "residential": "None", "name": "None" }, "geometry": { "type": "Point", "coordinates": [ 109.121726989746094, 34.202316284179688 ] } },
{ "type": "Feature", "properties": { "city": "xian", "candidate_source": "place_village_hamlet_locality", "id": "13381837032", "osm_type": "node", "place": "hamlet", "landuse": "None", "residential": "None", "name": "None" }, "geometry": { "type": "Point", "coordinates": [ 109.1202392578125, 34.206634521484375 ] } },
{ "type": "Feature", "properties": { "city": "xian", "candidate_source": "place_village_hamlet_locality", "id": "13381837031", "osm_type": "node", "place": "village", "landuse": "None", "residential": "None", "name": "None" }, "geometry": { "type": "Point", "coordinates": [ 109.116989135742188, 34.208824157714844 ] } },
{ "type": "Feature", "properties": { "city": "xian", "candidate_source": "place_village_hamlet_locality", "id": "13381855440", "osm_type": "node", "place": "village", "landuse": "None", "residential": "None", "name": "None" }, "geometry": { "type": "Point", "coordinates": [ 109.132575988769531, 34.210800170898438 ] } },
{ "type": "Feature", "properties": { "city": "xian", "candidate_source": "place_village_hamlet_locality", "id": "13381855443", "osm_type": "node", "place": "village", "landuse": "None", "residential": "None", "name": "None" }, "geometry": { "type": "Point", "coordinates": [ 109.151748657226562, 34.213497161865234 ] } },
{ "type": "Feature", "properties": { "city": "xian", "candidate_source": "place_village_hamlet_locality", "id": "13381855441", "osm_type": "node", "place": "hamlet", "landuse": "None", "residential": "None", "name": "None" }, "geometry": { "type": "Point", "coordinates": [ 109.1341552734375, 34.214054107666016 ] } },
{ "type": "Feature", "properties": { "city": "xian", "candidate_source": "place_village_hamlet_locality", "id": "13381915434", "osm_type": "node", "place": "hamlet", "landuse": "None", "residential": "None", "name": "None" }, "geometry": { "type": "Point", "coordinates": [ 109.162696838378906, 34.208442687988281 ] } },
{ "type": "Feature", "properties": { "city": "xian", "candidate_source": "place_village_hamlet_locality", "id": "13381871791", "osm_type": "node", "place": "village", "landuse": "None", "residential": "None", "name": "None" }, "geometry": { "type": "Point", "coordinates": [ 109.175056457519531, 34.212913513183594 ] } },
{ "type": "Feature", "properties": { "city": "xian", "candidate_source": "place_village_hamlet_locality", "id": "13381915431", "osm_type": "node", "place": "hamlet", "landuse": "None", "residential": "None", "name": "None" }, "geometry": { "type": "Point", "coordinates": [ 109.168426513671875, 34.214595794677734 ] } },
{ "type": "Feature", "properties": { "city": "xian", "candidate_source": "place_village_hamlet_locality", "id": "13381915432", "osm_type": "node", "place": "hamlet", "landuse": "None", "residential": "None", "name": "None" }, "geometry": { "type": "Point", "coordinates": [ 109.162193298339844, 34.217342376708984 ] } },
{ "type": "Feature", "properties": { "city": "xian", "candidate_source": "place_village_hamlet_locality", "id": "13381890961", "osm_type": "node", "place": "hamlet", "landuse": "None", "residential": "None", "name": "None" }, "geometry": { "type": "Point", "coordinates": [ 109.145576477050781, 34.251583099365234 ] } },
{ "type": "Feature", "properties": { "city": "xian", "candidate_source": "place_village_hamlet_locality", "id": "13381890960", "osm_type": "node", "place": "hamlet", "landuse": "None", "residential": "None", "name": "None" }, "geometry": { "type": "Point", "coordinates": [ 109.142875671386719, 34.254119873046875 ] } },
{ "type": "Feature", "properties": { "city": "xian", "candidate_source": "place_village_hamlet_locality", "id": "13381890959", "osm_type": "node", "place": "village", "landuse": "None", "residential": "None", "name": "None" }, "geometry": { "type": "Point", "coordinates": [ 109.140228271484375, 34.255767822265625 ] } },
{ "type": "Feature", "properties": { "city": "xian", "candidate_source": "place_village_hamlet_locality", "id": "13381890963", "osm_type": "node", "place": "locality", "landuse": "None", "residential": "None", "name": "None" }, "geometry": { "type": "Point", "coordinates": [ 109.151290893554688, 34.257148742675781 ] } },
{ "type": "Feature", "properties": { "city": "xian", "candidate_source": "place_village_hamlet_locality", "id": "13381890962", "osm_type": "node", "place": "hamlet", "landuse": "None", "residential": "None", "name": "None" }, "geometry": { "type": "Point", "coordinates": [ 109.150184631347656, 34.259475708007812 ] } },
{ "type": "Feature", "properties": { "city": "xian", "candidate_source": "place_village_hamlet_locality", "id": "13381915430", "osm_type": "node", "place": "hamlet", "landuse": "None", "residential": "None", "name": "None" }, "geometry": { "type": "Point", "coordinates": [ 109.1124267578125, 34.2601318359375 ] } },
{ "type": "Feature", "properties": { "city": "xian", "candidate_source": "place_village_hamlet_locality", "id": "13381890958", "osm_type": "node", "place": "hamlet", "landuse": "None", "residential": "None", "name": "None" }, "geometry": { "type": "Point", "coordinates": [ 109.130210876464844, 34.263088226318359 ] } },
{ "type": "Feature", "properties": { "city": "xian", "candidate_source": "place_village_hamlet_locality", "id": "13381890964", "osm_type": "node", "place": "hamlet", "landuse": "None", "residential": "None", "name": "None" }, "geometry": { "type": "Point", "coordinates": [ 109.143959045410156, 34.264652252197266 ] } },
{ "type": "Feature", "properties": { "city": "xian", "candidate_source": "place_village_hamlet_locality", "id": "4759483893", "osm_type": "node", "place": "village", "landuse": "None", "residential": "None", "name": "None" }, "geometry": { "type": "Point", "coordinates": [ 109.139396667480469, 34.277809143066406 ] } },
{ "type": "Feature", "properties": { "city": "xian", "candidate_source": "place_village_hamlet_locality", "id": "13381664892", "osm_type": "node", "place": "village", "landuse": "None", "residential": "None", "name": "None" }, "geometry": { "type": "Point", "coordinates": [ 109.152153015136719, 34.278366088867188 ] } },
{ "type": "Feature", "properties": { "city": "xian", "candidate_source": "place_village_hamlet_locality", "id": "13381664891", "osm_type": "node", "place": "village", "landuse": "None", "residential": "None", "name": "None" }, "geometry": { "type": "Point", "coordinates": [ 109.170692443847656, 34.27996826171875 ] } },
{ "type": "Feature", "properties": { "city": "xian", "candidate_source": "place_village_hamlet_locality", "id": "4759483896", "osm_type": "node", "place": "village", "landuse": "None", "residential": "None", "name": "None" }, "geometry": { "type": "Point", "coordinates": [ 109.208114624023438, 34.300621032714844 ] } },
{ "type": "Feature", "properties": { "city": "xian", "candidate_source": "place_village_hamlet_locality", "id": "4759483894", "osm_type": "node", "place": "village", "landuse": "None", "residential": "None", "name": "None" }, "geometry": { "type": "Point", "coordinates": [ 109.158515930175781, 34.302001953125 ] } },
{ "type": "Feature", "properties": { "city": "xian", "candidate_source": "place_village_hamlet_locality", "id": "13381664890", "osm_type": "node", "place": "village", "landuse": "None", "residential": "None", "name": "None" }, "geometry": { "type": "Point", "coordinates": [ 109.216293334960938, 34.305068969726562 ] } },
{ "type": "Feature", "properties": { "city": "xian", "candidate_source": "place_village_hamlet_locality", "id": "13408343572", "osm_type": "node", "place": "village", "landuse": "None", "residential": "None", "name": "None" }, "geometry": { "type": "Point", "coordinates": [ 109.234504699707031, 34.618167877197266 ] } },
{ "type": "Feature", "properties": { "city": "xian", "candidate_source": "place_village_hamlet_locality", "id": "13408343591", "osm_type": "node", "place": "village", "landuse": "None", "residential": "None", "name": "None" }, "geometry": { "type": "Point", "coordinates": [ 109.267646789550781, 34.659355163574219 ] } },
{ "type": "Feature", "properties": { "city": "xian", "candidate_source": "place_village_hamlet_locality", "id": "13408343590", "osm_type": "node", "place": "village", "landuse": "None", "residential": "None", "name": "None" }, "geometry": { "type": "Point", "coordinates": [ 109.264183044433594, 34.667285919189453 ] } },
{ "type": "Feature", "properties": { "city": "xian", "candidate_source": "place_village_hamlet_locality", "id": "12497600890", "osm_type": "node", "place": "village", "landuse": "None", "residential": "None", "name": "None" }, "geometry": { "type": "Point", "coordinates": [ 109.271430969238281, 34.678138732910156 ] } },
{ "type": "Feature", "properties": { "city": "xian", "candidate_source": "place_village_hamlet_locality", "id": "3692759977", "osm_type": "node", "place": "village", "landuse": "None", "residential": "None", "name": "None" }, "geometry": { "type": "Point", "coordinates": [ 109.30438232421875, 34.685016632080078 ] } },
{ "type": "Feature", "properties": { "city": "xian", "candidate_source": "place_village_hamlet_locality", "id": "5330499349", "osm_type": "node", "place": "village", "landuse": "None", "residential": "None", "name": "None" }, "geometry": { "type": "Point", "coordinates": [ 109.407875061035156, 34.716468811035156 ] } },
{ "type": "Feature", "properties": { "city": "xian", "candidate_source": "place_village_hamlet_locality", "id": "5330499345", "osm_type": "node", "place": "village", "landuse": "None", "residential": "None", "name": "None" }, "geometry": { "type": "Point", "coordinates": [ 109.40545654296875, 34.737926483154297 ] } },
{ "type": "Feature", "properties": { "city": "xian", "candidate_source": "place_village_hamlet_locality", "id": "13381830971", "osm_type": "node", "place": "village", "landuse": "None", "residential": "None", "name": "None" }, "geometry": { "type": "Point", "coordinates": [ 109.09222412109375, 34.325695037841797 ] } },
{ "type": "Feature", "properties": { "city": "xian", "candidate_source": "place_village_hamlet_locality", "id": "13381664899", "osm_type": "node", "place": "village", "landuse": "None", "residential": "None", "name": "None" }, "geometry": { "type": "Point", "coordinates": [ 109.096755981445312, 34.339340209960938 ] } },
{ "type": "Feature", "properties": { "city": "xian", "candidate_source": "place_village_hamlet_locality", "id": "13381664900", "osm_type": "node", "place": "village", "landuse": "None", "residential": "None", "name": "None" }, "geometry": { "type": "Point", "coordinates": [ 109.084922790527344, 34.341766357421875 ] } },
{ "type": "Feature", "properties": { "city": "xian", "candidate_source": "place_village_hamlet_locality", "id": "13381686601", "osm_type": "node", "place": "village", "landuse": "None", "residential": "None", "name": "None" }, "geometry": { "type": "Point", "coordinates": [ 109.081825256347656, 34.347530364990234 ] } },
{ "type": "Feature", "properties": { "city": "xian", "candidate_source": "place_village_hamlet_locality", "id": "13381686602", "osm_type": "node", "place": "village", "landuse": "None", "residential": "None", "name": "None" }, "geometry": { "type": "Point", "coordinates": [ 109.08624267578125, 34.356166839599609 ] } },
{ "type": "Feature", "properties": { "city": "xian", "candidate_source": "place_village_hamlet_locality", "id": "13381686603", "osm_type": "node", "place": "village", "landuse": "None", "residential": "None", "name": "None" }, "geometry": { "type": "Point", "coordinates": [ 109.095413208007812, 34.359897613525391 ] } },
{ "type": "Feature", "properties": { "city": "xian", "candidate_source": "place_village_hamlet_locality", "id": "13381686604", "osm_type": "node", "place": "village", "landuse": "None", "residential": "None", "name": "None" }, "geometry": { "type": "Point", "coordinates": [ 109.090835571289062, 34.366321563720703 ] } },
{ "type": "Feature", "properties": { "city": "xian", "candidate_source": "place_village_hamlet_locality", "id": "13381788655", "osm_type": "node", "place": "hamlet", "landuse": "None", "residential": "None", "name": "None" }, "geometry": { "type": "Point", "coordinates": [ 109.094772338867188, 34.390945434570312 ] } },
{ "type": "Feature", "properties": { "city": "xian", "candidate_source": "place_village_hamlet_locality", "id": "13381788656", "osm_type": "node", "place": "hamlet", "landuse": "None", "residential": "None", "name": "None" }, "geometry": { "type": "Point", "coordinates": [ 109.088958740234375, 34.393154144287109 ] } },
{ "type": "Feature", "properties": { "city": "xian", "candidate_source": "place_village_hamlet_locality", "id": "13381664898", "osm_type": "node", "place": "village", "landuse": "None", "residential": "None", "name": "None" }, "geometry": { "type": "Point", "coordinates": [ 109.119186401367188, 34.335594177246094 ] } },
{ "type": "Feature", "properties": { "city": "xian", "candidate_source": "place_village_hamlet_locality", "id": "13381722413", "osm_type": "node", "place": "village", "landuse": "None", "residential": "None", "name": "None" }, "geometry": { "type": "Point", "coordinates": [ 109.111007690429688, 34.415302276611328 ] } },
{ "type": "Feature", "properties": { "city": "xian", "candidate_source": "place_village_hamlet_locality", "id": "13381722416", "osm_type": "node", "place": "hamlet", "landuse": "None", "residential": "None", "name": "None" }, "geometry": { "type": "Point", "coordinates": [ 109.110595703125, 34.424079895019531 ] } },
{ "type": "Feature", "properties": { "city": "xian", "candidate_source": "place_village_hamlet_locality", "id": "13381722414", "osm_type": "node", "place": "village", "landuse": "None", "residential": "None", "name": "None" }, "geometry": { "type": "Point", "coordinates": [ 109.110382080078125, 34.428836822509766 ] } },
{ "type": "Feature", "properties": { "city": "xian", "candidate_source": "place_village_hamlet_locality", "id": "13381722415", "osm_type": "node", "place": "hamlet", "landuse": "None", "residential": "None", "name": "None" }, "geometry": { "type": "Point", "coordinates": [ 109.112396240234375, 34.43035888671875 ] } },
{ "type": "Feature", "properties": { "city": "xian", "candidate_source": "place_village_hamlet_locality", "id": "3692652491", "osm_type": "node", "place": "village", "landuse": "None", "residential": "None", "name": "None" }, "geometry": { "type": "Point", "coordinates": [ 109.118209838867188, 34.539951324462891 ] } },
{ "type": "Feature", "properties": { "city": "xian", "candidate_source": "place_village_hamlet_locality", "id": "13381722420", "osm_type": "node", "place": "village", "landuse": "None", "residential": "None", "name": "None" }, "geometry": { "type": "Point", "coordinates": [ 109.059158325195312, 34.427104949951172 ] } },
{ "type": "Feature", "properties": { "city": "xian", "candidate_source": "place_village_hamlet_locality", "id": "13381722418", "osm_type": "node", "place": "village", "landuse": "None", "residential": "None", "name": "None" }, "geometry": { "type": "Point", "coordinates": [ 109.074050903320312, 34.432022094726562 ] } },
{ "type": "Feature", "properties": { "city": "xian", "candidate_source": "place_village_hamlet_locality", "id": "13381722419", "osm_type": "node", "place": "hamlet", "landuse": "None", "residential": "None", "name": "None" }, "geometry": { "type": "Point", "coordinates": [ 109.076087951660156, 34.4339599609375 ] } },
{ "type": "Feature", "properties": { "city": "xian", "candidate_source": "residential_rural", "id": "1334821024", "osm_type": "way", "place": "None", "landuse": "residential", "residential": "rural", "name": "None" }, "geometry": { "type": "Polygon", "coordinates": [ [ [ 109.024818420410156, 34.470703125 ], [ 109.024810791015625, 34.470809936523438 ], [ 109.028152465820312, 34.470928192138672 ], [ 109.028129577636719, 34.470706939697266 ], [ 109.028724670410156, 34.470706939697266 ], [ 109.028755187988281, 34.470325469970703 ], [ 109.029510498046875, 34.4703369140625 ], [ 109.029495239257812, 34.470001220703125 ], [ 109.030311584472656, 34.470046997070312 ], [ 109.030250549316406, 34.470272064208984 ], [ 109.030693054199219, 34.470287322998047 ], [ 109.030784606933594, 34.468723297119141 ], [ 109.029312133789062, 34.468776702880859 ], [ 109.029319763183594, 34.468574523925781 ], [ 109.029548645019531, 34.468315124511719 ], [ 109.029617309570312, 34.467964172363281 ], [ 109.0252685546875, 34.467678070068359 ], [ 109.025360107421875, 34.466903686523438 ], [ 109.02276611328125, 34.466869354248047 ], [ 109.022682189941406, 34.468704223632812 ], [ 109.021469116210938, 34.468669891357422 ], [ 109.021430969238281, 34.469276428222656 ], [ 109.020820617675781, 34.469249725341797 ], [ 109.020759582519531, 34.470596313476562 ], [ 109.024818420410156, 34.470703125 ] ] ] } },
{ "type": "Feature", "properties": { "city": "xian", "candidate_source": "residential_rural", "id": "1334821023", "osm_type": "way", "place": "None", "landuse": "residential", "residential": "rural", "name": "None" }, "geometry": { "type": "Polygon", "coordinates": [ [ [ 109.033958435058594, 34.470710754394531 ], [ 109.033927917480469, 34.470939636230469 ], [ 109.035285949707031, 34.471076965332031 ], [ 109.035232543945312, 34.472057342529297 ], [ 109.035797119140625, 34.472095489501953 ], [ 109.035972595214844, 34.472415924072266 ], [ 109.040298461914062, 34.472709655761719 ], [ 109.040306091308594, 34.472553253173828 ], [ 109.040740966796875, 34.472560882568359 ], [ 109.040740966796875, 34.472770690917969 ], [ 109.042808532714844, 34.472759246826172 ], [ 109.042816162109375, 34.472808837890625 ], [ 109.043045043945312, 34.472816467285156 ], [ 109.043052673339844, 34.473014831542969 ], [ 109.043533325195312, 34.472949981689453 ], [ 109.043525695800781, 34.472721099853516 ], [ 109.0445556640625, 34.472721099853516 ], [ 109.044540405273438, 34.472988128662109 ], [ 109.044883728027344, 34.473003387451172 ], [ 109.04583740234375, 34.47259521484375 ], [ 109.045890808105469, 34.471141815185547 ], [ 109.044578552246094, 34.470794677734375 ], [ 109.041679382324219, 34.470767974853516 ], [ 109.040481567382812, 34.470455169677734 ], [ 109.040267944335938, 34.470531463623047 ], [ 109.040237426757812, 34.470874786376953 ], [ 109.038017272949219, 34.470726013183594 ], [ 109.038040161132812, 34.470161437988281 ], [ 109.037582397460938, 34.470123291015625 ], [ 109.037582397460938, 34.469917297363281 ], [ 109.037933349609375, 34.469917297363281 ], [ 109.037971496582031, 34.469741821289062 ], [ 109.037406921386719, 34.469730377197266 ], [ 109.037513732910156, 34.468532562255859 ], [ 109.038711547851562, 34.468585968017578 ], [ 109.03875732421875, 34.468418121337891 ], [ 109.038612365722656, 34.4683837890625 ], [ 109.038642883300781, 34.468051910400391 ], [ 109.038215637207031, 34.467987060546875 ], [ 109.038200378417969, 34.467716217041016 ], [ 109.038551330566406, 34.467727661132812 ], [ 109.038749694824219, 34.466403961181641 ], [ 109.036033630371094, 34.466194152832031 ], [ 109.035881042480469, 34.467319488525391 ], [ 109.033218383789062, 34.467197418212891 ], [ 109.03326416015625, 34.467784881591797 ], [ 109.033004760742188, 34.467777252197266 ], [ 109.032928466796875, 34.468681335449219 ], [ 109.031959533691406, 34.468639373779297 ], [ 109.031829833984375, 34.470516204833984 ], [ 109.033958435058594, 34.470710754394531 ] ] ] } },
{ "type": "Feature", "properties": { "city": "xian", "candidate_source": "residential_rural", "id": "1334821026", "osm_type": "way", "place": "None", "landuse": "residential", "residential": "rural", "name": "None" }, "geometry": { "type": "Polygon", "coordinates": [ [ [ 109.027336120605469, 34.477024078369141 ], [ 109.030197143554688, 34.477245330810547 ], [ 109.030464172363281, 34.473728179931641 ], [ 109.027778625488281, 34.473522186279297 ], [ 109.027336120605469, 34.477024078369141 ] ] ] } },
{ "type": "Feature", "properties": { "city": "xian", "candidate_source": "residential_rural", "id": "1334821032", "osm_type": "way", "place": "None", "landuse": "residential", "residential": "rural", "name": "None" }, "geometry": { "type": "Polygon", "coordinates": [ [ [ 109.026451110839844, 34.482666015625 ], [ 109.026412963867188, 34.483028411865234 ], [ 109.029701232910156, 34.483242034912109 ], [ 109.029754638671875, 34.482833862304688 ], [ 109.029922485351562, 34.480998992919922 ], [ 109.023956298828125, 34.480735778808594 ], [ 109.023963928222656, 34.480873107910156 ], [ 109.023834228515625, 34.482505798339844 ], [ 109.026451110839844, 34.482666015625 ] ] ] } },
{ "type": "Feature", "properties": { "city": "xian", "candidate_source": "place_village_hamlet_locality", "id": "3692652486", "osm_type": "node", "place": "village", "landuse": "None", "residential": "None", "name": "None" }, "geometry": { "type": "Point", "coordinates": [ 109.066047668457031, 34.504528045654297 ] } },
{ "type": "Feature", "properties": { "city": "xian", "candidate_source": "place_village_hamlet_locality", "id": "13381686607", "osm_type": "node", "place": "village", "landuse": "None", "residential": "None", "name": "None" }, "geometry": { "type": "Point", "coordinates": [ 109.100189208984375, 34.406150817871094 ] } },
{ "type": "Feature", "properties": { "city": "xian", "candidate_source": "place_village_hamlet_locality", "id": "13381722412", "osm_type": "node", "place": "village", "landuse": "None", "residential": "None", "name": "None" }, "geometry": { "type": "Point", "coordinates": [ 109.099281311035156, 34.415420532226562 ] } },
{ "type": "Feature", "properties": { "city": "xian", "candidate_source": "place_village_hamlet_locality", "id": "13381722417", "osm_type": "node", "place": "village", "landuse": "None", "residential": "None", "name": "None" }, "geometry": { "type": "Point", "coordinates": [ 109.096153259277344, 34.430549621582031 ] } },
{ "type": "Feature", "properties": { "city": "xian", "candidate_source": "residential_rural", "id": "1293633865", "osm_type": "way", "place": "None", "landuse": "residential", "residential": "rural", "name": "None" }, "geometry": { "type": "Polygon", "coordinates": [ [ [ 109.000160217285156, 34.467578887939453 ], [ 109.002151489257812, 34.467727661132812 ], [ 109.002349853515625, 34.467739105224609 ], [ 109.002326965332031, 34.468040466308594 ], [ 109.004447937011719, 34.468193054199219 ], [ 109.004432678222656, 34.468334197998047 ], [ 109.006805419921875, 34.468502044677734 ], [ 109.006790161132812, 34.4683837890625 ], [ 109.009719848632812, 34.468563079833984 ], [ 109.009819030761719, 34.467510223388672 ], [ 109.009208679199219, 34.467464447021484 ], [ 109.009246826171875, 34.467216491699219 ], [ 109.007537841796875, 34.467079162597656 ], [ 109.007774353027344, 34.465713500976562 ], [ 109.007553100585938, 34.465686798095703 ], [ 109.007598876953125, 34.465171813964844 ], [ 109.0076904296875, 34.464092254638672 ], [ 109.004249572753906, 34.463851928710938 ], [ 109.004325866699219, 34.464729309082031 ], [ 109.00244140625, 34.464725494384766 ], [ 109.002487182617188, 34.464218139648438 ], [ 109.000503540039062, 34.464103698730469 ], [ 109.000160217285156, 34.467578887939453 ] ] ] } },
{ "type": "Feature", "properties": { "city": "xian", "candidate_source": "residential_rural", "id": "1334821033", "osm_type": "way", "place": "None", "landuse": "residential", "residential": "rural", "name": "None" }, "geometry": { "type": "Polygon", "coordinates": [ [ [ 109.010810852050781, 34.478420257568359 ], [ 109.010688781738281, 34.478565216064453 ], [ 109.010284423828125, 34.478866577148438 ], [ 109.010116577148438, 34.479080200195312 ], [ 109.010032653808594, 34.479312896728516 ], [ 109.009674072265625, 34.482666015625 ], [ 109.009811401367188, 34.482780456542969 ], [ 109.012489318847656, 34.48297119140625 ], [ 109.012763977050781, 34.4803466796875 ], [ 109.017578125, 34.480667114257812 ], [ 109.017646789550781, 34.480224609375 ], [ 109.017295837402344, 34.480182647705078 ], [ 109.017295837402344, 34.479579925537109 ], [ 109.017684936523438, 34.479595184326172 ], [ 109.017723083496094, 34.479080200195312 ], [ 109.016105651855469, 34.478973388671875 ], [ 109.016143798828125, 34.478626251220703 ], [ 109.013534545898438, 34.478374481201172 ], [ 109.013633728027344, 34.477546691894531 ], [ 109.011909484863281, 34.477436065673828 ], [ 109.011810302734375, 34.478153228759766 ], [ 109.011802673339844, 34.478252410888672 ], [ 109.010894775390625, 34.478218078613281 ], [ 109.010810852050781, 34.478420257568359 ] ] ] } },
{ "type": "Feature", "properties": { "city": "xian", "candidate_source": "place_village_hamlet_locality", "id": "3692652484", "osm_type": "node", "place": "village", "landuse": "None", "residential": "None", "name": "None" }, "geometry": { "type": "Point", "coordinates": [ 108.997535705566406, 34.489261627197266 ] } },
{ "type": "Feature", "properties": { "city": "xian", "candidate_source": "residential_rural", "id": "1337201419", "osm_type": "way", "place": "None", "landuse": "residential", "residential": "rural", "name": "None" }, "geometry": { "type": "Polygon", "coordinates": [ [ [ 108.994361877441406, 34.489501953125 ], [ 108.995803833007812, 34.489841461181641 ], [ 108.995529174804688, 34.49224853515625 ], [ 108.996627807617188, 34.492355346679688 ], [ 108.996719360351562, 34.491592407226562 ], [ 108.997329711914062, 34.491634368896484 ], [ 108.997505187988281, 34.490222930908203 ], [ 108.99847412109375, 34.490299224853516 ], [ 108.998542785644531, 34.489654541015625 ], [ 109.000274658203125, 34.489841461181641 ], [ 109.000320434570312, 34.489345550537109 ], [ 108.999382019042969, 34.489242553710938 ], [ 108.999420166015625, 34.48883056640625 ], [ 108.999687194824219, 34.487071990966797 ], [ 108.994697570800781, 34.486560821533203 ], [ 108.994361877441406, 34.489501953125 ] ] ] } },
{ "type": "Feature", "properties": { "city": "xian", "candidate_source": "residential_rural", "id": "1337201418", "osm_type": "way", "place": "None", "landuse": "residential", "residential": "rural", "name": "None" }, "geometry": { "type": "Polygon", "coordinates": [ [ [ 108.983734130859375, 34.491870880126953 ], [ 108.983993530273438, 34.491893768310547 ], [ 108.983970642089844, 34.492225646972656 ], [ 108.987724304199219, 34.492523193359375 ], [ 108.988059997558594, 34.489612579345703 ], [ 108.9842529296875, 34.489360809326172 ], [ 108.984107971191406, 34.489498138427734 ], [ 108.983734130859375, 34.491870880126953 ] ] ] } },
{ "type": "Feature", "properties": { "city": "xian", "candidate_source": "residential_rural", "id": "1337201422", "osm_type": "way", "place": "None", "landuse": "residential", "residential": "rural", "name": "None" }, "geometry": { "type": "Polygon", "coordinates": [ [ [ 109.015159606933594, 34.493045806884766 ], [ 109.016426086425781, 34.493144989013672 ], [ 109.016120910644531, 34.494602203369141 ], [ 109.014427185058594, 34.49444580078125 ], [ 109.014358520507812, 34.494804382324219 ], [ 109.015853881835938, 34.494991302490234 ], [ 109.015846252441406, 34.495426177978516 ], [ 109.016471862792969, 34.495517730712891 ], [ 109.016464233398438, 34.495750427246094 ], [ 109.017356872558594, 34.495834350585938 ], [ 109.017768859863281, 34.493869781494141 ], [ 109.018272399902344, 34.493919372558594 ], [ 109.018386840820312, 34.492927551269531 ], [ 109.018135070800781, 34.492919921875 ], [ 109.018241882324219, 34.492179870605469 ], [ 109.017311096191406, 34.492103576660156 ], [ 109.017478942871094, 34.490406036376953 ], [ 109.017593383789062, 34.490264892578125 ], [ 109.0185546875, 34.490234375 ], [ 109.018630981445312, 34.488517761230469 ], [ 109.009315490722656, 34.487876892089844 ], [ 109.009078979492188, 34.48809814453125 ], [ 109.008567810058594, 34.492568969726562 ], [ 109.015159606933594, 34.493045806884766 ] ] ] } },
{ "type": "Feature", "properties": { "city": "xian", "candidate_source": "residential_rural", "id": "1337201420", "osm_type": "way", "place": "None", "landuse": "residential", "residential": "rural", "name": "None" }, "geometry": { "type": "Polygon", "coordinates": [ [ [ 108.996330261230469, 34.498325347900391 ], [ 108.999351501464844, 34.498664855957031 ], [ 108.999359130859375, 34.498805999755859 ], [ 109.00164794921875, 34.498977661132812 ], [ 109.001739501953125, 34.498355865478516 ], [ 109.00067138671875, 34.498233795166016 ], [ 109.000770568847656, 34.496932983398438 ], [ 108.99761962890625, 34.496681213378906 ], [ 108.997787475585938, 34.494979858398438 ], [ 108.997367858886719, 34.494926452636719 ], [ 108.997703552246094, 34.492519378662109 ], [ 108.996856689453125, 34.492435455322266 ], [ 108.996330261230469, 34.498325347900391 ] ] ] } },
{ "type": "Feature", "properties": { "city": "xian", "candidate_source": "residential_rural", "id": "1337201427", "osm_type": "way", "place": "None", "landuse": "residential", "residential": "rural", "name": "None" }, "geometry": { "type": "Polygon", "coordinates": [ [ [ 109.007675170898438, 34.517616271972656 ], [ 109.007896423339844, 34.517650604248047 ], [ 109.007659912109375, 34.518783569335938 ], [ 109.008567810058594, 34.518932342529297 ], [ 109.0081787109375, 34.520946502685547 ], [ 109.007728576660156, 34.520896911621094 ], [ 109.007720947265625, 34.521320343017578 ], [ 109.010467529296875, 34.521411895751953 ], [ 109.01080322265625, 34.518810272216797 ], [ 109.011177062988281, 34.51885986328125 ], [ 109.011344909667969, 34.517414093017578 ], [ 109.00775146484375, 34.517181396484375 ], [ 109.007675170898438, 34.517616271972656 ] ] ] } },
{ "type": "Feature", "properties": { "city": "xian", "candidate_source": "place_village_hamlet_locality", "id": "3692652499", "osm_type": "node", "place": "village", "landuse": "None", "residential": "None", "name": "None" }, "geometry": { "type": "Point", "coordinates": [ 108.989906311035156, 34.567718505859375 ] } }
]
}
